round,game_index,date,home_team,away_team,minute,team,teamId,isHome,eloTeam,player,playerId,position,rating,keeper,keeperRating,opponent,eloOpponent,x,y,distance,angle,goal_difference,situation,body_part,goal,xg
1,0,22/08/2026,Inter,Monza,6,Inter,2697,True,1864,Hakan Çalhanoğlu,135700,M,80,Semuel Pizzignacco,67,Monza,1409,26.5,66.2,28,22,0,assisted,strongFoot,1,0.014902821741998
1,0,22/08/2026,Inter,Monza,10,Inter,2697,True,1864,Pio Esposito,1156616,F,75,Semuel Pizzignacco,67,Monza,1409,15.4,43.0,16,17,1,throw-in-set-piece,strongFoot,0,0.053037125617266
1,0,22/08/2026,Inter,Monza,26,Inter,2697,True,1864,Nicolò Barella,363856,M,78,Semuel Pizzignacco,67,Monza,1409,14.3,28.8,20,45,1,assisted,strongFoot,0,0.018554845824838
1,0,22/08/2026,Inter,Monza,29,Monza,2729,False,1409,Gustavo Varela,1146305,F,69,Josep Martínez,75,Inter,1864,12.0,65.8,16,41,-1,assisted,strongFoot,1,0.03805797919631
1,0,22/08/2026,Inter,Monza,31,Monza,2729,False,1409,Gustavo Varela,1146305,F,69,Josep Martínez,75,Inter,1864,8.3,51.1,8,5,0,regular,head,0,0.40202793478966
1,0,22/08/2026,Inter,Monza,32,Inter,2697,True,1864,Federico Dimarco,284361,M,78,Semuel Pizzignacco,67,Monza,1409,19.8,35.0,22,27,0,assisted,strongFoot,0,0.036226492375135
1,0,22/08/2026,Inter,Monza,32,Inter,2697,True,1864,Pio Esposito,1156616,F,75,Semuel Pizzignacco,67,Monza,1409,21.8,34.2,24,26,0,assisted,weakFoot,0,0.040821231901646
1,0,22/08/2026,Inter,Monza,38,Inter,2697,True,1864,Nicolò Barella,363856,M,78,Semuel Pizzignacco,67,Monza,1409,15.3,70.5,20,42,0,set-piece,strongFoot,0,0.032475408166647
1,0,22/08/2026,Inter,Monza,40,Monza,2729,False,1409,Gustavo Varela,1146305,F,69,Josep Martínez,75,Inter,1864,8.8,52.8,9,12,0,assisted,head,0,0.17828565835953
1,0,22/08/2026,Inter,Monza,41,Monza,2729,False,1409,Mathis Mout,1992105,M,60,Josep Martínez,75,Inter,1864,13.6,65.6,17,37,0,fast-break,strongFoot,0,0.050765059888363
1,0,22/08/2026,Inter,Monza,47,Inter,2697,True,1864,Pio Esposito,1156616,F,75,Semuel Pizzignacco,67,Monza,1409,7.5,42.4,9,34,0,throw-in-set-piece,strongFoot,0,0.10474038869143
1,0,22/08/2026,Inter,Monza,48,Inter,2697,True,1864,Piotr Zieliński,138605,M,76,Semuel Pizzignacco,67,Monza,1409,16.4,41.7,17,18,0,corner,strongFoot,1,0.063278160989285
1,0,22/08/2026,Inter,Monza,50,Monza,2729,False,1409,Ricardo Mangas,878496,D,66,Josep Martínez,75,Inter,1864,4.5,46.7,5,26,-1,regular,strongFoot,0,0.24923947453499
1,0,22/08/2026,Inter,Monza,55,Inter,2697,True,1864,Pio Esposito,1156616,F,75,Semuel Pizzignacco,67,Monza,1409,4.8,56.9,6,44,1,assisted,strongFoot,1,0.20234599709511
1,0,22/08/2026,Inter,Monza,63,Inter,2697,True,1864,Yann Bisseck,906275,D,56,Semuel Pizzignacco,67,Monza,1409,14.3,41.1,15,22,2,assisted,weakFoot,1,0.098836742341518
1,0,22/08/2026,Inter,Monza,66,Inter,2697,True,1864,Ange-Yoan Bonny,1086223,F,75,Semuel Pizzignacco,67,Monza,1409,10.0,33.2,15,48,3,throw-in-set-piece,strongFoot,0,0.062838055193424
1,0,22/08/2026,Inter,Monza,67,Inter,2697,True,1864,Manuel Akanji,383560,D,47,Semuel Pizzignacco,67,Monza,1409,10.0,53.3,10,12,3,corner,head,0,0.053681466728449
1,0,22/08/2026,Inter,Monza,76,Monza,2729,False,1409,Samuele Birindelli,856729,M,54,Josep Martínez,75,Inter,1864,9.4,62.8,12,42,-3,assisted,strongFoot,0,0.26275825500488
1,0,22/08/2026,Inter,Monza,78,Monza,2729,False,1409,Nicolas Galazzi,967747,M,66,Josep Martínez,75,Inter,1864,21.8,38.5,23,19,-3,assisted,strongFoot,0,0.05118665471673
1,0,22/08/2026,Inter,Monza,90,Inter,2697,True,1864,Pio Esposito,1156616,F,75,Semuel Pizzignacco,67,Monza,1409,5.1,43.4,6,41,3,regular,head,0,0.26562359929085
1,1,22/08/2026,Udinese,Como,2,Como,2704,False,1554,Álex Valle,1142238,D,57,Maduka Okoye,74,Udinese,1464,15.4,24.8,23,48,0,regular,strongFoot,0,0.012789441272616
1,1,22/08/2026,Udinese,Como,15,Udinese,2695,True,1464,Nicolò Zaniolo,864898,F,75,Jean Butez,78,Como,1554,23.5,44.9,23,8,0,assisted,strongFoot,0,0.034214895218611
1,1,22/08/2026,Udinese,Como,15,Udinese,2695,True,1464,Mërgim Vojvoda,798147,D,53,Jean Butez,78,Como,1554,12.5,70.9,18,48,0,regular,strongFoot,0,0.038131710141897
1,1,22/08/2026,Udinese,Como,17,Udinese,2695,True,1464,Hassane Kamara,351434,M,60,Jean Butez,78,Como,1554,20.1,31.7,23,31,0,assisted,strongFoot,0,0.028200598433614
1,1,22/08/2026,Udinese,Como,22,Como,2704,False,1554,Jesús Rodriguez,1800245,M,68,Maduka Okoye,74,Udinese,1464,3.3,67.6,12,74,0,assisted,strongFoot,0,0.0284309014678
1,1,22/08/2026,Udinese,Como,23,Como,2704,False,1554,Jesús Rodriguez,1800245,M,68,Maduka Okoye,74,Udinese,1464,14.5,48.9,14,2,0,corner,strongFoot,0,0.071126654744148
1,1,22/08/2026,Udinese,Como,24,Udinese,2695,True,1464,Nicolò Zaniolo,864898,F,75,Jean Butez,78,Como,1554,19.6,38.0,21,22,0,assisted,strongFoot,0,0.052645966410637
1,1,22/08/2026,Udinese,Como,24,Udinese,2695,True,1464,Jakub Piotrowski,825271,M,63,Jean Butez,78,Como,1554,27.2,50.8,27,1,0,regular,strongFoot,0,0.01478426810354
1,1,22/08/2026,Udinese,Como,26,Udinese,2695,True,1464,Hassane Kamara,351434,M,60,Jean Butez,78,Como,1554,30.9,27.4,34,26,0,assisted,strongFoot,0,0.011035948060453
1,1,22/08/2026,Udinese,Como,29,Udinese,2695,True,1464,Hassane Kamara,351434,M,60,Jean Butez,78,Como,1554,13.9,38.9,15,28,0,fast-break,strongFoot,1,0.53455698490143
1,1,22/08/2026,Udinese,Como,31,Udinese,2695,True,1464,Idrissa Gueye,1536811,F,67,Jean Butez,78,Como,1554,13.0,53.0,13,8,1,assisted,head,0,0.031401552259922
1,1,22/08/2026,Udinese,Como,35,Udinese,2695,True,1464,Jürgen Ekkelenkamp,904887,M,68,Jean Butez,78,Como,1554,15.0,6.4,33,63,1,free-kick,strongFoot,0,0.025177214294672
1,1,22/08/2026,Udinese,Como,43,Como,2704,False,1554,Anastasios Douvikas,894863,F,74,Maduka Okoye,74,Udinese,1464,7.5,52.5,7,12,-1,corner,head,0,0.097396709024906
1,1,22/08/2026,Udinese,Como,43,Como,2704,False,1554,Martin Baturina,1090019,M,71,Maduka Okoye,74,Udinese,1464,22.0,63.2,23,22,-1,corner,strongFoot,0,0.026240291073918
1,1,22/08/2026,Udinese,Como,44,Como,2704,False,1554,Álex Valle,1142238,D,57,Maduka Okoye,74,Udinese,1464,21.8,45.0,22,8,-1,corner,strongFoot,0,0.034268744289875
1,1,22/08/2026,Udinese,Como,44,Como,2704,False,1554,Yan Couto,1002813,M,61,Maduka Okoye,74,Udinese,1464,29.3,56.6,29,8,-1,corner,strongFoot,0,0.016852922737598
1,1,22/08/2026,Udinese,Como,46,Como,2704,False,1554,Nico Paz,1171451,M,74,Maduka Okoye,74,Udinese,1464,27.8,62.2,29,16,-1,assisted,strongFoot,0,0.032330326735973
1,1,22/08/2026,Udinese,Como,49,Udinese,2695,True,1464,Idrissa Gueye,1536811,F,67,Jean Butez,78,Como,1554,15.1,24.4,23,49,1,regular,weakFoot,0,0.21175691485405
1,1,22/08/2026,Udinese,Como,52,Udinese,2695,True,1464,Mërgim Vojvoda,798147,D,53,Jean Butez,78,Como,1554,10.8,70.7,17,52,1,assisted,strongFoot,0,0.029620483517647
1,1,22/08/2026,Udinese,Como,53,Como,2704,False,1554,Anastasios Douvikas,894863,F,74,Maduka Okoye,74,Udinese,1464,13.2,69.7,18,45,-1,assisted,strongFoot,0,0.02267131395638
1,1,22/08/2026,Udinese,Como,54,Como,2704,False,1554,Trevoh Chalobah,826134,D,53,Maduka Okoye,74,Udinese,1464,9.4,49.1,9,3,-1,corner,head,0,0.067831918597221
1,1,22/08/2026,Udinese,Como,54,Como,2704,False,1554,Anastasios Douvikas,894863,F,74,Maduka Okoye,74,Udinese,1464,3.2,52.8,3,30,-1,corner,strongFoot,1,0.51299732923508
1,1,22/08/2026,Udinese,Como,56,Udinese,2695,True,1464,Nicolò Zaniolo,864898,F,75,Jean Butez,78,Como,1554,10.7,65.0,14,43,0,set-piece,strongFoot,0,0.081606552004814
1,1,22/08/2026,Udinese,Como,58,Como,2704,False,1554,Nico Paz,1171451,M,74,Maduka Okoye,74,Udinese,1464,28.1,45.9,28,5,0,assisted,strongFoot,0,0.013211950659752
1,1,22/08/2026,Udinese,Como,61,Como,2704,False,1554,Anastasios Douvikas,894863,F,74,Maduka Okoye,74,Udinese,1464,10.1,55.0,10,18,0,fast-break,weakFoot,0,0.19199454784393
1,1,22/08/2026,Udinese,Como,61,Como,2704,False,1554,Assane Diao,1493689,M,73,Maduka Okoye,74,Udinese,1464,12.5,29.4,18,48,0,regular,weakFoot,0,0.02236120402813
1,1,22/08/2026,Udinese,Como,65,Como,2704,False,1554,Assane Diao,1493689,M,73,Maduka Okoye,74,Udinese,1464,14.1,28.6,20,45,0,assisted,strongFoot,0,0.030800437554717
1,1,22/08/2026,Udinese,Como,68,Udinese,2695,True,1464,Idrissa Gueye,1536811,F,67,Jean Butez,78,Como,1554,6.5,48.3,6,10,0,assisted,head,0,0.17702656984329
1,1,22/08/2026,Udinese,Como,75,Como,2704,False,1554,Mattia Liberali,1475557,F,63,Maduka Okoye,74,Udinese,1464,17.8,69.7,22,36,0,assisted,strongFoot,0,0.017698474228382
1,1,22/08/2026,Udinese,Como,78,Como,2704,False,1554,Nico Paz,1171451,M,74,Maduka Okoye,74,Udinese,1464,17.2,44.7,17,11,0,assisted,strongFoot,0,0.045107826590538
1,1,22/08/2026,Udinese,Como,80,Como,2704,False,1554,Mattia Liberali,1475557,F,63,Maduka Okoye,74,Udinese,1464,15.1,38.9,16,26,0,assisted,strongFoot,0,0.039848919957876
1,1,22/08/2026,Udinese,Como,81,Udinese,2695,True,1464,Lennon Miller,1154894,M,63,Jean Butez,78,Como,1554,9.1,67.9,15,53,0,assisted,strongFoot,0,0.034765917807817
1,1,22/08/2026,Udinese,Como,81,Udinese,2695,True,1464,Jürgen Ekkelenkamp,904887,M,68,Jean Butez,78,Como,1554,9.1,55.8,9,23,0,regular,weakFoot,0,0.10434486716986
1,1,22/08/2026,Udinese,Como,84,Como,2704,False,1554,Nico Paz,1171451,M,74,Maduka Okoye,74,Udinese,1464,8.9,49.7,8,1,0,corner,head,0,0.056412667036057
1,1,22/08/2026,Udinese,Como,84,Udinese,2695,True,1464,Vakoun Issouf Bayo,796455,F,68,Jean Butez,78,Como,1554,8.6,62.4,12,44,0,assisted,strongFoot,0,0.43501606583595
1,1,22/08/2026,Udinese,Como,88,Udinese,2695,True,1464,Vakoun Issouf Bayo,796455,F,68,Jean Butez,78,Como,1554,7.1,54.7,7,24,0,assisted,weakFoot,0,0.30123075842857
1,1,22/08/2026,Udinese,Como,90,Como,2704,False,1554,Jacobo Ramón,1403348,D,40,Maduka Okoye,74,Udinese,1464,4.9,50.3,4,2,0,corner,head,0,0.19763359427452
1,2,22/08/2026,Genoa,SSC Napoli,6,Genoa,2713,True,1443,Morten Frendrup,918440,M,58,Alex Meret,82,SSC Napoli,1711,24.0,46.4,24,5,0,regular,strongFoot,0,0.021429235115647
1,2,22/08/2026,Genoa,SSC Napoli,6,Genoa,2713,True,1443,Vitinha,1093695,F,73,Alex Meret,82,SSC Napoli,1711,13.2,32.1,17,42,0,regular,strongFoot,0,0.064067505300045
1,2,22/08/2026,Genoa,SSC Napoli,7,Genoa,2713,True,1443,Vitinha,1093695,F,73,Alex Meret,82,SSC Napoli,1711,16.9,56.0,17,13,0,assisted,strongFoot,0,0.076891288161278
1,2,22/08/2026,Genoa,SSC Napoli,17,SSC Napoli,2714,False,1711,Amir Rrahmani,332155,D,50,Justin Bijlow,75,Genoa,1443,32.1,50.1,32,0,0,regular,strongFoot,0,0.015586141496897
1,2,22/08/2026,Genoa,SSC Napoli,21,Genoa,2713,True,1443,Tommaso Baldanzi,1012172,M,71,Alex Meret,82,SSC Napoli,1711,11.5,60.6,13,32,0,corner,strongFoot,0,0.06428050249815
1,2,22/08/2026,Genoa,SSC Napoli,22,Genoa,2713,True,1443,Alexsandro Amorim,1511706,M,59,Alex Meret,82,SSC Napoli,1711,25.9,29.7,29,28,0,assisted,strongFoot,0,0.01914120092988
1,2,22/08/2026,Genoa,SSC Napoli,37,Genoa,2713,True,1443,Tommaso Baldanzi,1012172,M,71,Alex Meret,82,SSC Napoli,1711,12.7,51.5,12,4,0,regular,strongFoot,0,0.20699499547482
1,2,22/08/2026,Genoa,SSC Napoli,37,Genoa,2713,True,1443,Vitinha,1093695,F,73,Alex Meret,82,SSC Napoli,1711,28.5,42.8,28,9,0,assisted,strongFoot,0,0.026221595704556
1,2,22/08/2026,Genoa,SSC Napoli,39,SSC Napoli,2714,False,1711,Alisson Santos,1122835,F,64,Justin Bijlow,75,Genoa,1443,17.8,29.4,22,38,0,assisted,strongFoot,0,0.028485422953963
1,2,22/08/2026,Genoa,SSC Napoli,44,SSC Napoli,2714,False,1711,Leonardo Spinazzola,148899,D,67,Justin Bijlow,75,Genoa,1443,20.2,37.5,21,22,0,regular,strongFoot,0,0.020975086838007
1,2,22/08/2026,Genoa,SSC Napoli,50,Genoa,2713,True,1443,Mikael Ellertsson,933203,M,69,Alex Meret,82,SSC Napoli,1711,13.0,29.1,19,47,0,assisted,strongFoot,0,0.05519350245595
1,2,22/08/2026,Genoa,SSC Napoli,51,Genoa,2713,True,1443,Tommaso Baldanzi,1012172,M,71,Alex Meret,82,SSC Napoli,1711,14.1,55.6,14,15,0,corner,weakFoot,0,0.054413963109255
1,2,22/08/2026,Genoa,SSC Napoli,54,SSC Napoli,2714,False,1711,Alisson Santos,1122835,F,64,Justin Bijlow,75,Genoa,1443,27.3,49.3,27,0,0,corner,strongFoot,0,0.0093407612293959
1,2,22/08/2026,Genoa,SSC Napoli,62,SSC Napoli,2714,False,1711,Alisson Santos,1122835,F,64,Justin Bijlow,75,Genoa,1443,21.5,26.2,26,36,0,assisted,strongFoot,0,0.016989856958389
1,2,22/08/2026,Genoa,SSC Napoli,63,SSC Napoli,2714,False,1711,Scott McTominay,879346,M,81,Justin Bijlow,75,Genoa,1443,26.6,55.8,26,8,0,assisted,strongFoot,0,0.035858690738678
1,2,22/08/2026,Genoa,SSC Napoli,64,SSC Napoli,2714,False,1711,Stanislav Lobotka,150383,M,66,Justin Bijlow,75,Genoa,1443,18.5,49.5,18,1,0,assisted,strongFoot,0,0.075777962803841
1,2,22/08/2026,Genoa,SSC Napoli,64,SSC Napoli,2714,False,1711,Amir Rrahmani,332155,D,50,Justin Bijlow,75,Genoa,1443,29.7,51.9,29,2,0,regular,strongFoot,0,0.0091140111908317
1,2,22/08/2026,Genoa,SSC Napoli,65,Genoa,2713,True,1443,Tommaso Baldanzi,1012172,M,71,Alex Meret,82,SSC Napoli,1711,23.4,40.5,24,15,0,assisted,strongFoot,0,0.02828349545598
1,2,22/08/2026,Genoa,SSC Napoli,74,SSC Napoli,2714,False,1711,Stanislav Lobotka,150383,M,66,Justin Bijlow,75,Genoa,1443,21.8,43.4,22,11,0,assisted,strongFoot,0,0.067941173911095
1,2,22/08/2026,Genoa,SSC Napoli,76,SSC Napoli,2714,False,1711,Leonardo Spinazzola,148899,D,67,Justin Bijlow,75,Genoa,1443,6.4,32.8,13,61,0,assisted,weakFoot,0,0.047798670828342
1,2,22/08/2026,Genoa,SSC Napoli,79,SSC Napoli,2714,False,1711,Antonio Vergara,1069560,F,62,Justin Bijlow,75,Genoa,1443,14.7,47.3,14,7,0,assisted,strongFoot,0,0.059502668678761
1,2,22/08/2026,Genoa,SSC Napoli,79,Genoa,2713,True,1443,Djibril Sow,799054,M,70,Alex Meret,82,SSC Napoli,1711,12.3,67.8,17,44,0,fast-break,strongFoot,0,0.051240872591734
1,2,22/08/2026,Genoa,SSC Napoli,82,SSC Napoli,2714,False,1711,Kevin De Bruyne,70996,M,82,Justin Bijlow,75,Genoa,1443,8.9,55.1,9,21,0,assisted,strongFoot,1,0.26717469096184
1,2,22/08/2026,Genoa,SSC Napoli,87,SSC Napoli,2714,False,1711,Antonio Vergara,1069560,F,62,Justin Bijlow,75,Genoa,1443,10.7,33.2,15,46,1,fast-break,strongFoot,1,0.11505403369665
1,3,22/08/2026,Parma,Cagliari,4,Cagliari,2719,False,1409,Paul Mendy,2049928,F,64,Edoardo Corvi,68,Parma,1411,7.2,64.4,12,53,0,assisted,weakFoot,0,0.070830136537552
1,3,22/08/2026,Parma,Cagliari,7,Parma,2690,True,1411,Abdoulaye Ndiaye,984527,D,31,Elia Caprile,78,Cagliari,1409,3.2,57.9,6,59,0,corner,head,0,0.10235087573528
1,3,22/08/2026,Parma,Cagliari,11,Parma,2690,True,1411,Enrico Delprato,928103,D,53,Elia Caprile,78,Cagliari,1409,13.2,52.3,13,6,0,set-piece,head,0,0.034251436591148
1,3,22/08/2026,Parma,Cagliari,13,Parma,2690,True,1411,El Bilal Touré,982615,M,71,Elia Caprile,78,Cagliari,1409,20.7,58.9,21,16,0,assisted,strongFoot,0,0.063972055912018
1,3,22/08/2026,Parma,Cagliari,15,Cagliari,2719,False,1409,Daniel Maldini,970928,F,70,Edoardo Corvi,68,Parma,1411,22.0,37.6,23,20,0,assisted,strongFoot,0,0.03203933313489
1,3,22/08/2026,Parma,Cagliari,20,Parma,2690,True,1411,Abdou-Salam Konate,1542692,M,60,Elia Caprile,78,Cagliari,1409,24.0,50.4,24,0,0,set-piece,strongFoot,0,0.016549233347178
1,3,22/08/2026,Parma,Cagliari,26,Cagliari,2719,False,1409,Paul Mendy,2049928,F,64,Edoardo Corvi,68,Parma,1411,13.2,66.9,17,41,0,assisted,weakFoot,0,0.043407112360001
1,3,22/08/2026,Parma,Cagliari,34,Parma,2690,True,1411,Christian Ordoñez,1201388,M,43,Elia Caprile,78,Cagliari,1409,18.2,48.0,18,4,0,regular,strongFoot,0,0.075616247951984
1,3,22/08/2026,Parma,Cagliari,36,Cagliari,2719,False,1409,Paul Mendy,2049928,F,64,Edoardo Corvi,68,Parma,1411,8.2,43.0,9,30,0,assisted,weakFoot,0,0.1174430847168
1,3,22/08/2026,Parma,Cagliari,37,Cagliari,2719,False,1409,Zé Pedro,945448,D,51,Edoardo Corvi,68,Parma,1411,7.6,51.9,7,9,0,corner,head,0,0.17771843075752
1,3,22/08/2026,Parma,Cagliari,42,Parma,2690,True,1411,Adrián Bernabé,934384,M,70,Elia Caprile,78,Cagliari,1409,21.5,68.1,24,29,0,assisted,strongFoot,0,0.016568008810282
1,3,22/08/2026,Parma,Cagliari,44,Parma,2690,True,1411,Christian Ordoñez,1201388,M,43,Elia Caprile,78,Cagliari,1409,11.3,41.6,12,26,0,set-piece,head,0,0.023362223058939
1,3,22/08/2026,Parma,Cagliari,45,Cagliari,2719,False,1409,Alessandro Deiola,328109,M,67,Edoardo Corvi,68,Parma,1411,7.5,56.7,8,31,0,set-piece,head,0,0.13609068095684
1,3,22/08/2026,Parma,Cagliari,50,Cagliari,2719,False,1409,Paul Mendy,2049928,F,64,Edoardo Corvi,68,Parma,1411,13.0,48.7,13,3,0,assisted,head,0,0.026475051417947
1,3,22/08/2026,Parma,Cagliari,52,Cagliari,2719,False,1409,Harry Winks,545780,M,59,Edoardo Corvi,68,Parma,1411,23.5,37.6,24,19,0,assisted,strongFoot,0,0.039538968354464
1,3,22/08/2026,Parma,Cagliari,58,Parma,2690,True,1411,Emanuele Valeri,891346,M,70,Elia Caprile,78,Cagliari,1409,27.6,45.6,27,6,0,free-kick,strongFoot,0,0.014503279700875
1,3,22/08/2026,Parma,Cagliari,59,Parma,2690,True,1411,Simone Lontani,1912962,F,60,Elia Caprile,78,Cagliari,1409,11.9,37.8,14,34,0,assisted,weakFoot,0,0.088630475103855
1,3,22/08/2026,Parma,Cagliari,60,Cagliari,2719,False,1409,Jacopo Fazzini,1012179,F,68,Edoardo Corvi,68,Parma,1411,18.1,50.1,18,0,0,assisted,strongFoot,0,0.044712103903294
1,3,22/08/2026,Parma,Cagliari,64,Cagliari,2719,False,1409,Michel Adopo,928777,M,59,Edoardo Corvi,68,Parma,1411,8.0,66.9,14,55,0,assisted,strongFoot,0,0.04144786298275
1,3,22/08/2026,Parma,Cagliari,65,Cagliari,2719,False,1409,Alessandro Romano,1417034,M,62,Edoardo Corvi,68,Parma,1411,11.3,37.8,14,36,0,regular,strongFoot,0,0.1162072122097
1,3,22/08/2026,Parma,Cagliari,69,Cagliari,2719,False,1409,Harry Winks,545780,M,59,Edoardo Corvi,68,Parma,1411,18.5,45.7,18,8,0,corner,strongFoot,0,0.041241355240345
1,3,22/08/2026,Parma,Cagliari,73,Cagliari,2719,False,1409,Gennaro Borrelli,979479,F,66,Edoardo Corvi,68,Parma,1411,12.3,48.5,12,4,0,assisted,head,0,0.033322729170322
1,3,22/08/2026,Parma,Cagliari,79,Cagliari,2719,False,1409,Alessandro Romano,1417034,M,62,Edoardo Corvi,68,Parma,1411,27.3,49.4,27,0,0,assisted,strongFoot,1,0.015759378671646
1,3,22/08/2026,Parma,Cagliari,84,Parma,2690,True,1411,Emanuele Valeri,891346,M,70,Elia Caprile,78,Cagliari,1409,22.5,32.5,25,27,-1,assisted,strongFoot,0,0.02113332785666
1,3,22/08/2026,Parma,Cagliari,88,Parma,2690,True,1411,Enrico Delprato,928103,D,53,Elia Caprile,78,Cagliari,1409,13.5,53.2,13,9,-1,set-piece,head,0,0.020540034398437
1,3,22/08/2026,Parma,Cagliari,90,Parma,2690,True,1411,Enrico Delprato,928103,D,53,Elia Caprile,78,Cagliari,1409,12.5,42.9,13,21,-1,corner,strongFoot,0,0.035397138446569
1,3,22/08/2026,Parma,Cagliari,90,Parma,2690,True,1411,Nesta Elphege,1486729,F,63,Elia Caprile,78,Cagliari,1409,7.4,48.3,7,8,-1,set-piece,head,0,0.23803606629372
1,4,23/08/2026,Frosinone,Juventus,4,Frosinone,2801,True,1409,Ilario Monterisi,1009363,D,32,Guglielmo Vicario,81,Juventus,1740,7.3,58.1,9,37,0,set-piece,head,0,0.055232804268599
1,4,23/08/2026,Frosinone,Juventus,7,Juventus,2687,False,1740,Francisco Conceição,979222,F,72,Lorenzo Palmisani,68,Frosinone,1409,13.0,60.1,14,27,0,fast-break,strongFoot,0,0.09541093558073
1,4,23/08/2026,Frosinone,Juventus,7,Juventus,2687,False,1740,Randal Kolo Muani,871706,F,77,Lorenzo Palmisani,68,Frosinone,1409,18.4,49.5,18,1,0,assisted,weakFoot,0,0.12573504447937
1,4,23/08/2026,Frosinone,Juventus,13,Frosinone,2801,True,1409,Antonio Raimondo,1121578,F,68,Guglielmo Vicario,81,Juventus,1740,14.8,40.1,16,24,0,assisted,strongFoot,0,0.044976364821196
1,4,23/08/2026,Frosinone,Juventus,17,Juventus,2687,False,1740,Gleison Bremer,885197,D,50,Lorenzo Palmisani,68,Frosinone,1409,9.4,45.6,9,17,0,corner,head,0,0.099782928824425
1,4,23/08/2026,Frosinone,Juventus,19,Juventus,2687,False,1740,Randal Kolo Muani,871706,F,77,Lorenzo Palmisani,68,Frosinone,1409,4.3,56.4,6,45,0,corner,strongFoot,0,0.2999649643898
1,4,23/08/2026,Frosinone,Juventus,22,Juventus,2687,False,1740,Gleison Bremer,885197,D,50,Lorenzo Palmisani,68,Frosinone,1409,6.2,50.2,6,1,0,corner,head,1,0.31943708658218
1,4,23/08/2026,Frosinone,Juventus,31,Juventus,2687,False,1740,Douglas Luiz,867887,M,75,Lorenzo Palmisani,68,Frosinone,1409,26.6,39.1,27,15,1,free-kick,strongFoot,0,0.03874833136797
1,4,23/08/2026,Frosinone,Juventus,35,Juventus,2687,False,1740,Kenan Yıldız,1149011,F,78,Lorenzo Palmisani,68,Frosinone,1409,8.8,31.3,15,55,1,corner,strongFoot,0,0.034874137490988
1,4,23/08/2026,Frosinone,Juventus,35,Juventus,2687,False,1740,Lloyd Kelly,865167,D,43,Lorenzo Palmisani,68,Frosinone,1409,7.6,45.9,8,20,1,corner,strongFoot,0,0.10093094408512
1,4,23/08/2026,Frosinone,Juventus,38,Juventus,2687,False,1740,Douglas Luiz,867887,M,75,Lorenzo Palmisani,68,Frosinone,1409,18.7,52.3,18,4,1,fast-break,strongFoot,0,0.066627107560635
1,4,23/08/2026,Frosinone,Juventus,40,Frosinone,2801,True,1409,Gabriele Bracaglia,1394498,D,38,Guglielmo Vicario,81,Juventus,1740,22.3,52.2,22,3,-1,assisted,strongFoot,0,0.031830135732889
1,4,23/08/2026,Frosinone,Juventus,40,Frosinone,2801,True,1409,Giorgi Kvernadze,1140001,F,62,Guglielmo Vicario,81,Juventus,1740,12.3,33.7,16,42,-1,regular,strongFoot,0,0.053799133747816
1,4,23/08/2026,Frosinone,Juventus,42,Juventus,2687,False,1740,Pierre Kalulu,965330,D,52,Lorenzo Palmisani,68,Frosinone,1409,10.7,63.0,13,39,1,regular,strongFoot,0,0.055281694978476
1,4,23/08/2026,Frosinone,Juventus,42,Juventus,2687,False,1740,Kenan Yıldız,1149011,F,78,Lorenzo Palmisani,68,Frosinone,1409,11.7,39.5,13,31,1,regular,strongFoot,0,0.15527094900608
1,4,23/08/2026,Frosinone,Juventus,45,Juventus,2687,False,1740,Douglas Luiz,867887,M,75,Lorenzo Palmisani,68,Frosinone,1409,24.8,58.7,25,13,1,assisted,strongFoot,0,0.037591010332108
1,4,23/08/2026,Frosinone,Juventus,45,Juventus,2687,False,1740,Randal Kolo Muani,871706,F,77,Lorenzo Palmisani,68,Frosinone,1409,11.7,41.1,13,27,1,regular,strongFoot,0,0.065706394612789
1,4,23/08/2026,Frosinone,Juventus,48,Juventus,2687,False,1740,Francisco Conceição,979222,F,72,Lorenzo Palmisani,68,Frosinone,1409,14.9,69.3,19,41,1,assisted,strongFoot,0,0.020296141505241
1,4,23/08/2026,Frosinone,Juventus,52,Juventus,2687,False,1740,Francisco Conceição,979222,F,72,Lorenzo Palmisani,68,Frosinone,1409,9.3,53.8,9,15,1,assisted,strongFoot,0,0.44425961375237
1,4,23/08/2026,Frosinone,Juventus,53,Frosinone,2801,True,1409,Seydou Fini,1164381,F,57,Guglielmo Vicario,81,Juventus,1740,13.3,69.9,18,45,-1,assisted,strongFoot,0,0.038013935089111
1,4,23/08/2026,Frosinone,Juventus,58,Frosinone,2801,True,1409,Giorgi Kvernadze,1140001,F,62,Guglielmo Vicario,81,Juventus,1740,11.0,25.9,19,56,-1,assisted,weakFoot,0,0.024974653497338
1,4,23/08/2026,Frosinone,Juventus,63,Juventus,2687,False,1740,Weston McKennie,881931,M,71,Lorenzo Palmisani,68,Frosinone,1409,12.8,64.0,15,36,1,assisted,weakFoot,0,0.03903117403388
1,4,23/08/2026,Frosinone,Juventus,66,Juventus,2687,False,1740,Francisco Conceição,979222,F,72,Lorenzo Palmisani,68,Frosinone,1409,25.5,68.1,28,25,1,assisted,strongFoot,0,0.024318505078554
1,4,23/08/2026,Frosinone,Juventus,70,Frosinone,2801,True,1409,Gabriele Calvani,1425050,D,33,Guglielmo Vicario,81,Juventus,1740,10.5,45.4,10,16,-1,corner,head,0,0.027326310053468
1,4,23/08/2026,Frosinone,Juventus,71,Juventus,2687,False,1740,Weston McKennie,881931,M,71,Lorenzo Palmisani,68,Frosinone,1409,8.3,46.0,8,18,1,corner,head,0,0.095905154943466
1,4,23/08/2026,Frosinone,Juventus,74,Frosinone,2801,True,1409,Giorgi Kvernadze,1140001,F,62,Guglielmo Vicario,81,Juventus,1740,13.9,15.5,27,59,-1,assisted,strongFoot,0,0.014925106428564
1,4,23/08/2026,Frosinone,Juventus,83,Juventus,2687,False,1740,Edon Zhegrova,887766,F,70,Lorenzo Palmisani,68,Frosinone,1409,27.8,55.0,28,6,1,assisted,strongFoot,0,0.027424110099673
1,4,23/08/2026,Frosinone,Juventus,87,Frosinone,2801,True,1409,Luis Hasa,1082407,M,62,Guglielmo Vicario,81,Juventus,1740,21.2,38.2,22,20,-1,assisted,weakFoot,0,0.071096934378147
1,4,23/08/2026,Frosinone,Juventus,88,Juventus,2687,False,1740,Teun Koopmeiners,803033,M,78,Lorenzo Palmisani,68,Frosinone,1409,20.1,62.6,21,23,1,assisted,weakFoot,0,0.041735615581274
1,4,23/08/2026,Frosinone,Juventus,90,Frosinone,2801,True,1409,Gabriele Calvani,1425050,D,33,Guglielmo Vicario,81,Juventus,1740,9.8,49.0,9,3,-1,corner,head,0,0.036069881170988
1,4,23/08/2026,Frosinone,Juventus,90,Frosinone,2801,True,1409,Aleksa Terzić,876860,D,46,Guglielmo Vicario,81,Juventus,1740,25.3,23.3,31,35,-1,assisted,strongFoot,0,0.013121042400599
1,5,23/08/2026,Venezia,Lecce,8,Venezia,2688,True,1409,Antoine Hainaut,1394202,M,55,Wladimiro Falcone,82,Lecce,1377,17.7,69.1,21,36,0,assisted,strongFoot,0,0.034793756902218
1,5,23/08/2026,Venezia,Lecce,11,Venezia,2688,True,1409,Akor Adams,946381,F,76,Wladimiro Falcone,82,Lecce,1377,7.6,45.8,8,20,0,set-piece,head,0,0.12175656855106
1,5,23/08/2026,Venezia,Lecce,11,Venezia,2688,True,1409,John Yeboah,879802,F,67,Wladimiro Falcone,82,Lecce,1377,8.9,61.5,11,41,0,set-piece,strongFoot,0,0.037315409630537
1,5,23/08/2026,Venezia,Lecce,16,Venezia,2688,True,1409,Thierry Correia,851282,D,49,Wladimiro Falcone,82,Lecce,1377,12.1,40.6,13,27,0,assisted,strongFoot,0,0.064433455467224
1,5,23/08/2026,Venezia,Lecce,22,Venezia,2688,True,1409,John Yeboah,879802,F,67,Wladimiro Falcone,82,Lecce,1377,12.2,60.4,14,30,0,fast-break,strongFoot,0,0.18138900399208
1,5,23/08/2026,Venezia,Lecce,23,Lecce,2689,False,1377,N'Dri Konan,978327,F,65,Filip Stanković,74,Venezia,1409,21.8,34.4,24,25,0,fast-break,strongFoot,0,0.03752563893795
1,5,23/08/2026,Venezia,Lecce,24,Venezia,2688,True,1409,Thierry Correia,851282,D,49,Wladimiro Falcone,82,Lecce,1377,25.8,40.3,26,14,0,assisted,strongFoot,0,0.015909794718027
1,5,23/08/2026,Venezia,Lecce,32,Venezia,2688,True,1409,Gianluca Busio,896180,M,66,Wladimiro Falcone,82,Lecce,1377,19.1,50.7,19,1,0,assisted,weakFoot,0,0.064535140991211
1,5,23/08/2026,Venezia,Lecce,34,Lecce,2689,False,1377,Antonino Gallo,945616,D,50,Filip Stanković,74,Venezia,1409,31.2,30.7,33,22,0,assisted,strongFoot,0,0.015561293810606
1,5,23/08/2026,Venezia,Lecce,36,Lecce,2689,False,1377,Lassana Coulibaly,804621,M,57,Filip Stanković,74,Venezia,1409,3.5,64.0,10,69,0,corner,strongFoot,0,0.11950835585594
1,5,23/08/2026,Venezia,Lecce,45,Venezia,2688,True,1409,Thierry Correia,851282,D,49,Wladimiro Falcone,82,Lecce,1377,8.9,43.6,9,26,0,regular,weakFoot,0,0.097483180463314
1,5,23/08/2026,Venezia,Lecce,46,Lecce,2689,False,1377,Olaf Gorter,1403088,M,51,Filip Stanković,74,Venezia,1409,16.6,52.4,16,5,0,assisted,strongFoot,1,0.13494911789894
1,5,23/08/2026,Venezia,Lecce,49,Venezia,2688,True,1409,Armel Bella-Kotchap,976025,D,25,Wladimiro Falcone,82,Lecce,1377,4.4,54.4,5,34,-1,set-piece,head,0,0.25122267007828
1,5,23/08/2026,Venezia,Lecce,50,Venezia,2688,True,1409,Gianluca Busio,896180,M,66,Wladimiro Falcone,82,Lecce,1377,20.1,40.7,21,17,-1,assisted,strongFoot,0,0.030850771814585
1,5,23/08/2026,Venezia,Lecce,57,Venezia,2688,True,1409,Gianluca Busio,896180,M,66,Wladimiro Falcone,82,Lecce,1377,19.3,54.0,19,8,-1,free-kick,strongFoot,0,0.14897654950619
1,5,23/08/2026,Venezia,Lecce,59,Venezia,2688,True,1409,Akor Adams,946381,F,76,Wladimiro Falcone,82,Lecce,1377,22.0,32.4,25,28,-1,assisted,strongFoot,0,0.031509384512901
1,5,23/08/2026,Venezia,Lecce,64,Venezia,2688,True,1409,Akor Adams,946381,F,76,Wladimiro Falcone,82,Lecce,1377,7.5,44.8,8,25,-1,assisted,head,0,0.078416407108307
1,5,23/08/2026,Venezia,Lecce,67,Venezia,2688,True,1409,Antoine Hainaut,1394202,M,55,Wladimiro Falcone,82,Lecce,1377,7.8,56.7,9,30,-1,assisted,head,0,0.11616892367601
1,5,23/08/2026,Venezia,Lecce,72,Venezia,2688,True,1409,Bartol Franjić,880742,D,51,Wladimiro Falcone,82,Lecce,1377,4.3,43.3,6,46,-1,corner,head,0,0.19610553979874
1,5,23/08/2026,Venezia,Lecce,72,Venezia,2688,True,1409,Bartol Franjić,880742,D,51,Wladimiro Falcone,82,Lecce,1377,3.6,40.5,7,60,-1,corner,weakFoot,0,0.086674958467484
1,5,23/08/2026,Venezia,Lecce,77,Lecce,2689,False,1377,Youssef Maleh,849274,M,64,Filip Stanković,74,Venezia,1409,22.0,47.2,22,4,1,assisted,strongFoot,0,0.029048638418317
1,5,23/08/2026,Venezia,Lecce,79,Lecce,2689,False,1377,Santiago Pierotti,984998,F,67,Filip Stanković,74,Venezia,1409,25.8,57.0,26,10,1,regular,strongFoot,0,0.092952698469162
1,5,23/08/2026,Venezia,Lecce,79,Lecce,2689,False,1377,Nikola Štulić,1029748,F,72,Filip Stanković,74,Venezia,1409,9.6,25.4,19,60,1,regular,strongFoot,0,0.023363022133708
1,5,23/08/2026,Venezia,Lecce,79,Lecce,2689,False,1377,Oumar Ngom,1175854,M,48,Filip Stanković,74,Venezia,1409,27.5,41.1,28,12,1,assisted,strongFoot,0,0.026902683079243
1,5,23/08/2026,Venezia,Lecce,80,Lecce,2689,False,1377,Tiago Gabriel,1651825,D,33,Filip Stanković,74,Venezia,1409,1.7,52.4,2,43,1,corner,head,1,0.90294748544693
1,5,23/08/2026,Venezia,Lecce,82,Lecce,2689,False,1377,Nikola Štulić,1029748,F,72,Filip Stanković,74,Venezia,1409,4.1,44.0,5,44,2,assisted,weakFoot,0,0.3383252620697
1,5,23/08/2026,Venezia,Lecce,84,Lecce,2689,False,1377,Santiago Pierotti,984998,F,67,Filip Stanković,74,Venezia,1409,3.9,43.4,5,49,2,assisted,strongFoot,0,0.3715298473835
1,5,23/08/2026,Venezia,Lecce,84,Lecce,2689,False,1377,Nikola Štulić,1029748,F,72,Filip Stanković,74,Venezia,1409,3.0,56.4,5,55,2,assisted,weakFoot,0,0.6094081401825
1,5,23/08/2026,Venezia,Lecce,90,Venezia,2688,True,1409,Ridgeciano Haps,250501,M,61,Wladimiro Falcone,82,Lecce,1377,4.6,45.6,5,33,-2,regular,head,0,0.33203086256981
1,5,23/08/2026,Venezia,Lecce,90,Venezia,2688,True,1409,Albion Rrahmani,1124624,F,76,Wladimiro Falcone,82,Lecce,1377,12.0,45.6,12,14,-2,regular,strongFoot,0,0.21997997164726
1,5,23/08/2026,Venezia,Lecce,90,Venezia,2688,True,1409,Albion Rrahmani,1124624,F,76,Wladimiro Falcone,82,Lecce,1377,22.6,37.0,24,21,-2,assisted,strongFoot,0,0.028919639065862
1,6,23/08/2026,Atalanta,Sassuolo,6,Atalanta,2686,True,1676,Giacomo Raspadori,865651,F,78,Arijanet Murić,74,Sassuolo,1436,10.8,35.2,14,42,0,assisted,strongFoot,1,0.091148182749748
1,6,23/08/2026,Atalanta,Sassuolo,10,Sassuolo,2793,False,1436,Kieron Bowie,983601,F,65,Marco Carnesecchi,85,Atalanta,1676,9.1,43.9,10,24,0,assisted,strongFoot,0,0.067270956933498
1,6,23/08/2026,Atalanta,Sassuolo,10,Atalanta,2686,True,1676,Nicola Zalewski,984184,M,65,Arijanet Murić,74,Sassuolo,1436,13.2,64.0,16,35,0,regular,strongFoot,0,0.25822612643242
1,6,23/08/2026,Atalanta,Sassuolo,18,Atalanta,2686,True,1676,Giacomo Raspadori,865651,F,78,Arijanet Murić,74,Sassuolo,1436,13.8,35.1,17,36,0,fast-break,strongFoot,0,0.07545018196106
1,6,23/08/2026,Atalanta,Sassuolo,19,Atalanta,2686,True,1676,Éderson,946888,M,70,Arijanet Murić,74,Sassuolo,1436,26.1,28.2,30,29,0,regular,strongFoot,0,0.013388426974416
1,6,23/08/2026,Atalanta,Sassuolo,25,Sassuolo,2793,False,1436,Darryl Bakola,1823916,M,55,Marco Carnesecchi,85,Atalanta,1676,18.5,54.2,18,8,0,assisted,weakFoot,0,0.073276177048683
1,6,23/08/2026,Atalanta,Sassuolo,25,Atalanta,2686,True,1676,Davide Zappacosta,132318,M,72,Arijanet Murić,74,Sassuolo,1436,11.1,70.5,17,51,0,assisted,strongFoot,0,0.03737772628665
1,6,23/08/2026,Atalanta,Sassuolo,27,Sassuolo,2793,False,1436,Vasilije Adžić,1149288,M,65,Marco Carnesecchi,85,Atalanta,1676,22.8,66.2,25,25,0,set-piece,strongFoot,0,0.023463198915124
1,6,23/08/2026,Atalanta,Sassuolo,27,Sassuolo,2793,False,1436,Josh Doig,989276,D,61,Marco Carnesecchi,85,Atalanta,1676,26.4,38.3,27,16,0,set-piece,strongFoot,0,0.020164718851447
1,6,23/08/2026,Atalanta,Sassuolo,29,Sassuolo,2793,False,1436,Armand Laurienté,932643,F,75,Marco Carnesecchi,85,Atalanta,1676,16.2,27.2,22,43,0,assisted,strongFoot,0,0.016155691817403
1,6,23/08/2026,Atalanta,Sassuolo,30,Sassuolo,2793,False,1436,Armand Laurienté,932643,F,75,Marco Carnesecchi,85,Atalanta,1676,22.3,31.5,25,29,0,assisted,strongFoot,0,0.020672731101513
1,6,23/08/2026,Atalanta,Sassuolo,31,Sassuolo,2793,False,1436,Vasilije Adžić,1149288,M,65,Marco Carnesecchi,85,Atalanta,1676,10.3,53.5,10,13,0,assisted,strongFoot,0,0.61678355932236
1,6,23/08/2026,Atalanta,Sassuolo,32,Sassuolo,2793,False,1436,Kieron Bowie,983601,F,65,Marco Carnesecchi,85,Atalanta,1676,3.2,46.5,3,36,0,corner,head,0,0.54837584495544
1,6,23/08/2026,Atalanta,Sassuolo,36,Sassuolo,2793,False,1436,Vasilije Adžić,1149288,M,65,Marco Carnesecchi,85,Atalanta,1676,14.1,55.8,14,15,0,assisted,strongFoot,0,0.061881378293037
1,6,23/08/2026,Atalanta,Sassuolo,40,Sassuolo,2793,False,1436,Vasilije Adžić,1149288,M,65,Marco Carnesecchi,85,Atalanta,1676,8.8,63.0,12,45,0,assisted,strongFoot,0,0.083136647939682
1,6,23/08/2026,Atalanta,Sassuolo,42,Sassuolo,2793,False,1436,Armand Laurienté,932643,F,75,Marco Carnesecchi,85,Atalanta,1676,28.2,28.0,31,27,0,free-kick,strongFoot,0,0.035221491008997
1,6,23/08/2026,Atalanta,Sassuolo,43,Sassuolo,2793,False,1436,Cristian Volpato,1155625,M,67,Marco Carnesecchi,85,Atalanta,1676,4.3,65.8,11,68,0,assisted,weakFoot,0,0.052160538733006
1,6,23/08/2026,Atalanta,Sassuolo,45,Atalanta,2686,True,1676,Gianluca Gaetano,902019,M,71,Arijanet Murić,74,Sassuolo,1436,27.2,31.5,29,24,0,regular,strongFoot,0,0.013515837490559
1,6,23/08/2026,Atalanta,Sassuolo,50,Sassuolo,2793,False,1436,Armand Laurienté,932643,F,75,Marco Carnesecchi,85,Atalanta,1676,12.7,39.5,14,29,0,assisted,strongFoot,0,0.15102188289165
1,6,23/08/2026,Atalanta,Sassuolo,50,Atalanta,2686,True,1676,Éderson,946888,M,70,Arijanet Murić,74,Sassuolo,1436,26.3,38.9,27,16,0,assisted,strongFoot,0,0.027718380093575
1,6,23/08/2026,Atalanta,Sassuolo,52,Atalanta,2686,True,1676,Giacomo Raspadori,865651,F,78,Arijanet Murić,74,Sassuolo,1436,8.3,34.4,13,51,0,assisted,strongFoot,0,0.088850721716881
1,6,23/08/2026,Atalanta,Sassuolo,55,Sassuolo,2793,False,1436,Cas Odenthal,991677,D,35,Marco Carnesecchi,85,Atalanta,1676,3.7,49.0,3,10,0,throw-in-set-piece,head,1,0.64319932460785
1,6,23/08/2026,Atalanta,Sassuolo,60,Sassuolo,2793,False,1436,Armand Laurienté,932643,F,75,Marco Carnesecchi,85,Atalanta,1676,11.9,46.8,12,10,1,assisted,strongFoot,0,0.10227861255407
1,6,23/08/2026,Atalanta,Sassuolo,64,Sassuolo,2793,False,1436,Nemanja Matić,44241,M,66,Marco Carnesecchi,85,Atalanta,1676,24.7,49.9,24,0,1,regular,strongFoot,0,0.01601854711771
1,6,23/08/2026,Atalanta,Sassuolo,65,Sassuolo,2793,False,1436,Cristian Volpato,1155625,M,67,Marco Carnesecchi,85,Atalanta,1676,15.0,38.5,16,27,1,assisted,weakFoot,0,0.037069756537676
1,6,23/08/2026,Atalanta,Sassuolo,65,Atalanta,2686,True,1676,Nikola Krstović,839156,F,76,Arijanet Murić,74,Sassuolo,1436,14.5,56.2,15,16,-1,regular,strongFoot,1,0.088436424732208
1,6,23/08/2026,Atalanta,Sassuolo,69,Sassuolo,2793,False,1436,Kristian Thorstvedt,924973,M,71,Marco Carnesecchi,85,Atalanta,1676,21.8,59.7,22,16,0,assisted,strongFoot,0,0.036411974579096
1,6,23/08/2026,Atalanta,Sassuolo,70,Atalanta,2686,True,1676,Lazar Samardžić,980624,M,71,Arijanet Murić,74,Sassuolo,1436,22.2,61.3,23,19,0,regular,strongFoot,0,0.033064521849155
1,6,23/08/2026,Atalanta,Sassuolo,71,Sassuolo,2793,False,1436,Kristian Thorstvedt,924973,M,71,Marco Carnesecchi,85,Atalanta,1676,20.0,54.5,20,8,0,assisted,weakFoot,0,0.034956242889166
1,6,23/08/2026,Atalanta,Sassuolo,73,Sassuolo,2793,False,1436,Armand Laurienté,932643,F,75,Marco Carnesecchi,85,Atalanta,1676,23.2,25.2,28,36,0,corner,strongFoot,0,0.020021326839924
1,6,23/08/2026,Atalanta,Sassuolo,78,Atalanta,2686,True,1676,Nikola Krstović,839156,F,76,Arijanet Murić,74,Sassuolo,1436,20.5,70.6,24,34,0,assisted,weakFoot,0,0.020194025710225
1,6,23/08/2026,Atalanta,Sassuolo,82,Atalanta,2686,True,1676,Nikola Krstović,839156,F,76,Arijanet Murić,74,Sassuolo,1436,13.5,63.6,16,34,0,assisted,strongFoot,0,0.072757951915264
1,6,23/08/2026,Atalanta,Sassuolo,90,Sassuolo,2793,False,1436,Benjamín Domínguez,1162611,M,67,Marco Carnesecchi,85,Atalanta,1676,23.2,24.8,28,36,0,assisted,strongFoot,0,0.021279262378812
1,6,23/08/2026,Atalanta,Sassuolo,90,Atalanta,2686,True,1676,Davide Zappacosta,132318,M,72,Arijanet Murić,74,Sassuolo,1436,23.0,72.7,27,33,0,assisted,strongFoot,0,0.024121278896928
1,6,23/08/2026,Atalanta,Sassuolo,90,Atalanta,2686,True,1676,Giorgio Scalvini,1012176,D,36,Arijanet Murić,74,Sassuolo,1436,3.2,38.7,8,67,0,corner,head,0,0.039890736341476
1,6,23/08/2026,Atalanta,Sassuolo,90,Sassuolo,2793,False,1436,Simone Cinquegrano,1461516,D,60,Marco Carnesecchi,85,Atalanta,1676,11.2,67.0,16,45,0,regular,strongFoot,0,0.023667639121413
1,7,23/08/2026,Torino,AC Milan,2,AC Milan,2692,False,1688,Alphadjo Cissè,1169409,F,60,Diego Mascardi,62,Torino,1477,2.0,35.0,10,78,0,assisted,weakFoot,0,0.25141227245331
1,7,23/08/2026,Torino,AC Milan,3,AC Milan,2692,False,1688,Gonçalo Ramos,934510,F,78,Diego Mascardi,62,Torino,1477,8.0,66.4,13,54,0,assisted,strongFoot,0,0.057753443717957
1,7,23/08/2026,Torino,AC Milan,6,AC Milan,2692,False,1688,Ruben Loftus-Cheek,284441,M,74,Diego Mascardi,62,Torino,1477,15.3,53.8,15,9,0,assisted,strongFoot,0,0.044567495584488
1,7,23/08/2026,Torino,AC Milan,9,Torino,2696,True,1477,Giovanni Simeone,341143,F,76,Mike Maignan,87,AC Milan,1688,9.7,61.1,12,37,0,regular,strongFoot,0,0.066205568611622
1,7,23/08/2026,Torino,AC Milan,21,AC Milan,2692,False,1688,Ruben Loftus-Cheek,284441,M,74,Diego Mascardi,62,Torino,1477,8.6,59.3,10,36,0,assisted,strongFoot,0,0.074158146977425
1,7,23/08/2026,Torino,AC Milan,23,AC Milan,2692,False,1688,Pervis Estupiñán,805465,M,55,Diego Mascardi,62,Torino,1477,9.1,46.6,9,14,0,assisted,head,0,0.062968894839287
1,7,23/08/2026,Torino,AC Milan,25,AC Milan,2692,False,1688,Ruben Loftus-Cheek,284441,M,74,Diego Mascardi,62,Torino,1477,5.5,62.8,10,57,0,assisted,strongFoot,0,0.079547300934792
1,7,23/08/2026,Torino,AC Milan,28,AC Milan,2692,False,1688,Alphadjo Cissè,1169409,F,60,Diego Mascardi,62,Torino,1477,15.4,30.7,20,40,0,assisted,strongFoot,0,0.05671776458621
1,7,23/08/2026,Torino,AC Milan,30,AC Milan,2692,False,1688,Samuel Chukwueze,822470,F,74,Diego Mascardi,62,Torino,1477,9.1,64.2,13,46,0,assisted,strongFoot,0,0.078975312411785
1,7,23/08/2026,Torino,AC Milan,30,AC Milan,2692,False,1688,Samuel Chukwueze,822470,F,74,Diego Mascardi,62,Torino,1477,10.8,58.5,12,28,0,regular,strongFoot,0,0.068345598876476
1,7,23/08/2026,Torino,AC Milan,32,AC Milan,2692,False,1688,Alphadjo Cissè,1169409,F,60,Diego Mascardi,62,Torino,1477,3.2,34.2,11,73,0,assisted,head,0,0.021306395530701
1,7,23/08/2026,Torino,AC Milan,46,AC Milan,2692,False,1688,Ruben Loftus-Cheek,284441,M,74,Diego Mascardi,62,Torino,1477,11.4,54.2,11,14,0,assisted,head,0,0.033174186944962
1,7,23/08/2026,Torino,AC Milan,53,Torino,2696,True,1477,Saúl Coco,1089453,D,56,Mike Maignan,87,AC Milan,1688,8.5,61.3,11,42,0,set-piece,other,0,0.015124072320759
1,7,23/08/2026,Torino,AC Milan,54,AC Milan,2692,False,1688,Gonçalo Ramos,934510,F,78,Diego Mascardi,62,Torino,1477,9.1,40.1,11,36,0,assisted,head,0,0.030631899833679
1,7,23/08/2026,Torino,AC Milan,58,AC Milan,2692,False,1688,Koni De Winter,1001828,D,39,Diego Mascardi,62,Torino,1477,3.5,57.0,5,53,0,corner,head,0,0.14150851964951
1,7,23/08/2026,Torino,AC Milan,58,AC Milan,2692,False,1688,Gonçalo Ramos,934510,F,78,Diego Mascardi,62,Torino,1477,9.4,46.8,9,13,0,assisted,head,0,0.059999562799931
1,7,23/08/2026,Torino,AC Milan,63,Torino,2696,True,1477,Giovanni Simeone,341143,F,76,Mike Maignan,87,AC Milan,1688,14.4,51.3,14,3,0,assisted,strongFoot,0,0.14259198307991
1,7,23/08/2026,Torino,AC Milan,64,AC Milan,2692,False,1688,Alphadjo Cissè,1169409,F,60,Diego Mascardi,62,Torino,1477,11.7,37.8,14,35,0,assisted,strongFoot,1,0.17645078897476
1,7,23/08/2026,Torino,AC Milan,67,AC Milan,2692,False,1688,Adrien Rabiot,250737,M,78,Diego Mascardi,62,Torino,1477,3.3,44.4,5,49,1,assisted,strongFoot,1,0.39830085635185
1,7,23/08/2026,Torino,AC Milan,69,AC Milan,2692,False,1688,Gonçalo Ramos,934510,F,78,Diego Mascardi,62,Torino,1477,13.5,44.8,13,14,2,assisted,strongFoot,0,0.095669329166412
1,7,23/08/2026,Torino,AC Milan,69,AC Milan,2692,False,1688,Alexis Saelemaekers,901891,M,66,Diego Mascardi,62,Torino,1477,14.7,48.3,14,4,2,assisted,weakFoot,0,0.13938984274864
1,7,23/08/2026,Torino,AC Milan,72,AC Milan,2692,False,1688,Gonçalo Ramos,934510,F,78,Diego Mascardi,62,Torino,1477,3.8,43.8,5,47,2,assisted,weakFoot,0,0.28066405653954
1,7,23/08/2026,Torino,AC Milan,74,Torino,2696,True,1477,Alieu Njie,1493157,F,64,Mike Maignan,87,AC Milan,1688,5.2,33.9,12,64,-2,fast-break,strongFoot,0,0.10095422714949
1,7,23/08/2026,Torino,AC Milan,79,Torino,2696,True,1477,Pietro Comuzzo,1210848,D,29,Mike Maignan,87,AC Milan,1688,9.5,49.9,9,0,-2,throw-in-set-piece,weakFoot,0,0.48615881800652
1,7,23/08/2026,Torino,AC Milan,83,Torino,2696,True,1477,Kian Fitz-Jim,1001945,M,58,Mike Maignan,87,AC Milan,1688,23.2,27.6,27,33,-2,regular,strongFoot,0,0.024121278896928
1,7,23/08/2026,Torino,AC Milan,84,Torino,2696,True,1477,Zakaria Aboukhlal,856737,F,71,Mike Maignan,87,AC Milan,1688,7.3,57.7,8,35,-2,assisted,strongFoot,0,0.33184358477592
1,7,23/08/2026,Torino,AC Milan,90,Torino,2696,True,1477,Che Adams,773409,F,79,Mike Maignan,87,AC Milan,1688,11.1,44.8,11,17,-2,set-piece,strongFoot,1,0.11817506700754
1,8,24/08/2026,Bologna,Lazio,8,Lazio,2699,False,1635,Mattia Zaccagni,293581,F,77,Łukasz Skorupski,78,Bologna,1631,12.0,35.8,15,38,0,assisted,strongFoot,0,0.079522624611855
1,8,24/08/2026,Bologna,Lazio,13,Lazio,2699,False,1635,Alfonso Pedraza,797290,D,71,Łukasz Skorupski,78,Bologna,1631,13.2,31.7,18,43,0,assisted,weakFoot,0,0.071523137390614
1,8,24/08/2026,Bologna,Lazio,14,Lazio,2699,False,1635,Matteo Cancellieri,1017649,F,72,Łukasz Skorupski,78,Bologna,1631,18.7,69.9,23,35,0,corner,strongFoot,0,0.010533866472542
1,8,24/08/2026,Bologna,Lazio,17,Bologna,2685,True,1631,Roberto Piccoli,958982,F,74,Christos Mandas,74,Lazio,1635,9.5,42.3,10,28,0,corner,weakFoot,0,0.044511836022139
1,8,24/08/2026,Bologna,Lazio,20,Lazio,2699,False,1635,Matteo Cancellieri,1017649,F,72,Łukasz Skorupski,78,Bologna,1631,24.7,66.1,27,23,0,assisted,strongFoot,0,0.026392826810479
1,8,24/08/2026,Bologna,Lazio,36,Bologna,2685,True,1631,Nadir Zortea,928104,D,68,Christos Mandas,74,Lazio,1635,14.7,72.8,21,46,0,assisted,strongFoot,0,0.04276067763567
1,8,24/08/2026,Bologna,Lazio,38,Bologna,2685,True,1631,Jens Odgaard,826064,M,77,Christos Mandas,74,Lazio,1635,3.0,57.1,5,58,0,corner,weakFoot,0,0.18249090015888
1,8,24/08/2026,Bologna,Lazio,45,Bologna,2685,True,1631,Eivind Helland,1486808,D,47,Christos Mandas,74,Lazio,1635,7.9,40.0,10,40,0,corner,head,0,0.020569495856762
1,8,24/08/2026,Bologna,Lazio,48,Bologna,2685,True,1631,Jens Odgaard,826064,M,77,Christos Mandas,74,Lazio,1635,5.4,48.6,5,9,0,corner,head,0,0.44897598028183
1,8,24/08/2026,Bologna,Lazio,48,Bologna,2685,True,1631,Nicolò Cambiaghi,971005,F,74,Christos Mandas,74,Lazio,1635,4.8,45.0,5,35,0,corner,strongFoot,0,0.1827114969492
1,8,24/08/2026,Bologna,Lazio,51,Bologna,2685,True,1631,Nicolò Cambiaghi,971005,F,74,Christos Mandas,74,Lazio,1635,12.4,34.4,16,40,0,assisted,weakFoot,0,0.043442618101835
1,8,24/08/2026,Bologna,Lazio,58,Lazio,2699,False,1635,Romano Floriani Mussolini,1100354,M,54,Łukasz Skorupski,78,Bologna,1631,10.9,46.9,11,10,0,corner,head,0,0.031832333654165
1,8,24/08/2026,Bologna,Lazio,59,Lazio,2699,False,1635,Davide Frattesi,835600,M,75,Łukasz Skorupski,78,Bologna,1631,7.0,60.7,10,46,0,throw-in-set-piece,strongFoot,1,0.21475115418434
1,8,24/08/2026,Bologna,Lazio,63,Lazio,2699,False,1635,Mattia Zaccagni,293581,F,77,Łukasz Skorupski,78,Bologna,1631,25.3,37.6,26,18,1,assisted,strongFoot,0,0.031390633434057
1,8,24/08/2026,Bologna,Lazio,70,Lazio,2699,False,1635,Mattia Zaccagni,293581,F,77,Łukasz Skorupski,78,Bologna,1631,20.2,48.5,20,2,1,assisted,strongFoot,0,0.034956242889166
1,8,24/08/2026,Bologna,Lazio,76,Bologna,2685,True,1631,Federico Bernardeschi,294597,F,73,Christos Mandas,74,Lazio,1635,21.8,69.9,25,31,-1,free-kick,strongFoot,0,0.049329314380884
1,8,24/08/2026,Bologna,Lazio,76,Bologna,2685,True,1631,Eivind Helland,1486808,D,47,Christos Mandas,74,Lazio,1635,7.9,48.4,7,7,-1,corner,strongFoot,0,0.098701573908329
1,8,24/08/2026,Bologna,Lazio,77,Bologna,2685,True,1631,Jonathan Rowe,1065261,F,71,Christos Mandas,74,Lazio,1635,4.8,49.7,4,2,-1,corner,strongFoot,0,0.33633267879486
1,8,24/08/2026,Bologna,Lazio,81,Lazio,2699,False,1635,Nicolò Rovella,937324,M,62,Łukasz Skorupski,78,Bologna,1631,27.8,41.7,28,11,1,free-kick,strongFoot,0,0.035466499626637
1,8,24/08/2026,Bologna,Lazio,82,Bologna,2685,True,1631,Federico Bernardeschi,294597,F,73,Christos Mandas,74,Lazio,1635,22.6,68.5,25,29,-1,assisted,strongFoot,0,0.021081248298287
1,8,24/08/2026,Bologna,Lazio,89,Lazio,2699,False,1635,Gustav Isaksen,976381,F,71,Łukasz Skorupski,78,Bologna,1631,11.6,64.3,15,39,1,assisted,weakFoot,0,0.096031613647938
1,8,24/08/2026,Bologna,Lazio,90,Bologna,2685,True,1631,Emil Holm,965264,D,60,Christos Mandas,74,Lazio,1635,27.4,47.5,27,3,-1,free-kick,strongFoot,0,0.039774421602488
1,8,24/08/2026,Bologna,Lazio,90,Bologna,2685,True,1631,Jens Odgaard,826064,M,77,Christos Mandas,74,Lazio,1635,15.8,51.3,15,3,-1,set-piece,strongFoot,0,0.042915530502796
1,8,24/08/2026,Bologna,Lazio,90,Bologna,2685,True,1631,Lewis Ferguson,907152,M,77,Christos Mandas,74,Lazio,1635,3.8,47.9,4,20,-1,regular,weakFoot,0,0.31224086880684
1,9,24/08/2026,AS Roma,Fiorentina,4,AS Roma,2702,True,1717,Paulo Dybala,256219,F,85,David De Gea,84,Fiorentina,1558,22.3,64.4,24,23,0,fast-break,strongFoot,0,0.035037405788898
1,9,24/08/2026,AS Roma,Fiorentina,6,AS Roma,2702,True,1717,Paulo Dybala,256219,F,85,David De Gea,84,Fiorentina,1558,16.9,63.4,19,28,0,assisted,strongFoot,0,0.048507820814848
1,9,24/08/2026,AS Roma,Fiorentina,12,Fiorentina,2693,False,1558,Marco Brescianini,928800,M,68,Mile Svilar,84,AS Roma,1717,25.7,28.7,29,29,0,assisted,strongFoot,0,0.014115251600742
1,9,24/08/2026,AS Roma,Fiorentina,14,AS Roma,2702,True,1717,Paulo Dybala,256219,F,85,David De Gea,84,Fiorentina,1558,12.2,64.0,15,37,0,assisted,strongFoot,0,0.070370405912399
1,9,24/08/2026,AS Roma,Fiorentina,19,AS Roma,2702,True,1717,Rodrigo Mora,1410240,M,66,David De Gea,84,Fiorentina,1558,11.3,31.2,17,48,0,assisted,strongFoot,0,0.037737961858511
1,9,24/08/2026,AS Roma,Fiorentina,20,AS Roma,2702,True,1717,Evan Ndicka,848287,D,51,David De Gea,84,Fiorentina,1558,6.6,53.0,6,17,0,throw-in-set-piece,head,0,0.40696150064468
1,9,24/08/2026,AS Roma,Fiorentina,25,AS Roma,2702,True,1717,Emanuele Lulli,1955992,D,60,David De Gea,84,Fiorentina,1558,6.9,53.9,7,21,0,assisted,head,0,0.12121141701937
1,9,24/08/2026,AS Roma,Fiorentina,27,AS Roma,2702,True,1717,Donyell Malen,803039,F,79,David De Gea,84,Fiorentina,1558,7.0,48.6,7,7,0,assisted,weakFoot,1,0.38675284385681
1,9,24/08/2026,AS Roma,Fiorentina,31,AS Roma,2702,True,1717,Paulo Dybala,256219,F,85,David De Gea,84,Fiorentina,1558,27.9,51.2,27,1,0,free-kick,strongFoot,0,0.038815844804049
1,9,24/08/2026,AS Roma,Fiorentina,32,AS Roma,2702,True,1717,Donyell Malen,803039,F,79,David De Gea,84,Fiorentina,1558,14.1,40.7,15,24,0,assisted,strongFoot,0,0.079603724181652
1,9,24/08/2026,AS Roma,Fiorentina,40,Fiorentina,2693,False,1558,Cher Ndour,1114422,M,63,Mile Svilar,84,AS Roma,1717,22.2,68.7,25,29,0,assisted,strongFoot,0,0.033127289265394
1,9,24/08/2026,AS Roma,Fiorentina,41,AS Roma,2702,True,1717,Rodrigo Mora,1410240,M,66,David De Gea,84,Fiorentina,1558,21.8,31.6,25,29,0,assisted,strongFoot,0,0.014072058722377
1,9,24/08/2026,AS Roma,Fiorentina,50,Fiorentina,2693,False,1558,Franco Mastantuono,1403559,F,71,Mile Svilar,84,AS Roma,1717,28.4,65.0,30,19,0,free-kick,strongFoot,0,0.032517667859793
1,9,24/08/2026,AS Roma,Fiorentina,52,AS Roma,2702,True,1717,Donyell Malen,803039,F,79,David De Gea,84,Fiorentina,1558,5.2,34.4,11,63,0,assisted,weakFoot,1,0.057769626379013
1,9,24/08/2026,AS Roma,Fiorentina,54,Fiorentina,2693,False,1558,Cher Ndour,1114422,M,63,Mile Svilar,84,AS Roma,1717,11.1,53.4,11,11,-1,throw-in-set-piece,head,0,0.035766869783401
1,9,24/08/2026,AS Roma,Fiorentina,58,AS Roma,2702,True,1717,Donyell Malen,803039,F,79,David De Gea,84,Fiorentina,1558,21.1,59.5,22,17,1,assisted,strongFoot,0,0.068112403154373
1,9,24/08/2026,AS Roma,Fiorentina,60,AS Roma,2702,True,1717,Donyell Malen,803039,F,79,David De Gea,84,Fiorentina,1558,2.7,53.6,3,42,1,assisted,strongFoot,1,0.89207011461258
1,9,24/08/2026,AS Roma,Fiorentina,67,Fiorentina,2693,False,1558,Christ Inao Oulaï,1888002,M,56,Mile Svilar,84,AS Roma,1717,24.4,65.2,26,22,-2,corner,strongFoot,0,0.015975598245859
1,9,24/08/2026,AS Roma,Fiorentina,71,Fiorentina,2693,False,1558,Moise Kean,835601,F,81,Mile Svilar,84,AS Roma,1717,14.8,62.6,17,30,-2,fast-break,strongFoot,0,0.13957899808884
1,9,24/08/2026,AS Roma,Fiorentina,72,Fiorentina,2693,False,1558,Dodô,822518,M,57,Mile Svilar,84,AS Roma,1717,28.6,61.8,29,15,-2,corner,strongFoot,0,0.0053028604015708
1,9,24/08/2026,AS Roma,Fiorentina,73,Fiorentina,2693,False,1558,Moise Kean,835601,F,81,Mile Svilar,84,AS Roma,1717,17.9,29.7,22,37,-2,fast-break,strongFoot,0,0.034879893064499
1,9,24/08/2026,AS Roma,Fiorentina,81,Fiorentina,2693,False,1558,Radu Drăguşin,997103,D,31,Mile Svilar,84,AS Roma,1717,10.0,62.8,13,41,-2,set-piece,head,0,0.037779062986374
1,9,24/08/2026,AS Roma,Fiorentina,84,AS Roma,2702,True,1717,Santiago Castro,1116577,F,76,David De Gea,84,Fiorentina,1558,14.4,45.4,14,12,2,assisted,weakFoot,0,0.15488295257092
1,9,24/08/2026,AS Roma,Fiorentina,85,AS Roma,2702,True,1717,Matías Soulé,1082406,F,75,David De Gea,84,Fiorentina,1558,5.5,61.7,9,55,2,assisted,strongFoot,0,0.18608891963959
1,9,24/08/2026,AS Roma,Fiorentina,86,AS Roma,2702,True,1717,Niccolò Pisilli,1175821,M,65,David De Gea,84,Fiorentina,1558,4.8,51.2,4,9,2,regular,strongFoot,1,0.31670877337456
1,9,24/08/2026,AS Roma,Fiorentina,90,AS Roma,2702,True,1717,Matías Soulé,1082406,F,75,David De Gea,84,Fiorentina,1558,10.8,66.0,15,45,3,assisted,strongFoot,0,0.15078908205032
2,0,28/08/2026,AC Milan,Venezia,1,AC Milan,2692,True,1688,Gonçalo Ramos,934510,F,78,Filip Stanković,74,Venezia,1409,10.7,59.5,12,31,0,assisted,strongFoot,0,0.16099143028259
2,0,28/08/2026,AC Milan,Venezia,5,AC Milan,2692,True,1688,Alphadjo Cissè,1169409,F,59,Filip Stanković,74,Venezia,1409,22.0,41.5,22,14,0,assisted,strongFoot,0,0.047823037952185
2,0,28/08/2026,AC Milan,Venezia,12,AC Milan,2692,True,1688,Gonçalo Ramos,934510,F,78,Filip Stanković,74,Venezia,1409,13.6,61.3,15,29,0,fast-break,weakFoot,0,0.20764793455601
2,0,28/08/2026,AC Milan,Venezia,19,Venezia,2688,False,1409,Akor Adams,946381,F,76,Mike Maignan,87,AC Milan,1688,7.0,32.5,13,59,0,assisted,weakFoot,0,0.040708146989346
2,0,28/08/2026,AC Milan,Venezia,22,AC Milan,2692,True,1688,Gonçalo Ramos,934510,F,78,Filip Stanković,74,Venezia,1409,22.8,65.0,24,24,0,assisted,weakFoot,0,0.021816778928041
2,0,28/08/2026,AC Milan,Venezia,24,Venezia,2688,False,1409,John Yeboah,879802,F,67,Mike Maignan,87,AC Milan,1688,8.3,50.3,8,1,0,regular,strongFoot,0,0.13080030679703
2,0,28/08/2026,AC Milan,Venezia,33,AC Milan,2692,True,1688,Gonçalo Ramos,934510,F,78,Filip Stanković,74,Venezia,1409,13.0,55.6,13,16,0,assisted,strongFoot,0,0.17837373912334
2,0,28/08/2026,AC Milan,Venezia,37,Venezia,2688,False,1409,John Yeboah,879802,F,67,Mike Maignan,87,AC Milan,1688,23.4,66.9,26,26,0,assisted,strongFoot,0,0.031076738610864
2,0,28/08/2026,AC Milan,Venezia,40,AC Milan,2692,True,1688,Koni De Winter,1001828,D,39,Filip Stanković,74,Venezia,1409,6.9,54.8,7,25,0,corner,head,0,0.18117851018906
2,0,28/08/2026,AC Milan,Venezia,42,AC Milan,2692,True,1688,Gonçalo Ramos,934510,F,78,Filip Stanković,74,Venezia,1409,8.0,47.4,8,12,0,assisted,weakFoot,0,0.1117377653718
2,0,28/08/2026,AC Milan,Venezia,44,AC Milan,2692,True,1688,Samuel Chukwueze,822470,F,73,Filip Stanković,74,Venezia,1409,24.1,51.9,24,3,0,regular,strongFoot,0,0.045882847160101
2,0,28/08/2026,AC Milan,Venezia,49,Venezia,2688,False,1409,Antoine Hainaut,1394202,M,55,Mike Maignan,87,AC Milan,1688,8.6,69.9,16,57,0,assisted,strongFoot,0,0.051368027925491
2,0,28/08/2026,AC Milan,Venezia,51,AC Milan,2692,True,1688,Gonçalo Ramos,934510,F,78,Filip Stanković,74,Venezia,1409,18.9,52.5,18,5,0,assisted,strongFoot,0,0.045894369482994
2,0,28/08/2026,AC Milan,Venezia,52,AC Milan,2692,True,1688,Koni De Winter,1001828,D,39,Filip Stanković,74,Venezia,1409,8.8,52.3,8,10,0,corner,head,0,0.057212397456169
2,0,28/08/2026,AC Milan,Venezia,55,AC Milan,2692,True,1688,Yunus Musah,983815,M,68,Filip Stanković,74,Venezia,1409,3.8,47.9,4,20,0,set-piece,strongFoot,0,0.33806627988815
2,0,28/08/2026,AC Milan,Venezia,60,AC Milan,2692,True,1688,Gonçalo Ramos,934510,F,78,Filip Stanković,74,Venezia,1409,6.7,54.6,7,25,0,throw-in-set-piece,head,0,0.10798434913158
2,0,28/08/2026,AC Milan,Venezia,65,AC Milan,2692,True,1688,Strahinja Pavlović,965893,D,42,Filip Stanković,74,Venezia,1409,14.4,37.8,16,29,0,assisted,strongFoot,0,0.042566653341055
2,0,28/08/2026,AC Milan,Venezia,67,Venezia,2688,False,1409,Akor Adams,946381,F,76,Mike Maignan,87,AC Milan,1688,12.2,50.4,12,1,0,fast-break,weakFoot,0,0.36485463380814
2,0,28/08/2026,AC Milan,Venezia,69,AC Milan,2692,True,1688,Gonçalo Ramos,934510,F,78,Filip Stanković,74,Venezia,1409,9.1,36.4,12,45,0,fast-break,weakFoot,1,0.10272128134966
2,0,28/08/2026,AC Milan,Venezia,73,Venezia,2688,False,1409,John Yeboah,879802,F,67,Mike Maignan,87,AC Milan,1688,15.6,68.9,20,39,-1,regular,strongFoot,0,0.034219179302454
2,0,28/08/2026,AC Milan,Venezia,86,AC Milan,2692,True,1688,Adrien Rabiot,250737,M,78,Filip Stanković,74,Venezia,1409,21.3,46.6,21,6,1,assisted,weakFoot,0,0.05728018656373
2,0,28/08/2026,AC Milan,Venezia,89,AC Milan,2692,True,1688,Ardon Jashari,1034082,M,67,Filip Stanković,74,Venezia,1409,14.2,42.1,15,20,1,fast-break,strongFoot,0,0.50029993057251
2,0,28/08/2026,AC Milan,Venezia,90,Venezia,2688,False,1409,Akor Adams,946381,F,76,Mike Maignan,87,AC Milan,1688,15.1,53.4,15,8,-2,assisted,weakFoot,0,0.046724203974009
2,0,28/08/2026,AC Milan,Venezia,90,Venezia,2688,False,1409,Armel Bella-Kotchap,976025,D,25,Mike Maignan,87,AC Milan,1688,30.3,55.6,30,7,-2,assisted,strongFoot,0,0.017639718949795
2,0,28/08/2026,AC Milan,Venezia,90,Venezia,2688,False,1409,Albion Rrahmani,1124624,F,76,Mike Maignan,87,AC Milan,1688,3.1,40.9,6,63,-2,corner,strongFoot,0,0.085019432008266
2,1,29/08/2026,Fiorentina,Frosinone,4,Frosinone,2801,False,1409,Giorgi Kvernadze,1140001,F,62,David De Gea,84,Fiorentina,1558,15.4,30.1,20,41,0,assisted,strongFoot,0,0.031711459159851
2,1,29/08/2026,Fiorentina,Frosinone,9,Fiorentina,2693,True,1558,Cher Ndour,1114422,M,63,Lorenzo Palmisani,68,Frosinone,1409,7.9,70.6,16,60,0,assisted,strongFoot,0,0.031332489103079
2,1,29/08/2026,Fiorentina,Frosinone,11,Frosinone,2801,False,1409,Gabriele Bracaglia,1394498,D,38,David De Gea,84,Fiorentina,1558,17.8,48.7,17,2,0,assisted,strongFoot,0,0.087466418743134
2,1,29/08/2026,Fiorentina,Frosinone,13,Fiorentina,2693,True,1558,Albert Guðmundsson,804909,F,77,Lorenzo Palmisani,68,Frosinone,1409,8.9,37.0,12,44,0,assisted,strongFoot,0,0.13375553488731
2,1,29/08/2026,Fiorentina,Frosinone,16,Fiorentina,2693,True,1558,Franco Mastantuono,1403559,F,70,Lorenzo Palmisani,68,Frosinone,1409,21.8,59.1,22,15,0,free-kick,strongFoot,0,0.12981253862381
2,1,29/08/2026,Fiorentina,Frosinone,17,Fiorentina,2693,True,1558,Franco Mastantuono,1403559,F,70,Lorenzo Palmisani,68,Frosinone,1409,14.8,64.9,17,34,0,assisted,strongFoot,0,0.054099407047033
2,1,29/08/2026,Fiorentina,Frosinone,20,Fiorentina,2693,True,1558,Albert Guðmundsson,804909,F,77,Lorenzo Palmisani,68,Frosinone,1409,18.9,48.7,18,2,0,assisted,weakFoot,0,0.073078982532024
2,1,29/08/2026,Fiorentina,Frosinone,20,Fiorentina,2693,True,1558,Arthur Atta,1444690,M,70,Lorenzo Palmisani,68,Frosinone,1409,21.3,49.9,21,0,0,regular,strongFoot,0,0.049121968448162
2,1,29/08/2026,Fiorentina,Frosinone,25,Frosinone,2801,False,1409,Seydou Fini,1164381,F,57,David De Gea,84,Fiorentina,1558,7.6,39.1,10,44,0,fast-break,weakFoot,0,0.14981628954411
2,1,29/08/2026,Fiorentina,Frosinone,26,Frosinone,2801,False,1409,Antonio Raimondo,1121578,F,68,David De Gea,84,Fiorentina,1558,3.8,43.8,5,47,0,assisted,strongFoot,1,0.21922500431538
2,1,29/08/2026,Fiorentina,Frosinone,33,Fiorentina,2693,True,1558,Arthur Atta,1444690,M,70,Lorenzo Palmisani,68,Frosinone,1409,23.1,66.2,25,25,-1,assisted,weakFoot,0,0.03410591557622
2,1,29/08/2026,Fiorentina,Frosinone,34,Fiorentina,2693,True,1558,Mateo Pellegrino,1099296,F,68,Lorenzo Palmisani,68,Frosinone,1409,8.0,60.5,10,41,-1,assisted,weakFoot,0,0.056841094046831
2,1,29/08/2026,Fiorentina,Frosinone,35,Fiorentina,2693,True,1558,Franco Mastantuono,1403559,F,70,Lorenzo Palmisani,68,Frosinone,1409,8.5,64.0,12,48,-1,assisted,weakFoot,0,0.068716265261173
2,1,29/08/2026,Fiorentina,Frosinone,35,Fiorentina,2693,True,1558,Mateo Pellegrino,1099296,F,68,Lorenzo Palmisani,68,Frosinone,1409,5.1,40.3,8,52,-1,assisted,strongFoot,0,0.097382754087448
2,1,29/08/2026,Fiorentina,Frosinone,36,Fiorentina,2693,True,1558,Víctor Valdepeñas,1901143,D,41,Lorenzo Palmisani,68,Frosinone,1409,8.9,40.5,10,35,-1,assisted,strongFoot,0,0.42513278126717
2,1,29/08/2026,Fiorentina,Frosinone,37,Fiorentina,2693,True,1558,Albert Guðmundsson,804909,F,77,Lorenzo Palmisani,68,Frosinone,1409,13.4,56.1,14,17,-1,assisted,strongFoot,0,0.076616376638412
2,1,29/08/2026,Fiorentina,Frosinone,37,Fiorentina,2693,True,1558,Franco Mastantuono,1403559,F,70,Lorenzo Palmisani,68,Frosinone,1409,21.0,68.1,24,30,-1,regular,strongFoot,0,0.03789134696126
2,1,29/08/2026,Fiorentina,Frosinone,38,Frosinone,2801,False,1409,Gabriele Bracaglia,1394498,D,38,David De Gea,84,Fiorentina,1558,8.0,51.6,8,7,1,corner,head,1,0.078055568039417
2,1,29/08/2026,Fiorentina,Frosinone,40,Fiorentina,2693,True,1558,Albert Guðmundsson,804909,F,77,Lorenzo Palmisani,68,Frosinone,1409,8.2,35.0,13,51,-2,regular,weakFoot,0,0.069201566278934
2,1,29/08/2026,Fiorentina,Frosinone,45,Frosinone,2801,False,1409,Anthony Oyono,1106257,D,36,David De Gea,84,Fiorentina,1558,26.0,64.0,27,20,2,fast-break,strongFoot,0,0.048001699149609
2,1,29/08/2026,Fiorentina,Frosinone,47,Frosinone,2801,False,1409,Ilario Monterisi,1009363,D,32,David De Gea,84,Fiorentina,1558,8.4,55.2,9,22,2,corner,head,0,0.049630727618933
2,1,29/08/2026,Fiorentina,Frosinone,51,Fiorentina,2693,True,1558,Arthur Atta,1444690,M,70,Lorenzo Palmisani,68,Frosinone,1409,12.9,46.6,13,10,-2,corner,head,0,0.016525883227587
2,1,29/08/2026,Fiorentina,Frosinone,51,Fiorentina,2693,True,1558,Arthur Atta,1444690,M,70,Lorenzo Palmisani,68,Frosinone,1409,4.6,50.3,4,2,-2,corner,strongFoot,0,0.31437262892723
2,1,29/08/2026,Fiorentina,Frosinone,52,Fiorentina,2693,True,1558,Cher Ndour,1114422,M,63,Lorenzo Palmisani,68,Frosinone,1409,20.6,44.6,20,10,-2,assisted,strongFoot,0,0.031193874776363
2,1,29/08/2026,Fiorentina,Frosinone,54,Frosinone,2801,False,1409,Anthony Oyono,1106257,D,36,David De Gea,84,Fiorentina,1558,5.5,61.7,9,55,2,corner,head,0,0.034654282033443
2,1,29/08/2026,Fiorentina,Frosinone,56,Fiorentina,2693,True,1558,Álex Jiménez,1184308,D,53,Lorenzo Palmisani,68,Frosinone,1409,22.2,58.1,22,13,-2,corner,strongFoot,0,0.034356575459242
2,1,29/08/2026,Fiorentina,Frosinone,57,Fiorentina,2693,True,1558,Franco Mastantuono,1403559,F,70,Lorenzo Palmisani,68,Frosinone,1409,14.2,69.9,19,43,-2,assisted,strongFoot,0,0.021457877010107
2,1,29/08/2026,Fiorentina,Frosinone,63,Fiorentina,2693,True,1558,Franco Mastantuono,1403559,F,70,Lorenzo Palmisani,68,Frosinone,1409,15.6,46.0,15,9,-2,assisted,strongFoot,0,0.12677149474621
2,1,29/08/2026,Fiorentina,Frosinone,65,Frosinone,2801,False,1409,Ilario Monterisi,1009363,D,32,David De Gea,84,Fiorentina,1558,8.8,43.6,9,26,2,set-piece,strongFoot,0,0.088488511741161
2,1,29/08/2026,Fiorentina,Frosinone,65,Fiorentina,2693,True,1558,Nicolò Fagioli,901850,M,64,Lorenzo Palmisani,68,Frosinone,1409,18.5,63.7,20,26,-2,assisted,strongFoot,0,0.060244750231504
2,1,29/08/2026,Fiorentina,Frosinone,68,Frosinone,2801,False,1409,Antonio Raimondo,1121578,F,68,David De Gea,84,Fiorentina,1558,7.5,66.2,13,55,2,assisted,strongFoot,1,0.15402922034264
2,1,29/08/2026,Fiorentina,Frosinone,81,Fiorentina,2693,True,1558,Arthur Atta,1444690,M,70,Lorenzo Palmisani,68,Frosinone,1409,22.2,67.3,25,27,-3,assisted,strongFoot,0,0.031387161463499
2,1,29/08/2026,Fiorentina,Frosinone,82,Frosinone,2801,False,1409,Giorgio Cittadini,1001847,D,28,David De Gea,84,Fiorentina,1558,8.5,49.0,8,4,3,corner,head,0,0.070117451250553
2,1,29/08/2026,Fiorentina,Frosinone,83,Fiorentina,2693,True,1558,Mateo Pellegrino,1099296,F,68,Lorenzo Palmisani,68,Frosinone,1409,15.0,44.8,15,13,-3,regular,strongFoot,0,0.109325774014
2,1,29/08/2026,Fiorentina,Frosinone,87,Frosinone,2801,False,1409,Giorgi Kvernadze,1140001,F,62,David De Gea,84,Fiorentina,1558,10.5,36.0,14,42,3,fast-break,strongFoot,0,0.098378859460354
2,1,29/08/2026,Fiorentina,Frosinone,89,Fiorentina,2693,True,1558,Franco Mastantuono,1403559,F,70,Lorenzo Palmisani,68,Frosinone,1409,27.4,53.6,27,5,-3,assisted,strongFoot,0,0.019288873299956
2,1,29/08/2026,Fiorentina,Frosinone,90,Fiorentina,2693,True,1558,Rolando Mandragora,548178,M,72,Lorenzo Palmisani,68,Frosinone,1409,29.0,74.4,33,29,-3,free-kick,strongFoot,0,0.026093825697899
2,2,29/08/2026,Monza,Udinese,6,Monza,2729,True,1409,Manga Foe Ondoa,1596636,M,55,Maduka Okoye,74,Udinese,1464,30.3,52.6,30,3,0,corner,strongFoot,0,0.0097506009042263
2,2,29/08/2026,Monza,Udinese,8,Monza,2729,True,1409,Manga Foe Ondoa,1596636,M,55,Maduka Okoye,74,Udinese,1464,14.2,39.3,15,27,0,assisted,strongFoot,0,0.046691909432411
2,2,29/08/2026,Monza,Udinese,9,Udinese,2695,False,1464,Keinan Davis,830858,F,72,Demba Thiam,72,Monza,1409,10.1,24.2,20,60,0,assisted,strongFoot,0,0.01442451402545
2,2,29/08/2026,Monza,Udinese,12,Monza,2729,True,1409,Andrea Colpani,928122,F,74,Maduka Okoye,74,Udinese,1464,12.9,43.6,13,18,0,assisted,strongFoot,0,0.16873359680176
2,2,29/08/2026,Monza,Udinese,20,Monza,2729,True,1409,Gustavo Varela,1146305,F,68,Maduka Okoye,74,Udinese,1464,24.6,32.5,27,25,0,assisted,strongFoot,0,0.012860200367868
2,2,29/08/2026,Monza,Udinese,27,Monza,2729,True,1409,Patrick Cutrone,795044,F,73,Maduka Okoye,74,Udinese,1464,3.8,54.5,4,38,0,assisted,strongFoot,0,0.42349642515182
2,2,29/08/2026,Monza,Udinese,28,Monza,2729,True,1409,Samuele Birindelli,856729,M,54,Maduka Okoye,74,Udinese,1464,4.6,64.9,11,65,0,assisted,head,0,0.035164795815945
2,2,29/08/2026,Monza,Udinese,28,Monza,2729,True,1409,Andrea Carboni,970978,D,36,Maduka Okoye,74,Udinese,1464,3.5,45.0,4,44,0,regular,head,0,0.29666286706924
2,2,29/08/2026,Monza,Udinese,29,Udinese,2695,False,1464,Jakub Piotrowski,825271,M,63,Demba Thiam,72,Monza,1409,9.4,61.1,12,38,0,assisted,strongFoot,0,0.12635098397732
2,2,29/08/2026,Monza,Udinese,32,Udinese,2695,False,1464,Jürgen Ekkelenkamp,904887,M,68,Demba Thiam,72,Monza,1409,15.7,39.9,17,23,0,assisted,strongFoot,0,0.076228082180023
2,2,29/08/2026,Monza,Udinese,32,Udinese,2695,False,1464,Jakub Piotrowski,825271,M,63,Demba Thiam,72,Monza,1409,10.2,57.1,11,25,0,assisted,weakFoot,1,0.18471416831017
2,2,29/08/2026,Monza,Udinese,37,Monza,2729,True,1409,Andrea Colpani,928122,F,74,Maduka Okoye,74,Udinese,1464,9.1,62.8,12,43,-1,assisted,weakFoot,1,0.25334492325783
2,2,29/08/2026,Monza,Udinese,44,Udinese,2695,False,1464,Unai Gómez,1391375,M,67,Demba Thiam,72,Monza,1409,16.0,57.3,16,17,0,regular,strongFoot,0,0.050493594259024
2,2,29/08/2026,Monza,Udinese,45,Udinese,2695,False,1464,Hassane Kamara,351434,M,60,Demba Thiam,72,Monza,1409,30.4,43.7,30,8,0,corner,strongFoot,1,0.015072855167091
2,2,29/08/2026,Monza,Udinese,45,Udinese,2695,False,1464,Jürgen Ekkelenkamp,904887,M,68,Demba Thiam,72,Monza,1409,17.7,44.5,18,11,1,corner,strongFoot,1,0.042287863790989
2,2,29/08/2026,Monza,Udinese,45,Udinese,2695,False,1464,Jakub Piotrowski,825271,M,63,Demba Thiam,72,Monza,1409,6.3,54.0,6,23,2,corner,head,0,0.12090986967087
2,2,29/08/2026,Monza,Udinese,48,Udinese,2695,False,1464,Unai Gómez,1391375,M,67,Demba Thiam,72,Monza,1409,15.0,51.5,15,3,2,assisted,strongFoot,0,0.14669919013977
2,2,29/08/2026,Monza,Udinese,54,Udinese,2695,False,1464,Keinan Davis,830858,F,72,Demba Thiam,72,Monza,1409,9.8,34.2,14,47,2,assisted,strongFoot,0,0.043857332319021
2,2,29/08/2026,Monza,Udinese,58,Udinese,2695,False,1464,Jürgen Ekkelenkamp,904887,M,68,Demba Thiam,72,Monza,1409,13.2,37.6,15,32,2,fast-break,strongFoot,0,0.10891833901405
2,2,29/08/2026,Monza,Udinese,60,Monza,2729,True,1409,Gustavo Varela,1146305,F,68,Maduka Okoye,74,Udinese,1464,21.5,50.9,21,1,-2,assisted,strongFoot,0,0.071620345115662
2,2,29/08/2026,Monza,Udinese,63,Monza,2729,True,1409,Gustavo Varela,1146305,F,68,Maduka Okoye,74,Udinese,1464,8.2,51.5,8,7,-2,assisted,head,1,0.19611440598965
2,2,29/08/2026,Monza,Udinese,68,Udinese,2695,False,1464,Idrissa Gueye,1536811,F,67,Demba Thiam,72,Monza,1409,14.8,58.3,15,20,1,assisted,weakFoot,0,0.053723234683275
2,2,29/08/2026,Monza,Udinese,71,Monza,2729,True,1409,Andrea Carboni,970978,D,36,Maduka Okoye,74,Udinese,1464,7.3,48.5,7,7,-1,corner,head,0,0.10347491502762
2,2,29/08/2026,Monza,Udinese,87,Monza,2729,True,1409,Dany Mota,838907,F,73,Maduka Okoye,74,Udinese,1464,1.2,69.1,13,84,-1,set-piece,strongFoot,0,0.023426182568073
2,2,29/08/2026,Monza,Udinese,90,Monza,2729,True,1409,Patrick Cutrone,795044,F,73,Maduka Okoye,74,Udinese,1464,13.2,58.3,14,23,-1,assisted,head,0,0.017218915745616
2,2,29/08/2026,Monza,Udinese,90,Monza,2729,True,1409,Michael Folorunsho,869795,M,75,Maduka Okoye,74,Udinese,1464,25.4,54.2,25,6,-1,assisted,strongFoot,0,0.019172392785549
2,2,29/08/2026,Monza,Udinese,90,Monza,2729,True,1409,Michael Folorunsho,869795,M,75,Maduka Okoye,74,Udinese,1464,12.6,45.2,13,14,-1,assisted,head,0,0.035957727581263
2,3,29/08/2026,Sassuolo,Torino,2,Sassuolo,2793,True,1436,Simone Cinquegrano,1461516,D,60,Diego Mascardi,62,Torino,1477,9.5,66.4,14,49,0,assisted,strongFoot,0,0.055389523506165
2,3,29/08/2026,Sassuolo,Torino,7,Torino,2696,False,1477,Che Adams,773409,F,79,Arijanet Murić,74,Sassuolo,1436,9.7,36.0,13,44,0,assisted,weakFoot,0,0.37712687253952
2,3,29/08/2026,Sassuolo,Torino,11,Sassuolo,2793,True,1436,Armand Laurienté,932643,F,75,Diego Mascardi,62,Torino,1477,10.8,31.9,16,48,0,assisted,weakFoot,0,0.045767493546009
2,3,29/08/2026,Sassuolo,Torino,11,Sassuolo,2793,True,1436,Vasilije Adžić,1149288,M,65,Diego Mascardi,62,Torino,1477,25.6,40.9,26,13,0,assisted,strongFoot,0,0.023756753653288
2,3,29/08/2026,Sassuolo,Torino,13,Torino,2696,False,1477,Nikola Vlašić,357596,M,77,Arijanet Murić,74,Sassuolo,1436,15.7,40.7,16,21,0,regular,strongFoot,0,0.045048266649246
2,3,29/08/2026,Sassuolo,Torino,18,Sassuolo,2793,True,1436,Cristian Volpato,1155625,M,67,Diego Mascardi,62,Torino,1477,20.7,67.1,23,29,0,assisted,strongFoot,0,0.044252786785364
2,3,29/08/2026,Sassuolo,Torino,19,Sassuolo,2793,True,1436,Armand Laurienté,932643,F,75,Diego Mascardi,62,Torino,1477,18.5,44.8,18,10,0,assisted,strongFoot,0,0.036818027496338
2,3,29/08/2026,Sassuolo,Torino,24,Sassuolo,2793,True,1436,Kieron Bowie,983601,F,65,Diego Mascardi,62,Torino,1477,9.8,46.2,10,14,0,set-piece,weakFoot,0,0.14358611404896
2,3,29/08/2026,Sassuolo,Torino,28,Sassuolo,2793,True,1436,Kieron Bowie,983601,F,65,Diego Mascardi,62,Torino,1477,10.7,36.8,13,39,0,assisted,weakFoot,0,0.064172878861427
2,3,29/08/2026,Sassuolo,Torino,28,Torino,2696,False,1477,Nikola Vlašić,357596,M,77,Arijanet Murić,74,Sassuolo,1436,7.6,34.4,13,54,0,regular,weakFoot,0,0.20612588524818
2,3,29/08/2026,Sassuolo,Torino,31,Torino,2696,False,1477,Gvidas Gineitis,1030829,M,58,Arijanet Murić,74,Sassuolo,1436,13.6,45.0,14,14,0,assisted,strongFoot,0,0.076616376638412
2,3,29/08/2026,Sassuolo,Torino,32,Sassuolo,2793,True,1436,Cristian Volpato,1155625,M,67,Diego Mascardi,62,Torino,1477,25.0,60.9,26,16,0,assisted,strongFoot,1,0.032334141433239
2,3,29/08/2026,Sassuolo,Torino,38,Sassuolo,2793,True,1436,Kieron Bowie,983601,F,65,Diego Mascardi,62,Torino,1477,5.2,47.2,5,20,1,assisted,strongFoot,0,0.65610939264297
2,3,29/08/2026,Sassuolo,Torino,41,Torino,2696,False,1477,Saúl Coco,1089453,D,56,Arijanet Murić,74,Sassuolo,1436,8.0,55.8,8,26,-1,set-piece,head,0,0.25841796398163
2,3,29/08/2026,Sassuolo,Torino,45,Torino,2696,False,1477,Pietro Comuzzo,1210848,D,29,Arijanet Murić,74,Sassuolo,1436,8.9,53.2,9,13,-1,assisted,head,1,0.069702200591564
2,3,29/08/2026,Sassuolo,Torino,48,Sassuolo,2793,True,1436,Cristian Volpato,1155625,M,67,Diego Mascardi,62,Torino,1477,13.6,63.8,16,34,0,fast-break,strongFoot,0,0.069592207670212
2,3,29/08/2026,Sassuolo,Torino,50,Sassuolo,2793,True,1436,Armand Laurienté,932643,F,75,Diego Mascardi,62,Torino,1477,22.9,33.8,25,25,0,assisted,strongFoot,0,0.021254770457745
2,3,29/08/2026,Sassuolo,Torino,52,Sassuolo,2793,True,1436,Armand Laurienté,932643,F,75,Diego Mascardi,62,Torino,1477,19.8,36.0,21,25,0,fast-break,strongFoot,0,0.055126491934061
2,3,29/08/2026,Sassuolo,Torino,55,Sassuolo,2793,True,1436,Simone Cinquegrano,1461516,D,60,Diego Mascardi,62,Torino,1477,6.9,68.7,14,61,0,fast-break,strongFoot,0,0.1510329246521
2,3,29/08/2026,Sassuolo,Torino,57,Torino,2696,False,1477,Giovanni Simeone,341143,F,76,Arijanet Murić,74,Sassuolo,1436,7.9,50.7,7,3,0,assisted,head,0,0.10002563893795
2,3,29/08/2026,Sassuolo,Torino,58,Torino,2696,False,1477,Alessio Cacciamani,1868036,M,48,Arijanet Murić,74,Sassuolo,1436,14.5,50.7,14,1,0,regular,weakFoot,0,0.074972294270992
2,3,29/08/2026,Sassuolo,Torino,59,Sassuolo,2793,True,1436,Nemanja Matić,44241,M,66,Diego Mascardi,62,Torino,1477,26.8,64.4,28,20,0,assisted,strongFoot,0,0.023449124768376
2,3,29/08/2026,Sassuolo,Torino,65,Sassuolo,2793,True,1436,Kristian Thorstvedt,924973,M,71,Diego Mascardi,62,Torino,1477,20.7,35.4,22,25,0,regular,strongFoot,0,0.018131060525775
2,3,29/08/2026,Sassuolo,Torino,68,Sassuolo,2793,True,1436,Armand Laurienté,932643,F,75,Diego Mascardi,62,Torino,1477,10.7,35.4,14,42,0,assisted,strongFoot,0,0.047430258244276
2,3,29/08/2026,Sassuolo,Torino,78,Sassuolo,2793,True,1436,Domenico Berardi,253367,F,79,Diego Mascardi,62,Torino,1477,13.3,64.6,16,36,0,set-piece,strongFoot,1,0.071920827031136
2,3,29/08/2026,Sassuolo,Torino,83,Sassuolo,2793,True,1436,Armand Laurienté,932643,F,75,Diego Mascardi,62,Torino,1477,14.1,61.3,16,28,1,assisted,strongFoot,0,0.10495059937239
2,3,29/08/2026,Sassuolo,Torino,90,Torino,2696,False,1477,Kian Fitz-Jim,1001945,M,57,Arijanet Murić,74,Sassuolo,1436,28.1,43.8,28,8,-1,assisted,strongFoot,0,0.01740219257772
2,3,29/08/2026,Sassuolo,Torino,90,Torino,2696,False,1477,Zakaria Aboukhlal,856737,F,71,Arijanet Murić,74,Sassuolo,1436,19.4,59.5,20,18,-1,assisted,strongFoot,0,0.034174982458353
2,3,29/08/2026,Sassuolo,Torino,90,Sassuolo,2793,True,1436,Armand Laurienté,932643,F,75,Diego Mascardi,62,Torino,1477,11.6,61.5,13,33,1,fast-break,strongFoot,0,0.18007676303387
2,4,29/08/2026,Juventus,Parma,8,Juventus,2687,True,1740,Douglas Luiz,867887,M,75,Edoardo Corvi,68,Parma,1411,22.3,52.1,22,3,0,regular,strongFoot,0,0.033592972904444
2,4,29/08/2026,Juventus,Parma,13,Parma,2690,False,1411,Christian Ordoñez,1201388,M,43,Guglielmo Vicario,81,Juventus,1740,13.2,46.1,13,11,0,set-piece,weakFoot,0,0.056077055633068
2,4,29/08/2026,Juventus,Parma,19,Juventus,2687,True,1740,Douglas Luiz,867887,M,75,Edoardo Corvi,68,Parma,1411,27.6,50.2,27,0,0,free-kick,strongFoot,0,0.038928285241127
2,4,29/08/2026,Juventus,Parma,26,Juventus,2687,True,1740,Douglas Luiz,867887,M,75,Edoardo Corvi,68,Parma,1411,18.8,52.1,18,4,0,assisted,strongFoot,0,0.061316762119532
2,4,29/08/2026,Juventus,Parma,33,Juventus,2687,True,1740,Francisco Conceição,979222,F,72,Edoardo Corvi,68,Parma,1411,25.0,51.9,25,2,0,assisted,strongFoot,0,0.01989477686584
2,4,29/08/2026,Juventus,Parma,38,Juventus,2687,True,1740,Francisco Conceição,979222,F,72,Edoardo Corvi,68,Parma,1411,23.2,66.7,25,26,0,free-kick,strongFoot,0,0.051871504634619
2,4,29/08/2026,Juventus,Parma,42,Juventus,2687,True,1740,Douglas Luiz,867887,M,75,Edoardo Corvi,68,Parma,1411,9.2,45.4,9,18,0,assisted,head,0,0.057837810367346
2,4,29/08/2026,Juventus,Parma,45,Juventus,2687,True,1740,Jonathan David,935564,F,80,Edoardo Corvi,68,Parma,1411,17.6,50.7,17,1,0,assisted,strongFoot,0,0.047727659344673
2,4,29/08/2026,Juventus,Parma,45,Juventus,2687,True,1740,Douglas Luiz,867887,M,75,Edoardo Corvi,68,Parma,1411,8.8,53.8,9,16,0,corner,head,0,0.057170916348696
2,4,29/08/2026,Juventus,Parma,49,Juventus,2687,True,1740,Jhon Lucumí,818481,D,36,Edoardo Corvi,68,Parma,1411,12.2,48.5,12,4,0,corner,strongFoot,0,0.082216180860996
2,4,29/08/2026,Juventus,Parma,52,Juventus,2687,True,1740,Jonathan David,935564,F,80,Edoardo Corvi,68,Parma,1411,16.9,42.3,17,17,0,regular,strongFoot,0,0.030907729640603
2,4,29/08/2026,Juventus,Parma,56,Juventus,2687,True,1740,Randal Kolo Muani,871706,F,77,Edoardo Corvi,68,Parma,1411,12.5,57.0,13,20,0,assisted,strongFoot,0,0.070466868579388
2,4,29/08/2026,Juventus,Parma,56,Juventus,2687,True,1740,Randal Kolo Muani,871706,F,77,Edoardo Corvi,68,Parma,1411,12.2,56.2,12,19,0,regular,strongFoot,0,0.13113343715668
2,4,29/08/2026,Juventus,Parma,60,Juventus,2687,True,1740,Nicolás González,901325,M,74,Edoardo Corvi,68,Parma,1411,18.1,34.8,20,29,0,corner,strongFoot,0,0.0287558529526
2,4,29/08/2026,Juventus,Parma,61,Juventus,2687,True,1740,Gleison Bremer,885197,D,50,Edoardo Corvi,68,Parma,1411,7.7,46.8,8,15,0,corner,head,0,0.080190792679787
2,4,29/08/2026,Juventus,Parma,62,Juventus,2687,True,1740,Nicolás González,901325,M,74,Edoardo Corvi,68,Parma,1411,29.9,59.9,30,12,0,assisted,strongFoot,0,0.017639718949795
2,4,29/08/2026,Juventus,Parma,62,Juventus,2687,True,1740,Nicolás González,901325,M,74,Edoardo Corvi,68,Parma,1411,24.6,47.2,24,4,0,regular,strongFoot,1,0.034857306629419
2,4,29/08/2026,Juventus,Parma,64,Parma,2690,False,1411,David Romero,1118606,F,70,Guglielmo Vicario,81,Juventus,1740,27.4,47.2,27,3,-1,assisted,strongFoot,0,0.027509476989508
2,4,29/08/2026,Juventus,Parma,64,Parma,2690,False,1411,David Romero,1118606,F,70,Guglielmo Vicario,81,Juventus,1740,9.1,49.3,9,2,-1,assisted,head,0,0.064796514809132
2,4,29/08/2026,Juventus,Parma,70,Juventus,2687,True,1740,Randal Kolo Muani,871706,F,77,Edoardo Corvi,68,Parma,1411,7.3,60.5,10,44,1,assisted,strongFoot,0,0.28598818182945
2,4,29/08/2026,Juventus,Parma,70,Juventus,2687,True,1740,Randal Kolo Muani,871706,F,77,Edoardo Corvi,68,Parma,1411,5.0,50.4,5,3,1,corner,head,0,0.34854853153229
2,4,29/08/2026,Juventus,Parma,83,Juventus,2687,True,1740,Nicolás González,901325,M,74,Edoardo Corvi,68,Parma,1411,27.8,51.3,27,1,1,free-kick,strongFoot,0,0.031698990613222
2,4,29/08/2026,Juventus,Parma,85,Parma,2690,False,1411,David Romero,1118606,F,70,Guglielmo Vicario,81,Juventus,1740,14.5,46.2,14,10,-1,assisted,weakFoot,0,0.10321997106075
2,4,29/08/2026,Juventus,Parma,88,Juventus,2687,True,1740,Teun Koopmeiners,803033,M,78,Edoardo Corvi,68,Parma,1411,16.2,36.0,18,30,1,assisted,strongFoot,1,0.048852670937777
2,4,29/08/2026,Juventus,Parma,90,Juventus,2687,True,1740,Douglas Luiz,867887,M,75,Edoardo Corvi,68,Parma,1411,18.4,35.0,21,29,2,set-piece,strongFoot,0,0.021380886435509
2,5,30/08/2026,SSC Napoli,Como,5,Como,2704,False,1554,Álex Valle,1142238,D,57,Alex Meret,82,SSC Napoli,1711,13.0,27.4,20,49,0,regular,strongFoot,0,0.031074354425073
2,5,30/08/2026,SSC Napoli,Como,6,SSC Napoli,2714,True,1711,Rasmus Højlund,1086417,F,76,Jean Butez,78,Como,1554,3.4,45.7,4,40,0,assisted,weakFoot,0,0.24677777290344
2,5,30/08/2026,SSC Napoli,Como,6,SSC Napoli,2714,True,1711,Scott McTominay,879346,M,81,Jean Butez,78,Como,1554,4.1,53.1,4,27,0,assisted,strongFoot,0,0.27277678251266
2,5,30/08/2026,SSC Napoli,Como,7,SSC Napoli,2714,True,1711,Mathías Olivera,805078,D,49,Jean Butez,78,Como,1554,13.6,37.5,16,32,0,regular,strongFoot,0,0.067653298377991
2,5,30/08/2026,SSC Napoli,Como,14,Como,2704,False,1554,Lucas Da Cunha,911848,M,71,Alex Meret,82,SSC Napoli,1711,20.4,29.5,24,34,0,assisted,strongFoot,0,0.026907991617918
2,5,30/08/2026,SSC Napoli,Como,15,Como,2704,False,1554,Álex Valle,1142238,D,57,Alex Meret,82,SSC Napoli,1711,8.9,56.2,9,25,0,corner,head,0,0.03876680880785
2,5,30/08/2026,SSC Napoli,Como,17,Como,2704,False,1554,Martin Baturina,1090019,M,71,Alex Meret,82,SSC Napoli,1711,10.3,52.6,10,9,0,assisted,weakFoot,1,0.22867526113987
2,5,30/08/2026,SSC Napoli,Como,19,SSC Napoli,2714,True,1711,Noa Lang,875136,F,77,Jean Butez,78,Como,1554,3.2,42.4,6,58,-1,assisted,head,0,0.2961697280407
2,5,30/08/2026,SSC Napoli,Como,22,Como,2704,False,1554,Assane Diao,1493689,M,73,Alex Meret,82,SSC Napoli,1711,9.5,51.9,9,7,1,corner,head,0,0.047254856675863
2,5,30/08/2026,SSC Napoli,Como,28,Como,2704,False,1554,Jacobo Ramón,1403348,D,40,Alex Meret,82,SSC Napoli,1711,15.6,59.8,16,23,1,corner,strongFoot,0,0.022198667749763
2,5,30/08/2026,SSC Napoli,Como,30,SSC Napoli,2714,True,1711,Rasmus Højlund,1086417,F,76,Jean Butez,78,Como,1554,18.3,46.8,18,6,-1,assisted,strongFoot,1,0.047357127070427
2,5,30/08/2026,SSC Napoli,Como,33,Como,2704,False,1554,Lucas Da Cunha,911848,M,71,Alex Meret,82,SSC Napoli,1711,60.5,57.7,60,4,0,assisted,strongFoot,0,0.0083847623318434
2,5,30/08/2026,SSC Napoli,Como,34,Como,2704,False,1554,Anastasios Douvikas,894863,F,74,Alex Meret,82,SSC Napoli,1711,13.8,51.6,13,4,0,assisted,head,0,0.026676464825869
2,5,30/08/2026,SSC Napoli,Como,34,Como,2704,False,1554,Anastasios Douvikas,894863,F,74,Alex Meret,82,SSC Napoli,1711,13.6,52.0,13,5,0,assisted,strongFoot,1,0.079959124326706
2,5,30/08/2026,SSC Napoli,Como,43,Como,2704,False,1554,Nico Paz,1171451,M,74,Alex Meret,82,SSC Napoli,1711,12.2,70.6,18,48,1,fast-break,strongFoot,0,0.049308124929667
2,5,30/08/2026,SSC Napoli,Como,44,Como,2704,False,1554,Martin Baturina,1090019,M,71,Alex Meret,82,SSC Napoli,1711,26.4,56.7,26,9,1,regular,strongFoot,0,0.033463545143604
2,5,30/08/2026,SSC Napoli,Como,45,Como,2704,False,1554,Lucas Da Cunha,911848,M,71,Alex Meret,82,SSC Napoli,1711,25.9,52.1,25,3,1,assisted,strongFoot,0,0.037812273949385
2,5,30/08/2026,SSC Napoli,Como,45,Como,2704,False,1554,Martin Baturina,1090019,M,71,Alex Meret,82,SSC Napoli,1711,11.8,52.4,11,7,1,assisted,head,0,0.059390731155872
2,5,30/08/2026,SSC Napoli,Como,49,Como,2704,False,1554,Assane Diao,1493689,M,73,Alex Meret,82,SSC Napoli,1711,9.7,55.5,10,21,1,assisted,head,0,0.049238849431276
2,5,30/08/2026,SSC Napoli,Como,52,Como,2704,False,1554,Nico Paz,1171451,M,74,Alex Meret,82,SSC Napoli,1711,10.5,78.1,21,61,1,assisted,strongFoot,0,0.011756239458919
2,5,30/08/2026,SSC Napoli,Como,52,Como,2704,False,1554,Martin Baturina,1090019,M,71,Alex Meret,82,SSC Napoli,1711,21.5,31.1,25,30,1,assisted,strongFoot,0,0.020772719755769
2,5,30/08/2026,SSC Napoli,Como,55,SSC Napoli,2714,True,1711,Mathías Olivera,805078,D,49,Jean Butez,78,Como,1554,10.7,39.0,13,34,-1,assisted,strongFoot,0,0.11328027397394
2,5,30/08/2026,SSC Napoli,Como,58,SSC Napoli,2714,True,1711,Frank Anguissa,787941,M,75,Jean Butez,78,Como,1554,10.1,40.6,11,32,-1,assisted,head,0,0.027752114459872
2,5,30/08/2026,SSC Napoli,Como,60,SSC Napoli,2714,True,1711,Giovanni Di Lorenzo,153257,D,71,Jean Butez,78,Como,1554,8.7,30.7,15,56,-1,corner,head,0,0.0058099888265133
2,5,30/08/2026,SSC Napoli,Como,60,SSC Napoli,2714,True,1711,Alisson Santos,1122835,F,64,Jean Butez,78,Como,1554,22.6,27.0,27,34,-1,corner,strongFoot,0,0.020823227241635
2,5,30/08/2026,SSC Napoli,Como,78,Como,2704,False,1554,Nico Paz,1171451,M,74,Alex Meret,82,SSC Napoli,1711,20.7,64.3,22,25,1,assisted,weakFoot,0,0.036389898508787
2,5,30/08/2026,SSC Napoli,Como,78,Como,2704,False,1554,Nico Paz,1171451,M,74,Alex Meret,82,SSC Napoli,1711,14.8,60.4,16,25,1,assisted,strongFoot,0,0.042433500289917
2,5,30/08/2026,SSC Napoli,Como,78,Como,2704,False,1554,Nico Paz,1171451,M,74,Alex Meret,82,SSC Napoli,1711,28.1,51.7,28,2,1,assisted,strongFoot,0,0.014940410852432
2,5,30/08/2026,SSC Napoli,Como,80,SSC Napoli,2714,True,1711,Kevin De Bruyne,70996,M,82,Jean Butez,78,Como,1554,28.5,48.3,28,2,-1,regular,strongFoot,0,0.022123519331217
2,5,30/08/2026,SSC Napoli,Como,83,SSC Napoli,2714,True,1711,Alisson Santos,1122835,F,64,Jean Butez,78,Como,1554,12.8,31.9,17,43,-1,assisted,strongFoot,0,0.062648370862007
2,5,30/08/2026,SSC Napoli,Como,88,Como,2704,False,1554,Kaiki,1112484,D,60,Alex Meret,82,SSC Napoli,1711,20.1,45.8,20,8,1,assisted,weakFoot,0,0.061374917626381
2,5,30/08/2026,SSC Napoli,Como,90,SSC Napoli,2714,True,1711,Lorenzo Lucca,962364,F,77,Jean Butez,78,Como,1554,5.0,48.5,5,11,-1,corner,head,0,0.1875214278698
2,5,30/08/2026,SSC Napoli,Como,90,Como,2704,False,1554,Anastasios Douvikas,894863,F,74,Alex Meret,82,SSC Napoli,1711,6.8,54.3,7,23,1,assisted,head,0,0.12238137423992
2,5,30/08/2026,SSC Napoli,Como,90,SSC Napoli,2714,True,1711,David Neres,850993,F,75,Jean Butez,78,Como,1554,21.6,67.3,24,28,-1,assisted,strongFoot,0,0.014745465479791
2,6,30/08/2026,Cagliari,Inter,5,Inter,2697,False,1864,Lautaro Martínez,823984,F,88,Elia Caprile,78,Cagliari,1409,8.5,55.2,9,22,0,assisted,head,0,0.093849413096905
2,6,30/08/2026,Cagliari,Inter,9,Inter,2697,False,1864,Hakan Çalhanoğlu,135700,M,80,Elia Caprile,78,Cagliari,1409,22.5,46.8,22,5,0,assisted,strongFoot,1,0.035348515957594
2,6,30/08/2026,Cagliari,Inter,23,Inter,2697,False,1864,Lautaro Martínez,823984,F,88,Elia Caprile,78,Cagliari,1409,19.8,66.1,22,28,0,assisted,strongFoot,0,0.041062641888857
2,6,30/08/2026,Cagliari,Inter,25,Inter,2697,False,1864,Manuel Akanji,383560,D,47,Elia Caprile,78,Cagliari,1409,7.1,54.4,7,22,0,set-piece,head,0,0.10735949128866
2,6,30/08/2026,Cagliari,Inter,26,Inter,2697,False,1864,Nicolò Barella,363856,M,78,Elia Caprile,78,Cagliari,1409,21.0,68.5,24,30,0,regular,strongFoot,0,0.039110545068979
2,6,30/08/2026,Cagliari,Inter,28,Inter,2697,False,1864,Federico Dimarco,284361,M,78,Elia Caprile,78,Cagliari,1409,12.5,44.8,12,15,0,assisted,weakFoot,0,0.27111911773682
2,6,30/08/2026,Cagliari,Inter,29,Inter,2697,False,1864,Alessandro Bastoni,826188,D,46,Elia Caprile,78,Cagliari,1409,6.2,42.0,8,41,0,corner,head,0,0.044740594923496
2,6,30/08/2026,Cagliari,Inter,29,Inter,2697,False,1864,Pio Esposito,1156616,F,75,Elia Caprile,78,Cagliari,1409,6.6,56.0,7,31,0,corner,head,0,0.089935727417469
2,6,30/08/2026,Cagliari,Inter,29,Inter,2697,False,1864,Lautaro Martínez,823984,F,88,Elia Caprile,78,Cagliari,1409,6.1,52.8,6,17,0,corner,strongFoot,0,0.19050949811935
2,6,30/08/2026,Cagliari,Inter,29,Inter,2697,False,1864,Benjamin Pavard,787505,D,67,Elia Caprile,78,Cagliari,1409,15.7,60.1,17,23,0,corner,strongFoot,0,0.020944993942976
2,6,30/08/2026,Cagliari,Inter,32,Inter,2697,False,1864,Nicolò Barella,363856,M,78,Elia Caprile,78,Cagliari,1409,21.0,70.5,25,33,0,assisted,strongFoot,0,0.095318846404552
2,6,30/08/2026,Cagliari,Inter,33,Inter,2697,False,1864,Lautaro Martínez,823984,F,88,Elia Caprile,78,Cagliari,1409,6.1,50.2,6,1,0,corner,head,0,0.15338419377804
2,6,30/08/2026,Cagliari,Inter,35,Inter,2697,False,1864,Lautaro Martínez,823984,F,88,Elia Caprile,78,Cagliari,1409,11.6,54.6,12,15,0,regular,strongFoot,0,0.10249200463295
2,6,30/08/2026,Cagliari,Inter,41,Inter,2697,False,1864,Luís Henrique,977679,M,72,Elia Caprile,78,Cagliari,1409,12.5,68.3,17,44,0,assisted,strongFoot,0,0.039103161543608
2,6,30/08/2026,Cagliari,Inter,44,Inter,2697,False,1864,Federico Dimarco,284361,M,78,Elia Caprile,78,Cagliari,1409,12.0,34.2,16,41,0,assisted,strongFoot,0,0.09936235845089
2,6,30/08/2026,Cagliari,Inter,45,Inter,2697,False,1864,Pio Esposito,1156616,F,75,Elia Caprile,78,Cagliari,1409,18.5,50.7,18,1,0,regular,strongFoot,0,0.11420624703169
2,6,30/08/2026,Cagliari,Inter,49,Cagliari,2719,True,1409,Daniel Maldini,970928,F,70,Josep Martínez,75,Inter,1864,25.7,54.2,25,6,0,free-kick,strongFoot,0,0.068714112043381
2,6,30/08/2026,Cagliari,Inter,50,Cagliari,2719,True,1409,Jacopo Fazzini,1012179,F,66,Josep Martínez,75,Inter,1864,24.8,62.4,26,18,0,corner,strongFoot,0,0.008520470932126
2,6,30/08/2026,Cagliari,Inter,51,Inter,2697,False,1864,Lautaro Martínez,823984,F,88,Elia Caprile,78,Cagliari,1409,11.4,43.2,12,22,0,assisted,strongFoot,0,0.087482191622257
2,6,30/08/2026,Cagliari,Inter,53,Inter,2697,False,1864,Pio Esposito,1156616,F,75,Elia Caprile,78,Cagliari,1409,9.4,56.8,10,26,0,fast-break,strongFoot,0,0.60190904140472
2,6,30/08/2026,Cagliari,Inter,57,Inter,2697,False,1864,Hakan Çalhanoğlu,135700,M,80,Elia Caprile,78,Cagliari,1409,25.3,38.7,26,16,0,free-kick,strongFoot,0,0.053608808666468
2,6,30/08/2026,Cagliari,Inter,58,Inter,2697,False,1864,Pio Esposito,1156616,F,75,Elia Caprile,78,Cagliari,1409,7.9,54.3,8,20,0,assisted,head,0,0.091743670403957
2,6,30/08/2026,Cagliari,Inter,61,Cagliari,2719,True,1409,Alieu Fadera,1031548,F,63,Josep Martínez,75,Inter,1864,17.6,28.4,22,39,0,assisted,strongFoot,0,0.039093002676964
2,6,30/08/2026,Cagliari,Inter,65,Inter,2697,False,1864,Curtis Jones,927353,M,73,Elia Caprile,78,Cagliari,1409,15.7,27.8,21,43,0,throw-in-set-piece,strongFoot,0,0.023432599380612
2,6,30/08/2026,Cagliari,Inter,66,Inter,2697,False,1864,Lautaro Martínez,823984,F,88,Elia Caprile,78,Cagliari,1409,14.1,49.7,14,0,0,fast-break,strongFoot,0,0.26106110215187
2,6,30/08/2026,Cagliari,Inter,67,Inter,2697,False,1864,Lautaro Martínez,823984,F,88,Elia Caprile,78,Cagliari,1409,13.2,32.5,17,42,0,assisted,strongFoot,0,0.030041536316276
2,6,30/08/2026,Cagliari,Inter,70,Cagliari,2719,True,1409,Alessandro Romano,1417034,M,61,Josep Martínez,75,Inter,1864,15.0,70.7,20,43,0,corner,weakFoot,0,0.027739418670535
2,6,30/08/2026,Cagliari,Inter,76,Inter,2697,False,1864,Alessandro Bastoni,826188,D,46,Elia Caprile,78,Cagliari,1409,9.5,39.9,11,35,0,assisted,strongFoot,0,0.20871965587139
2,6,30/08/2026,Cagliari,Inter,77,Cagliari,2719,True,1409,Alieu Fadera,1031548,F,63,Josep Martínez,75,Inter,1864,22.8,44.2,23,9,0,assisted,strongFoot,0,0.03662321344018
2,6,30/08/2026,Cagliari,Inter,77,Inter,2697,False,1864,Marcus Thuram,791702,F,82,Elia Caprile,78,Cagliari,1409,14.8,51.3,14,3,0,assisted,head,0,0.2165040820837
2,6,30/08/2026,Cagliari,Inter,79,Inter,2697,False,1864,Marcus Thuram,791702,F,82,Elia Caprile,78,Cagliari,1409,14.5,46.2,14,10,0,assisted,strongFoot,0,0.1661934107542
2,6,30/08/2026,Cagliari,Inter,80,Cagliari,2719,True,1409,Adam Obert,964153,D,54,Josep Martínez,75,Inter,1864,11.1,35.2,14,42,0,assisted,strongFoot,0,0.043843258172274
2,6,30/08/2026,Cagliari,Inter,84,Cagliari,2719,True,1409,Michel Adopo,928777,M,59,Josep Martínez,75,Inter,1864,13.6,45.4,13,12,0,regular,weakFoot,0,0.14216901361942
2,6,30/08/2026,Cagliari,Inter,85,Cagliari,2719,True,1409,Gennaro Borrelli,979479,F,66,Josep Martínez,75,Inter,1864,3.9,39.9,7,60,0,corner,head,0,0.051907159388065
2,6,30/08/2026,Cagliari,Inter,86,Inter,2697,False,1864,Lautaro Martínez,823984,F,88,Elia Caprile,78,Cagliari,1409,7.0,31.9,14,60,0,assisted,weakFoot,0,0.14303016662598
2,6,30/08/2026,Cagliari,Inter,87,Inter,2697,False,1864,John Stones,152077,D,57,Elia Caprile,78,Cagliari,1409,7.5,46.7,7,16,0,corner,head,0,0.08565066754818
2,6,30/08/2026,Cagliari,Inter,89,Inter,2697,False,1864,Marcus Thuram,791702,F,82,Elia Caprile,78,Cagliari,1409,7.3,55.4,8,26,0,assisted,strongFoot,0,0.11362496763468
2,6,30/08/2026,Cagliari,Inter,89,Inter,2697,False,1864,Piotr Zieliński,138605,M,76,Elia Caprile,78,Cagliari,1409,15.0,62.8,17,30,0,regular,strongFoot,0,0.033562172204256
2,6,30/08/2026,Cagliari,Inter,90,Cagliari,2719,True,1409,Juan Rodríguez,1485391,D,42,Josep Martínez,75,Inter,1864,26.0,53.2,26,4,0,throw-in-set-piece,strongFoot,0,0.036639511585236
2,6,30/08/2026,Cagliari,Inter,90,Cagliari,2719,True,1409,Riccardo Ciervo,1019953,M,62,Josep Martínez,75,Inter,1864,9.7,30.9,16,53,0,corner,strongFoot,0,0.028792845085263
2,6,30/08/2026,Cagliari,Inter,90,Inter,2697,False,1864,Lautaro Martínez,823984,F,88,Elia Caprile,78,Cagliari,1409,7.2,27.1,17,65,0,assisted,weakFoot,0,0.014808277599514
2,7,30/08/2026,Lazio,Genoa,11,Lazio,2699,True,1635,Danilho Doekhi,830803,D,42,Justin Bijlow,75,Genoa,1443,3.6,51.8,3,18,0,corner,head,0,0.50960969924927
2,7,30/08/2026,Lazio,Genoa,13,Lazio,2699,True,1635,Nuno Tavares,944973,D,66,Justin Bijlow,75,Genoa,1443,28.5,40.9,29,12,0,assisted,weakFoot,0,0.015400080941617
2,7,30/08/2026,Lazio,Genoa,14,Lazio,2699,True,1635,Nuno Tavares,944973,D,66,Justin Bijlow,75,Genoa,1443,18.9,24.8,25,42,0,assisted,strongFoot,0,0.033609759062529
2,7,30/08/2026,Lazio,Genoa,19,Genoa,2713,False,1443,Lorenzo Colombo,930191,F,74,Christos Mandas,74,Lazio,1635,18.1,47.4,18,5,0,assisted,strongFoot,0,0.08202338218689
2,7,30/08/2026,Lazio,Genoa,25,Lazio,2699,True,1635,Davide Frattesi,835600,M,75,Justin Bijlow,75,Genoa,1443,10.7,42.5,11,25,0,assisted,weakFoot,1,0.36640885472298
2,7,30/08/2026,Lazio,Genoa,33,Lazio,2699,True,1635,Nuno Tavares,944973,D,66,Justin Bijlow,75,Genoa,1443,26.3,41.3,26,12,0,assisted,weakFoot,0,0.028998717665672
2,7,30/08/2026,Lazio,Genoa,45,Lazio,2699,True,1635,Nuno Tavares,944973,D,66,Justin Bijlow,75,Genoa,1443,11.7,54.2,12,13,0,assisted,head,0,0.043704807758331
2,7,30/08/2026,Lazio,Genoa,50,Lazio,2699,True,1635,Nuno Tavares,944973,D,66,Justin Bijlow,75,Genoa,1443,6.6,29.7,15,64,0,assisted,strongFoot,0,0.019999329000711
2,7,30/08/2026,Lazio,Genoa,54,Genoa,2713,False,1443,Vitinha,1093695,F,73,Christos Mandas,74,Lazio,1635,11.3,34.4,15,43,0,assisted,weakFoot,0,0.032732762396336
2,7,30/08/2026,Lazio,Genoa,58,Lazio,2699,True,1635,Mattia Zaccagni,293581,F,77,Justin Bijlow,75,Genoa,1443,26.0,37.0,27,18,0,assisted,strongFoot,0,0.018583623692393
2,7,30/08/2026,Lazio,Genoa,61,Lazio,2699,True,1635,Matteo Cancellieri,1017649,F,72,Justin Bijlow,75,Genoa,1443,15.4,67.1,19,37,0,assisted,strongFoot,0,0.040898617357016
2,7,30/08/2026,Lazio,Genoa,68,Lazio,2699,True,1635,Mattia Zaccagni,293581,F,77,Justin Bijlow,75,Genoa,1443,25.5,38.2,26,17,0,assisted,strongFoot,0,0.030707381665707
2,7,30/08/2026,Lazio,Genoa,75,Lazio,2699,True,1635,Danilho Doekhi,830803,D,42,Justin Bijlow,75,Genoa,1443,7.7,54.8,8,22,0,corner,strongFoot,0,0.34808686375618
2,7,30/08/2026,Lazio,Genoa,75,Lazio,2699,True,1635,Gustav Isaksen,976381,F,71,Justin Bijlow,75,Genoa,1443,19.7,68.3,23,32,0,corner,strongFoot,0,0.0093563413247466
2,7,30/08/2026,Lazio,Genoa,76,Lazio,2699,True,1635,Mattia Zaccagni,293581,F,77,Justin Bijlow,75,Genoa,1443,12.3,30.0,18,47,0,assisted,strongFoot,0,0.037010721862316
2,7,30/08/2026,Lazio,Genoa,76,Lazio,2699,True,1635,Davide Frattesi,835600,M,75,Justin Bijlow,75,Genoa,1443,16.4,47.9,16,4,0,assisted,weakFoot,0,0.052989777177572
2,7,30/08/2026,Lazio,Genoa,79,Genoa,2713,False,1443,Franz-Ethan Meichtry,1819079,M,61,Christos Mandas,74,Lazio,1635,9.7,56.0,10,22,0,assisted,strongFoot,0,0.12112427502871
2,7,30/08/2026,Lazio,Genoa,80,Genoa,2713,False,1443,Lorenzo Colombo,930191,F,74,Christos Mandas,74,Lazio,1635,12.6,44.7,13,15,0,assisted,head,0,0.026927737519145
2,7,30/08/2026,Lazio,Genoa,84,Genoa,2713,False,1443,Brooke Norton-Cuffy,1087514,D,43,Christos Mandas,74,Lazio,1635,18.4,65.2,21,29,0,assisted,strongFoot,0,0.026332223787904
2,7,30/08/2026,Lazio,Genoa,86,Genoa,2713,False,1443,Junior Messias,888219,F,72,Christos Mandas,74,Lazio,1635,24.0,35.2,26,22,0,free-kick,strongFoot,0,0.052368335425854
2,7,30/08/2026,Lazio,Genoa,87,Lazio,2699,True,1635,Andrea Pinamonti,826198,F,76,Justin Bijlow,75,Genoa,1443,11.6,37.9,14,35,0,assisted,strongFoot,0,0.064611621201038
2,7,30/08/2026,Lazio,Genoa,90,Genoa,2713,False,1443,Milutin Osmajić,928047,F,72,Christos Mandas,74,Lazio,1635,13.7,56.2,14,17,0,assisted,head,0,0.019009977579117
2,7,30/08/2026,Lazio,Genoa,90,Genoa,2713,False,1443,Morten Frendrup,918440,M,58,Christos Mandas,74,Lazio,1635,9.1,45.7,9,17,0,assisted,head,0,0.063280828297138
2,8,31/08/2026,Lecce,AS Roma,4,AS Roma,2702,False,1717,Donyell Malen,803039,F,79,Wladimiro Falcone,82,Lecce,1377,13.5,56.6,14,18,0,regular,strongFoot,1,0.12237660586834
2,8,31/08/2026,Lecce,AS Roma,7,Lecce,2689,True,1377,Willem Geubbels,877979,F,71,Mile Svilar,84,AS Roma,1717,6.7,57.5,8,37,0,corner,head,0,0.058764237910509
2,8,31/08/2026,Lecce,AS Roma,12,AS Roma,2702,False,1717,Matías Soulé,1082406,F,75,Wladimiro Falcone,82,Lecce,1377,14.1,51.3,14,3,0,assisted,strongFoot,0,0.1698142439127
2,8,31/08/2026,Lecce,AS Roma,23,AS Roma,2702,False,1717,Donyell Malen,803039,F,79,Wladimiro Falcone,82,Lecce,1377,3.9,45.5,4,38,0,assisted,strongFoot,1,0.53931367397308
2,8,31/08/2026,Lecce,AS Roma,25,AS Roma,2702,False,1717,Matías Soulé,1082406,F,75,Wladimiro Falcone,82,Lecce,1377,18.9,47.4,18,5,0,fast-break,strongFoot,0,0.13860428333282
2,8,31/08/2026,Lecce,AS Roma,25,AS Roma,2702,False,1717,Matías Soulé,1082406,F,75,Wladimiro Falcone,82,Lecce,1377,8.8,55.7,9,23,0,fast-break,strongFoot,1,0.48386150598526
2,8,31/08/2026,Lecce,AS Roma,32,AS Roma,2702,False,1717,Donyell Malen,803039,F,79,Wladimiro Falcone,82,Lecce,1377,7.4,53.9,7,19,0,assisted,strongFoot,0,0.29861542582512
2,8,31/08/2026,Lecce,AS Roma,38,Lecce,2689,True,1377,Willem Geubbels,877979,F,71,Mile Svilar,84,AS Roma,1717,18.8,47.0,18,6,0,fast-break,strongFoot,0,0.37098816037178
2,8,31/08/2026,Lecce,AS Roma,40,AS Roma,2702,False,1717,Matías Soulé,1082406,F,75,Wladimiro Falcone,82,Lecce,1377,14.2,38.9,16,27,0,assisted,weakFoot,0,0.12062095105648
2,8,31/08/2026,Lecce,AS Roma,44,AS Roma,2702,False,1717,Paulo Dybala,256219,F,85,Wladimiro Falcone,82,Lecce,1377,20.4,66.7,23,29,0,assisted,strongFoot,0,0.03468532115221
2,8,31/08/2026,Lecce,AS Roma,45,AS Roma,2702,False,1717,Donyell Malen,803039,F,79,Wladimiro Falcone,82,Lecce,1377,13.2,48.7,13,3,0,assisted,strongFoot,0,0.20277684926987
2,8,31/08/2026,Lecce,AS Roma,50,AS Roma,2702,False,1717,Donyell Malen,803039,F,79,Wladimiro Falcone,82,Lecce,1377,17.9,51.5,17,3,0,assisted,weakFoot,0,0.13138116896152
2,8,31/08/2026,Lecce,AS Roma,56,Lecce,2689,True,1377,N'Dri Konan,978327,F,65,Mile Svilar,84,AS Roma,1717,6.6,27.3,16,66,0,fast-break,strongFoot,0,0.02778535336256
2,8,31/08/2026,Lecce,AS Roma,58,AS Roma,2702,False,1717,Wesley,1134200,M,60,Wladimiro Falcone,82,Lecce,1377,18.7,30.3,23,35,0,assisted,strongFoot,0,0.025663426145911
2,8,31/08/2026,Lecce,AS Roma,58,Lecce,2689,True,1377,Santiago Pierotti,984998,F,67,Mile Svilar,84,AS Roma,1717,23.7,68.9,26,28,0,assisted,strongFoot,0,0.017645116895437
2,8,31/08/2026,Lecce,AS Roma,61,Lecce,2689,True,1377,Kialonda Gaspar,1090374,D,30,Mile Svilar,84,AS Roma,1717,3.2,47.4,3,28,0,corner,other,0,0.26362985372543
2,8,31/08/2026,Lecce,AS Roma,62,AS Roma,2702,False,1717,Paulo Dybala,256219,F,85,Wladimiro Falcone,82,Lecce,1377,11.4,57.9,12,25,0,assisted,strongFoot,0,0.29346600174904
2,8,31/08/2026,Lecce,AS Roma,65,AS Roma,2702,False,1717,Rodrigo Mora,1410240,M,65,Wladimiro Falcone,82,Lecce,1377,8.2,48.3,8,8,0,assisted,strongFoot,1,0.68342369794846
2,8,31/08/2026,Lecce,AS Roma,75,AS Roma,2702,False,1717,Paulo Dybala,256219,F,85,Wladimiro Falcone,82,Lecce,1377,19.5,65.6,22,28,1,assisted,strongFoot,0,0.037370305508375
2,8,31/08/2026,Lecce,AS Roma,77,AS Roma,2702,False,1717,Santiago Castro,1116577,F,76,Wladimiro Falcone,82,Lecce,1377,11.3,32.5,16,46,1,fast-break,weakFoot,0,0.053590968251228
2,8,31/08/2026,Lecce,AS Roma,77,Lecce,2689,True,1377,Youssef Maleh,849274,M,64,Mile Svilar,84,AS Roma,1717,20.0,33.6,22,29,-1,assisted,strongFoot,0,0.03544194996357
2,8,31/08/2026,Lecce,AS Roma,88,Lecce,2689,True,1377,N'Dri Konan,978327,F,65,Mile Svilar,84,AS Roma,1717,20.1,67.1,23,30,-1,fast-break,strongFoot,0,0.024372508749366
2,9,31/08/2026,Atalanta,Bologna,8,Bologna,2685,False,1631,Jens Odgaard,826064,M,77,Marco Carnesecchi,85,Atalanta,1676,13.6,76.2,22,52,0,assisted,weakFoot,0,0.013541266322136
2,9,31/08/2026,Atalanta,Bologna,8,Bologna,2685,False,1631,Nicolò Cambiaghi,971005,F,74,Marco Carnesecchi,85,Atalanta,1676,13.3,29.4,19,46,0,assisted,weakFoot,0,0.065007194876671
2,9,31/08/2026,Atalanta,Bologna,15,Bologna,2685,False,1631,Emil Holm,965264,D,60,Marco Carnesecchi,85,Atalanta,1676,14.3,70.0,19,43,0,regular,strongFoot,0,0.042453598231077
2,9,31/08/2026,Atalanta,Bologna,18,Bologna,2685,False,1631,Federico Bernardeschi,294597,F,73,Marco Carnesecchi,85,Atalanta,1676,15.1,72.9,21,45,0,assisted,strongFoot,0,0.041764985769987
2,9,31/08/2026,Atalanta,Bologna,18,Bologna,2685,False,1631,Roberto Piccoli,958982,F,74,Marco Carnesecchi,85,Atalanta,1676,6.9,52.3,7,12,0,assisted,head,0,0.26017445325851
2,9,31/08/2026,Atalanta,Bologna,26,Bologna,2685,False,1631,Tommaso Pobega,928796,M,75,Marco Carnesecchi,85,Atalanta,1676,26.3,32.5,28,24,0,assisted,strongFoot,0,0.020291896536946
2,9,31/08/2026,Atalanta,Bologna,28,Atalanta,2686,True,1676,Giacomo Raspadori,865651,F,78,Łukasz Skorupski,78,Bologna,1631,4.7,33.6,12,67,0,assisted,strongFoot,0,0.036090608686209
2,9,31/08/2026,Atalanta,Bologna,31,Bologna,2685,False,1631,Roberto Piccoli,958982,F,74,Marco Carnesecchi,85,Atalanta,1676,19.8,66.9,22,30,0,assisted,strongFoot,0,0.027802703902125
2,9,31/08/2026,Atalanta,Bologna,36,Atalanta,2686,True,1676,Giacomo Raspadori,865651,F,78,Łukasz Skorupski,78,Bologna,1631,15.2,30.3,20,41,0,assisted,strongFoot,0,0.026463955640793
2,9,31/08/2026,Atalanta,Bologna,42,Atalanta,2686,True,1676,Gianluca Scamacca,807301,F,79,Łukasz Skorupski,78,Bologna,1631,25.3,61.1,26,16,0,assisted,strongFoot,0,0.035030771046877
2,9,31/08/2026,Atalanta,Bologna,45,Bologna,2685,False,1631,Nicolò Cambiaghi,971005,F,74,Marco Carnesecchi,85,Atalanta,1676,15.0,33.7,18,36,0,assisted,strongFoot,0,0.024235920980573
2,9,31/08/2026,Atalanta,Bologna,50,Bologna,2685,False,1631,Jens Odgaard,826064,M,77,Marco Carnesecchi,85,Atalanta,1676,24.7,61.5,25,17,0,assisted,strongFoot,0,0.023744510486722
2,9,31/08/2026,Atalanta,Bologna,50,Bologna,2685,False,1631,Roberto Piccoli,958982,F,74,Marco Carnesecchi,85,Atalanta,1676,12.7,62.4,15,33,0,assisted,strongFoot,0,0.20246164500713
2,9,31/08/2026,Atalanta,Bologna,52,Bologna,2685,False,1631,Nicolò Cambiaghi,971005,F,74,Marco Carnesecchi,85,Atalanta,1676,22.5,30.4,26,30,0,assisted,strongFoot,0,0.029936917126179
2,9,31/08/2026,Atalanta,Bologna,57,Bologna,2685,False,1631,Lewis Ferguson,907152,M,77,Marco Carnesecchi,85,Atalanta,1676,33.4,50.7,33,0,0,assisted,strongFoot,0,0.0097012268379331
2,9,31/08/2026,Atalanta,Bologna,86,Bologna,2685,False,1631,Artem Dovbyk,798820,F,81,Marco Carnesecchi,85,Atalanta,1676,15.1,45.6,15,11,0,assisted,strongFoot,0,0.054581437259912
2,9,31/08/2026,Atalanta,Bologna,86,Bologna,2685,False,1631,Artem Dovbyk,798820,F,81,Marco Carnesecchi,85,Atalanta,1676,11.9,41.2,13,26,0,regular,strongFoot,0,0.1413910984993
2,9,31/08/2026,Atalanta,Bologna,88,Bologna,2685,False,1631,Mikel Amondarain,1510920,M,63,Marco Carnesecchi,85,Atalanta,1676,8.1,68.7,15,57,0,assisted,strongFoot,0,0.031121287494898
2,9,31/08/2026,Atalanta,Bologna,88,Bologna,2685,False,1631,Federico Bernardeschi,294597,F,73,Marco Carnesecchi,85,Atalanta,1676,17.6,51.3,17,2,0,set-piece,strongFoot,0,0.064829625189304
2,9,31/08/2026,Atalanta,Bologna,89,Atalanta,2686,True,1676,Nicola Zalewski,984184,M,65,Łukasz Skorupski,78,Bologna,1631,8.7,29.7,16,57,0,assisted,weakFoot,0,0.023797951638699
2,9,31/08/2026,Atalanta,Bologna,90,Atalanta,2686,True,1676,Nicola Zalewski,984184,M,65,Łukasz Skorupski,78,Bologna,1631,18.8,69.1,22,34,0,throw-in-set-piece,weakFoot,0,0.016812914982438
2,9,31/08/2026,Atalanta,Bologna,90,Atalanta,2686,True,1676,Lazar Samardžić,980624,M,71,Łukasz Skorupski,78,Bologna,1631,28.5,59.5,29,12,0,assisted,strongFoot,1,0.015347648411989
3,0,04/09/2026,Genoa,Como,2,Como,2704,False,1554,Anastasios Douvikas,894863,F,74,Justin Bijlow,75,Genoa,1443,10.1,65.6,14,46,0,assisted,strongFoot,0,0.051950357854366
3,0,04/09/2026,Genoa,Como,6,Genoa,2713,True,1443,Lorenzo Colombo,930191,F,74,Jean Butez,78,Como,1554,27.2,48.7,27,1,0,assisted,strongFoot,0,0.013285052031279
3,0,04/09/2026,Genoa,Como,7,Como,2704,False,1554,Yan Couto,1002813,M,61,Justin Bijlow,75,Genoa,1443,19.1,68.7,22,33,0,assisted,weakFoot,0,0.02724508754909
3,0,04/09/2026,Genoa,Como,10,Como,2704,False,1554,Máximo Perrone,1086286,M,54,Justin Bijlow,75,Genoa,1443,18.7,55.2,19,10,0,assisted,weakFoot,0,0.058565031737089
3,0,04/09/2026,Genoa,Como,13,Como,2704,False,1554,Lucas Da Cunha,911848,M,71,Justin Bijlow,75,Genoa,1443,13.3,45.2,13,13,0,regular,strongFoot,0,0.057091135531664
3,0,04/09/2026,Genoa,Como,17,Como,2704,False,1554,Nico Paz,1171451,M,74,Justin Bijlow,75,Genoa,1443,27.5,40.1,28,13,0,assisted,strongFoot,0,0.025131935253739
3,0,04/09/2026,Genoa,Como,18,Como,2704,False,1554,Lucas Da Cunha,911848,M,71,Justin Bijlow,75,Genoa,1443,21.2,64.6,23,25,0,regular,strongFoot,0,0.052834171801805
3,0,04/09/2026,Genoa,Como,19,Genoa,2713,True,1443,Milutin Osmajić,928047,F,72,Jean Butez,78,Como,1554,9.4,45.2,9,19,0,assisted,weakFoot,1,0.23496827483177
3,0,04/09/2026,Genoa,Como,22,Como,2704,False,1554,Álex Valle,1142238,D,57,Justin Bijlow,75,Genoa,1443,25.7,58.9,26,13,-1,regular,strongFoot,0,0.024237336590886
3,0,04/09/2026,Genoa,Como,24,Genoa,2713,True,1443,Tommaso Baldanzi,1012172,M,71,Jean Butez,78,Como,1554,11.7,47.0,11,9,1,assisted,weakFoot,0,0.092939093708992
3,0,04/09/2026,Genoa,Como,25,Como,2704,False,1554,Martin Baturina,1090019,M,71,Justin Bijlow,75,Genoa,1443,25.3,37.2,26,18,-1,assisted,strongFoot,1,0.029690695926547
3,0,04/09/2026,Genoa,Como,30,Como,2704,False,1554,Assane Diao,1493689,M,73,Justin Bijlow,75,Genoa,1443,8.3,63.8,12,48,0,regular,weakFoot,1,0.093258067965508
3,0,04/09/2026,Genoa,Como,33,Como,2704,False,1554,Yan Couto,1002813,M,61,Justin Bijlow,75,Genoa,1443,23.4,72.6,27,33,1,assisted,strongFoot,0,0.025023326277733
3,0,04/09/2026,Genoa,Como,38,Como,2704,False,1554,Assane Diao,1493689,M,73,Justin Bijlow,75,Genoa,1443,18.9,63.8,21,26,1,fast-break,weakFoot,0,0.039947938174009
3,0,04/09/2026,Genoa,Como,40,Como,2704,False,1554,Nico Paz,1171451,M,74,Justin Bijlow,75,Genoa,1443,8.3,61.3,11,42,1,assisted,weakFoot,1,0.45395240187645
3,0,04/09/2026,Genoa,Como,43,Como,2704,False,1554,Máximo Perrone,1086286,M,54,Justin Bijlow,75,Genoa,1443,21.3,51.9,21,3,2,assisted,strongFoot,0,0.056320779025555
3,0,04/09/2026,Genoa,Como,44,Como,2704,False,1554,Anastasios Douvikas,894863,F,74,Justin Bijlow,75,Genoa,1443,13.5,33.1,17,40,2,assisted,weakFoot,0,0.023353107273579
3,0,04/09/2026,Genoa,Como,45,Genoa,2713,True,1443,Tommaso Baldanzi,1012172,M,71,Jean Butez,78,Como,1554,20.3,32.9,23,29,-2,fast-break,strongFoot,0,0.037291057407856
3,0,04/09/2026,Genoa,Como,50,Genoa,2713,True,1443,Tommaso Baldanzi,1012172,M,71,Jean Butez,78,Como,1554,9.1,30.3,16,55,-2,throw-in-set-piece,weakFoot,0,0.043900523334742
3,0,04/09/2026,Genoa,Como,51,Genoa,2713,True,1443,Johan Vásquez,889785,D,32,Jean Butez,78,Como,1554,9.2,46.6,9,14,-2,corner,head,0,0.045142106711864
3,0,04/09/2026,Genoa,Como,52,Como,2704,False,1554,Lucas Da Cunha,911848,M,71,Justin Bijlow,75,Genoa,1443,17.3,52.3,17,5,2,assisted,strongFoot,0,0.048363693058491
3,0,04/09/2026,Genoa,Como,57,Genoa,2713,True,1443,Mikael Ellertsson,933203,M,69,Jean Butez,78,Como,1554,5.7,32.1,13,64,-2,assisted,strongFoot,0,0.035568296909332
3,0,04/09/2026,Genoa,Como,61,Genoa,2713,True,1443,Milutin Osmajić,928047,F,72,Jean Butez,78,Como,1554,9.2,53.8,9,15,-2,assisted,strongFoot,0,0.12091571837664
3,0,04/09/2026,Genoa,Como,65,Como,2704,False,1554,Anastasios Douvikas,894863,F,74,Justin Bijlow,75,Genoa,1443,6.1,54.3,6,25,2,assisted,head,0,0.27111813426018
3,0,04/09/2026,Genoa,Como,68,Como,2704,False,1554,Nico Paz,1171451,M,74,Justin Bijlow,75,Genoa,1443,14.8,46.0,15,10,2,regular,strongFoot,0,0.13691109418869
3,0,04/09/2026,Genoa,Como,69,Como,2704,False,1554,Jacobo Ramón,1403348,D,40,Justin Bijlow,75,Genoa,1443,12.2,52.8,12,8,2,corner,head,0,0.018408857285976
3,0,04/09/2026,Genoa,Como,74,Genoa,2713,True,1443,Junior Messias,888219,F,72,Jean Butez,78,Como,1554,12.3,60.1,14,29,-2,throw-in-set-piece,strongFoot,0,0.061206124722958
3,0,04/09/2026,Genoa,Como,78,Como,2704,False,1554,Assane Diao,1493689,M,73,Justin Bijlow,75,Genoa,1443,9.5,64.0,13,45,2,fast-break,strongFoot,1,0.23463803529739
3,0,04/09/2026,Genoa,Como,83,Como,2704,False,1554,Samuele Ricci,930189,M,60,Justin Bijlow,75,Genoa,1443,25.0,59.7,25,14,3,fast-break,strongFoot,0,0.055007293820381
3,0,04/09/2026,Genoa,Como,84,Genoa,2713,True,1443,Vitinha,1093695,F,73,Jean Butez,78,Como,1554,23.8,61.7,25,18,-3,assisted,weakFoot,0,0.027217088267207
3,0,04/09/2026,Genoa,Como,90,Genoa,2713,True,1443,Junior Messias,888219,F,72,Jean Butez,78,Como,1554,10.6,54.6,11,16,-3,corner,strongFoot,0,0.072012402117252
3,1,05/09/2026,Fiorentina,Torino,2,Fiorentina,2693,True,1558,Franco Mastantuono,1403559,F,70,Lucas Perri,78,Torino,1477,9.5,60.7,11,37,0,regular,weakFoot,0,0.39251038432121
3,1,05/09/2026,Fiorentina,Torino,2,Fiorentina,2693,True,1558,Alieu Njie,1493157,F,64,Lucas Perri,78,Torino,1477,11.3,38.9,13,33,0,regular,strongFoot,0,0.20818655192852
3,1,05/09/2026,Fiorentina,Torino,4,Fiorentina,2693,True,1558,Franco Mastantuono,1403559,F,70,Lucas Perri,78,Torino,1477,14.3,66.6,18,38,0,fast-break,strongFoot,0,0.033876989036798
3,1,05/09/2026,Fiorentina,Torino,12,Torino,2696,False,1477,Rolando Mandragora,548178,M,72,David De Gea,84,Fiorentina,1558,25.7,37.3,27,18,0,assisted,strongFoot,0,0.021410679444671
3,1,05/09/2026,Fiorentina,Torino,15,Torino,2696,False,1477,Nikola Vlašić,357596,M,77,David De Gea,84,Fiorentina,1558,25.8,57.9,26,11,0,assisted,weakFoot,0,0.023800732567906
3,1,05/09/2026,Fiorentina,Torino,22,Torino,2696,False,1477,Niccolò Fortini,1526934,D,55,David De Gea,84,Fiorentina,1558,8.3,59.5,10,37,0,assisted,head,0,0.043203968554735
3,1,05/09/2026,Fiorentina,Torino,27,Torino,2696,False,1477,Rolando Mandragora,548178,M,72,David De Gea,84,Fiorentina,1558,21.0,51.4,21,2,0,assisted,strongFoot,0,0.05792661011219
3,1,05/09/2026,Fiorentina,Torino,45,Fiorentina,2693,True,1558,Nicolò Fagioli,901850,M,64,Lucas Perri,78,Torino,1477,25.3,49.1,25,1,0,assisted,strongFoot,0,0.044892780482769
3,1,05/09/2026,Fiorentina,Torino,47,Fiorentina,2693,True,1558,Mateo Pellegrino,1099296,F,68,Lucas Perri,78,Torino,1477,26.6,44.4,26,8,0,fast-break,strongFoot,1,0.042643334716558
3,1,05/09/2026,Fiorentina,Torino,51,Fiorentina,2693,True,1558,Wilfried Gnonto,998951,F,72,Lucas Perri,78,Torino,1477,18.4,67.5,21,32,1,assisted,weakFoot,0,0.035189356654882
3,1,05/09/2026,Fiorentina,Torino,52,Fiorentina,2693,True,1558,Arthur Atta,1444690,M,69,Lucas Perri,78,Torino,1477,9.9,40.7,11,32,1,assisted,strongFoot,0,0.17814512550831
3,1,05/09/2026,Fiorentina,Torino,52,Fiorentina,2693,True,1558,Wilfried Gnonto,998951,F,72,Lucas Perri,78,Torino,1477,4.2,66.4,11,69,1,assisted,strongFoot,0,0.034976251423359
3,1,05/09/2026,Fiorentina,Torino,59,Fiorentina,2693,True,1558,Arthur Atta,1444690,M,69,Lucas Perri,78,Torino,1477,8.6,53.4,8,15,1,regular,weakFoot,0,0.45900517702103
3,1,05/09/2026,Fiorentina,Torino,61,Fiorentina,2693,True,1558,Arthur Atta,1444690,M,69,Lucas Perri,78,Torino,1477,26.8,53.4,26,4,1,regular,strongFoot,0,0.035883609205484
3,1,05/09/2026,Fiorentina,Torino,66,Fiorentina,2693,True,1558,Wilfried Gnonto,998951,F,72,Lucas Perri,78,Torino,1477,12.2,63.6,15,37,1,assisted,weakFoot,0,0.044710453599691
3,1,05/09/2026,Fiorentina,Torino,66,Fiorentina,2693,True,1558,Arthur Atta,1444690,M,69,Lucas Perri,78,Torino,1477,9.6,56.6,10,25,1,assisted,head,0,0.054201200604439
3,1,05/09/2026,Fiorentina,Torino,72,Torino,2696,False,1477,Nikola Vlašić,357596,M,77,David De Gea,84,Fiorentina,1558,10.0,63.9,13,43,-1,throw-in-set-piece,weakFoot,0,0.064810954034328
3,1,05/09/2026,Fiorentina,Torino,74,Torino,2696,False,1477,Rolando Mandragora,548178,M,72,David De Gea,84,Fiorentina,1558,23.9,61.1,25,17,-1,assisted,strongFoot,1,0.042257208377123
3,1,05/09/2026,Fiorentina,Torino,76,Fiorentina,2693,True,1558,Radu Drăguşin,997103,D,37,Lucas Perri,78,Torino,1477,3.3,56.9,5,54,0,corner,head,0,0.13146206736565
3,1,05/09/2026,Fiorentina,Torino,78,Fiorentina,2693,True,1558,Beto,987489,F,76,Lucas Perri,78,Torino,1477,3.7,34.8,10,70,0,regular,strongFoot,0,0.057752639055252
3,1,05/09/2026,Fiorentina,Torino,82,Torino,2696,False,1477,Che Adams,773409,F,79,David De Gea,84,Fiorentina,1558,4.9,48.4,5,12,0,assisted,strongFoot,1,0.32424864172935
3,2,05/09/2026,Inter,SSC Napoli,2,Inter,2697,True,1864,Piotr Zieliński,138605,M,76,Alex Meret,82,SSC Napoli,1711,24.1,32.1,26,26,0,regular,strongFoot,0,0.0079349344596267
3,2,05/09/2026,Inter,SSC Napoli,2,Inter,2697,True,1864,Andy Diouf,1048889,M,67,Alex Meret,82,SSC Napoli,1711,18.8,47.9,18,4,0,assisted,weakFoot,0,0.038507748395205
3,2,05/09/2026,Inter,SSC Napoli,6,SSC Napoli,2714,False,1711,Matteo Politano,235672,M,77,Josep Martínez,75,Inter,1864,4.0,65.4,11,69,0,regular,weakFoot,0,0.16027499735355
3,2,05/09/2026,Inter,SSC Napoli,6,SSC Napoli,2714,False,1711,Frank Anguissa,787941,M,75,Josep Martínez,75,Inter,1864,9.8,46.9,10,12,0,assisted,strongFoot,0,0.10583670437336
3,2,05/09/2026,Inter,SSC Napoli,9,Inter,2697,True,1864,Piotr Zieliński,138605,M,76,Alex Meret,82,SSC Napoli,1711,23.4,49.7,23,0,0,assisted,strongFoot,0,0.022681621834636
3,2,05/09/2026,Inter,SSC Napoli,11,Inter,2697,True,1864,Piotr Zieliński,138605,M,76,Alex Meret,82,SSC Napoli,1711,18.5,62.0,20,23,0,assisted,strongFoot,0,0.072625756263733
3,2,05/09/2026,Inter,SSC Napoli,12,Inter,2697,True,1864,Pio Esposito,1156616,F,75,Alex Meret,82,SSC Napoli,1711,9.7,46.6,9,13,0,assisted,head,0,0.058763079345226
3,2,05/09/2026,Inter,SSC Napoli,22,SSC Napoli,2714,False,1711,Alisson Santos,1122835,F,64,Josep Martínez,75,Inter,1864,21.0,28.1,25,35,0,assisted,strongFoot,0,0.019451817497611
3,2,05/09/2026,Inter,SSC Napoli,23,Inter,2697,True,1864,Federico Dimarco,284361,M,78,Alex Meret,82,SSC Napoli,1711,13.2,22.4,22,54,0,regular,strongFoot,0,0.012247272767127
3,2,05/09/2026,Inter,SSC Napoli,25,Inter,2697,True,1864,Pio Esposito,1156616,F,75,Alex Meret,82,SSC Napoli,1711,8.6,45.6,9,19,0,assisted,head,0,0.062661938369274
3,2,05/09/2026,Inter,SSC Napoli,29,SSC Napoli,2714,False,1711,Frank Anguissa,787941,M,75,Josep Martínez,75,Inter,1864,9.5,63.0,12,42,0,assisted,strongFoot,0,0.14151874184608
3,2,05/09/2026,Inter,SSC Napoli,35,Inter,2697,True,1864,Yann Bisseck,906275,D,56,Alex Meret,82,SSC Napoli,1711,15.3,63.6,17,31,0,assisted,weakFoot,0,0.054117731750011
3,2,05/09/2026,Inter,SSC Napoli,45,SSC Napoli,2714,False,1711,Rasmus Højlund,1086417,F,76,Josep Martínez,75,Inter,1864,6.7,39.2,9,47,0,corner,strongFoot,0,0.11776038259268
3,2,05/09/2026,Inter,SSC Napoli,45,Inter,2697,True,1864,Lautaro Martínez,823984,F,88,Alex Meret,82,SSC Napoli,1711,5.8,30.1,14,66,0,regular,weakFoot,0,0.041363272815943
3,2,05/09/2026,Inter,SSC Napoli,45,Inter,2697,True,1864,Federico Dimarco,284361,M,78,Alex Meret,82,SSC Napoli,1711,23.8,42.4,24,12,0,free-kick,strongFoot,0,0.066907748579979
3,2,05/09/2026,Inter,SSC Napoli,45,SSC Napoli,2714,False,1711,Rafa Marín,984623,D,26,Josep Martínez,75,Inter,1864,9.2,49.1,9,3,0,corner,head,0,0.049478378146887
3,2,05/09/2026,Inter,SSC Napoli,50,SSC Napoli,2714,False,1711,Stanislav Lobotka,150383,M,66,Josep Martínez,75,Inter,1864,26.0,50.5,26,0,0,assisted,strongFoot,0,0.020812278613448
3,2,05/09/2026,Inter,SSC Napoli,50,SSC Napoli,2714,False,1711,Matteo Politano,235672,M,77,Josep Martínez,75,Inter,1864,13.1,46.2,13,11,0,regular,strongFoot,0,0.23002704977989
3,2,05/09/2026,Inter,SSC Napoli,50,SSC Napoli,2714,False,1711,Matteo Politano,235672,M,77,Josep Martínez,75,Inter,1864,14.5,53.0,14,8,0,regular,weakFoot,1,0.1661934107542
3,2,05/09/2026,Inter,SSC Napoli,52,Inter,2697,True,1864,Piotr Zieliński,138605,M,76,Alex Meret,82,SSC Napoli,1711,22.3,54.2,22,7,-1,regular,strongFoot,0,0.082599475979805
3,2,05/09/2026,Inter,SSC Napoli,53,SSC Napoli,2714,False,1711,Alisson Santos,1122835,F,64,Josep Martínez,75,Inter,1864,11.3,26.4,19,54,1,assisted,strongFoot,0,0.02708588540554
3,2,05/09/2026,Inter,SSC Napoli,53,SSC Napoli,2714,False,1711,Frank Anguissa,787941,M,75,Josep Martínez,75,Inter,1864,13.8,55.4,14,14,1,assisted,strongFoot,0,0.16534781455994
3,2,05/09/2026,Inter,SSC Napoli,53,SSC Napoli,2714,False,1711,Rasmus Højlund,1086417,F,76,Josep Martínez,75,Inter,1864,17.0,71.6,22,40,1,assisted,strongFoot,1,0.026999222114682
3,2,05/09/2026,Inter,SSC Napoli,55,Inter,2697,True,1864,Federico Dimarco,284361,M,78,Alex Meret,82,SSC Napoli,1711,24.2,37.9,25,18,-2,corner,strongFoot,0,0.0097203068435192
3,2,05/09/2026,Inter,SSC Napoli,55,Inter,2697,True,1864,Lautaro Martínez,823984,F,88,Alex Meret,82,SSC Napoli,1711,11.0,50.9,11,3,-2,assisted,strongFoot,0,0.069596812129021
3,2,05/09/2026,Inter,SSC Napoli,56,Inter,2697,True,1864,Curtis Jones,927353,M,73,Alex Meret,82,SSC Napoli,1711,25.0,68.0,27,26,-2,assisted,weakFoot,0,0.036587733775377
3,2,05/09/2026,Inter,SSC Napoli,56,Inter,2697,True,1864,Lautaro Martínez,823984,F,88,Alex Meret,82,SSC Napoli,1711,2.4,52.0,2,29,-2,throw-in-set-piece,strongFoot,1,0.88040220737457
3,2,05/09/2026,Inter,SSC Napoli,59,Inter,2697,True,1864,Lautaro Martínez,823984,F,88,Alex Meret,82,SSC Napoli,1711,12.0,58.9,13,26,-1,assisted,strongFoot,0,0.1157591342926
3,2,05/09/2026,Inter,SSC Napoli,60,Inter,2697,True,1864,Federico Dimarco,284361,M,78,Alex Meret,82,SSC Napoli,1711,2.9,36.0,9,73,-1,regular,strongFoot,0,0.080406464636326
3,2,05/09/2026,Inter,SSC Napoli,61,Inter,2697,True,1864,Lautaro Martínez,823984,F,88,Alex Meret,82,SSC Napoli,1711,4.0,54.2,4,35,-1,assisted,strongFoot,0,0.31791219115257
3,2,05/09/2026,Inter,SSC Napoli,63,Inter,2697,True,1864,Yann Bisseck,906275,D,56,Alex Meret,82,SSC Napoli,1711,7.7,57.0,9,31,-1,corner,head,0,0.048290316015482
3,2,05/09/2026,Inter,SSC Napoli,65,Inter,2697,True,1864,Marcus Thuram,791702,F,82,Alex Meret,82,SSC Napoli,1711,10.9,35.9,14,41,-1,assisted,strongFoot,0,0.045644223690033
3,2,05/09/2026,Inter,SSC Napoli,67,Inter,2697,True,1864,Andy Diouf,1048889,M,67,Alex Meret,82,SSC Napoli,1711,8.2,72.3,17,61,-1,assisted,weakFoot,0,0.049218844622374
3,2,05/09/2026,Inter,SSC Napoli,73,Inter,2697,True,1864,Marcus Thuram,791702,F,82,Alex Meret,82,SSC Napoli,1711,2.8,46.1,3,43,-1,assisted,head,0,0.55059152841568
3,2,05/09/2026,Inter,SSC Napoli,74,Inter,2697,True,1864,Manuel Akanji,383560,D,47,Alex Meret,82,SSC Napoli,1711,7.5,50.6,7,3,-1,corner,head,0,0.097507156431675
3,2,05/09/2026,Inter,SSC Napoli,76,SSC Napoli,2714,False,1711,Alisson Santos,1122835,F,64,Josep Martínez,75,Inter,1864,15.7,29.4,21,41,1,assisted,strongFoot,0,0.029946476221085
3,2,05/09/2026,Inter,SSC Napoli,78,Inter,2697,True,1864,Marcus Thuram,791702,F,82,Alex Meret,82,SSC Napoli,1711,4.2,70.1,14,72,-1,assisted,strongFoot,0,0.023875489830971
3,2,05/09/2026,Inter,SSC Napoli,82,Inter,2697,True,1864,Marcus Thuram,791702,F,82,Alex Meret,82,SSC Napoli,1711,10.3,49.2,10,3,-1,assisted,head,1,0.041568651795387
3,2,05/09/2026,Inter,SSC Napoli,88,Inter,2697,True,1864,Marcus Thuram,791702,F,82,Alex Meret,82,SSC Napoli,1711,10.1,62.0,12,38,0,assisted,strongFoot,0,0.12205341458321
3,2,05/09/2026,Inter,SSC Napoli,88,SSC Napoli,2714,False,1711,David Neres,850993,F,75,Josep Martínez,75,Inter,1864,11.3,44.0,12,19,0,regular,weakFoot,0,0.26352733373642
3,2,05/09/2026,Inter,SSC Napoli,89,SSC Napoli,2714,False,1711,Lorenzo Lucca,962364,F,77,Josep Martínez,75,Inter,1864,10.1,64.6,14,44,0,assisted,strongFoot,0,0.080409549176693
3,2,05/09/2026,Inter,SSC Napoli,89,SSC Napoli,2714,False,1711,Frank Anguissa,787941,M,75,Josep Martínez,75,Inter,1864,2.9,49.1,2,11,0,assisted,strongFoot,0,0.8459837436676
3,2,05/09/2026,Inter,SSC Napoli,90,Inter,2697,True,1864,Nicolò Barella,363856,M,78,Alex Meret,82,SSC Napoli,1711,18.1,39.1,19,22,0,assisted,strongFoot,0,0.051821164786816
3,2,05/09/2026,Inter,SSC Napoli,90,Inter,2697,True,1864,Manuel Akanji,383560,D,47,Alex Meret,82,SSC Napoli,1711,4.2,52.4,4,21,0,corner,strongFoot,0,0.28005313873291
3,2,05/09/2026,Inter,SSC Napoli,90,Inter,2697,True,1864,Lautaro Martínez,823984,F,88,Alex Meret,82,SSC Napoli,1711,2.3,46.6,3,45,0,corner,weakFoot,1,0.51369190216064
3,3,05/09/2026,AS Roma,Atalanta,3,AS Roma,2702,True,1717,Paulo Dybala,256219,F,85,Marco Carnesecchi,85,Atalanta,1676,5.9,53.8,6,23,0,regular,head,0,0.16050951182842
3,3,05/09/2026,AS Roma,Atalanta,14,AS Roma,2702,True,1717,Gianluca Mancini,611210,D,49,Marco Carnesecchi,85,Atalanta,1676,7.6,56.4,8,29,0,assisted,head,0,0.16179552674294
3,3,05/09/2026,AS Roma,Atalanta,15,AS Roma,2702,True,1717,Donyell Malen,803039,F,79,Marco Carnesecchi,85,Atalanta,1676,14.8,26.8,21,46,0,corner,strongFoot,0,0.011837403289974
3,3,05/09/2026,AS Roma,Atalanta,17,AS Roma,2702,True,1717,Manu Koné,974087,M,72,Marco Carnesecchi,85,Atalanta,1676,21.7,38.2,23,20,0,regular,strongFoot,0,0.017205333337188
3,3,05/09/2026,AS Roma,Atalanta,18,AS Roma,2702,True,1717,Donyell Malen,803039,F,79,Marco Carnesecchi,85,Atalanta,1676,11.4,30.0,17,50,0,corner,strongFoot,0,0.014119771309197
3,3,05/09/2026,AS Roma,Atalanta,21,AS Roma,2702,True,1717,Bryan Cristante,186855,M,73,Marco Carnesecchi,85,Atalanta,1676,8.3,51.0,8,4,0,assisted,head,0,0.091810040175915
3,3,05/09/2026,AS Roma,Atalanta,21,AS Roma,2702,True,1717,Gianluca Mancini,611210,D,49,Marco Carnesecchi,85,Atalanta,1676,11.3,47.2,11,9,0,corner,strongFoot,0,0.05616969615221
3,3,05/09/2026,AS Roma,Atalanta,24,AS Roma,2702,True,1717,Rodrigo Mora,1410240,M,65,Marco Carnesecchi,85,Atalanta,1676,21.9,67.1,24,27,0,fast-break,strongFoot,0,0.049349300563335
3,3,05/09/2026,AS Roma,Atalanta,27,AS Roma,2702,True,1717,Rodrigo Mora,1410240,M,65,Marco Carnesecchi,85,Atalanta,1676,18.4,61.7,20,23,0,corner,weakFoot,0,0.036287661641836
3,3,05/09/2026,AS Roma,Atalanta,27,AS Roma,2702,True,1717,Manu Koné,974087,M,72,Marco Carnesecchi,85,Atalanta,1676,24.2,53.6,24,5,0,corner,strongFoot,0,0.026086123660207
3,3,05/09/2026,AS Roma,Atalanta,29,AS Roma,2702,True,1717,Rodrigo Mora,1410240,M,65,Marco Carnesecchi,85,Atalanta,1676,23.4,53.8,23,6,0,assisted,strongFoot,0,0.030310451984406
3,3,05/09/2026,AS Roma,Atalanta,32,Atalanta,2686,False,1676,Gianluca Scamacca,807301,F,79,Mile Svilar,84,AS Roma,1717,12.5,66.7,16,42,0,assisted,strongFoot,0,0.02463193051517
3,3,05/09/2026,AS Roma,Atalanta,34,AS Roma,2702,True,1717,Paulo Dybala,256219,F,85,Marco Carnesecchi,85,Atalanta,1676,4.6,57.5,6,47,0,assisted,head,0,0.2569255232811
3,3,05/09/2026,AS Roma,Atalanta,38,AS Roma,2702,True,1717,Rodrigo Mora,1410240,M,65,Marco Carnesecchi,85,Atalanta,1676,9.8,30.6,16,53,0,assisted,strongFoot,0,0.039760872721672
3,3,05/09/2026,AS Roma,Atalanta,40,AS Roma,2702,True,1717,Donyell Malen,803039,F,79,Marco Carnesecchi,85,Atalanta,1676,5.8,39.3,9,51,0,assisted,strongFoot,0,0.10323268920183
3,3,05/09/2026,AS Roma,Atalanta,41,AS Roma,2702,True,1717,Rodrigo Mora,1410240,M,65,Marco Carnesecchi,85,Atalanta,1676,9.4,49.9,9,0,0,assisted,strongFoot,0,0.092689745128155
3,3,05/09/2026,AS Roma,Atalanta,42,AS Roma,2702,True,1717,Manu Koné,974087,M,72,Marco Carnesecchi,85,Atalanta,1676,18.4,49.9,18,0,0,assisted,strongFoot,0,0.040190320461988
3,3,05/09/2026,AS Roma,Atalanta,43,AS Roma,2702,True,1717,Rodrigo Mora,1410240,M,65,Marco Carnesecchi,85,Atalanta,1676,7.4,48.1,7,9,0,assisted,head,0,0.12361308187246
3,3,05/09/2026,AS Roma,Atalanta,44,AS Roma,2702,True,1717,Evan Ndicka,848287,D,51,Marco Carnesecchi,85,Atalanta,1676,9.7,49.9,9,0,0,corner,head,0,0.03952145203948
3,3,05/09/2026,AS Roma,Atalanta,47,Atalanta,2686,False,1676,Éderson,946888,M,70,Mile Svilar,84,AS Roma,1717,12.8,39.9,14,28,0,regular,strongFoot,1,0.081939958035946
3,3,05/09/2026,AS Roma,Atalanta,51,Atalanta,2686,False,1676,Odilon Kossounou,973437,D,31,Mile Svilar,84,AS Roma,1717,9.6,41.9,11,29,1,corner,head,0,0.048282098025084
3,3,05/09/2026,AS Roma,Atalanta,54,AS Roma,2702,True,1717,Manu Koné,974087,M,72,Marco Carnesecchi,85,Atalanta,1676,17.6,55.8,18,12,-1,corner,strongFoot,0,0.065812945365906
3,3,05/09/2026,AS Roma,Atalanta,56,Atalanta,2686,False,1676,Lazar Samardžić,980624,M,71,Mile Svilar,84,AS Roma,1717,8.9,50.9,8,3,1,fast-break,weakFoot,0,0.17425714433193
3,3,05/09/2026,AS Roma,Atalanta,59,Atalanta,2686,False,1676,Nikola Krstović,839156,F,76,Mile Svilar,84,AS Roma,1717,14.5,41.9,15,20,1,fast-break,strongFoot,0,0.31958168745041
3,3,05/09/2026,AS Roma,Atalanta,60,Atalanta,2686,False,1676,Charles De Ketelaere,960441,F,78,Mile Svilar,84,AS Roma,1717,16.2,62.3,18,27,1,assisted,strongFoot,0,0.053007461130619
3,3,05/09/2026,AS Roma,Atalanta,62,AS Roma,2702,True,1717,Bryan Cristante,186855,M,73,Marco Carnesecchi,85,Atalanta,1676,16.6,66.4,19,33,-1,assisted,strongFoot,0,0.04327254742384
3,3,05/09/2026,AS Roma,Atalanta,62,AS Roma,2702,True,1717,Matías Soulé,1082406,F,75,Marco Carnesecchi,85,Atalanta,1676,18.8,45.6,19,9,-1,regular,strongFoot,0,0.053452055901289
3,3,05/09/2026,AS Roma,Atalanta,64,AS Roma,2702,True,1717,Santiago Castro,1116577,F,76,Marco Carnesecchi,85,Atalanta,1676,9.4,29.5,16,56,-1,assisted,strongFoot,0,0.060255080461502
3,3,05/09/2026,AS Roma,Atalanta,68,AS Roma,2702,True,1717,Mario Hermoso,353130,D,47,Marco Carnesecchi,85,Atalanta,1676,13.8,36.0,16,34,-1,regular,strongFoot,0,0.046553444117308
3,3,05/09/2026,AS Roma,Atalanta,71,AS Roma,2702,True,1717,Santiago Castro,1116577,F,76,Marco Carnesecchi,85,Atalanta,1676,10.4,42.1,11,27,-1,assisted,strongFoot,0,0.19521246850491
3,3,05/09/2026,AS Roma,Atalanta,71,AS Roma,2702,True,1717,Matías Soulé,1082406,F,75,Marco Carnesecchi,85,Atalanta,1676,14.1,57.9,15,20,-1,assisted,weakFoot,0,0.054564520716667
3,3,05/09/2026,AS Roma,Atalanta,71,AS Roma,2702,True,1717,Matías Soulé,1082406,F,75,Marco Carnesecchi,85,Atalanta,1676,8.6,50.7,8,3,-1,assisted,head,0,0.078556895256042
3,3,05/09/2026,AS Roma,Atalanta,72,AS Roma,2702,True,1717,Paulo Dybala,256219,F,85,Marco Carnesecchi,85,Atalanta,1676,12.0,71.4,18,50,-1,assisted,strongFoot,0,0.034718498587608
3,3,05/09/2026,AS Roma,Atalanta,75,AS Roma,2702,True,1717,Bryan Cristante,186855,M,73,Marco Carnesecchi,85,Atalanta,1676,9.9,51.3,9,5,-1,assisted,head,0,0.069215893745422
3,3,05/09/2026,AS Roma,Atalanta,78,AS Roma,2702,True,1717,Matías Soulé,1082406,F,75,Marco Carnesecchi,85,Atalanta,1676,19.0,35.4,21,27,-1,assisted,weakFoot,0,0.026473484933376
3,3,05/09/2026,AS Roma,Atalanta,81,AS Roma,2702,True,1717,Bryan Cristante,186855,M,73,Marco Carnesecchi,85,Atalanta,1676,8.4,54.6,8,20,-1,corner,head,0,0.063111439347267
3,3,05/09/2026,AS Roma,Atalanta,87,AS Roma,2702,True,1717,Paulo Dybala,256219,F,85,Marco Carnesecchi,85,Atalanta,1676,12.2,54.6,12,14,-1,assisted,weakFoot,0,0.15808206796646
3,3,05/09/2026,AS Roma,Atalanta,87,AS Roma,2702,True,1717,Matías Soulé,1082406,F,75,Marco Carnesecchi,85,Atalanta,1676,26.3,56.4,26,9,-1,assisted,strongFoot,0,0.035192884504795
3,3,05/09/2026,AS Roma,Atalanta,88,AS Roma,2702,True,1717,Santiago Castro,1116577,F,76,Marco Carnesecchi,85,Atalanta,1676,8.5,50.2,8,0,-1,assisted,head,0,0.16023226082325
3,3,05/09/2026,AS Roma,Atalanta,89,AS Roma,2702,True,1717,Paulo Dybala,256219,F,85,Marco Carnesecchi,85,Atalanta,1676,14.2,54.3,14,11,-1,assisted,strongFoot,0,0.11507628113031
3,3,05/09/2026,AS Roma,Atalanta,89,AS Roma,2702,True,1717,Mario Hermoso,353130,D,47,Marco Carnesecchi,85,Atalanta,1676,9.7,45.2,10,18,-1,corner,head,1,0.046459995210171
3,3,05/09/2026,AS Roma,Atalanta,90,AS Roma,2702,True,1717,Paulo Dybala,256219,F,85,Marco Carnesecchi,85,Atalanta,1676,8.9,36.8,12,45,0,assisted,head,0,0.039452474564314
3,3,05/09/2026,AS Roma,Atalanta,90,AS Roma,2702,True,1717,Matías Soulé,1082406,F,75,Marco Carnesecchi,85,Atalanta,1676,3.8,57.9,6,54,0,assisted,strongFoot,0,0.17763990163803
3,3,05/09/2026,AS Roma,Atalanta,90,AS Roma,2702,True,1717,Santiago Castro,1116577,F,76,Marco Carnesecchi,85,Atalanta,1676,17.8,38.5,19,23,0,fast-break,strongFoot,0,0.066841959953308
3,3,05/09/2026,AS Roma,Atalanta,90,AS Roma,2702,True,1717,Matías Soulé,1082406,F,75,Marco Carnesecchi,85,Atalanta,1676,7.3,69.8,15,61,0,assisted,strongFoot,1,0.024346442893147
3,4,06/09/2026,Frosinone,Venezia,2,Frosinone,2801,True,1409,Giacomo Calò,839487,M,54,Filip Stanković,74,Venezia,1409,9.5,68.7,15,53,0,throw-in-set-piece,strongFoot,0,0.061846222728491
3,4,06/09/2026,Frosinone,Venezia,13,Venezia,2688,False,1409,Albion Rrahmani,1124624,F,76,Lorenzo Palmisani,68,Frosinone,1409,22.9,27.8,27,33,0,assisted,strongFoot,0,0.016064209863544
3,4,06/09/2026,Frosinone,Venezia,14,Venezia,2688,False,1409,Redouane Halhal,1143667,D,29,Lorenzo Palmisani,68,Frosinone,1409,7.3,49.1,7,4,0,corner,head,0,0.10479341447353
3,4,06/09/2026,Frosinone,Venezia,21,Frosinone,2801,True,1409,Antonio Raimondo,1121578,F,68,Filip Stanković,74,Venezia,1409,8.6,44.7,9,22,0,assisted,head,1,0.11802873015404
3,4,06/09/2026,Frosinone,Venezia,26,Frosinone,2801,True,1409,Antonio Raimondo,1121578,F,68,Filip Stanković,74,Venezia,1409,19.1,60.3,20,20,1,fast-break,strongFoot,0,0.081260539591312
3,4,06/09/2026,Frosinone,Venezia,31,Venezia,2688,False,1409,Akor Adams,946381,F,76,Lorenzo Palmisani,68,Frosinone,1409,7.0,55.8,8,29,-1,fast-break,weakFoot,0,0.17343313992023
3,4,06/09/2026,Frosinone,Venezia,32,Frosinone,2801,True,1409,Antonio Raimondo,1121578,F,68,Filip Stanković,74,Venezia,1409,10.7,40.3,12,31,1,assisted,strongFoot,0,0.065167896449566
3,4,06/09/2026,Frosinone,Venezia,36,Venezia,2688,False,1409,Gianluca Busio,896180,M,66,Lorenzo Palmisani,68,Frosinone,1409,27.4,60.1,28,14,-1,assisted,strongFoot,0,0.032380063086748
3,4,06/09/2026,Frosinone,Venezia,39,Frosinone,2801,True,1409,Antonio Raimondo,1121578,F,68,Filip Stanković,74,Venezia,1409,3.1,52.8,3,31,1,throw-in-set-piece,weakFoot,1,0.92970550060272
3,4,06/09/2026,Frosinone,Venezia,45,Venezia,2688,False,1409,Gianluca Busio,896180,M,66,Lorenzo Palmisani,68,Frosinone,1409,26.3,45.1,26,7,-2,free-kick,strongFoot,0,0.053544759750366
3,4,06/09/2026,Frosinone,Venezia,45,Venezia,2688,False,1409,Richie Sagrado,1198069,M,51,Lorenzo Palmisani,68,Frosinone,1409,14.7,51.1,14,2,-2,set-piece,strongFoot,0,0.1091922968626
3,4,06/09/2026,Frosinone,Venezia,46,Venezia,2688,False,1409,John Yeboah,879802,F,67,Lorenzo Palmisani,68,Frosinone,1409,20.4,75.3,26,40,-2,assisted,strongFoot,0,0.012039194814861
3,4,06/09/2026,Frosinone,Venezia,50,Venezia,2688,False,1409,John Yeboah,879802,F,67,Lorenzo Palmisani,68,Frosinone,1409,11.0,53.0,11,10,-2,assisted,strongFoot,0,0.2198351174593
3,4,06/09/2026,Frosinone,Venezia,54,Venezia,2688,False,1409,John Yeboah,879802,F,67,Lorenzo Palmisani,68,Frosinone,1409,23.5,46.4,23,5,-2,assisted,strongFoot,0,0.036092475056648
3,4,06/09/2026,Frosinone,Venezia,55,Venezia,2688,False,1409,John Yeboah,879802,F,67,Lorenzo Palmisani,68,Frosinone,1409,26.5,50.7,26,1,-2,assisted,strongFoot,0,0.02334694750607
3,4,06/09/2026,Frosinone,Venezia,59,Venezia,2688,False,1409,Akor Adams,946381,F,76,Lorenzo Palmisani,68,Frosinone,1409,12.2,51.3,12,4,-2,regular,head,0,0.1211865991354
3,4,06/09/2026,Frosinone,Venezia,66,Frosinone,2801,True,1409,Farès Ghedjemis,1445228,F,68,Filip Stanković,74,Venezia,1409,8.2,73.9,18,63,2,assisted,strongFoot,0,0.024558993056417
3,4,06/09/2026,Frosinone,Venezia,66,Venezia,2688,False,1409,John Yeboah,879802,F,67,Lorenzo Palmisani,68,Frosinone,1409,13.2,63.6,16,35,-2,fast-break,strongFoot,1,0.10133815556765
3,4,06/09/2026,Frosinone,Venezia,73,Frosinone,2801,True,1409,Farès Ghedjemis,1445228,F,68,Filip Stanković,74,Venezia,1409,7.9,69.9,15,59,1,assisted,strongFoot,0,0.022496828809381
3,4,06/09/2026,Frosinone,Venezia,74,Venezia,2688,False,1409,Richie Sagrado,1198069,M,51,Lorenzo Palmisani,68,Frosinone,1409,2.6,49.4,2,8,-1,assisted,weakFoot,1,0.94964182376862
3,4,06/09/2026,Frosinone,Venezia,78,Frosinone,2801,True,1409,Anthony Oyono,1106257,D,36,Filip Stanković,74,Venezia,1409,29.1,39.9,29,13,0,assisted,strongFoot,0,0.033113349229097
3,4,06/09/2026,Frosinone,Venezia,80,Venezia,2688,False,1409,Antoine Hainaut,1394202,M,55,Lorenzo Palmisani,68,Frosinone,1409,21.0,54.8,21,8,0,assisted,strongFoot,0,0.10374272614717
3,4,06/09/2026,Frosinone,Venezia,81,Frosinone,2801,True,1409,Giorgi Kvernadze,1140001,F,62,Filip Stanković,74,Venezia,1409,18.2,26.2,24,41,0,regular,strongFoot,0,0.020554069429636
3,4,06/09/2026,Frosinone,Venezia,82,Frosinone,2801,True,1409,Gabriele Calvani,1425050,D,33,Filip Stanković,74,Venezia,1409,9.7,44.9,10,19,0,corner,head,0,0.037770867347717
3,4,06/09/2026,Frosinone,Venezia,83,Frosinone,2801,True,1409,Giorgi Kvernadze,1140001,F,62,Filip Stanković,74,Venezia,1409,9.4,39.3,11,37,0,regular,strongFoot,1,0.38863733410835
3,4,06/09/2026,Frosinone,Venezia,90,Frosinone,2801,True,1409,Giorgi Kvernadze,1140001,F,62,Filip Stanković,74,Venezia,1409,9.9,33.1,15,49,1,assisted,strongFoot,0,0.074953012168407
3,4,06/09/2026,Frosinone,Venezia,90,Frosinone,2801,True,1409,Matteo Cichella,1493209,M,54,Filip Stanković,74,Venezia,1409,20.4,61.8,21,21,1,regular,strongFoot,0,0.040463391691446
3,4,06/09/2026,Frosinone,Venezia,90,Venezia,2688,False,1409,Matias Moreno,1496360,D,31,Lorenzo Palmisani,68,Frosinone,1409,6.9,49.3,6,3,-1,corner,head,0,0.11210139840841
3,5,06/09/2026,Parma,Monza,3,Parma,2690,True,1411,Diego Carlos,604232,D,47,Demba Thiam,72,Monza,1409,14.7,55.0,15,13,0,set-piece,weakFoot,0,0.037742074579
3,5,06/09/2026,Parma,Monza,11,Monza,2729,False,1409,Dany Mota,838907,F,73,Edoardo Corvi,68,Parma,1411,6.2,50.7,6,4,0,assisted,head,0,0.431057035923
3,5,06/09/2026,Parma,Monza,14,Monza,2729,False,1409,Dany Mota,838907,F,73,Edoardo Corvi,68,Parma,1411,9.8,69.3,16,53,0,assisted,strongFoot,0,0.046590391546488
3,5,06/09/2026,Parma,Monza,18,Parma,2690,True,1411,El Bilal Touré,982615,M,71,Demba Thiam,72,Monza,1409,3.3,53.2,3,33,0,corner,head,0,0.23021975159645
3,5,06/09/2026,Parma,Monza,21,Monza,2729,False,1409,Andrea Carboni,970978,D,36,Edoardo Corvi,68,Parma,1411,4.8,38.8,9,57,0,assisted,head,0,0.060455814003944
3,5,06/09/2026,Parma,Monza,22,Monza,2729,False,1409,Dany Mota,838907,F,73,Edoardo Corvi,68,Parma,1411,7.4,42.4,9,34,0,assisted,strongFoot,0,0.38588681817055
3,5,06/09/2026,Parma,Monza,33,Monza,2729,False,1409,Lorenzo Lucchesi,972567,D,32,Edoardo Corvi,68,Parma,1411,12.1,50.2,12,0,0,corner,head,0,0.017215115949512
3,5,06/09/2026,Parma,Monza,35,Parma,2690,True,1411,Giovanni Fabbian,1067204,M,69,Demba Thiam,72,Monza,1409,10.8,57.6,11,25,0,set-piece,strongFoot,0,0.11049441993237
3,5,06/09/2026,Parma,Monza,36,Monza,2729,False,1409,Omari Forson,1153434,F,59,Edoardo Corvi,68,Parma,1411,13.3,66.2,17,39,0,assisted,strongFoot,0,0.056868962943554
3,5,06/09/2026,Parma,Monza,38,Monza,2729,False,1409,Jay Robinson,1440673,F,65,Edoardo Corvi,68,Parma,1411,20.8,36.0,22,24,0,assisted,strongFoot,1,0.031159337610006
3,5,06/09/2026,Parma,Monza,45,Monza,2729,False,1409,Michael Folorunsho,869795,M,75,Edoardo Corvi,68,Parma,1411,29.3,49.5,29,0,1,set-piece,strongFoot,0,0.012749533168972
3,5,06/09/2026,Parma,Monza,45,Monza,2729,False,1409,Omari Forson,1153434,F,59,Edoardo Corvi,68,Parma,1411,7.4,67.8,14,58,1,fast-break,weakFoot,0,0.042201530188322
3,5,06/09/2026,Parma,Monza,53,Parma,2690,True,1411,Enrico Delprato,928103,D,53,Demba Thiam,72,Monza,1409,7.6,36.4,11,50,-1,assisted,strongFoot,0,0.042799312621355
3,5,06/09/2026,Parma,Monza,58,Monza,2729,False,1409,Andrea Colpani,928122,F,74,Edoardo Corvi,68,Parma,1411,15.4,39.1,17,25,1,assisted,strongFoot,0,0.066808015108109
3,5,06/09/2026,Parma,Monza,60,Parma,2690,True,1411,Simone Lontani,1912962,F,60,Demba Thiam,72,Monza,1409,5.5,38.5,9,54,-1,assisted,strongFoot,0,0.093882136046886
3,5,06/09/2026,Parma,Monza,60,Parma,2690,True,1411,Simone Lontani,1912962,F,60,Demba Thiam,72,Monza,1409,10.6,38.3,13,36,-1,regular,strongFoot,1,0.12669080495834
3,5,06/09/2026,Parma,Monza,63,Monza,2729,False,1409,Eddy Kouadio,1526933,D,30,Edoardo Corvi,68,Parma,1411,6.7,51.6,6,9,0,set-piece,head,0,0.16194193065166
3,5,06/09/2026,Parma,Monza,63,Monza,2729,False,1409,Samuele Birindelli,856729,M,54,Edoardo Corvi,68,Parma,1411,25.3,38.8,26,16,0,set-piece,strongFoot,0,0.017510689795017
3,5,06/09/2026,Parma,Monza,66,Parma,2690,True,1411,El Bilal Touré,982615,M,71,Demba Thiam,72,Monza,1409,11.0,63.2,14,39,0,assisted,strongFoot,0,0.088852867484093
3,5,06/09/2026,Parma,Monza,76,Monza,2729,False,1409,Michael Folorunsho,869795,M,75,Edoardo Corvi,68,Parma,1411,8.6,50.7,8,3,0,assisted,head,0,0.24013932049274
3,5,06/09/2026,Parma,Monza,84,Monza,2729,False,1409,Lorenzo Lucchesi,972567,D,32,Edoardo Corvi,68,Parma,1411,7.3,46.0,7,20,0,corner,head,0,0.090800754725933
3,5,06/09/2026,Parma,Monza,87,Monza,2729,False,1409,Yvan Maye,1479355,D,60,Edoardo Corvi,68,Parma,1411,10.2,53.4,10,12,0,corner,head,0,0.029562454670668
3,5,06/09/2026,Parma,Monza,90,Monza,2729,False,1409,Michael Folorunsho,869795,M,75,Edoardo Corvi,68,Parma,1411,12.9,68.1,17,43,0,assisted,strongFoot,0,0.028426054865122
3,6,06/09/2026,Bologna,Sassuolo,4,Sassuolo,2793,False,1436,Nemanja Matić,44241,M,66,Łukasz Skorupski,78,Bologna,1631,29.9,60.1,30,12,0,assisted,strongFoot,0,0.017639718949795
3,6,06/09/2026,Bologna,Sassuolo,6,Bologna,2685,True,1631,Roberto Piccoli,958982,F,74,Arijanet Murić,74,Sassuolo,1436,14.7,46.6,14,8,0,corner,weakFoot,0,0.063150145113468
3,6,06/09/2026,Bologna,Sassuolo,9,Bologna,2685,True,1631,Abdel Rahim,1120504,D,60,Arijanet Murić,74,Sassuolo,1436,14.9,37.3,17,30,0,regular,weakFoot,0,0.090020202100277
3,6,06/09/2026,Bologna,Sassuolo,9,Bologna,2685,True,1631,Jens Odgaard,826064,M,77,Arijanet Murić,74,Sassuolo,1436,11.7,46.2,11,12,0,assisted,strongFoot,0,0.097642458975315
3,6,06/09/2026,Bologna,Sassuolo,10,Sassuolo,2793,False,1436,Armand Laurienté,932643,F,75,Łukasz Skorupski,78,Bologna,1631,11.7,38.7,13,33,0,assisted,weakFoot,0,0.10527192056179
3,6,06/09/2026,Bologna,Sassuolo,13,Bologna,2685,True,1631,Nicolò Cambiaghi,971005,F,74,Arijanet Murić,74,Sassuolo,1436,19.8,39.1,21,20,0,assisted,weakFoot,0,0.085049770772457
3,6,06/09/2026,Bologna,Sassuolo,13,Bologna,2685,True,1631,Nicolò Cambiaghi,971005,F,74,Arijanet Murić,74,Sassuolo,1436,18.7,54.6,18,9,0,assisted,strongFoot,0,0.073078982532024
3,6,06/09/2026,Bologna,Sassuolo,16,Sassuolo,2793,False,1436,Vasilije Adžić,1149288,M,65,Łukasz Skorupski,78,Bologna,1631,20.9,57.5,21,13,0,throw-in-set-piece,strongFoot,0,0.068476758897305
3,6,06/09/2026,Bologna,Sassuolo,18,Bologna,2685,True,1631,Tommaso Pobega,928796,M,75,Arijanet Murić,74,Sassuolo,1436,18.9,64.0,21,26,0,regular,strongFoot,0,0.040144730359316
3,6,06/09/2026,Bologna,Sassuolo,19,Sassuolo,2793,False,1436,Josh Doig,989276,D,61,Łukasz Skorupski,78,Bologna,1631,13.6,38.9,15,29,0,fast-break,strongFoot,1,0.12130017578602
3,6,06/09/2026,Bologna,Sassuolo,25,Bologna,2685,True,1631,Nicolò Cambiaghi,971005,F,74,Arijanet Murić,74,Sassuolo,1436,22.2,32.7,25,27,-1,regular,strongFoot,0,0.021173294633627
3,6,06/09/2026,Bologna,Sassuolo,26,Bologna,2685,True,1631,Federico Bernardeschi,294597,F,73,Arijanet Murić,74,Sassuolo,1436,11.4,23.5,21,57,-1,corner,strongFoot,0,0.036971282213926
3,6,06/09/2026,Bologna,Sassuolo,26,Bologna,2685,True,1631,Arthur Theate,965778,D,40,Arijanet Murić,74,Sassuolo,1436,24.5,48.4,24,2,-1,corner,strongFoot,0,0.024263456463814
3,6,06/09/2026,Bologna,Sassuolo,33,Bologna,2685,True,1631,Federico Bernardeschi,294597,F,73,Arijanet Murić,74,Sassuolo,1436,28.4,53.2,28,4,-1,regular,strongFoot,0,0.0124282380566
3,6,06/09/2026,Bologna,Sassuolo,36,Sassuolo,2793,False,1436,Armand Laurienté,932643,F,75,Łukasz Skorupski,78,Bologna,1631,27.4,29.1,30,27,1,assisted,strongFoot,0,0.017263378947973
3,6,06/09/2026,Bologna,Sassuolo,38,Sassuolo,2793,False,1436,Kieron Bowie,983601,F,65,Łukasz Skorupski,78,Bologna,1631,10.4,49.3,10,2,1,corner,weakFoot,0,0.050978235900402
3,6,06/09/2026,Bologna,Sassuolo,42,Sassuolo,2793,False,1436,Domenico Berardi,253367,F,79,Łukasz Skorupski,78,Bologna,1631,14.0,85.4,27,59,1,free-kick,strongFoot,0,0.039459567517042
3,6,06/09/2026,Bologna,Sassuolo,45,Bologna,2685,True,1631,Abdel Rahim,1120504,D,60,Arijanet Murić,74,Sassuolo,1436,8.7,48.9,8,4,-1,assisted,head,0,0.16224697232246
3,6,06/09/2026,Bologna,Sassuolo,45,Sassuolo,2793,False,1436,Kieron Bowie,983601,F,65,Łukasz Skorupski,78,Bologna,1631,21.8,63.2,23,22,1,assisted,strongFoot,0,0.020197492092848
3,6,06/09/2026,Bologna,Sassuolo,50,Bologna,2685,True,1631,Roberto Piccoli,958982,F,74,Arijanet Murić,74,Sassuolo,1436,6.9,44.2,7,29,-1,corner,head,1,0.14583413302898
3,6,06/09/2026,Bologna,Sassuolo,56,Sassuolo,2793,False,1436,Vasilije Adžić,1149288,M,65,Łukasz Skorupski,78,Bologna,1631,14.5,59.9,15,24,0,assisted,strongFoot,0,0.046239741146564
3,6,06/09/2026,Bologna,Sassuolo,56,Sassuolo,2793,False,1436,Vasilije Adžić,1149288,M,65,Łukasz Skorupski,78,Bologna,1631,11.5,55.3,12,17,0,regular,strongFoot,1,0.52505248785019
3,6,06/09/2026,Bologna,Sassuolo,57,Bologna,2685,True,1631,Emil Holm,965264,D,60,Arijanet Murić,74,Sassuolo,1436,14.5,57.3,15,18,-1,assisted,weakFoot,0,0.051291178911924
3,6,06/09/2026,Bologna,Sassuolo,58,Sassuolo,2793,False,1436,Armand Laurienté,932643,F,75,Łukasz Skorupski,78,Bologna,1631,13.8,41.8,14,22,1,fast-break,strongFoot,0,0.11688463389874
3,6,06/09/2026,Bologna,Sassuolo,59,Sassuolo,2793,False,1436,Domenico Berardi,253367,F,79,Łukasz Skorupski,78,Bologna,1631,22.3,68.3,25,29,1,corner,strongFoot,0,0.017547857016325
3,6,06/09/2026,Bologna,Sassuolo,62,Bologna,2685,True,1631,Lewis Ferguson,907152,M,77,Arijanet Murić,74,Sassuolo,1436,23.1,34.0,25,25,-1,regular,strongFoot,0,0.031632766127586
3,6,06/09/2026,Bologna,Sassuolo,64,Sassuolo,2793,False,1436,Domenico Berardi,253367,F,79,Łukasz Skorupski,78,Bologna,1631,10.2,60.5,12,34,1,set-piece,strongFoot,0,0.063361816108227
3,6,06/09/2026,Bologna,Sassuolo,64,Sassuolo,2793,False,1436,Simone Cinquegrano,1461516,D,60,Łukasz Skorupski,78,Bologna,1631,13.2,54.8,13,13,1,set-piece,strongFoot,0,0.085709914565086
3,6,06/09/2026,Bologna,Sassuolo,67,Bologna,2685,True,1631,Arthur Theate,965778,D,40,Arijanet Murić,74,Sassuolo,1436,9.2,41.9,10,30,-1,corner,weakFoot,0,0.04423300921917
3,6,06/09/2026,Bologna,Sassuolo,67,Bologna,2685,True,1631,Torbjørn Heggem,933264,D,45,Arijanet Murić,74,Sassuolo,1436,8.8,45.6,9,18,-1,corner,strongFoot,0,0.076752468943596
3,6,06/09/2026,Bologna,Sassuolo,74,Bologna,2685,True,1631,Artem Dovbyk,798820,F,81,Arijanet Murić,74,Sassuolo,1436,9.3,53.2,9,13,-1,assisted,strongFoot,0,0.31977781653404
3,6,06/09/2026,Bologna,Sassuolo,78,Sassuolo,2793,False,1436,Kristian Thorstvedt,924973,M,71,Łukasz Skorupski,78,Bologna,1631,6.3,39.3,9,49,1,assisted,weakFoot,0,0.32859376072884
3,6,06/09/2026,Bologna,Sassuolo,84,Bologna,2685,True,1631,Federico Bernardeschi,294597,F,73,Arijanet Murić,74,Sassuolo,1436,13.8,52.1,13,5,-1,assisted,strongFoot,0,0.085829623043537
3,6,06/09/2026,Bologna,Sassuolo,85,Bologna,2685,True,1631,Roberto Piccoli,958982,F,74,Arijanet Murić,74,Sassuolo,1436,8.2,54.4,8,20,-1,assisted,strongFoot,0,0.12946304678917
3,6,06/09/2026,Bologna,Sassuolo,90,Bologna,2685,True,1631,Marco Libra,1986578,M,60,Arijanet Murić,74,Sassuolo,1436,13.2,39.7,14,27,-1,regular,strongFoot,0,0.081450194120407
3,6,06/09/2026,Bologna,Sassuolo,90,Bologna,2685,True,1631,Artem Dovbyk,798820,F,81,Arijanet Murić,74,Sassuolo,1436,7.2,48.4,7,8,-1,regular,strongFoot,1,0.22177869081497
3,7,06/09/2026,Juventus,AC Milan,2,Juventus,2687,True,1740,Kerim Alajbegović,1425366,M,70,Mike Maignan,87,AC Milan,1688,24.0,59.9,24,15,0,regular,strongFoot,0,0.019866209477186
3,7,06/09/2026,Juventus,AC Milan,4,AC Milan,2692,False,1688,Pervis Estupiñán,805465,M,55,Guglielmo Vicario,81,Juventus,1740,19.5,24.4,26,41,0,regular,strongFoot,0,0.0092497644945979
3,7,06/09/2026,Juventus,AC Milan,12,Juventus,2687,True,1740,Nicolás González,901325,M,74,Mike Maignan,87,AC Milan,1688,22.4,58.5,23,14,0,assisted,strongFoot,0,0.058283481746912
3,7,06/09/2026,Juventus,AC Milan,13,AC Milan,2692,False,1688,Adrien Rabiot,250737,M,78,Guglielmo Vicario,81,Juventus,1740,22.2,43.3,22,11,0,assisted,strongFoot,0,0.047473900020123
3,7,06/09/2026,Juventus,AC Milan,15,Juventus,2687,True,1740,Douglas Luiz,867887,M,75,Mike Maignan,87,AC Milan,1688,27.7,33.8,29,21,0,assisted,strongFoot,0,0.019451340660453
3,7,06/09/2026,Juventus,AC Milan,25,Juventus,2687,True,1740,Francisco Conceição,979222,F,72,Mike Maignan,87,AC Milan,1688,8.5,64.6,13,49,0,assisted,strongFoot,0,0.13013970851898
3,7,06/09/2026,Juventus,AC Milan,25,Juventus,2687,True,1740,Manuel Locatelli,363860,M,69,Mike Maignan,87,AC Milan,1688,5.1,43.8,6,39,0,regular,weakFoot,0,0.52316129207611
3,7,06/09/2026,Juventus,AC Milan,38,Juventus,2687,True,1740,Francisco Conceição,979222,F,72,Mike Maignan,87,AC Milan,1688,11.1,66.2,15,44,0,assisted,strongFoot,0,0.13772870600224
3,7,06/09/2026,Juventus,AC Milan,45,Juventus,2687,True,1740,Kerim Alajbegović,1425366,M,70,Mike Maignan,87,AC Milan,1688,21.6,64.8,23,24,0,corner,strongFoot,0,0.008724863640964
3,7,06/09/2026,Juventus,AC Milan,55,Juventus,2687,True,1740,Francisco Conceição,979222,F,72,Mike Maignan,87,AC Milan,1688,22.7,58.7,23,14,0,fast-break,strongFoot,0,0.051683232188225
3,7,06/09/2026,Juventus,AC Milan,68,AC Milan,2692,False,1688,Alphadjo Cissè,1169409,F,59,Guglielmo Vicario,81,Juventus,1740,10.6,30.6,16,51,0,fast-break,strongFoot,1,0.04927796497941
3,7,06/09/2026,Juventus,AC Milan,84,Juventus,2687,True,1740,Teun Koopmeiners,803033,M,78,Mike Maignan,87,AC Milan,1688,25.0,64.4,26,21,-1,free-kick,strongFoot,0,0.046682208776474
3,7,06/09/2026,Juventus,AC Milan,85,Juventus,2687,True,1740,Nick Woltemade,980623,F,78,Mike Maignan,87,AC Milan,1688,12.0,54.2,12,13,-1,set-piece,weakFoot,0,0.11735233664513
3,7,06/09/2026,Juventus,AC Milan,90,Juventus,2687,True,1740,Randal Kolo Muani,871706,F,77,Mike Maignan,87,AC Milan,1688,4.8,45.8,5,30,-1,assisted,head,0,0.21193638443947
3,7,06/09/2026,Juventus,AC Milan,90,Juventus,2687,True,1740,Manuel Locatelli,363860,M,69,Mike Maignan,87,AC Milan,1688,19.8,50.1,19,0,-1,corner,strongFoot,0,0.04076175019145
3,7,06/09/2026,Juventus,AC Milan,90,Juventus,2687,True,1740,Jérémie Boga,367056,F,70,Mike Maignan,87,AC Milan,1688,19.8,28.4,24,36,-1,assisted,strongFoot,0,0.030109193176031
3,7,06/09/2026,Juventus,AC Milan,90,Juventus,2687,True,1740,Federico Gatti,1128063,D,41,Mike Maignan,87,AC Milan,1688,6.6,50.9,6,5,-1,set-piece,head,1,0.26596793532372
3,8,07/09/2026,Cagliari,Lecce,1,Cagliari,2719,True,1409,Alessandro Romano,1417034,M,61,Wladimiro Falcone,82,Lecce,1377,28.2,41.3,28,11,0,assisted,strongFoot,0,0.018257999792695
3,8,07/09/2026,Cagliari,Lecce,14,Cagliari,2719,True,1409,Daniel Maldini,970928,F,70,Wladimiro Falcone,82,Lecce,1377,5.8,32.5,13,64,0,assisted,strongFoot,0,0.041405249387026
3,8,07/09/2026,Cagliari,Lecce,18,Lecce,2689,False,1377,Joël Monteiro,1065154,M,69,Elia Caprile,78,Cagliari,1409,27.8,63.0,29,17,0,assisted,strongFoot,0,0.020515240728855
3,8,07/09/2026,Cagliari,Lecce,23,Lecce,2689,False,1377,Lassana Coulibaly,804621,M,57,Elia Caprile,78,Cagliari,1409,8.0,55.4,8,24,0,assisted,strongFoot,0,0.10511433333158
3,8,07/09/2026,Cagliari,Lecce,23,Lecce,2689,False,1377,Oumar Ngom,1175854,M,48,Elia Caprile,78,Cagliari,1409,20.1,47.4,20,5,0,corner,strongFoot,0,0.031082106754184
3,8,07/09/2026,Cagliari,Lecce,29,Cagliari,2719,True,1409,Jacopo Fazzini,1012179,M,66,Wladimiro Falcone,82,Lecce,1377,8.9,36.2,12,46,0,fast-break,head,0,0.029347743839025
3,8,07/09/2026,Cagliari,Lecce,29,Cagliari,2719,True,1409,Daniel Maldini,970928,F,70,Wladimiro Falcone,82,Lecce,1377,4.5,48.1,4,16,0,corner,head,1,0.49920910596848
3,8,07/09/2026,Cagliari,Lecce,35,Cagliari,2719,True,1409,Daniel Maldini,970928,F,70,Wladimiro Falcone,82,Lecce,1377,13.2,43.4,13,18,0,regular,weakFoot,0,0.078712664544582
3,8,07/09/2026,Cagliari,Lecce,39,Cagliari,2719,True,1409,Adam Obert,964153,D,54,Wladimiro Falcone,82,Lecce,1377,24.8,39.9,25,15,0,regular,strongFoot,0,0.037591010332108
3,8,07/09/2026,Cagliari,Lecce,42,Lecce,2689,False,1377,Nikola Štulić,1029748,F,72,Elia Caprile,78,Cagliari,1409,11.3,29.5,17,50,0,fast-break,weakFoot,0,0.031364794820547
3,8,07/09/2026,Cagliari,Lecce,43,Lecce,2689,False,1377,Oumar Ngom,1175854,M,48,Elia Caprile,78,Cagliari,1409,28.1,59.1,28,12,0,corner,strongFoot,0,0.0067626335658133
3,8,07/09/2026,Cagliari,Lecce,45,Cagliari,2719,True,1409,Michel Adopo,928777,M,59,Wladimiro Falcone,82,Lecce,1377,18.5,53.0,18,6,0,set-piece,head,0,0.0095283752307296
3,8,07/09/2026,Cagliari,Lecce,45,Lecce,2689,False,1377,Nikola Štulić,1029748,F,72,Elia Caprile,78,Cagliari,1409,19.5,45.6,19,8,0,assisted,weakFoot,0,0.037721775472164
3,8,07/09/2026,Cagliari,Lecce,46,Cagliari,2719,True,1409,Paul Mendy,2049928,F,64,Wladimiro Falcone,82,Lecce,1377,13.0,42.9,13,20,0,assisted,weakFoot,0,0.19628818333149
3,8,07/09/2026,Cagliari,Lecce,47,Cagliari,2719,True,1409,Alessandro Romano,1417034,M,61,Wladimiro Falcone,82,Lecce,1377,15.0,32.9,18,37,0,corner,strongFoot,0,0.010167992673814
3,8,07/09/2026,Cagliari,Lecce,55,Cagliari,2719,True,1409,Jacopo Fazzini,1012179,M,66,Wladimiro Falcone,82,Lecce,1377,7.0,29.1,15,63,0,regular,strongFoot,0,0.065562233328819
3,8,07/09/2026,Cagliari,Lecce,58,Lecce,2689,False,1377,Ivan Ilić,877371,M,71,Elia Caprile,78,Cagliari,1409,22.2,65.0,24,24,0,free-kick,strongFoot,0,0.053855840116739
3,8,07/09/2026,Cagliari,Lecce,59,Cagliari,2719,True,1409,Daniel Maldini,970928,F,70,Wladimiro Falcone,82,Lecce,1377,19.4,50.3,19,0,0,assisted,strongFoot,0,0.0786357447505
3,8,07/09/2026,Cagliari,Lecce,63,Cagliari,2719,True,1409,Daniel Maldini,970928,F,70,Wladimiro Falcone,82,Lecce,1377,20.4,30.7,24,32,0,free-kick,strongFoot,0,0.050316151231527
3,8,07/09/2026,Cagliari,Lecce,64,Cagliari,2719,True,1409,Mattia Felici,975811,F,66,Wladimiro Falcone,82,Lecce,1377,18.9,66.4,21,30,0,regular,strongFoot,0,0.088717631995678
3,8,07/09/2026,Cagliari,Lecce,70,Cagliari,2719,True,1409,Paul Mendy,2049928,F,64,Wladimiro Falcone,82,Lecce,1377,28.4,51.9,28,2,0,assisted,weakFoot,0,0.025111818686128
3,8,07/09/2026,Cagliari,Lecce,75,Cagliari,2719,True,1409,Alieu Fadera,1031548,F,63,Wladimiro Falcone,82,Lecce,1377,16.3,32.1,20,36,0,fast-break,strongFoot,0,0.023624332621694
3,8,07/09/2026,Cagliari,Lecce,80,Cagliari,2719,True,1409,Alieu Fadera,1031548,F,63,Wladimiro Falcone,82,Lecce,1377,10.8,28.2,18,53,0,regular,weakFoot,0,0.053711973130703
3,8,07/09/2026,Cagliari,Lecce,82,Cagliari,2719,True,1409,Alessandro Sugamele,1861673,F,60,Wladimiro Falcone,82,Lecce,1377,11.9,30.1,18,48,0,fast-break,strongFoot,0,0.085943065583706
3,8,07/09/2026,Cagliari,Lecce,83,Cagliari,2719,True,1409,Raphael Kofler,1392774,D,50,Wladimiro Falcone,82,Lecce,1377,10.9,59.8,12,31,0,corner,strongFoot,0,0.057795792818069
3,8,07/09/2026,Cagliari,Lecce,83,Cagliari,2719,True,1409,Harry Winks,545780,M,59,Wladimiro Falcone,82,Lecce,1377,20.7,67.1,23,29,0,corner,strongFoot,0,0.013677924871445
3,8,07/09/2026,Cagliari,Lecce,84,Lecce,2689,False,1377,Amar Fatah,1157829,F,52,Elia Caprile,78,Cagliari,1409,27.1,40.3,27,13,0,assisted,strongFoot,0,0.018524348735809
3,8,07/09/2026,Cagliari,Lecce,84,Cagliari,2719,True,1409,Michel Adopo,928777,M,59,Wladimiro Falcone,82,Lecce,1377,13.0,63.6,15,35,0,fast-break,strongFoot,0,0.1416057497263
3,8,07/09/2026,Cagliari,Lecce,86,Lecce,2689,False,1377,Medon Berisha,1142149,M,58,Elia Caprile,78,Cagliari,1409,11.3,26.2,19,55,0,assisted,weakFoot,0,0.026612844318151
3,8,07/09/2026,Cagliari,Lecce,90,Lecce,2689,False,1377,Jamil Siebert,1014287,D,32,Elia Caprile,78,Cagliari,1409,6.1,44.4,7,31,0,set-piece,strongFoot,0,0.17237991094589
3,9,07/09/2026,Udinese,Lazio,5,Lazio,2699,False,1635,Nuno Tavares,944973,D,66,Maduka Okoye,74,Udinese,1464,11.3,43.2,12,22,0,corner,head,0,0.022332785651088
3,9,07/09/2026,Udinese,Lazio,8,Udinese,2695,True,1464,Unai Gómez,1391375,M,67,Christos Mandas,74,Lazio,1635,27.8,50.1,27,0,0,fast-break,strongFoot,0,0.030391117557883
3,9,07/09/2026,Udinese,Lazio,11,Udinese,2695,True,1464,Keinan Davis,830858,F,72,Christos Mandas,74,Lazio,1635,12.6,61.5,14,31,0,assisted,strongFoot,0,0.098631858825684
3,9,07/09/2026,Udinese,Lazio,11,Udinese,2695,True,1464,Hassane Kamara,351434,M,60,Christos Mandas,74,Lazio,1635,10.5,37.8,13,38,0,regular,strongFoot,0,0.10940555483103
3,9,07/09/2026,Udinese,Lazio,14,Lazio,2699,False,1635,Mattia Zaccagni,293581,F,77,Maduka Okoye,74,Udinese,1464,19.2,31.2,23,33,0,free-kick,strongFoot,0,0.062086056917906
3,9,07/09/2026,Udinese,Lazio,16,Lazio,2699,False,1635,Gustav Isaksen,976381,F,71,Maduka Okoye,74,Udinese,1464,8.8,54.7,9,19,0,assisted,head,0,0.064039416611195
3,9,07/09/2026,Udinese,Lazio,36,Udinese,2695,True,1464,Jürgen Ekkelenkamp,904887,M,68,Christos Mandas,74,Lazio,1635,22.9,29.9,26,30,0,assisted,strongFoot,0,0.029636915773153
3,9,07/09/2026,Udinese,Lazio,39,Udinese,2695,True,1464,Hassane Kamara,351434,M,60,Christos Mandas,74,Lazio,1635,31.5,31.5,33,21,0,fast-break,strongFoot,0,0.027147216722369
3,9,07/09/2026,Udinese,Lazio,40,Udinese,2695,True,1464,Keinan Davis,830858,F,72,Christos Mandas,74,Lazio,1635,9.2,49.9,9,0,0,assisted,head,0,0.064118564128876
3,9,07/09/2026,Udinese,Lazio,43,Lazio,2699,False,1635,Nuno Tavares,944973,D,66,Maduka Okoye,74,Udinese,1464,19.2,54.2,19,8,0,assisted,weakFoot,0,0.032007575035095
3,9,07/09/2026,Udinese,Lazio,49,Udinese,2695,True,1464,Jesper Karlström,227894,M,59,Christos Mandas,74,Lazio,1635,6.5,64.0,11,55,0,assisted,strongFoot,1,0.30700567364693
3,9,07/09/2026,Udinese,Lazio,56,Udinese,2695,True,1464,Keinan Davis,830858,F,72,Christos Mandas,74,Lazio,1635,10.7,54.3,11,15,1,fast-break,strongFoot,0,0.15096411108971
3,9,07/09/2026,Udinese,Lazio,56,Lazio,2699,False,1635,Kenneth Taylor,959806,M,76,Maduka Okoye,74,Udinese,1464,21.9,40.3,22,16,-1,assisted,strongFoot,0,0.035058718174696
3,9,07/09/2026,Udinese,Lazio,62,Lazio,2699,False,1635,Davide Frattesi,835600,M,75,Maduka Okoye,74,Udinese,1464,18.4,62.0,20,23,-1,assisted,weakFoot,0,0.031680747866631
3,9,07/09/2026,Udinese,Lazio,63,Lazio,2699,False,1635,Oliver Provstgaard,1160559,D,38,Maduka Okoye,74,Udinese,1464,10.9,60.6,13,33,-1,assisted,weakFoot,0,0.14885054528713
3,9,07/09/2026,Udinese,Lazio,63,Lazio,2699,False,1635,Mattia Zaccagni,293581,F,77,Maduka Okoye,74,Udinese,1464,3.3,44.2,5,50,-1,assisted,head,0,0.25564357638359
3,9,07/09/2026,Udinese,Lazio,64,Lazio,2699,False,1635,Danilho Doekhi,830803,D,41,Maduka Okoye,74,Udinese,1464,9.2,53.3,9,13,-1,corner,head,0,0.046340238302946
3,9,07/09/2026,Udinese,Lazio,65,Lazio,2699,False,1635,Tijjani Noslin,1069244,F,73,Maduka Okoye,74,Udinese,1464,25.4,43.8,25,9,-1,assisted,strongFoot,0,0.042116496711969
3,9,07/09/2026,Udinese,Lazio,67,Lazio,2699,False,1635,Mattia Zaccagni,293581,F,77,Maduka Okoye,74,Udinese,1464,15.1,35.6,17,32,-1,set-piece,weakFoot,0,0.030353747308254
3,9,07/09/2026,Udinese,Lazio,73,Udinese,2695,True,1464,Jürgen Ekkelenkamp,904887,M,68,Christos Mandas,74,Lazio,1635,10.4,29.3,17,53,1,assisted,strongFoot,0,0.028620731085539
3,9,07/09/2026,Udinese,Lazio,73,Lazio,2699,False,1635,Davide Frattesi,835600,M,75,Maduka Okoye,74,Udinese,1464,10.0,32.4,15,50,-1,fast-break,strongFoot,0,0.085582166910172
3,9,07/09/2026,Udinese,Lazio,73,Lazio,2699,False,1635,Matteo Cancellieri,1017649,F,72,Maduka Okoye,74,Udinese,1464,13.8,58.5,14,22,-1,fast-break,strongFoot,0,0.15061928331852
3,9,07/09/2026,Udinese,Lazio,75,Lazio,2699,False,1635,Davide Frattesi,835600,M,75,Maduka Okoye,74,Udinese,1464,3.7,45.7,4,38,-1,assisted,strongFoot,1,0.58253842592239
3,9,07/09/2026,Udinese,Lazio,82,Lazio,2699,False,1635,Kenneth Taylor,959806,M,76,Maduka Okoye,74,Udinese,1464,26.0,50.0,26,0,0,assisted,strongFoot,0,0.024788590148091
3,9,07/09/2026,Udinese,Lazio,87,Lazio,2699,False,1635,Mattia Zaccagni,293581,F,77,Maduka Okoye,74,Udinese,1464,21.4,48.1,21,3,0,regular,strongFoot,0,0.039655670523643
3,9,07/09/2026,Udinese,Lazio,88,Lazio,2699,False,1635,Albert Guðmundsson,804909,F,77,Maduka Okoye,74,Udinese,1464,10.5,45.8,10,15,0,assisted,head,1,0.052513014525175
3,9,07/09/2026,Udinese,Lazio,90,Udinese,2695,True,1464,Hassane Kamara,351434,M,60,Christos Mandas,74,Lazio,1635,30.9,39.1,31,13,-1,assisted,strongFoot,0,0.011169901117682
3,9,07/09/2026,Udinese,Lazio,90,Lazio,2699,False,1635,Albert Guðmundsson,804909,F,77,Maduka Okoye,74,Udinese,1464,19.5,63.4,21,25,1,fast-break,strongFoot,0,0.10756660997868
3,9,07/09/2026,Udinese,Lazio,90,Lazio,2699,False,1635,Matteo Cancellieri,1017649,F,72,Maduka Okoye,74,Udinese,1464,23.5,60.7,24,17,1,assisted,strongFoot,0,0.019248526543379
4,0,11/09/2026,Venezia,Fiorentina,2,Fiorentina,2693,False,1558,Franco Mastantuono,1403559,F,70,Filip Stanković,74,Venezia,1409,5.7,69.7,14,66,0,assisted,weakFoot,0,0.029965618625283
4,0,11/09/2026,Venezia,Fiorentina,8,Venezia,2688,True,1409,John Yeboah,879802,F,67,David De Gea,84,Fiorentina,1558,8.6,48.8,8,5,0,set-piece,head,0,0.10620223730803
4,0,11/09/2026,Venezia,Fiorentina,10,Fiorentina,2693,False,1558,Franco Mastantuono,1403559,F,70,Filip Stanković,74,Venezia,1409,8.9,59.3,10,35,0,assisted,strongFoot,0,0.090777702629566
4,0,11/09/2026,Venezia,Fiorentina,12,Fiorentina,2693,False,1558,Beto,987489,F,76,Filip Stanković,74,Venezia,1409,4.2,48.1,4,17,0,assisted,strongFoot,0,0.29394668340683
4,0,11/09/2026,Venezia,Fiorentina,16,Fiorentina,2693,False,1558,Cher Ndour,1114422,M,63,Filip Stanković,74,Venezia,1409,2.9,65.5,10,74,0,fast-break,strongFoot,0,0.040578044950962
4,0,11/09/2026,Venezia,Fiorentina,18,Fiorentina,2693,False,1558,Beto,987489,F,76,Filip Stanković,74,Venezia,1409,8.5,49.7,8,1,0,assisted,strongFoot,0,0.45413199067116
4,0,11/09/2026,Venezia,Fiorentina,19,Fiorentina,2693,False,1558,Álex Jiménez,1184308,D,53,Filip Stanković,74,Venezia,1409,8.3,67.0,14,54,0,assisted,strongFoot,0,0.099094100296497
4,0,11/09/2026,Venezia,Fiorentina,22,Venezia,2688,True,1409,Akor Adams,946381,F,76,David De Gea,84,Fiorentina,1558,14.8,64.4,17,33,0,fast-break,strongFoot,1,0.045311123132706
4,0,11/09/2026,Venezia,Fiorentina,27,Fiorentina,2693,False,1558,Alieu Njie,1493157,F,64,Filip Stanković,74,Venezia,1409,11.5,30.1,17,49,-1,assisted,weakFoot,0,0.043749812990427
4,0,11/09/2026,Venezia,Fiorentina,29,Fiorentina,2693,False,1558,Franco Mastantuono,1403559,F,70,Filip Stanković,74,Venezia,1409,19.5,71.1,24,36,-1,assisted,strongFoot,1,0.013936033472419
4,0,11/09/2026,Venezia,Fiorentina,30,Fiorentina,2693,False,1558,Franco Mastantuono,1403559,F,70,Filip Stanković,74,Venezia,1409,19.4,64.2,21,26,0,assisted,strongFoot,1,0.061223980039358
4,0,11/09/2026,Venezia,Fiorentina,34,Fiorentina,2693,False,1558,Alieu Njie,1493157,F,64,Filip Stanković,74,Venezia,1409,5.1,68.1,13,67,1,assisted,strongFoot,0,0.10358845442533
4,0,11/09/2026,Venezia,Fiorentina,42,Fiorentina,2693,False,1558,Alieu Njie,1493157,F,64,Filip Stanković,74,Venezia,1409,18.5,52.9,18,6,1,assisted,strongFoot,0,0.36724165081978
4,0,11/09/2026,Venezia,Fiorentina,45,Venezia,2688,True,1409,Akor Adams,946381,F,76,David De Gea,84,Fiorentina,1558,4.8,34.0,11,66,-1,corner,head,0,0.009681117720902
4,0,11/09/2026,Venezia,Fiorentina,51,Fiorentina,2693,False,1558,Beto,987489,F,76,Filip Stanković,74,Venezia,1409,12.8,53.4,13,10,1,regular,weakFoot,0,0.18473945558071
4,0,11/09/2026,Venezia,Fiorentina,51,Fiorentina,2693,False,1558,Franco Mastantuono,1403559,F,70,Filip Stanković,74,Venezia,1409,14.2,53.6,14,9,1,regular,strongFoot,0,0.10771557688713
4,0,11/09/2026,Venezia,Fiorentina,52,Fiorentina,2693,False,1558,Nicolò Fagioli,901850,M,64,Filip Stanković,74,Venezia,1409,22.2,48.2,22,3,1,assisted,weakFoot,0,0.078497596085072
4,0,11/09/2026,Venezia,Fiorentina,56,Venezia,2688,True,1409,Richie Sagrado,1198069,M,51,David De Gea,84,Fiorentina,1558,13.9,31.1,18,42,-1,assisted,strongFoot,0,0.036465130746365
4,0,11/09/2026,Venezia,Fiorentina,59,Venezia,2688,True,1409,Akor Adams,946381,F,76,David De Gea,84,Fiorentina,1558,6.6,37.4,10,52,-1,assisted,weakFoot,0,0.06292774528265
4,0,11/09/2026,Venezia,Fiorentina,59,Venezia,2688,True,1409,John Yeboah,879802,F,67,David De Gea,84,Fiorentina,1558,16.5,64.7,19,31,-1,assisted,strongFoot,0,0.065811321139336
4,0,11/09/2026,Venezia,Fiorentina,64,Venezia,2688,True,1409,Kike Pérez,857178,M,63,David De Gea,84,Fiorentina,1558,27.1,62.8,28,17,-1,assisted,strongFoot,0,0.017384378239512
4,0,11/09/2026,Venezia,Fiorentina,66,Fiorentina,2693,False,1558,Mateo Pellegrino,1099296,F,68,Filip Stanković,74,Venezia,1409,14.3,38.5,16,28,1,fast-break,strongFoot,1,0.39592885971069
4,0,11/09/2026,Venezia,Fiorentina,70,Fiorentina,2693,False,1558,Franco Mastantuono,1403559,F,70,Filip Stanković,74,Venezia,1409,10.5,68.6,16,50,2,assisted,strongFoot,0,0.043429005891085
4,0,11/09/2026,Venezia,Fiorentina,71,Fiorentina,2693,False,1558,Luca Ranieri,893998,D,40,Filip Stanković,74,Venezia,1409,8.4,43.2,9,28,2,corner,head,0,0.039025843143463
4,0,11/09/2026,Venezia,Fiorentina,76,Venezia,2688,True,1409,Þórir Jóhann Helgason,886628,M,64,David De Gea,84,Fiorentina,1558,25.6,30.7,28,27,-2,assisted,strongFoot,0,0.015181247144938
4,0,11/09/2026,Venezia,Fiorentina,77,Venezia,2688,True,1409,Akor Adams,946381,F,76,David De Gea,84,Fiorentina,1558,14.4,37.2,16,31,-2,assisted,weakFoot,0,0.035282585769892
4,0,11/09/2026,Venezia,Fiorentina,84,Fiorentina,2693,False,1558,Franco Mastantuono,1403559,F,70,Filip Stanković,74,Venezia,1409,4.9,53.0,5,22,2,regular,head,1,0.71823334693909
4,0,11/09/2026,Venezia,Fiorentina,84,Fiorentina,2693,False,1558,Franco Mastantuono,1403559,F,70,Filip Stanković,74,Venezia,1409,8.9,53.0,9,12,3,assisted,strongFoot,0,0.52109962701797
4,0,11/09/2026,Venezia,Fiorentina,86,Venezia,2688,True,1409,Antoine Hainaut,1394202,M,55,David De Gea,84,Fiorentina,1558,10.2,64.6,14,44,-3,assisted,strongFoot,1,0.091442778706551
4,1,12/09/2026,Genoa,Frosinone,2,Genoa,2713,True,1443,Kingsley Ehizibue,609206,M,55,Lorenzo Palmisani,68,Frosinone,1409,28.2,50.9,28,1,0,corner,strongFoot,0,0.0094000594690442
4,1,12/09/2026,Genoa,Frosinone,14,Frosinone,2801,False,1409,Giorgi Kvernadze,1140001,F,62,Justin Bijlow,75,Genoa,1443,11.2,46.8,11,10,0,assisted,strongFoot,1,0.28615143895149
4,1,12/09/2026,Genoa,Frosinone,18,Genoa,2713,True,1443,Kingsley Ehizibue,609206,M,55,Lorenzo Palmisani,68,Frosinone,1409,13.9,68.7,18,42,-1,regular,strongFoot,0,0.040556877851486
4,1,12/09/2026,Genoa,Frosinone,22,Genoa,2713,True,1443,Tommaso Baldanzi,1012172,M,71,Lorenzo Palmisani,68,Frosinone,1409,10.2,57.9,11,27,-1,assisted,strongFoot,0,0.39687395095825
4,1,12/09/2026,Genoa,Frosinone,23,Genoa,2713,True,1443,Leo Østigård,879746,D,37,Lorenzo Palmisani,68,Frosinone,1409,8.2,53.4,8,15,-1,corner,head,0,0.068961538374424
4,1,12/09/2026,Genoa,Frosinone,26,Genoa,2713,True,1443,Leo Østigård,879746,D,37,Lorenzo Palmisani,68,Frosinone,1409,8.5,67.9,14,55,-1,set-piece,head,0,0.026704739779234
4,1,12/09/2026,Genoa,Frosinone,32,Frosinone,2801,False,1409,Giacomo Calò,839487,M,54,Justin Bijlow,75,Genoa,1443,30.0,48.4,30,2,1,free-kick,strongFoot,0,0.033667862415314
4,1,12/09/2026,Genoa,Frosinone,33,Frosinone,2801,False,1409,Patrizio Masini,970998,M,56,Justin Bijlow,75,Genoa,1443,31.9,53.4,31,4,1,regular,strongFoot,0,0.015411869622767
4,1,12/09/2026,Genoa,Frosinone,36,Genoa,2713,True,1443,Kingsley Ehizibue,609206,M,55,Lorenzo Palmisani,68,Frosinone,1409,14.7,73.4,21,47,-1,assisted,strongFoot,0,0.030419776216149
4,1,12/09/2026,Genoa,Frosinone,37,Genoa,2713,True,1443,Milutin Osmajić,928047,F,72,Lorenzo Palmisani,68,Frosinone,1409,9.4,59.6,11,34,-1,assisted,strongFoot,0,0.07463500648737
4,1,12/09/2026,Genoa,Frosinone,38,Frosinone,2801,False,1409,Giacomo Calò,839487,M,54,Justin Bijlow,75,Genoa,1443,21.0,27.9,25,35,1,assisted,strongFoot,0,0.023702632635832
4,1,12/09/2026,Genoa,Frosinone,42,Genoa,2713,True,1443,Tommaso Baldanzi,1012172,M,71,Lorenzo Palmisani,68,Frosinone,1409,22.4,60.3,23,17,-1,assisted,strongFoot,0,0.034821726381779
4,1,12/09/2026,Genoa,Frosinone,45,Genoa,2713,True,1443,Lorenzo Colombo,930191,F,74,Lorenzo Palmisani,68,Frosinone,1409,11.5,50.0,11,0,-1,penalty,strongFoot,0,0.7884
4,1,12/09/2026,Genoa,Frosinone,48,Frosinone,2801,False,1409,Antonio Raimondo,1121578,F,68,Justin Bijlow,75,Genoa,1443,10.4,44.5,11,19,1,fast-break,weakFoot,0,0.1492178440094
4,1,12/09/2026,Genoa,Frosinone,48,Frosinone,2801,False,1409,Farès Ghedjemis,1445228,F,68,Justin Bijlow,75,Genoa,1443,16.0,52.3,16,5,1,fast-break,strongFoot,0,0.19839665293694
4,1,12/09/2026,Genoa,Frosinone,49,Frosinone,2801,False,1409,Gabriele Calvani,1425050,D,33,Justin Bijlow,75,Genoa,1443,13.3,56.2,13,17,1,set-piece,strongFoot,0,0.087261743843555
4,1,12/09/2026,Genoa,Frosinone,50,Genoa,2713,True,1443,Johan Vásquez,889785,D,32,Lorenzo Palmisani,68,Frosinone,1409,11.0,59.3,12,29,-1,corner,weakFoot,1,0.10022360831499
4,1,12/09/2026,Genoa,Frosinone,55,Frosinone,2801,False,1409,Farès Ghedjemis,1445228,F,68,Justin Bijlow,75,Genoa,1443,14.8,75.1,22,49,0,assisted,strongFoot,0,0.024243984371424
4,1,12/09/2026,Genoa,Frosinone,62,Genoa,2713,True,1443,Junior Messias,888219,F,72,Lorenzo Palmisani,68,Frosinone,1409,22.5,74.4,27,36,0,free-kick,strongFoot,0,0.035369522869587
4,1,12/09/2026,Genoa,Frosinone,63,Genoa,2713,True,1443,Junior Messias,888219,F,72,Lorenzo Palmisani,68,Frosinone,1409,14.8,67.1,18,38,0,corner,strongFoot,0,0.028728118166327
4,1,12/09/2026,Genoa,Frosinone,64,Frosinone,2801,False,1409,Anthony Oyono,1106257,D,36,Justin Bijlow,75,Genoa,1443,13.6,32.5,18,41,0,assisted,strongFoot,0,0.032801061868668
4,1,12/09/2026,Genoa,Frosinone,65,Frosinone,2801,False,1409,Giorgi Kvernadze,1140001,F,62,Justin Bijlow,75,Genoa,1443,10.2,33.8,15,47,0,corner,strongFoot,0,0.053646359592676
4,1,12/09/2026,Genoa,Frosinone,66,Frosinone,2801,False,1409,Anthony Oyono,1106257,D,36,Justin Bijlow,75,Genoa,1443,12.5,62.4,15,34,0,corner,strongFoot,0,0.053622167557478
4,1,12/09/2026,Genoa,Frosinone,69,Genoa,2713,True,1443,Johan Vásquez,889785,D,32,Lorenzo Palmisani,68,Frosinone,1409,8.6,27.0,17,61,0,assisted,strongFoot,0,0.026887377724051
4,1,12/09/2026,Genoa,Frosinone,70,Genoa,2713,True,1443,Lorenzo Colombo,930191,F,74,Lorenzo Palmisani,68,Frosinone,1409,26.7,45.5,26,6,0,assisted,strongFoot,0,0.019380256533623
4,1,12/09/2026,Genoa,Frosinone,73,Frosinone,2801,False,1409,Luis Hasa,1082407,M,61,Justin Bijlow,75,Genoa,1443,21.3,70.3,25,32,0,assisted,strongFoot,0,0.042866308242083
4,1,12/09/2026,Genoa,Frosinone,73,Frosinone,2801,False,1409,Patrizio Masini,970998,M,56,Justin Bijlow,75,Genoa,1443,24.8,52.6,24,4,0,corner,strongFoot,0,0.024590689688921
4,1,12/09/2026,Genoa,Frosinone,75,Frosinone,2801,False,1409,Patrizio Masini,970998,M,56,Justin Bijlow,75,Genoa,1443,30.2,39.5,31,13,0,corner,strongFoot,0,0.015883382409811
4,1,12/09/2026,Genoa,Frosinone,75,Frosinone,2801,False,1409,Ilario Monterisi,1009363,D,32,Justin Bijlow,75,Genoa,1443,8.2,50.7,8,3,0,corner,head,0,0.071248479187489
4,1,12/09/2026,Genoa,Frosinone,78,Frosinone,2801,False,1409,Anthony Oyono,1106257,D,36,Justin Bijlow,75,Genoa,1443,28.1,50.3,28,0,0,assisted,strongFoot,0,0.034553121775389
4,1,12/09/2026,Genoa,Frosinone,79,Frosinone,2801,False,1409,Luis Hasa,1082407,M,61,Justin Bijlow,75,Genoa,1443,15.1,46.5,15,8,0,assisted,weakFoot,0,0.11429435759783
4,1,12/09/2026,Genoa,Frosinone,81,Genoa,2713,True,1443,Vitinha,1093695,F,73,Lorenzo Palmisani,68,Frosinone,1409,12.5,42.5,13,22,0,fast-break,strongFoot,0,0.14094740152359
4,1,12/09/2026,Genoa,Frosinone,82,Genoa,2713,True,1443,Franz-Ethan Meichtry,1819079,M,60,Lorenzo Palmisani,68,Frosinone,1409,19.1,53.6,19,7,0,throw-in-set-piece,strongFoot,0,0.037721775472164
4,1,12/09/2026,Genoa,Frosinone,83,Genoa,2713,True,1443,Junior Messias,888219,F,72,Lorenzo Palmisani,68,Frosinone,1409,12.5,46.8,12,9,0,corner,head,0,0.01651399768889
4,1,12/09/2026,Genoa,Frosinone,84,Frosinone,2801,False,1409,Giacomo Calò,839487,M,54,Justin Bijlow,75,Genoa,1443,16.4,51.7,16,4,0,assisted,strongFoot,0,0.073982626199722
4,1,12/09/2026,Genoa,Frosinone,85,Frosinone,2801,False,1409,Giacomo Calò,839487,M,54,Justin Bijlow,75,Genoa,1443,17.7,45.3,17,10,0,fast-break,weakFoot,0,0.1375128775835
4,1,12/09/2026,Genoa,Frosinone,89,Frosinone,2801,False,1409,Alessio Zerbin,869888,M,66,Justin Bijlow,75,Genoa,1443,25.3,45.8,25,6,0,assisted,strongFoot,0,0.025293581187725
4,1,12/09/2026,Genoa,Frosinone,90,Frosinone,2801,False,1409,Gabriele Bracaglia,1394498,D,38,Justin Bijlow,75,Genoa,1443,20.0,43.3,20,12,0,assisted,strongFoot,0,0.057620923966169
4,1,12/09/2026,Genoa,Frosinone,90,Frosinone,2801,False,1409,Gabriele Bracaglia,1394498,D,38,Justin Bijlow,75,Genoa,1443,7.8,54.7,8,22,0,corner,head,0,0.071549154818058
4,1,12/09/2026,Genoa,Frosinone,90,Frosinone,2801,False,1409,Giacomo Calò,839487,M,54,Justin Bijlow,75,Genoa,1443,16.2,58.1,17,18,0,assisted,strongFoot,0,0.076260842382908
4,1,12/09/2026,Genoa,Frosinone,90,Frosinone,2801,False,1409,Luis Hasa,1082407,M,61,Justin Bijlow,75,Genoa,1443,24.0,34.2,26,24,0,corner,weakFoot,0,0.025596169754863
4,1,12/09/2026,Genoa,Frosinone,90,Frosinone,2801,False,1409,Alessio Zerbin,869888,M,66,Justin Bijlow,75,Genoa,1443,10.1,49.9,10,0,0,assisted,head,0,0.05838418006897
4,1,12/09/2026,Genoa,Frosinone,90,Frosinone,2801,False,1409,Tomáš Bobček,918481,F,68,Justin Bijlow,75,Genoa,1443,3.4,59.1,7,61,0,corner,head,0,0.14290155470371
4,2,12/09/2026,Lazio,AC Milan,3,AC Milan,2692,False,1688,Samuel Chukwueze,822470,F,73,Christos Mandas,74,Lazio,1635,13.0,58.7,14,24,0,corner,head,0,0.014889386482537
4,2,12/09/2026,Lazio,AC Milan,5,Lazio,2699,True,1635,Mattia Zaccagni,293581,F,77,Mike Maignan,87,AC Milan,1688,5.7,31.9,13,65,0,assisted,strongFoot,0,0.10600670427084
4,2,12/09/2026,Lazio,AC Milan,7,Lazio,2699,True,1635,Tijjani Noslin,1069244,F,73,Mike Maignan,87,AC Milan,1688,13.3,51.9,13,5,0,assisted,weakFoot,0,0.23155930638313
4,2,12/09/2026,Lazio,AC Milan,10,Lazio,2699,True,1635,Matteo Cancellieri,1017649,F,72,Mike Maignan,87,AC Milan,1688,3.6,57.7,6,55,0,assisted,strongFoot,1,0.23786748945713
4,2,12/09/2026,Lazio,AC Milan,16,AC Milan,2692,False,1688,Samuel Chukwueze,822470,F,73,Christos Mandas,74,Lazio,1635,20.1,63.2,22,24,-1,assisted,strongFoot,0,0.020985944196582
4,2,12/09/2026,Lazio,AC Milan,20,AC Milan,2692,False,1688,Pervis Estupiñán,805465,M,55,Christos Mandas,74,Lazio,1635,27.9,58.7,28,11,-1,corner,strongFoot,0,0.019698221236467
4,2,12/09/2026,Lazio,AC Milan,21,Lazio,2699,True,1635,Mattia Zaccagni,293581,F,77,Mike Maignan,87,AC Milan,1688,8.0,43.8,9,27,1,assisted,strongFoot,0,0.53145182132721
4,2,12/09/2026,Lazio,AC Milan,29,Lazio,2699,True,1635,Davide Frattesi,835600,M,75,Mike Maignan,87,AC Milan,1688,8.0,34.8,13,52,1,regular,weakFoot,0,0.072881586849689
4,2,12/09/2026,Lazio,AC Milan,33,Lazio,2699,True,1635,Davide Frattesi,835600,M,75,Mike Maignan,87,AC Milan,1688,4.6,34.6,11,66,1,assisted,strongFoot,0,0.10486936569214
4,2,12/09/2026,Lazio,AC Milan,38,AC Milan,2692,False,1688,Strahinja Pavlović,965893,D,42,Christos Mandas,74,Lazio,1635,10.1,49.5,10,1,-1,assisted,head,0,0.055710889399052
4,2,12/09/2026,Lazio,AC Milan,39,Lazio,2699,True,1635,Tijjani Noslin,1069244,F,73,Mike Maignan,87,AC Milan,1688,2.0,46.0,3,53,1,regular,head,1,0.71189177036285
4,2,12/09/2026,Lazio,AC Milan,44,AC Milan,2692,False,1688,Ruben Loftus-Cheek,284441,M,74,Christos Mandas,74,Lazio,1635,25.6,57.3,26,10,-2,assisted,strongFoot,0,0.024372208863497
4,2,12/09/2026,Lazio,AC Milan,45,AC Milan,2692,False,1688,Gonçalo Ramos,934510,F,78,Christos Mandas,74,Lazio,1635,4.8,40.5,8,53,-2,corner,head,0,0.089675769209862
4,2,12/09/2026,Lazio,AC Milan,45,AC Milan,2692,False,1688,Mario Gila,965828,D,53,Christos Mandas,74,Lazio,1635,3.5,51.9,3,20,-2,corner,strongFoot,0,0.3079668879509
4,2,12/09/2026,Lazio,AC Milan,51,AC Milan,2692,False,1688,Diego Moreira,1142233,M,66,Christos Mandas,74,Lazio,1635,14.4,25.6,21,49,-2,assisted,weakFoot,0,0.01717253960669
4,2,12/09/2026,Lazio,AC Milan,56,AC Milan,2692,False,1688,Samuel Chukwueze,822470,F,73,Christos Mandas,74,Lazio,1635,12.9,58.5,14,24,-2,assisted,strongFoot,0,0.1005782186985
4,2,12/09/2026,Lazio,AC Milan,57,AC Milan,2692,False,1688,Strahinja Pavlović,965893,D,42,Christos Mandas,74,Lazio,1635,6.7,44.0,7,31,-2,assisted,head,0,0.16875971853733
4,2,12/09/2026,Lazio,AC Milan,60,AC Milan,2692,False,1688,Christian Pulišić,817957,F,82,Christos Mandas,74,Lazio,1635,11.6,66.2,15,43,-2,fast-break,strongFoot,0,0.073633536696434
4,2,12/09/2026,Lazio,AC Milan,65,AC Milan,2692,False,1688,Diego Moreira,1142233,M,66,Christos Mandas,74,Lazio,1635,4.1,34.4,11,68,-2,assisted,strongFoot,1,0.07656541466713
4,2,12/09/2026,Lazio,AC Milan,67,AC Milan,2692,False,1688,Diego Moreira,1142233,M,66,Christos Mandas,74,Lazio,1635,17.6,42.5,18,16,-1,assisted,strongFoot,1,0.1121531650424
4,2,12/09/2026,Lazio,AC Milan,75,Lazio,2699,True,1635,Mattia Zaccagni,293581,F,77,Mike Maignan,87,AC Milan,1688,30.6,48.1,30,2,0,assisted,strongFoot,0,0.017709860578179
4,2,12/09/2026,Lazio,AC Milan,77,AC Milan,2692,False,1688,Alphadjo Cissè,1169409,F,59,Christos Mandas,74,Lazio,1635,6.6,31.5,14,62,0,assisted,strongFoot,0,0.086584106087685
4,2,12/09/2026,Lazio,AC Milan,80,AC Milan,2692,False,1688,Diego Moreira,1142233,M,66,Christos Mandas,74,Lazio,1635,3.2,33.1,11,74,0,assisted,strongFoot,0,0.068287372589111
4,2,12/09/2026,Lazio,AC Milan,90,AC Milan,2692,False,1688,Omari Hutchinson,1090963,M,72,Christos Mandas,74,Lazio,1635,28.8,49.1,28,1,0,set-piece,strongFoot,0,0.013970133848488
4,3,12/09/2026,Atalanta,Cagliari,6,Atalanta,2686,True,1676,Gianluca Scamacca,807301,F,79,Elia Caprile,78,Cagliari,1409,16.6,54.2,16,9,0,assisted,strongFoot,0,0.10493283718824
4,3,12/09/2026,Atalanta,Cagliari,7,Atalanta,2686,True,1676,Gianluca Scamacca,807301,F,79,Elia Caprile,78,Cagliari,1409,12.3,47.9,12,6,0,assisted,head,0,0.03247956186533
4,3,12/09/2026,Atalanta,Cagliari,11,Atalanta,2686,True,1676,Lazar Samardžić,980624,M,71,Elia Caprile,78,Cagliari,1409,17.8,70.6,22,38,0,regular,strongFoot,0,0.054982241243124
4,3,12/09/2026,Atalanta,Cagliari,15,Cagliari,2719,False,1409,Alessandro Romano,1417034,M,61,Marco Carnesecchi,85,Atalanta,1676,25.7,53.9,25,5,0,assisted,strongFoot,0,0.038164060562849
4,3,12/09/2026,Atalanta,Cagliari,19,Cagliari,2719,False,1409,Paul Mendy,2049928,F,64,Marco Carnesecchi,85,Atalanta,1676,9.1,55.2,9,21,0,assisted,strongFoot,1,0.44999501109123
4,3,12/09/2026,Atalanta,Cagliari,27,Cagliari,2719,False,1409,Daniel Maldini,970928,F,70,Marco Carnesecchi,85,Atalanta,1676,24.4,28.8,28,30,1,assisted,strongFoot,0,0.010721270926297
4,3,12/09/2026,Atalanta,Cagliari,31,Atalanta,2686,True,1676,Gianluca Scamacca,807301,F,79,Elia Caprile,78,Cagliari,1409,6.3,69.9,14,65,-1,assisted,strongFoot,0,0.030829161405563
4,3,12/09/2026,Atalanta,Cagliari,33,Atalanta,2686,True,1676,Éderson,946888,M,70,Elia Caprile,78,Cagliari,1409,26.8,39.7,27,14,-1,assisted,strongFoot,0,0.013543942011893
4,3,12/09/2026,Atalanta,Cagliari,35,Atalanta,2686,True,1676,Franck Kessié,359226,M,76,Elia Caprile,78,Cagliari,1409,24.6,51.5,24,2,-1,assisted,strongFoot,0,0.030761208385229
4,3,12/09/2026,Atalanta,Cagliari,37,Atalanta,2686,True,1676,Sead Kolašinac,142148,D,61,Elia Caprile,78,Cagliari,1409,20.0,33.3,22,29,-1,corner,strongFoot,0,0.015850113704801
4,3,12/09/2026,Atalanta,Cagliari,41,Atalanta,2686,True,1676,Gianluca Scamacca,807301,F,79,Elia Caprile,78,Cagliari,1409,13.4,65.9,17,38,-1,set-piece,strongFoot,1,0.020336532965302
4,3,12/09/2026,Atalanta,Cagliari,48,Atalanta,2686,True,1676,Lazar Samardžić,980624,M,71,Elia Caprile,78,Cagliari,1409,12.9,67.3,17,42,0,assisted,weakFoot,0,0.02327797934413
4,3,12/09/2026,Atalanta,Cagliari,49,Atalanta,2686,True,1676,Jonathan Rowe,1065261,F,73,Elia Caprile,78,Cagliari,1409,17.3,34.0,20,32,0,corner,strongFoot,0,0.031675722450018
4,3,12/09/2026,Atalanta,Cagliari,49,Atalanta,2686,True,1676,Jonathan Rowe,1065261,F,73,Elia Caprile,78,Cagliari,1409,14.7,32.7,18,38,0,corner,weakFoot,0,0.035856816917658
4,3,12/09/2026,Atalanta,Cagliari,56,Atalanta,2686,True,1676,Lazar Samardžić,980624,M,71,Elia Caprile,78,Cagliari,1409,14.8,45.5,15,11,0,assisted,strongFoot,0,0.06958032399416
4,3,12/09/2026,Atalanta,Cagliari,61,Cagliari,2719,False,1409,Daniel Maldini,970928,F,70,Marco Carnesecchi,85,Atalanta,1676,11.5,50.0,11,0,0,penalty,strongFoot,1,0.7884
4,3,12/09/2026,Atalanta,Cagliari,64,Atalanta,2686,True,1676,Jonathan Rowe,1065261,F,73,Elia Caprile,78,Cagliari,1409,24.1,27.4,28,32,-1,assisted,strongFoot,0,0.026530573144555
4,3,12/09/2026,Atalanta,Cagliari,73,Cagliari,2719,False,1409,Adam Obert,964153,D,54,Marco Carnesecchi,85,Atalanta,1676,8.2,28.6,16,60,1,assisted,strongFoot,0,0.034284289926291
4,3,12/09/2026,Atalanta,Cagliari,76,Atalanta,2686,True,1676,Lazar Samardžić,980624,M,71,Elia Caprile,78,Cagliari,1409,11.2,51.4,11,4,-1,assisted,strongFoot,0,0.57060432434082
4,3,12/09/2026,Atalanta,Cagliari,83,Atalanta,2686,True,1676,Franck Kessié,359226,M,76,Elia Caprile,78,Cagliari,1409,5.7,60.3,9,50,-1,regular,strongFoot,0,0.32918381690979
4,3,12/09/2026,Atalanta,Cagliari,83,Atalanta,2686,True,1676,Lorenzo Bernasconi,1012177,M,57,Elia Caprile,78,Cagliari,1409,15.4,28.9,21,42,-1,regular,strongFoot,0,0.026143826544285
4,3,12/09/2026,Atalanta,Cagliari,84,Atalanta,2686,True,1676,Nikola Krstović,839156,F,76,Elia Caprile,78,Cagliari,1409,6.6,48.9,6,6,-1,assisted,head,0,0.17471784353256
4,3,12/09/2026,Atalanta,Cagliari,85,Atalanta,2686,True,1676,Franck Kessié,359226,M,76,Elia Caprile,78,Cagliari,1409,5.8,32.5,13,64,-1,assisted,weakFoot,0,0.046914223581553
4,3,12/09/2026,Atalanta,Cagliari,87,Atalanta,2686,True,1676,Giacomo Raspadori,865651,F,78,Elia Caprile,78,Cagliari,1409,22.3,30.9,25,30,-1,assisted,strongFoot,0,0.02164414152503
4,3,12/09/2026,Atalanta,Cagliari,87,Atalanta,2686,True,1676,Giacomo Raspadori,865651,F,78,Elia Caprile,78,Cagliari,1409,12.9,34.2,16,39,-1,assisted,strongFoot,0,0.027463316917419
4,3,12/09/2026,Atalanta,Cagliari,90,Atalanta,2686,True,1676,Giacomo Raspadori,865651,F,78,Elia Caprile,78,Cagliari,1409,18.4,64.0,20,27,-1,assisted,strongFoot,0,0.024915874004364
4,3,12/09/2026,Atalanta,Cagliari,90,Atalanta,2686,True,1676,Raoul Bellanova,826185,M,52,Elia Caprile,78,Cagliari,1409,24.8,54.0,24,6,-1,throw-in-set-piece,strongFoot,0,0.029810693114996
4,4,13/09/2026,Lecce,Monza,3,Lecce,2689,True,1377,Lassana Coulibaly,804621,M,57,Demba Thiam,72,Monza,1409,6.5,44.5,7,29,0,corner,head,1,0.083205945789814
4,4,13/09/2026,Lecce,Monza,9,Monza,2729,False,1409,Lorenzo Lucchesi,972567,D,32,Wladimiro Falcone,82,Lecce,1377,3.2,46.4,4,37,0,corner,strongFoot,0,0.2427099198103
4,4,13/09/2026,Lecce,Monza,11,Lecce,2689,True,1377,Tiago Gabriel,1651825,D,33,Demba Thiam,72,Monza,1409,6.4,49.1,6,5,0,corner,head,1,0.14660137891769
4,4,13/09/2026,Lecce,Monza,17,Monza,2729,False,1409,Jay Robinson,1440673,F,64,Wladimiro Falcone,82,Lecce,1377,7.5,43.8,8,29,0,assisted,strongFoot,0,0.3046011030674
4,4,13/09/2026,Lecce,Monza,17,Monza,2729,False,1409,Gustavo Varela,1146305,F,68,Wladimiro Falcone,82,Lecce,1377,8.0,48.6,8,6,0,regular,strongFoot,0,0.17466123402119
4,4,13/09/2026,Lecce,Monza,17,Monza,2729,False,1409,Andrea Colpani,928122,F,74,Wladimiro Falcone,82,Lecce,1377,7.6,53.3,7,16,0,assisted,strongFoot,0,0.1434747427702
4,4,13/09/2026,Lecce,Monza,20,Monza,2729,False,1409,Ricardo Mangas,878496,D,65,Wladimiro Falcone,82,Lecce,1377,3.5,45.2,4,43,0,assisted,weakFoot,1,0.77834856510162
4,4,13/09/2026,Lecce,Monza,21,Lecce,2689,True,1377,Lassana Coulibaly,804621,M,57,Demba Thiam,72,Monza,1409,3.0,56.1,5,54,-1,throw-in-set-piece,strongFoot,1,0.36680182814598
4,4,13/09/2026,Lecce,Monza,21,Lecce,2689,True,1377,Lassana Coulibaly,804621,M,57,Demba Thiam,72,Monza,1409,6.7,50.7,6,4,0,throw-in-set-piece,strongFoot,0,0.30613762140274
4,4,13/09/2026,Lecce,Monza,25,Monza,2729,False,1409,Andrea Colpani,928122,F,74,Wladimiro Falcone,82,Lecce,1377,8.8,48.3,8,7,0,assisted,strongFoot,0,0.22151915729046
4,4,13/09/2026,Lecce,Monza,31,Monza,2729,False,1409,Gustavo Varela,1146305,F,68,Wladimiro Falcone,82,Lecce,1377,8.3,44.8,9,23,0,assisted,head,0,0.11376390606165
4,4,13/09/2026,Lecce,Monza,33,Monza,2729,False,1409,Jay Robinson,1440673,F,64,Wladimiro Falcone,82,Lecce,1377,16.0,49.5,16,1,0,assisted,strongFoot,0,0.10780862718821
4,4,13/09/2026,Lecce,Monza,35,Monza,2729,False,1409,Andrea Colpani,928122,F,74,Wladimiro Falcone,82,Lecce,1377,23.5,31.6,26,28,0,free-kick,strongFoot,0,0.052986267954111
4,4,13/09/2026,Lecce,Monza,39,Monza,2729,False,1409,Michael Folorunsho,869795,M,75,Wladimiro Falcone,82,Lecce,1377,10.0,61.7,12,38,0,set-piece,head,0,0.018002914264798
4,4,13/09/2026,Lecce,Monza,48,Lecce,2689,True,1377,Youssef Maleh,849274,M,64,Demba Thiam,72,Monza,1409,10.0,38.1,12,38,0,set-piece,strongFoot,0,0.071606874465942
4,4,13/09/2026,Lecce,Monza,53,Lecce,2689,True,1377,Youssef Maleh,849274,M,64,Demba Thiam,72,Monza,1409,14.8,34.4,18,35,0,fast-break,strongFoot,0,0.042686425149441
4,4,13/09/2026,Lecce,Monza,57,Monza,2729,False,1409,Jay Robinson,1440673,F,64,Wladimiro Falcone,82,Lecce,1377,21.3,35.2,23,25,0,assisted,strongFoot,0,0.031518291682005
4,4,13/09/2026,Lecce,Monza,63,Monza,2729,False,1409,Samuele Birindelli,856729,M,54,Wladimiro Falcone,82,Lecce,1377,14.9,25.0,22,48,0,assisted,strongFoot,0,0.025934483855963
4,4,13/09/2026,Lecce,Monza,67,Monza,2729,False,1409,Adam Bakoune,1397353,D,32,Wladimiro Falcone,82,Lecce,1377,10.3,55.9,11,21,0,assisted,head,0,0.047045081853867
4,4,13/09/2026,Lecce,Monza,79,Monza,2729,False,1409,Patrick Cutrone,795044,F,73,Wladimiro Falcone,82,Lecce,1377,5.5,36.4,10,59,0,corner,strongFoot,0,0.097362734377384
4,4,13/09/2026,Lecce,Monza,80,Lecce,2689,True,1377,Amar Fatah,1157829,F,50,Demba Thiam,72,Monza,1409,20.4,43.0,20,13,0,regular,strongFoot,0,0.055076949298382
4,4,13/09/2026,Lecce,Monza,87,Monza,2729,False,1409,Patrick Cutrone,795044,F,73,Wladimiro Falcone,82,Lecce,1377,16.5,42.4,17,17,0,regular,weakFoot,0,0.078194513916969
4,4,13/09/2026,Lecce,Monza,89,Monza,2729,False,1409,Exequiel Zeballos,1003011,F,67,Wladimiro Falcone,82,Lecce,1377,17.0,17.0,28,52,0,free-kick,strongFoot,1,0.034785870462656
4,4,13/09/2026,Lecce,Monza,90,Monza,2729,False,1409,Andrea Carboni,970978,D,36,Wladimiro Falcone,82,Lecce,1377,12.3,58.0,13,23,1,corner,head,0,0.011213970370591
4,4,13/09/2026,Lecce,Monza,90,Monza,2729,False,1409,Mathis Mout,1992105,M,60,Wladimiro Falcone,82,Lecce,1377,26.7,53.3,26,4,1,regular,weakFoot,0,0.012901579961181
4,4,13/09/2026,Lecce,Monza,90,Monza,2729,False,1409,Exequiel Zeballos,1003011,F,67,Wladimiro Falcone,82,Lecce,1377,20.6,27.4,25,36,1,corner,strongFoot,0,0.027766894549131
4,5,13/09/2026,SSC Napoli,Bologna,14,SSC Napoli,2714,True,1711,Kevin De Bruyne,70996,M,82,Massimo Pessina,54,Bologna,1631,16.0,50.4,16,0,0,assisted,strongFoot,0,0.12112707644701
4,5,13/09/2026,SSC Napoli,Bologna,18,SSC Napoli,2714,True,1711,Rasmus Højlund,1086417,F,76,Massimo Pessina,54,Bologna,1631,10.0,53.6,10,13,0,assisted,head,0,0.096209198236465
4,5,13/09/2026,SSC Napoli,Bologna,31,SSC Napoli,2714,True,1711,Leonardo Spinazzola,148899,D,67,Massimo Pessina,54,Bologna,1631,21.3,41.3,22,15,0,regular,strongFoot,0,0.054691012948751
4,5,13/09/2026,SSC Napoli,Bologna,39,Bologna,2685,False,1631,Federico Bernardeschi,294597,F,73,Vanja Milinković-Savić,79,SSC Napoli,1711,26.5,67.7,29,24,0,assisted,strongFoot,0,0.021107515320182
4,5,13/09/2026,SSC Napoli,Bologna,42,Bologna,2685,False,1631,Tommaso Pobega,928796,M,75,Vanja Milinković-Savić,79,SSC Napoli,1711,21.2,41.7,21,14,0,assisted,strongFoot,0,0.08885695785284
4,5,13/09/2026,SSC Napoli,Bologna,45,Bologna,2685,False,1631,Tommaso Pobega,928796,M,75,Vanja Milinković-Savić,79,SSC Napoli,1711,30.5,60.1,31,12,0,regular,strongFoot,0,0.026680184528232
4,5,13/09/2026,SSC Napoli,Bologna,46,SSC Napoli,2714,True,1711,Noa Lang,875136,F,77,Massimo Pessina,54,Bologna,1631,25.7,27.3,29,30,0,assisted,strongFoot,0,0.013951773755252
4,5,13/09/2026,SSC Napoli,Bologna,51,SSC Napoli,2714,True,1711,Amir Rrahmani,332155,D,50,Massimo Pessina,54,Bologna,1631,14.6,46.7,14,8,0,corner,head,0,0.009366131387651
4,5,13/09/2026,SSC Napoli,Bologna,59,SSC Napoli,2714,True,1711,Kevin De Bruyne,70996,M,82,Massimo Pessina,54,Bologna,1631,13.6,48.2,13,5,0,assisted,strongFoot,0,0.084111407399178
4,5,13/09/2026,SSC Napoli,Bologna,61,SSC Napoli,2714,True,1711,Amir Rrahmani,332155,D,50,Massimo Pessina,54,Bologna,1631,10.0,49.0,10,3,0,corner,head,0,0.036964606493711
4,5,13/09/2026,SSC Napoli,Bologna,61,SSC Napoli,2714,True,1711,Rafa Marín,984623,D,26,Massimo Pessina,54,Bologna,1631,6.7,52.6,6,14,0,corner,head,0,0.12041837722063
4,5,13/09/2026,SSC Napoli,Bologna,63,SSC Napoli,2714,True,1711,Rasmus Højlund,1086417,F,76,Massimo Pessina,54,Bologna,1631,13.0,57.5,13,21,0,assisted,strongFoot,0,0.07554267346859
4,5,13/09/2026,SSC Napoli,Bologna,66,SSC Napoli,2714,True,1711,Stanislav Lobotka,150383,M,66,Massimo Pessina,54,Bologna,1631,6.7,57.5,8,37,0,throw-in-set-piece,strongFoot,1,0.3437862098217
4,5,13/09/2026,SSC Napoli,Bologna,70,SSC Napoli,2714,True,1711,Rasmus Højlund,1086417,F,76,Massimo Pessina,54,Bologna,1631,9.9,36.2,13,43,1,assisted,strongFoot,0,0.11610830575228
4,5,13/09/2026,SSC Napoli,Bologna,80,SSC Napoli,2714,True,1711,Kevin De Bruyne,70996,M,82,Massimo Pessina,54,Bologna,1631,14.1,62.6,16,31,1,assisted,strongFoot,0,0.024920554831624
4,5,13/09/2026,SSC Napoli,Bologna,80,SSC Napoli,2714,True,1711,Billy Gilmour,907668,M,58,Massimo Pessina,54,Bologna,1631,21.7,51.4,21,2,1,assisted,weakFoot,0,0.039051003754139
4,5,13/09/2026,SSC Napoli,Bologna,87,Bologna,2685,False,1631,Jay Enem,1937553,F,55,Vanja Milinković-Savić,79,SSC Napoli,1711,7.5,59.7,9,41,-1,assisted,head,0,0.04576925560832
4,5,13/09/2026,SSC Napoli,Bologna,87,Bologna,2685,False,1631,Samuel Mbangula,1100836,M,71,Vanja Milinković-Savić,79,SSC Napoli,1711,14.4,51.5,14,4,-1,assisted,strongFoot,0,0.10947313159704
4,5,13/09/2026,SSC Napoli,Bologna,90,SSC Napoli,2714,True,1711,Costantino Favasuli,1100544,M,57,Massimo Pessina,54,Bologna,1631,6.6,70.5,15,64,1,assisted,strongFoot,0,0.05476488918066
4,6,13/09/2026,Sassuolo,Juventus,2,Juventus,2687,False,1740,Nicolás González,901325,M,74,Arijanet Murić,74,Sassuolo,1436,18.7,50.4,18,0,0,assisted,weakFoot,0,0.076246045529842
4,6,13/09/2026,Sassuolo,Juventus,20,Juventus,2687,False,1740,Kerim Alajbegović,1425366,M,70,Arijanet Murić,74,Sassuolo,1436,16.1,32.7,19,36,0,corner,strongFoot,0,0.01467764005065
4,6,13/09/2026,Sassuolo,Juventus,27,Sassuolo,2793,True,1436,Domenico Berardi,253367,F,79,Guglielmo Vicario,81,Juventus,1740,8.2,48.7,8,6,0,assisted,strongFoot,0,0.26916629076004
4,6,13/09/2026,Sassuolo,Juventus,33,Juventus,2687,False,1740,Teun Koopmeiners,803033,M,78,Arijanet Murić,74,Sassuolo,1436,18.5,51.1,18,2,0,assisted,strongFoot,0,0.099806651473045
4,6,13/09/2026,Sassuolo,Juventus,36,Sassuolo,2793,True,1436,Josh Doig,989276,D,61,Guglielmo Vicario,81,Juventus,1740,6.6,25.4,17,68,0,assisted,strongFoot,0,0.027448846027255
4,6,13/09/2026,Sassuolo,Juventus,37,Sassuolo,2793,True,1436,Sebastiano Esposito,965008,F,75,Guglielmo Vicario,81,Juventus,1740,27.1,46.8,27,4,0,regular,strongFoot,0,0.028539318591356
4,6,13/09/2026,Sassuolo,Juventus,41,Sassuolo,2793,True,1436,Josh Doig,989276,D,61,Guglielmo Vicario,81,Juventus,1740,28.1,42.3,28,10,0,corner,strongFoot,0,0.0077344109304249
4,6,13/09/2026,Sassuolo,Juventus,43,Sassuolo,2793,True,1436,Domenico Berardi,253367,F,79,Guglielmo Vicario,81,Juventus,1740,26.8,52.8,26,4,0,regular,strongFoot,0,0.014748811721802
4,6,13/09/2026,Sassuolo,Juventus,45,Juventus,2687,False,1740,Francisco Conceição,979222,F,72,Arijanet Murić,74,Sassuolo,1436,17.3,34.6,20,31,0,corner,weakFoot,0,0.015277941711247
4,6,13/09/2026,Sassuolo,Juventus,46,Juventus,2687,False,1740,Kerim Alajbegović,1425366,M,70,Arijanet Murić,74,Sassuolo,1436,24.3,31.5,27,27,0,assisted,strongFoot,0,0.025896934792399
4,6,13/09/2026,Sassuolo,Juventus,47,Juventus,2687,False,1740,Nicolás González,901325,M,74,Arijanet Murić,74,Sassuolo,1436,22.9,44.4,23,9,0,corner,strongFoot,0,0.013464670628309
4,6,13/09/2026,Sassuolo,Juventus,47,Sassuolo,2793,True,1436,Domenico Berardi,253367,F,79,Guglielmo Vicario,81,Juventus,1740,19.8,63.0,21,24,0,assisted,strongFoot,0,0.075398817658424
4,6,13/09/2026,Sassuolo,Juventus,54,Sassuolo,2793,True,1436,Jay Idzes,933641,D,46,Guglielmo Vicario,81,Juventus,1740,8.9,48.9,8,4,0,corner,head,0,0.057212397456169
4,6,13/09/2026,Sassuolo,Juventus,59,Juventus,2687,False,1740,Nicolás González,901325,M,74,Arijanet Murić,74,Sassuolo,1436,15.5,63.6,18,30,0,fast-break,strongFoot,0,0.050872027873993
4,6,13/09/2026,Sassuolo,Juventus,61,Juventus,2687,False,1740,Kerim Alajbegović,1425366,M,70,Arijanet Murić,74,Sassuolo,1436,25.4,25.2,30,33,0,regular,strongFoot,0,0.017165925353765
4,6,13/09/2026,Sassuolo,Juventus,64,Juventus,2687,False,1740,Kerim Alajbegović,1425366,M,70,Arijanet Murić,74,Sassuolo,1436,15.6,24.1,23,48,0,assisted,strongFoot,0,0.031392652541399
4,6,13/09/2026,Sassuolo,Juventus,65,Sassuolo,2793,True,1436,Sebastiano Esposito,965008,F,75,Guglielmo Vicario,81,Juventus,1740,10.7,61.7,13,36,0,assisted,strongFoot,1,0.24914339184761
4,6,13/09/2026,Sassuolo,Juventus,69,Juventus,2687,False,1740,Douglas Luiz,867887,M,75,Arijanet Murić,74,Sassuolo,1436,18.5,51.7,18,3,-1,assisted,strongFoot,0,0.075652435421944
4,6,13/09/2026,Sassuolo,Juventus,79,Juventus,2687,False,1740,Randal Kolo Muani,871706,F,77,Arijanet Murić,74,Sassuolo,1436,7.3,59.7,9,42,-1,corner,head,0,0.025261133909225
4,6,13/09/2026,Sassuolo,Juventus,79,Juventus,2687,False,1740,Zeki Çelik,893008,D,59,Arijanet Murić,74,Sassuolo,1436,18.5,43.0,19,14,-1,regular,strongFoot,0,0.040836479514837
4,6,13/09/2026,Sassuolo,Juventus,80,Juventus,2687,False,1740,Nick Woltemade,980623,F,77,Arijanet Murić,74,Sassuolo,1436,9.9,52.7,10,10,-1,assisted,strongFoot,0,0.073288537561893
4,6,13/09/2026,Sassuolo,Juventus,80,Juventus,2687,False,1740,Edon Zhegrova,887766,F,70,Arijanet Murić,74,Sassuolo,1436,13.4,71.7,19,47,-1,assisted,strongFoot,0,0.020937280729413
4,6,13/09/2026,Sassuolo,Juventus,82,Juventus,2687,False,1740,Edon Zhegrova,887766,F,70,Arijanet Murić,74,Sassuolo,1436,13.2,53.8,13,11,-1,regular,strongFoot,1,0.28559949994087
4,6,13/09/2026,Sassuolo,Juventus,84,Juventus,2687,False,1740,Kerim Alajbegović,1425366,M,70,Arijanet Murić,74,Sassuolo,1436,5.5,31.7,13,66,0,regular,strongFoot,0,0.033678576350212
4,6,13/09/2026,Sassuolo,Juventus,84,Juventus,2687,False,1740,Nick Woltemade,980623,F,77,Arijanet Murić,74,Sassuolo,1436,3.5,39.3,8,64,0,corner,head,0,0.076938547194004
4,6,13/09/2026,Sassuolo,Juventus,86,Juventus,2687,False,1740,Kerim Alajbegović,1425366,M,70,Arijanet Murić,74,Sassuolo,1436,11.6,32.7,16,45,0,assisted,strongFoot,0,0.0718804448843
4,6,13/09/2026,Sassuolo,Juventus,89,Sassuolo,2793,True,1436,Kieron Bowie,983601,F,65,Guglielmo Vicario,81,Juventus,1740,15.6,47.2,15,6,0,assisted,strongFoot,1,0.085757665336132
4,6,13/09/2026,Sassuolo,Juventus,90,Juventus,2687,False,1740,Edon Zhegrova,887766,F,70,Arijanet Murić,74,Sassuolo,1436,16.2,64.8,19,31,-1,assisted,strongFoot,1,0.048679992556572
4,6,13/09/2026,Sassuolo,Juventus,90,Sassuolo,2793,True,1436,Vasilije Adžić,1149288,M,65,Guglielmo Vicario,81,Juventus,1740,13.2,39.7,14,27,0,fast-break,strongFoot,1,0.20913881063461
4,7,14/09/2026,Como,Parma,1,Parma,2690,False,1411,El Bilal Touré,982615,M,71,Robert Sánchez,81,Como,1554,15.3,80.4,25,53,0,assisted,strongFoot,0,0.019395560026169
4,7,14/09/2026,Como,Parma,6,Parma,2690,False,1411,Mandela Keita,1110136,M,55,Robert Sánchez,81,Como,1554,24.3,51.3,24,2,0,assisted,strongFoot,0,0.04695250838995
4,7,14/09/2026,Como,Parma,12,Como,2704,True,1554,Marc Kempf,226974,D,45,Edoardo Corvi,68,Parma,1411,8.5,37.6,11,44,0,corner,head,0,0.013086441904306
4,7,14/09/2026,Como,Parma,13,Como,2704,True,1554,Máximo Perrone,1086286,M,54,Edoardo Corvi,68,Parma,1411,9.5,54.0,9,15,0,assisted,head,0,0.060620341449976
4,7,14/09/2026,Como,Parma,14,Como,2704,True,1554,Moise Kean,835601,F,81,Edoardo Corvi,68,Parma,1411,14.1,57.0,14,18,0,assisted,strongFoot,0,0.099455118179321
4,7,14/09/2026,Como,Parma,18,Como,2704,True,1554,Nico Paz,1171451,M,74,Edoardo Corvi,68,Parma,1411,8.5,68.1,14,55,0,assisted,strongFoot,0,0.031248711049557
4,7,14/09/2026,Como,Parma,19,Como,2704,True,1554,Nico Paz,1171451,M,74,Edoardo Corvi,68,Parma,1411,14.9,49.6,14,1,0,corner,strongFoot,0,0.10305296629667
4,7,14/09/2026,Como,Parma,20,Como,2704,True,1554,Marc Kempf,226974,D,45,Edoardo Corvi,68,Parma,1411,3.3,25.3,17,78,0,corner,head,0,0.0043739890679717
4,7,14/09/2026,Como,Parma,22,Como,2704,True,1554,Yan Couto,1002813,M,61,Edoardo Corvi,68,Parma,1411,30.7,65.0,32,18,0,assisted,strongFoot,0,0.016884902492166
4,7,14/09/2026,Como,Parma,23,Como,2704,True,1554,Jacobo Ramón,1403348,D,40,Edoardo Corvi,68,Parma,1411,2.0,46.6,3,49,0,corner,strongFoot,1,0.76581919193268
4,7,14/09/2026,Como,Parma,23,Como,2704,True,1554,Marc Kempf,226974,D,45,Edoardo Corvi,68,Parma,1411,9.2,55.0,9,20,1,corner,head,0,0.036406897008419
4,7,14/09/2026,Como,Parma,23,Como,2704,True,1554,Nico Paz,1171451,M,74,Edoardo Corvi,68,Parma,1411,13.8,73.4,21,49,1,corner,strongFoot,0,0.047372166067362
4,7,14/09/2026,Como,Parma,28,Como,2704,True,1554,Martin Baturina,1090019,M,71,Edoardo Corvi,68,Parma,1411,24.6,25.0,29,34,1,assisted,strongFoot,0,0.018792843446136
4,7,14/09/2026,Como,Parma,34,Como,2704,True,1554,Moise Kean,835601,F,81,Edoardo Corvi,68,Parma,1411,20.9,37.6,22,21,1,assisted,weakFoot,0,0.026213446632028
4,7,14/09/2026,Como,Parma,40,Como,2704,True,1554,Kaiki,1112484,D,60,Edoardo Corvi,68,Parma,1411,4.4,51.9,4,16,1,corner,head,0,0.21450851857662
4,7,14/09/2026,Como,Parma,42,Como,2704,True,1554,Martin Baturina,1090019,M,71,Edoardo Corvi,68,Parma,1411,15.1,54.3,15,10,1,assisted,strongFoot,0,0.13916309177876
4,7,14/09/2026,Como,Parma,45,Parma,2690,False,1411,Vincent Sierro,794412,M,67,Robert Sánchez,81,Como,1554,15.3,58.9,16,21,-1,corner,weakFoot,0,0.057461377233267
4,7,14/09/2026,Como,Parma,45,Parma,2690,False,1411,Simone Lontani,1912962,F,60,Robert Sánchez,81,Como,1554,6.6,46.6,6,19,-1,assisted,head,0,0.22529163956642
4,7,14/09/2026,Como,Parma,48,Parma,2690,False,1411,Nesta Elphege,1486729,F,63,Robert Sánchez,81,Como,1554,9.7,29.7,16,54,-1,set-piece,strongFoot,0,0.012202274054289
4,7,14/09/2026,Como,Parma,51,Parma,2690,False,1411,Simone Lontani,1912962,F,60,Robert Sánchez,81,Como,1554,53.3,21.7,56,19,-1,fast-break,strongFoot,0,0.0080313226208091
4,7,14/09/2026,Como,Parma,52,Parma,2690,False,1411,Sascha Britschgi,1963449,D,28,Robert Sánchez,81,Como,1554,14.1,62.0,16,30,-1,assisted,head,0,0.017085509374738
4,7,14/09/2026,Como,Parma,53,Como,2704,True,1554,Lucas Da Cunha,911848,M,71,Edoardo Corvi,68,Parma,1411,22.4,44.1,22,10,1,regular,strongFoot,0,0.019240098074079
4,7,14/09/2026,Como,Parma,56,Como,2704,True,1554,Jesús Rodriguez,1800245,M,68,Edoardo Corvi,68,Parma,1411,8.4,71.4,16,60,1,assisted,strongFoot,0,0.020409025251865
4,7,14/09/2026,Como,Parma,57,Como,2704,True,1554,Jesús Rodriguez,1800245,M,68,Edoardo Corvi,68,Parma,1411,8.2,54.7,8,21,1,corner,head,0,0.066799022257328
4,7,14/09/2026,Como,Parma,62,Como,2704,True,1554,Nico Paz,1171451,M,74,Edoardo Corvi,68,Parma,1411,9.8,36.1,13,43,1,assisted,weakFoot,0,0.091473326086998
4,7,14/09/2026,Como,Parma,65,Parma,2690,False,1411,Matija Frigan,1092081,F,72,Robert Sánchez,81,Como,1554,6.6,51.6,6,9,-1,assisted,head,0,0.1687937527895
4,7,14/09/2026,Como,Parma,67,Parma,2690,False,1411,David Romero,1118606,F,69,Robert Sánchez,81,Como,1554,2.9,43.0,5,58,-1,assisted,strongFoot,0,0.24895380437374
4,7,14/09/2026,Como,Parma,70,Parma,2690,False,1411,David Romero,1118606,F,69,Robert Sánchez,81,Como,1554,25.6,61.7,26,17,-1,assisted,strongFoot,0,0.030537538230419
4,7,14/09/2026,Como,Parma,72,Como,2704,True,1554,Jesús Rodriguez,1800245,M,68,Edoardo Corvi,68,Parma,1411,9.7,68.1,15,51,1,assisted,strongFoot,0,0.03464999049902
4,7,14/09/2026,Como,Parma,73,Como,2704,True,1554,Nico Paz,1171451,M,74,Edoardo Corvi,68,Parma,1411,14.9,45.6,15,11,1,corner,head,0,0.013545687310398
4,7,14/09/2026,Como,Parma,73,Como,2704,True,1554,Jesús Rodriguez,1800245,M,68,Edoardo Corvi,68,Parma,1411,15.2,43.0,15,17,1,corner,weakFoot,0,0.067848227918148
4,7,14/09/2026,Como,Parma,75,Como,2704,True,1554,Kaiki,1112484,D,60,Edoardo Corvi,68,Parma,1411,10.6,32.1,16,48,1,assisted,strongFoot,0,0.19812834262848
4,7,14/09/2026,Como,Parma,78,Parma,2690,False,1411,David Romero,1118606,F,69,Robert Sánchez,81,Como,1554,23.7,45.1,23,8,-1,assisted,strongFoot,0,0.052723929286003
4,7,14/09/2026,Como,Parma,83,Como,2704,True,1554,Anastasios Douvikas,894863,F,74,Edoardo Corvi,68,Parma,1411,8.6,51.3,8,5,1,regular,strongFoot,0,0.21780672669411
4,7,14/09/2026,Como,Parma,83,Como,2704,True,1554,Jesús Rodriguez,1800245,M,68,Edoardo Corvi,68,Parma,1411,11.7,66.4,16,43,1,assisted,strongFoot,0,0.058670837432146
4,7,14/09/2026,Como,Parma,83,Como,2704,True,1554,Máximo Perrone,1086286,M,54,Edoardo Corvi,68,Parma,1411,8.5,51.6,8,7,1,regular,strongFoot,0,0.16806986927986
4,7,14/09/2026,Como,Parma,83,Como,2704,True,1554,Kaiki,1112484,D,60,Edoardo Corvi,68,Parma,1411,13.9,47.2,14,7,1,assisted,strongFoot,1,0.19541044533253
4,7,14/09/2026,Como,Parma,83,Como,2704,True,1554,Jesús Rodriguez,1800245,M,68,Edoardo Corvi,68,Parma,1411,14.2,62.2,16,30,2,assisted,strongFoot,0,0.076549589633942
4,7,14/09/2026,Como,Parma,88,Como,2704,True,1554,Yan Couto,1002813,M,61,Edoardo Corvi,68,Parma,1411,8.7,64.6,13,48,2,assisted,strongFoot,0,0.15040451288223
4,7,14/09/2026,Como,Parma,89,Como,2704,True,1554,Luis Milla,811629,M,72,Edoardo Corvi,68,Parma,1411,14.1,61.3,16,28,2,regular,strongFoot,0,0.065412938594818
4,7,14/09/2026,Como,Parma,90,Parma,2690,False,1411,David Romero,1118606,F,69,Robert Sánchez,81,Como,1554,11.7,56.7,12,21,-2,assisted,strongFoot,1,0.25872135162354
4,8,14/09/2026,Torino,AS Roma,11,AS Roma,2702,False,1717,Donyell Malen,803039,F,79,Lucas Perri,78,Torino,1477,4.2,51.9,4,17,0,assisted,head,0,0.28078606724739
4,8,14/09/2026,Torino,AS Roma,12,AS Roma,2702,False,1717,Donyell Malen,803039,F,79,Lucas Perri,78,Torino,1477,22.0,46.0,22,7,0,regular,weakFoot,0,0.062635071575642
4,8,14/09/2026,Torino,AS Roma,17,AS Roma,2702,False,1717,Matías Soulé,1082406,F,75,Lucas Perri,78,Torino,1477,13.9,27.6,20,47,0,set-piece,weakFoot,0,0.021205462515354
4,8,14/09/2026,Torino,AS Roma,22,AS Roma,2702,False,1717,Bryan Cristante,186855,M,73,Lucas Perri,78,Torino,1477,11.1,65.6,15,43,0,corner,strongFoot,0,0.017230717465281
4,8,14/09/2026,Torino,AS Roma,30,Torino,2696,True,1477,Eray Cömert,814023,D,48,Mile Svilar,84,AS Roma,1717,23.7,64.8,25,23,0,regular,strongFoot,0,0.028611920773983
4,8,14/09/2026,Torino,AS Roma,32,Torino,2696,True,1477,Nikola Vlašić,357596,M,77,Mile Svilar,84,AS Roma,1717,24.6,61.5,25,17,0,assisted,strongFoot,0,0.029666570946574
4,8,14/09/2026,Torino,AS Roma,33,Torino,2696,True,1477,Rolando Mandragora,548178,M,72,Mile Svilar,84,AS Roma,1717,27.7,64.0,29,18,0,assisted,strongFoot,0,0.02135268971324
4,8,14/09/2026,Torino,AS Roma,35,AS Roma,2702,False,1717,Paulo Dybala,256219,F,85,Lucas Perri,78,Torino,1477,10.7,49.7,10,1,0,assisted,head,0,0.082623906433582
4,8,14/09/2026,Torino,AS Roma,40,AS Roma,2702,False,1717,Donyell Malen,803039,F,79,Lucas Perri,78,Torino,1477,8.6,58.5,10,33,0,assisted,strongFoot,0,0.10395313799381
4,8,14/09/2026,Torino,AS Roma,40,AS Roma,2702,False,1717,Donyell Malen,803039,F,79,Lucas Perri,78,Torino,1477,2.6,52.2,2,29,0,regular,strongFoot,1,0.97670048475266
4,8,14/09/2026,Torino,AS Roma,55,AS Roma,2702,False,1717,Nahuel Molina,831799,D,72,Lucas Perri,78,Torino,1477,12.8,34.2,16,40,1,assisted,strongFoot,0,0.022669130936265
4,8,14/09/2026,Torino,AS Roma,58,Torino,2696,True,1477,Giovanni Simeone,341143,F,76,Mile Svilar,84,AS Roma,1717,7.6,65.4,12,54,-1,assisted,strongFoot,0,0.2985160946846
4,8,14/09/2026,Torino,AS Roma,62,Torino,2696,True,1477,Rolando Mandragora,548178,M,72,Mile Svilar,84,AS Roma,1717,29.0,44.6,29,7,-1,free-kick,strongFoot,0,0.034028775990009
4,8,14/09/2026,Torino,AS Roma,64,AS Roma,2702,False,1717,Bryan Cristante,186855,M,73,Lucas Perri,78,Torino,1477,14.5,56.6,15,17,1,assisted,weakFoot,0,0.097423665225506
4,8,14/09/2026,Torino,AS Roma,68,Torino,2696,True,1477,Giovanni Simeone,341143,F,76,Mile Svilar,84,AS Roma,1717,8.1,41.6,9,35,-1,assisted,strongFoot,0,0.16744098067284
4,8,14/09/2026,Torino,AS Roma,70,AS Roma,2702,False,1717,Nahuel Molina,831799,D,72,Lucas Perri,78,Torino,1477,22.0,34.8,24,25,1,assisted,strongFoot,0,0.040821231901646
4,8,14/09/2026,Torino,AS Roma,71,AS Roma,2702,False,1717,Leonardo Balerdi,928236,D,46,Lucas Perri,78,Torino,1477,5.8,52.8,6,18,1,corner,head,0,0.14557065069675
4,8,14/09/2026,Torino,AS Roma,80,AS Roma,2702,False,1717,Gianluca Mancini,611210,D,49,Lucas Perri,78,Torino,1477,10.1,52.8,10,10,1,assisted,head,0,0.050460085272789
4,8,14/09/2026,Torino,AS Roma,85,AS Roma,2702,False,1717,Santiago Castro,1116577,F,76,Lucas Perri,78,Torino,1477,11.3,42.3,12,24,1,corner,head,0,0.014829732477665
4,8,14/09/2026,Torino,AS Roma,90,Torino,2696,True,1477,Giovanni Simeone,341143,F,76,Mile Svilar,84,AS Roma,1717,9.1,54.2,9,17,-1,assisted,weakFoot,0,0.25144270062447
4,8,14/09/2026,Torino,AS Roma,90,Torino,2696,True,1477,Giovanni Simeone,341143,F,76,Mile Svilar,84,AS Roma,1717,13.0,53.4,13,10,-1,assisted,head,0,0.024177920073271
4,8,14/09/2026,Torino,AS Roma,90,AS Roma,2702,False,1717,Niccolò Pisilli,1175821,M,65,Lucas Perri,78,Torino,1477,12.1,71.4,18,50,1,regular,strongFoot,1,0.037679079920053
4,9,14/09/2026,Inter,Udinese,1,Udinese,2695,False,1464,Jürgen Ekkelenkamp,904887,M,68,Josep Martínez,75,Inter,1864,7.3,33.3,13,57,0,assisted,weakFoot,0,0.045782156288624
4,9,14/09/2026,Inter,Udinese,9,Udinese,2695,False,1464,James Abankwah,1127232,D,35,Josep Martínez,75,Inter,1864,6.4,47.4,6,15,0,corner,head,1,0.34392318129539
4,9,14/09/2026,Inter,Udinese,14,Inter,2697,True,1864,Marcus Thuram,791702,F,82,Maduka Okoye,74,Udinese,1464,8.5,47.2,8,12,0,assisted,head,0,0.24023751914501
4,9,14/09/2026,Inter,Udinese,14,Inter,2697,True,1864,Marcus Thuram,791702,F,82,Maduka Okoye,74,Udinese,1464,2.4,44.6,4,56,0,regular,weakFoot,0,0.28914839029312
4,9,14/09/2026,Inter,Udinese,16,Udinese,2695,False,1464,Jürgen Ekkelenkamp,904887,M,68,Josep Martínez,75,Inter,1864,2.7,41.9,6,63,0,assisted,strongFoot,1,0.26990202069283
4,9,14/09/2026,Inter,Udinese,24,Inter,2697,True,1864,Henrikh Mkhitaryan,37151,M,77,Maduka Okoye,74,Udinese,1464,18.1,44.2,18,12,0,corner,strongFoot,0,0.021501308307052
4,9,14/09/2026,Inter,Udinese,24,Inter,2697,True,1864,Henrikh Mkhitaryan,37151,M,77,Maduka Okoye,74,Udinese,1464,19.8,46.8,19,6,0,corner,strongFoot,0,0.025618907064199
4,9,14/09/2026,Inter,Udinese,26,Inter,2697,True,1864,Carlos Augusto,929199,D,71,Maduka Okoye,74,Udinese,1464,27.1,33.0,29,23,0,regular,strongFoot,1,0.020455403253436
4,9,14/09/2026,Inter,Udinese,32,Inter,2697,True,1864,Piotr Zieliński,138605,M,76,Maduka Okoye,74,Udinese,1464,23.8,55.4,24,8,0,set-piece,strongFoot,0,0.025604335591197
4,9,14/09/2026,Inter,Udinese,35,Inter,2697,True,1864,Nicolò Barella,363856,M,78,Maduka Okoye,74,Udinese,1464,7.6,67.7,14,57,0,assisted,strongFoot,1,0.091358132660389
4,9,14/09/2026,Inter,Udinese,41,Inter,2697,True,1864,Henrikh Mkhitaryan,37151,M,77,Maduka Okoye,74,Udinese,1464,13.8,32.2,18,41,1,corner,strongFoot,0,0.014013518579304
4,9,14/09/2026,Inter,Udinese,41,Inter,2697,True,1864,Henrikh Mkhitaryan,37151,M,77,Maduka Okoye,74,Udinese,1464,9.8,36.6,13,42,1,corner,strongFoot,0,0.071682527661324
4,9,14/09/2026,Inter,Udinese,41,Inter,2697,True,1864,Nicolò Barella,363856,M,78,Maduka Okoye,74,Udinese,1464,11.1,65.0,15,42,1,assisted,strongFoot,0,0.076428234577179
4,9,14/09/2026,Inter,Udinese,44,Inter,2697,True,1864,Manuel Akanji,383560,D,47,Maduka Okoye,74,Udinese,1464,10.1,53.4,10,12,1,assisted,head,0,0.050460085272789
4,9,14/09/2026,Inter,Udinese,45,Inter,2697,True,1864,Pio Esposito,1156616,F,75,Maduka Okoye,74,Udinese,1464,13.3,35.6,16,36,1,assisted,strongFoot,0,0.037826996296644
4,9,14/09/2026,Inter,Udinese,45,Inter,2697,True,1864,Nicolò Barella,363856,M,78,Maduka Okoye,74,Udinese,1464,26.5,60.0,27,14,1,free-kick,strongFoot,0,0.052722558379173
4,9,14/09/2026,Inter,Udinese,49,Inter,2697,True,1864,Henrikh Mkhitaryan,37151,M,77,Maduka Okoye,74,Udinese,1464,13.2,54.2,13,12,1,assisted,strongFoot,0,0.17373105883598
4,9,14/09/2026,Inter,Udinese,50,Inter,2697,True,1864,Piotr Zieliński,138605,M,76,Maduka Okoye,74,Udinese,1464,21.6,47.7,21,4,1,assisted,strongFoot,0,0.025887692347169
4,9,14/09/2026,Inter,Udinese,50,Inter,2697,True,1864,John Stones,152077,D,57,Maduka Okoye,74,Udinese,1464,10.8,46.8,11,11,1,corner,head,0,0.031939078122377
4,9,14/09/2026,Inter,Udinese,53,Inter,2697,True,1864,Carlos Augusto,929199,D,71,Maduka Okoye,74,Udinese,1464,5.4,59.7,8,50,1,corner,head,0,0.055255226790905
4,9,14/09/2026,Inter,Udinese,55,Inter,2697,True,1864,Marcus Thuram,791702,F,82,Maduka Okoye,74,Udinese,1464,9.8,71.8,17,56,1,assisted,strongFoot,0,0.021254379302263
4,9,14/09/2026,Inter,Udinese,56,Inter,2697,True,1864,Henrikh Mkhitaryan,37151,M,77,Maduka Okoye,74,Udinese,1464,18.2,64.4,20,28,1,assisted,strongFoot,0,0.071283720433712
4,9,14/09/2026,Inter,Udinese,57,Inter,2697,True,1864,Marcus Thuram,791702,F,82,Maduka Okoye,74,Udinese,1464,8.8,62.7,12,44,1,assisted,strongFoot,1,0.17382250726223
4,9,14/09/2026,Inter,Udinese,67,Inter,2697,True,1864,Pio Esposito,1156616,F,75,Maduka Okoye,74,Udinese,1464,9.8,55.0,10,19,2,assisted,strongFoot,1,0.43744960427284
4,9,14/09/2026,Inter,Udinese,76,Inter,2697,True,1864,Manuel Akanji,383560,D,47,Maduka Okoye,74,Udinese,1464,8.3,49.5,8,2,3,corner,head,0,0.071248479187489
4,9,14/09/2026,Inter,Udinese,76,Inter,2697,True,1864,Piotr Zieliński,138605,M,76,Maduka Okoye,74,Udinese,1464,19.8,50.5,19,0,3,corner,strongFoot,0,0.031407125294209
4,9,14/09/2026,Inter,Udinese,77,Inter,2697,True,1864,Andy Diouf,1048889,M,67,Maduka Okoye,74,Udinese,1464,26.9,60.9,27,15,3,corner,strongFoot,0,0.0250926297158
4,9,14/09/2026,Inter,Udinese,79,Inter,2697,True,1864,Ange-Yoan Bonny,1086223,F,75,Maduka Okoye,74,Udinese,1464,6.1,46.4,6,21,3,regular,weakFoot,1,0.89559769630432
4,9,14/09/2026,Inter,Udinese,79,Inter,2697,True,1864,Ange-Yoan Bonny,1086223,F,75,Maduka Okoye,74,Udinese,1464,10.7,55.8,11,20,4,regular,strongFoot,0,0.095833249390125
4,9,14/09/2026,Inter,Udinese,81,Udinese,2695,False,1464,Jesper Karlström,227894,M,59,Josep Martínez,75,Inter,1864,27.4,54.0,27,5,-4,regular,strongFoot,0,0.012210611253977
4,9,14/09/2026,Inter,Udinese,87,Udinese,2695,False,1464,Vakoun Issouf Bayo,796455,F,68,Josep Martínez,75,Inter,1864,12.6,48.3,12,5,-4,assisted,head,0,0.04933113977313
4,9,14/09/2026,Inter,Udinese,89,Inter,2697,True,1864,Aleksandar Stanković,1153957,M,66,Maduka Okoye,74,Udinese,1464,22.0,39.2,23,18,4,free-kick,strongFoot,0,0.076891101896763
4,9,14/09/2026,Inter,Udinese,90,Udinese,2695,False,1464,Idrissa Gueye,1536811,F,67,Josep Martínez,75,Inter,1864,9.1,43.0,10,27,-4,assisted,strongFoot,1,0.20131063461304
