,round,game_index,date,home_team,away_team,minute,team,teamId,isHome,eloTeam,player,playerId,position,rating,keeper,keeperRating,opponent,eloOpponent,x,y,distance,angle,goal_difference,situation,body_part,goal,xg
32,1,0,21/08/2021,Hellas Verona,Sassuolo,1,Sassuolo,2793,False,1538,Jérémie Boga,367056,F,72,Ivor Pandur,71,Hellas Verona,1387,22.9,33.0,25,26,0,regular,strongFoot,0,
31,1,0,21/08/2021,Hellas Verona,Sassuolo,2,Hellas Verona,2701,True,1387,Antonín Barák,330705,M,74,Andrea Consigli,81,Sassuolo,1538,12.8,73.4,20,51,0,regular,strongFoot,0,
30,1,0,21/08/2021,Hellas Verona,Sassuolo,3,Hellas Verona,2701,True,1387,Martin Hongla,856062,M,69,Andrea Consigli,81,Sassuolo,1538,22.3,64.6,24,23,0,corner,weakFoot,0,
29,1,0,21/08/2021,Hellas Verona,Sassuolo,7,Hellas Verona,2701,True,1387,Darko Lazović,41157,M,67,Andrea Consigli,81,Sassuolo,1538,19.7,37.5,21,23,0,corner,weakFoot,0,
28,1,0,21/08/2021,Hellas Verona,Sassuolo,10,Sassuolo,2793,False,1538,Filip Đuričić,69367,M,68,Ivor Pandur,71,Hellas Verona,1387,18.5,37.5,20,24,0,assisted,weakFoot,0,
27,1,0,21/08/2021,Hellas Verona,Sassuolo,11,Sassuolo,2793,False,1538,Vlad Chiricheş,69295,M,63,Ivor Pandur,71,Hellas Verona,1387,8.0,45.8,8,19,0,corner,head,0,
26,1,0,21/08/2021,Hellas Verona,Sassuolo,12,Sassuolo,2793,False,1538,Francesco Caputo,43905,F,78,Ivor Pandur,71,Hellas Verona,1387,8.7,62.5,12,44,0,assisted,strongFoot,0,
25,1,0,21/08/2021,Hellas Verona,Sassuolo,15,Hellas Verona,2701,True,1387,Antonín Barák,330705,M,74,Andrea Consigli,81,Sassuolo,1538,1.8,61.2,7,76,0,assisted,weakFoot,0,
24,1,0,21/08/2021,Hellas Verona,Sassuolo,17,Sassuolo,2793,False,1538,Davide Frattesi,835600,M,67,Ivor Pandur,71,Hellas Verona,1387,29.9,36.7,31,16,0,assisted,strongFoot,0,
23,1,0,21/08/2021,Hellas Verona,Sassuolo,17,Sassuolo,2793,False,1538,Giacomo Raspadori,865651,F,72,Ivor Pandur,71,Hellas Verona,1387,5.1,69.3,14,68,0,regular,weakFoot,0,
22,1,0,21/08/2021,Hellas Verona,Sassuolo,19,Hellas Verona,2701,True,1387,Miguel Veloso,6557,M,70,Andrea Consigli,81,Sassuolo,1538,25.1,44.3,25,8,0,assisted,strongFoot,0,
21,1,0,21/08/2021,Hellas Verona,Sassuolo,24,Hellas Verona,2701,True,1387,Mattia Zaccagni,293581,F,70,Andrea Consigli,81,Sassuolo,1538,6.8,54.0,7,21,0,assisted,strongFoot,0,
20,1,0,21/08/2021,Hellas Verona,Sassuolo,28,Hellas Verona,2701,True,1387,Darko Lazović,41157,M,67,Andrea Consigli,81,Sassuolo,1538,23.7,39.2,24,17,0,free-kick,weakFoot,0,
19,1,0,21/08/2021,Hellas Verona,Sassuolo,29,Hellas Verona,2701,True,1387,Antonín Barák,330705,M,74,Andrea Consigli,81,Sassuolo,1538,7.8,55.7,8,26,0,corner,head,0,
18,1,0,21/08/2021,Hellas Verona,Sassuolo,31,Hellas Verona,2701,True,1387,Nikola Kalinić,31273,F,73,Andrea Consigli,81,Sassuolo,1538,4.1,50.5,4,4,0,assisted,head,0,
17,1,0,21/08/2021,Hellas Verona,Sassuolo,32,Sassuolo,2793,False,1538,Giacomo Raspadori,865651,F,72,Ivor Pandur,71,Hellas Verona,1387,14.2,52.0,14,5,0,assisted,weakFoot,1,
16,1,0,21/08/2021,Hellas Verona,Sassuolo,45,Hellas Verona,2701,True,1387,Paweł Dawidowicz,288321,M,45,Andrea Consigli,81,Sassuolo,1538,8.7,45.1,9,20,-1,set-piece,head,0,
15,1,0,21/08/2021,Hellas Verona,Sassuolo,47,Hellas Verona,2701,True,1387,Mattia Zaccagni,293581,F,70,Andrea Consigli,81,Sassuolo,1538,12.7,68.8,18,45,-1,assisted,strongFoot,0,
14,1,0,21/08/2021,Hellas Verona,Sassuolo,51,Sassuolo,2793,False,1538,Filip Đuričić,69367,M,68,Ivor Pandur,71,Hellas Verona,1387,9.9,45.7,10,16,1,assisted,weakFoot,1,
13,1,0,21/08/2021,Hellas Verona,Sassuolo,58,Sassuolo,2793,False,1538,Giacomo Raspadori,865651,F,72,Ivor Pandur,71,Hellas Verona,1387,21.4,47.0,21,5,2,free-kick,weakFoot,0,
12,1,0,21/08/2021,Hellas Verona,Sassuolo,59,Sassuolo,2793,False,1538,Jérémie Boga,367056,F,72,Ivor Pandur,71,Hellas Verona,1387,19.9,28.7,24,36,2,corner,strongFoot,0,
11,1,0,21/08/2021,Hellas Verona,Sassuolo,63,Sassuolo,2793,False,1538,Jérémie Boga,367056,F,72,Ivor Pandur,71,Hellas Verona,1387,25.1,48.7,25,2,2,assisted,strongFoot,0,
10,1,0,21/08/2021,Hellas Verona,Sassuolo,64,Sassuolo,2793,False,1538,Filip Đuričić,69367,M,68,Ivor Pandur,71,Hellas Verona,1387,15.4,51.3,15,3,2,assisted,weakFoot,0,
9,1,0,21/08/2021,Hellas Verona,Sassuolo,67,Sassuolo,2793,False,1538,Davide Frattesi,835600,M,67,Ivor Pandur,71,Hellas Verona,1387,25.4,55.3,25,8,2,assisted,weakFoot,0,
8,1,0,21/08/2021,Hellas Verona,Sassuolo,69,Sassuolo,2793,False,1538,Davide Frattesi,835600,M,67,Ivor Pandur,71,Hellas Verona,1387,18.2,52.4,18,5,2,assisted,strongFoot,0,
7,1,0,21/08/2021,Hellas Verona,Sassuolo,69,Sassuolo,2793,False,1538,Davide Frattesi,835600,M,67,Ivor Pandur,71,Hellas Verona,1387,12.7,48.0,12,6,2,regular,weakFoot,0,
6,1,0,21/08/2021,Hellas Verona,Sassuolo,71,Hellas Verona,2701,True,1387,Mattia Zaccagni,293581,F,70,Andrea Consigli,81,Sassuolo,1538,11.5,50.0,11,0,-2,penalty,strongFoot,1,
5,1,0,21/08/2021,Hellas Verona,Sassuolo,76,Sassuolo,2793,False,1538,Filip Đuričić,69367,M,68,Ivor Pandur,71,Hellas Verona,1387,17.9,52.2,17,4,1,assisted,weakFoot,0,
4,1,0,21/08/2021,Hellas Verona,Sassuolo,77,Sassuolo,2793,False,1538,Hamed Junior Traorè,892924,M,66,Ivor Pandur,71,Hellas Verona,1387,14.8,32.3,19,39,1,assisted,strongFoot,1,
3,1,0,21/08/2021,Hellas Verona,Sassuolo,79,Sassuolo,2793,False,1538,Francesco Caputo,43905,F,78,Ivor Pandur,71,Hellas Verona,1387,11.5,55.5,12,18,2,regular,weakFoot,0,
2,1,0,21/08/2021,Hellas Verona,Sassuolo,85,Hellas Verona,2701,True,1387,Samuel Di Carmine,15190,F,71,Andrea Consigli,81,Sassuolo,1538,14.0,37.7,16,30,-2,set-piece,weakFoot,0,
1,1,0,21/08/2021,Hellas Verona,Sassuolo,86,Hellas Verona,2701,True,1387,Giangiacomo Magnani,812829,D,35,Andrea Consigli,81,Sassuolo,1538,3.8,45.7,4,37,-2,corner,head,0,
0,1,0,21/08/2021,Hellas Verona,Sassuolo,90,Hellas Verona,2701,True,1387,Mattia Zaccagni,293581,F,70,Andrea Consigli,81,Sassuolo,1538,7.1,31.4,14,60,-2,assisted,strongFoot,1,
25,1,1,21/08/2021,Inter,Genoa,2,Inter,2697,True,1814,Stefan de Vrij,91046,D,41,Salvatore Sirigu,82,Genoa,1402,6.9,57.0,8,34,0,set-piece,strongFoot,0,
24,1,1,21/08/2021,Inter,Genoa,6,Inter,2697,True,1814,Milan Škriniar,187205,D,41,Salvatore Sirigu,82,Genoa,1402,7.7,48.0,7,10,0,corner,head,1,
23,1,1,21/08/2021,Inter,Genoa,9,Genoa,2713,False,1402,Yayah Kallon,967510,F,63,Samir Handanović,86,Inter,1814,10.3,35.5,14,43,-1,assisted,strongFoot,0,
22,1,1,21/08/2021,Inter,Genoa,12,Inter,2697,True,1814,Stefano Sensi,294313,M,59,Salvatore Sirigu,82,Genoa,1402,10.5,55.7,11,20,1,assisted,head,0,
21,1,1,21/08/2021,Inter,Genoa,12,Inter,2697,True,1814,Marcelo Brozović,108800,M,73,Salvatore Sirigu,82,Genoa,1402,21.5,43.3,21,11,1,assisted,weakFoot,0,
20,1,1,21/08/2021,Inter,Genoa,14,Inter,2697,True,1814,Hakan Çalhanoğlu,135700,M,75,Salvatore Sirigu,82,Genoa,1402,25.9,39.8,26,14,1,assisted,strongFoot,1,
19,1,1,21/08/2021,Inter,Genoa,24,Inter,2697,True,1814,Edin Džeko,14990,F,83,Salvatore Sirigu,82,Genoa,1402,11.8,50.3,11,0,2,assisted,weakFoot,0,
18,1,1,21/08/2021,Inter,Genoa,28,Inter,2697,True,1814,Marcelo Brozović,108800,M,73,Salvatore Sirigu,82,Genoa,1402,22.3,35.8,24,23,2,regular,weakFoot,0,
17,1,1,21/08/2021,Inter,Genoa,37,Inter,2697,True,1814,Marcelo Brozović,108800,M,73,Salvatore Sirigu,82,Genoa,1402,13.5,56.4,14,17,2,regular,weakFoot,0,
16,1,1,21/08/2021,Inter,Genoa,39,Inter,2697,True,1814,Milan Škriniar,187205,D,41,Salvatore Sirigu,82,Genoa,1402,7.8,45.8,8,20,2,corner,head,0,
15,1,1,21/08/2021,Inter,Genoa,45,Genoa,2713,False,1402,Goran Pandev,2695,F,78,Samir Handanović,86,Inter,1814,14.0,56.7,14,18,-2,assisted,strongFoot,0,
14,1,1,21/08/2021,Inter,Genoa,45,Genoa,2713,False,1402,Yayah Kallon,967510,F,63,Samir Handanović,86,Inter,1814,9.9,44.9,10,19,-2,assisted,strongFoot,0,
13,1,1,21/08/2021,Inter,Genoa,47,Genoa,2713,False,1402,Yayah Kallon,967510,F,63,Samir Handanović,86,Inter,1814,11.2,69.5,17,49,-2,assisted,weakFoot,0,
12,1,1,21/08/2021,Inter,Genoa,52,Inter,2697,True,1814,Nicolò Barella,363856,M,70,Salvatore Sirigu,82,Genoa,1402,11.8,69.6,17,48,2,assisted,strongFoot,0,
11,1,1,21/08/2021,Inter,Genoa,57,Genoa,2713,False,1402,Stefano Sabelli,184421,M,39,Samir Handanović,86,Inter,1814,14.2,45.4,14,12,-2,assisted,weakFoot,0,
10,1,1,21/08/2021,Inter,Genoa,58,Genoa,2713,False,1402,Nicolò Rovella,937324,M,48,Samir Handanović,86,Inter,1814,17.9,30.1,22,37,-2,free-kick,weakFoot,0,
9,1,1,21/08/2021,Inter,Genoa,62,Genoa,2713,False,1402,Nicolò Rovella,937324,M,48,Samir Handanović,86,Inter,1814,31.1,52.2,31,2,-2,set-piece,weakFoot,0,
8,1,1,21/08/2021,Inter,Genoa,63,Genoa,2713,False,1402,Flavio Bianchi,928779,F,66,Samir Handanović,86,Inter,1814,26.1,38.2,27,17,-2,fast-break,strongFoot,0,
7,1,1,21/08/2021,Inter,Genoa,68,Inter,2697,True,1814,Ivan Perišić,38710,M,79,Salvatore Sirigu,82,Genoa,1402,13.4,32.2,18,42,2,fast-break,weakFoot,0,
6,1,1,21/08/2021,Inter,Genoa,71,Inter,2697,True,1814,Edin Džeko,14990,F,83,Salvatore Sirigu,82,Genoa,1402,4.8,52.7,5,20,2,corner,head,0,
5,1,1,21/08/2021,Inter,Genoa,74,Inter,2697,True,1814,Edin Džeko,14990,F,83,Salvatore Sirigu,82,Genoa,1402,19.4,39.4,20,20,2,assisted,weakFoot,0,
4,1,1,21/08/2021,Inter,Genoa,74,Inter,2697,True,1814,Arturo Vidal,18342,M,78,Salvatore Sirigu,82,Genoa,1402,8.3,56.5,9,28,2,assisted,strongFoot,1,
3,1,1,21/08/2021,Inter,Genoa,76,Inter,2697,True,1814,Federico Dimarco,284361,M,60,Salvatore Sirigu,82,Genoa,1402,8.3,31.8,14,56,3,assisted,strongFoot,0,
2,1,1,21/08/2021,Inter,Genoa,82,Genoa,2713,False,1402,Flavio Bianchi,928779,F,66,Samir Handanović,86,Inter,1814,21.2,60.6,22,18,-3,assisted,weakFoot,0,
1,1,1,21/08/2021,Inter,Genoa,84,Genoa,2713,False,1402,Zinho Vanheusden,881024,D,43,Samir Handanović,86,Inter,1814,20.9,71.1,25,34,-3,assisted,strongFoot,0,
0,1,1,21/08/2021,Inter,Genoa,87,Inter,2697,True,1814,Edin Džeko,14990,F,83,Salvatore Sirigu,82,Genoa,1402,9.0,45.5,9,18,3,assisted,head,1,
23,1,2,21/08/2021,Empoli,Lazio,4,Empoli,2705,True,1538,Filippo Bandinelli,812332,M,66,Pepe Reina,78,Lazio,1637,8.3,29.6,16,59,0,assisted,strongFoot,1,
22,1,2,21/08/2021,Empoli,Lazio,6,Lazio,2699,False,1637,Sergej Milinković-Savić,331447,M,78,Guglielmo Vicario,71,Empoli,1538,2.6,55.4,4,54,0,corner,head,1,
21,1,2,21/08/2021,Empoli,Lazio,12,Lazio,2699,False,1637,Felipe Anderson,152276,M,73,Guglielmo Vicario,71,Empoli,1538,14.2,27.6,20,47,1,assisted,strongFoot,0,
20,1,2,21/08/2021,Empoli,Lazio,13,Empoli,2705,True,1538,Leonardo Mancuso,250931,F,71,Pepe Reina,78,Lazio,1637,13.9,44.9,14,14,-1,assisted,strongFoot,0,
19,1,2,21/08/2021,Empoli,Lazio,22,Empoli,2705,True,1538,Leonardo Mancuso,250931,F,71,Pepe Reina,78,Lazio,1637,13.8,38.0,16,30,-1,corner,strongFoot,0,
18,1,2,21/08/2021,Empoli,Lazio,24,Empoli,2705,True,1538,Filippo Bandinelli,812332,M,66,Pepe Reina,78,Lazio,1637,19.1,43.5,19,13,-1,assisted,weakFoot,0,
17,1,2,21/08/2021,Empoli,Lazio,28,Lazio,2699,False,1637,Ciro Immobile,45923,F,87,Guglielmo Vicario,71,Empoli,1538,7.5,33.7,13,55,1,set-piece,weakFoot,0,
16,1,2,21/08/2021,Empoli,Lazio,31,Lazio,2699,False,1637,Manuel Lazzari,273405,D,60,Guglielmo Vicario,71,Empoli,1538,10.9,64.9,14,42,1,assisted,strongFoot,1,
15,1,2,21/08/2021,Empoli,Lazio,41,Lazio,2699,False,1637,Ciro Immobile,45923,F,87,Guglielmo Vicario,71,Empoli,1538,11.5,50.0,11,0,2,penalty,strongFoot,1,
14,1,2,21/08/2021,Empoli,Lazio,47,Empoli,2705,True,1538,Filippo Bandinelli,812332,M,66,Pepe Reina,78,Lazio,1637,15.9,33.4,19,35,-3,assisted,strongFoot,0,
13,1,2,21/08/2021,Empoli,Lazio,50,Empoli,2705,True,1538,Simone Romagnoli,111487,D,39,Pepe Reina,78,Lazio,1637,8.2,43.4,9,28,-3,corner,head,0,
12,1,2,21/08/2021,Empoli,Lazio,51,Empoli,2705,True,1538,Riccardo Marchizza,792311,D,28,Pepe Reina,78,Lazio,1637,15.5,32.2,19,37,-3,assisted,strongFoot,0,
11,1,2,21/08/2021,Empoli,Lazio,55,Empoli,2705,True,1538,Filippo Bandinelli,812332,M,66,Pepe Reina,78,Lazio,1637,14.2,41.2,15,22,-3,assisted,strongFoot,0,
10,1,2,21/08/2021,Empoli,Lazio,55,Empoli,2705,True,1538,Nedim Bajrami,825861,M,58,Pepe Reina,78,Lazio,1637,14.5,49.3,14,1,-3,regular,strongFoot,0,
9,1,2,21/08/2021,Empoli,Lazio,59,Empoli,2705,True,1538,Patrick Cutrone,795044,F,71,Pepe Reina,78,Lazio,1637,7.0,35.1,12,55,-3,assisted,weakFoot,0,
8,1,2,21/08/2021,Empoli,Lazio,61,Empoli,2705,True,1538,Nedim Bajrami,825861,M,58,Pepe Reina,78,Lazio,1637,25.1,47.4,25,4,-3,fast-break,strongFoot,0,
7,1,2,21/08/2021,Empoli,Lazio,63,Lazio,2699,False,1637,Sergej Milinković-Savić,331447,M,78,Guglielmo Vicario,71,Empoli,1538,14.3,44.8,14,13,3,assisted,weakFoot,0,
6,1,2,21/08/2021,Empoli,Lazio,74,Lazio,2699,False,1637,André Anderson,947171,M,59,Guglielmo Vicario,71,Empoli,1538,3.7,65.5,11,70,3,assisted,strongFoot,0,
5,1,2,21/08/2021,Empoli,Lazio,78,Lazio,2699,False,1637,Elseid Hysaj,136322,D,49,Guglielmo Vicario,71,Empoli,1538,13.9,35.5,17,35,3,assisted,strongFoot,0,
4,1,2,21/08/2021,Empoli,Lazio,84,Empoli,2705,True,1538,Giovanni Crociata,826570,M,56,Pepe Reina,78,Lazio,1637,9.4,54.2,9,16,-3,assisted,strongFoot,0,
3,1,2,21/08/2021,Empoli,Lazio,85,Empoli,2705,True,1538,Szymon Żurkowski,860435,F,61,Pepe Reina,78,Lazio,1637,24.2,57.5,24,11,-3,assisted,strongFoot,0,
2,1,2,21/08/2021,Empoli,Lazio,90,Empoli,2705,True,1538,Liam Henderson,287573,M,59,Pepe Reina,78,Lazio,1637,14.3,38.9,16,27,-3,regular,strongFoot,0,
1,1,2,21/08/2021,Empoli,Lazio,90,Empoli,2705,True,1538,Nedim Bajrami,825861,M,58,Pepe Reina,78,Lazio,1637,11.4,19.1,23,61,-3,corner,strongFoot,0,
0,1,2,21/08/2021,Empoli,Lazio,90,Empoli,2705,True,1538,Riccardo Marchizza,792311,D,28,Pepe Reina,78,Lazio,1637,17.9,38.2,19,24,-3,regular,strongFoot,0,
27,1,3,21/08/2021,Torino,Atalanta,6,Atalanta,2686,False,1768,Luis Muriel,119242,F,82,Vanja Milinković-Savić,70,Torino,1428,17.6,66.6,20,32,0,assisted,weakFoot,1,
26,1,3,21/08/2021,Torino,Atalanta,9,Torino,2696,True,1428,Karol Linetty,189135,M,61,Juan Musso,81,Atalanta,1768,2.4,65.1,10,76,0,assisted,strongFoot,0,
25,1,3,21/08/2021,Torino,Atalanta,13,Torino,2696,True,1428,Antonio Sanabria,333261,F,71,Juan Musso,81,Atalanta,1768,11.5,45.7,11,14,0,assisted,head,0,
24,1,3,21/08/2021,Torino,Atalanta,18,Torino,2696,True,1428,Ola Aina,800417,D,59,Juan Musso,81,Atalanta,1768,25.1,39.8,26,15,0,assisted,strongFoot,0,
23,1,3,21/08/2021,Torino,Atalanta,22,Atalanta,2686,False,1768,Robin Gosens,377118,D,73,Vanja Milinković-Savić,70,Torino,1428,6.4,53.6,6,20,0,assisted,head,0,
22,1,3,21/08/2021,Torino,Atalanta,22,Atalanta,2686,False,1768,Luis Muriel,119242,F,82,Vanja Milinković-Savić,70,Torino,1428,7.6,61.3,10,45,0,assisted,strongFoot,0,
21,1,3,21/08/2021,Torino,Atalanta,25,Torino,2696,True,1428,Marko Pjaca,190435,F,67,Juan Musso,81,Atalanta,1768,23.9,51.8,23,2,0,regular,strongFoot,0,
20,1,3,21/08/2021,Torino,Atalanta,26,Torino,2696,True,1428,Rolando Mandragora,548178,M,63,Juan Musso,81,Atalanta,1768,23.2,37.1,24,20,0,regular,strongFoot,0,
19,1,3,21/08/2021,Torino,Atalanta,31,Atalanta,2686,False,1768,Ruslan Malinovskyi,195850,M,79,Vanja Milinković-Savić,70,Torino,1428,15.6,45.9,15,10,0,assisted,strongFoot,0,
18,1,3,21/08/2021,Torino,Atalanta,33,Torino,2696,True,1428,Karol Linetty,189135,M,61,Juan Musso,81,Atalanta,1768,25.8,49.7,25,0,0,assisted,weakFoot,0,
17,1,3,21/08/2021,Torino,Atalanta,33,Torino,2696,True,1428,Saša Lukić,371222,M,63,Juan Musso,81,Atalanta,1768,29.8,58.5,30,10,0,regular,strongFoot,0,
16,1,3,21/08/2021,Torino,Atalanta,34,Torino,2696,True,1428,Antonio Sanabria,333261,F,71,Juan Musso,81,Atalanta,1768,13.2,64.9,16,37,0,assisted,strongFoot,0,
15,1,3,21/08/2021,Torino,Atalanta,40,Torino,2696,True,1428,Bremer,885197,D,35,Juan Musso,81,Atalanta,1768,9.9,53.0,10,11,0,corner,head,0,
14,1,3,21/08/2021,Torino,Atalanta,43,Torino,2696,True,1428,Ola Aina,800417,D,59,Juan Musso,81,Atalanta,1768,10.9,26.1,19,56,0,assisted,weakFoot,0,
13,1,3,21/08/2021,Torino,Atalanta,44,Torino,2696,True,1428,Karol Linetty,189135,M,61,Juan Musso,81,Atalanta,1768,13.7,43.7,14,17,0,assisted,strongFoot,0,
12,1,3,21/08/2021,Torino,Atalanta,44,Torino,2696,True,1428,Rolando Mandragora,548178,M,63,Juan Musso,81,Atalanta,1768,25.1,38.8,26,16,0,regular,strongFoot,0,
11,1,3,21/08/2021,Torino,Atalanta,49,Torino,2696,True,1428,Antonio Sanabria,333261,F,71,Juan Musso,81,Atalanta,1768,21.3,45.7,21,7,0,free-kick,strongFoot,0,
10,1,3,21/08/2021,Torino,Atalanta,50,Torino,2696,True,1428,Antonio Sanabria,333261,F,71,Juan Musso,81,Atalanta,1768,9.5,47.3,9,10,0,assisted,weakFoot,0,
9,1,3,21/08/2021,Torino,Atalanta,55,Torino,2696,True,1428,Antonio Sanabria,333261,F,71,Juan Musso,81,Atalanta,1768,4.6,38.4,9,59,0,corner,strongFoot,0,
8,1,3,21/08/2021,Torino,Atalanta,56,Torino,2696,True,1428,Rolando Mandragora,548178,M,63,Juan Musso,81,Atalanta,1768,18.4,38.5,19,23,0,assisted,strongFoot,0,
7,1,3,21/08/2021,Torino,Atalanta,62,Torino,2696,True,1428,Koffi Djidji,158235,D,31,Juan Musso,81,Atalanta,1768,25.9,64.3,27,20,0,regular,strongFoot,0,
6,1,3,21/08/2021,Torino,Atalanta,68,Torino,2696,True,1428,Wilfried Singo,978285,D,39,Juan Musso,81,Atalanta,1768,4.3,67.8,12,70,0,assisted,strongFoot,0,
5,1,3,21/08/2021,Torino,Atalanta,70,Atalanta,2686,False,1768,Robin Gosens,377118,D,73,Vanja Milinković-Savić,70,Torino,1428,22.1,28.7,26,33,0,regular,strongFoot,0,
4,1,3,21/08/2021,Torino,Atalanta,71,Atalanta,2686,False,1768,Ruslan Malinovskyi,195850,M,79,Vanja Milinković-Savić,70,Torino,1428,15.5,36.3,18,31,0,corner,strongFoot,0,
3,1,3,21/08/2021,Torino,Atalanta,79,Torino,2696,True,1428,Andrea Belotti,220223,F,81,Juan Musso,81,Atalanta,1768,19.5,31.2,23,33,0,assisted,strongFoot,1,
2,1,3,21/08/2021,Torino,Atalanta,82,Torino,2696,True,1428,Wilfried Singo,978285,D,39,Juan Musso,81,Atalanta,1768,10.6,40.9,12,30,1,set-piece,head,0,
1,1,3,21/08/2021,Torino,Atalanta,88,Torino,2696,True,1428,Simone Verdi,98058,M,72,Juan Musso,81,Atalanta,1768,25.1,49.3,25,1,1,assisted,weakFoot,0,
0,1,3,21/08/2021,Torino,Atalanta,90,Atalanta,2686,False,1768,Roberto Piccoli,958982,F,62,Vanja Milinković-Savić,70,Torino,1428,5.7,48.5,5,10,-1,assisted,strongFoot,1,
27,1,4,22/08/2021,Bologna,US Salernitana 1919,3,US Salernitana 1919,2710,False,1383,Federico Bonazzoli,284363,F,67,Łukasz Skorupski,75,Bologna,1410,23.2,60.6,24,17,0,regular,strongFoot,0,
26,1,4,22/08/2021,Bologna,US Salernitana 1919,11,Bologna,2685,True,1410,Marko Arnautović,21927,F,81,Vid Belec,73,US Salernitana 1919,1383,12.2,70.9,18,49,0,assisted,weakFoot,0,
25,1,4,22/08/2021,Bologna,US Salernitana 1919,18,Bologna,2685,True,1410,Riccardo Orsolini,793645,M,69,Vid Belec,73,US Salernitana 1919,1383,8.1,75.8,19,65,0,corner,strongFoot,0,
24,1,4,22/08/2021,Bologna,US Salernitana 1919,20,US Salernitana 1919,2710,False,1383,Federico Bonazzoli,284363,F,67,Łukasz Skorupski,75,Bologna,1410,21.4,73.6,26,36,0,free-kick,strongFoot,0,
23,1,4,22/08/2021,Bologna,US Salernitana 1919,24,US Salernitana 1919,2710,False,1383,Lassana Coulibaly,804621,M,56,Łukasz Skorupski,75,Bologna,1410,23.8,49.5,23,0,0,regular,strongFoot,0,
22,1,4,22/08/2021,Bologna,US Salernitana 1919,25,Bologna,2685,True,1410,Nicolás Domínguez,871765,M,65,Vid Belec,73,US Salernitana 1919,1383,20.2,54.6,20,8,0,regular,strongFoot,0,
21,1,4,22/08/2021,Bologna,US Salernitana 1919,25,Bologna,2685,True,1410,Aaron Hickey,966869,D,49,Vid Belec,73,US Salernitana 1919,1383,27.3,31.8,29,24,0,regular,weakFoot,0,
20,1,4,22/08/2021,Bologna,US Salernitana 1919,30,US Salernitana 1919,2710,False,1383,Norbert Gyömbér,224456,D,31,Łukasz Skorupski,75,Bologna,1410,11.1,50.9,11,3,0,corner,head,0,
19,1,4,22/08/2021,Bologna,US Salernitana 1919,32,Bologna,2685,True,1410,Aaron Hickey,966869,D,49,Vid Belec,73,US Salernitana 1919,1383,17.5,27.0,23,41,0,assisted,weakFoot,0,
18,1,4,22/08/2021,Bologna,US Salernitana 1919,33,US Salernitana 1919,2710,False,1383,Federico Bonazzoli,284363,F,67,Łukasz Skorupski,75,Bologna,1410,18.8,44.5,19,11,0,assisted,strongFoot,0,
17,1,4,22/08/2021,Bologna,US Salernitana 1919,34,Bologna,2685,True,1410,Marko Arnautović,21927,F,81,Vid Belec,73,US Salernitana 1919,1383,19.7,55.7,20,11,0,assisted,weakFoot,0,
16,1,4,22/08/2021,Bologna,US Salernitana 1919,36,Bologna,2685,True,1410,Riccardo Orsolini,793645,M,69,Vid Belec,73,US Salernitana 1919,1383,17.7,54.2,17,9,0,free-kick,strongFoot,0,
15,1,4,22/08/2021,Bologna,US Salernitana 1919,36,Bologna,2685,True,1410,Riccardo Orsolini,793645,M,69,Vid Belec,73,US Salernitana 1919,1383,17.9,48.9,17,2,0,set-piece,strongFoot,0,
14,1,4,22/08/2021,Bologna,US Salernitana 1919,37,Bologna,2685,True,1410,Nicolás Domínguez,871765,M,65,Vid Belec,73,US Salernitana 1919,1383,6.3,46.2,6,22,0,corner,head,0,
13,1,4,22/08/2021,Bologna,US Salernitana 1919,43,US Salernitana 1919,2710,False,1383,Milan Đurić,76132,F,64,Łukasz Skorupski,75,Bologna,1410,8.8,49.3,8,3,0,assisted,head,0,
12,1,4,22/08/2021,Bologna,US Salernitana 1919,43,Bologna,2685,True,1410,Marko Arnautović,21927,F,81,Vid Belec,73,US Salernitana 1919,1383,8.3,70.9,16,59,0,assisted,weakFoot,0,
11,1,4,22/08/2021,Bologna,US Salernitana 1919,48,US Salernitana 1919,2710,False,1383,Wajdi Kechrida,880061,D,32,Łukasz Skorupski,75,Bologna,1410,9.3,69.7,16,55,0,assisted,strongFoot,0,
10,1,4,22/08/2021,Bologna,US Salernitana 1919,52,US Salernitana 1919,2710,False,1383,Federico Bonazzoli,284363,F,67,Łukasz Skorupski,75,Bologna,1410,11.5,50.0,11,0,0,penalty,strongFoot,1,
9,1,4,22/08/2021,Bologna,US Salernitana 1919,54,Bologna,2685,True,1410,Nicolás Domínguez,871765,M,65,Vid Belec,73,US Salernitana 1919,1383,8.7,31.4,15,55,-1,assisted,weakFoot,0,
8,1,4,22/08/2021,Bologna,US Salernitana 1919,58,Bologna,2685,True,1410,Nicola Sansone,100580,F,72,Vid Belec,73,US Salernitana 1919,1383,23.8,50.1,23,0,-1,free-kick,strongFoot,0,
7,1,4,22/08/2021,Bologna,US Salernitana 1919,59,Bologna,2685,True,1410,Lorenzo De Silvestri,14718,D,66,Vid Belec,73,US Salernitana 1919,1383,4.0,59.0,7,56,-1,corner,head,1,
6,1,4,22/08/2021,Bologna,US Salernitana 1919,62,Bologna,2685,True,1410,Marko Arnautović,21927,F,81,Vid Belec,73,US Salernitana 1919,1383,11.4,43.7,12,20,0,assisted,weakFoot,0,
5,1,4,22/08/2021,Bologna,US Salernitana 1919,68,Bologna,2685,True,1410,Nicolás Domínguez,871765,M,65,Vid Belec,73,US Salernitana 1919,1383,16.1,42.9,16,16,0,assisted,strongFoot,0,
4,1,4,22/08/2021,Bologna,US Salernitana 1919,68,Bologna,2685,True,1410,Jerdy Schouten,844234,D,54,Vid Belec,73,US Salernitana 1919,1383,20.4,36.3,22,24,0,regular,weakFoot,0,
3,1,4,22/08/2021,Bologna,US Salernitana 1919,70,US Salernitana 1919,2710,False,1383,Mamadou Coulibaly,874481,M,58,Łukasz Skorupski,75,Bologna,1410,2.8,56.7,5,58,0,regular,head,0,
2,1,4,22/08/2021,Bologna,US Salernitana 1919,70,US Salernitana 1919,2710,False,1383,Mamadou Coulibaly,874481,M,58,Łukasz Skorupski,75,Bologna,1410,8.1,66.8,14,54,0,regular,weakFoot,1,
1,1,4,22/08/2021,Bologna,US Salernitana 1919,75,Bologna,2685,True,1410,Marko Arnautović,21927,F,81,Vid Belec,73,US Salernitana 1919,1383,12.4,44.1,13,17,-1,assisted,weakFoot,1,
0,1,4,22/08/2021,Bologna,US Salernitana 1919,77,Bologna,2685,True,1410,Lorenzo De Silvestri,14718,D,66,Vid Belec,73,US Salernitana 1919,1383,4.7,52.2,4,17,0,corner,head,1,
21,1,5,22/08/2021,Udinese,Juventus,3,Juventus,2687,False,1869,Paulo Dybala,256219,F,85,Marco Silvestri,79,Udinese,1397,8.4,57.5,9,31,0,assisted,strongFoot,1,
20,1,5,22/08/2021,Udinese,Juventus,9,Udinese,2695,True,1397,Ignacio Pussetto,340509,F,72,Wojciech Szczęsny,87,Juventus,1869,15.5,52.9,15,7,0,assisted,strongFoot,0,
19,1,5,22/08/2021,Udinese,Juventus,15,Udinese,2695,True,1397,Nahuel Molina,831799,D,63,Wojciech Szczęsny,87,Juventus,1869,24.2,71.1,28,30,0,assisted,weakFoot,0,
18,1,5,22/08/2021,Udinese,Juventus,19,Udinese,2695,True,1397,Ignacio Pussetto,340509,F,72,Wojciech Szczęsny,87,Juventus,1869,7.3,46.0,7,20,0,corner,head,0,
17,1,5,22/08/2021,Udinese,Juventus,23,Juventus,2687,False,1869,Juan Cuadrado,47743,M,74,Marco Silvestri,79,Udinese,1397,5.1,62.1,9,58,0,assisted,strongFoot,1,
16,1,5,22/08/2021,Udinese,Juventus,31,Juventus,2687,False,1869,Álvaro Morata,125407,F,79,Marco Silvestri,79,Udinese,1397,13.8,34.9,17,36,1,regular,strongFoot,0,
15,1,5,22/08/2021,Udinese,Juventus,45,Juventus,2687,False,1869,Álvaro Morata,125407,F,79,Marco Silvestri,79,Udinese,1397,8.1,28.9,16,60,1,assisted,strongFoot,0,
14,1,5,22/08/2021,Udinese,Juventus,50,Udinese,2695,True,1397,Tolgay Arslan,71203,M,68,Wojciech Szczęsny,87,Juventus,1869,15.1,35.2,18,33,-1,regular,strongFoot,0,
13,1,5,22/08/2021,Udinese,Juventus,51,Udinese,2695,True,1397,Roberto Pereyra,122701,M,73,Wojciech Szczęsny,87,Juventus,1869,11.5,50.0,11,0,-1,penalty,weakFoot,1,
12,1,5,22/08/2021,Udinese,Juventus,54,Juventus,2687,False,1869,Álvaro Morata,125407,F,79,Marco Silvestri,79,Udinese,1397,5.6,53.6,6,23,0,assisted,head,0,
11,1,5,22/08/2021,Udinese,Juventus,56,Udinese,2695,True,1397,Rodrigo Becão,880207,D,32,Wojciech Szczęsny,87,Juventus,1869,29.9,68.4,32,22,0,assisted,strongFoot,0,
10,1,5,22/08/2021,Udinese,Juventus,63,Juventus,2687,False,1869,Cristiano Ronaldo,750,F,92,Marco Silvestri,79,Udinese,1397,9.7,50.0,9,0,0,set-piece,head,0,
9,1,5,22/08/2021,Udinese,Juventus,66,Juventus,2687,False,1869,Rodrigo Bentancur,791190,M,61,Marco Silvestri,79,Udinese,1397,22.1,55.8,22,10,0,assisted,weakFoot,0,
8,1,5,22/08/2021,Udinese,Juventus,68,Juventus,2687,False,1869,Rodrigo Bentancur,791190,M,61,Marco Silvestri,79,Udinese,1397,27.9,41.2,28,12,0,assisted,weakFoot,0,
7,1,5,22/08/2021,Udinese,Juventus,71,Udinese,2695,True,1397,Gerard Deulofeu,96372,F,72,Wojciech Szczęsny,87,Juventus,1869,26.4,43.0,26,10,0,assisted,strongFoot,0,
6,1,5,22/08/2021,Udinese,Juventus,75,Udinese,2695,True,1397,Jens Stryger Larsen,44848,D,60,Wojciech Szczęsny,87,Juventus,1869,10.1,47.5,10,9,0,assisted,head,0,
5,1,5,22/08/2021,Udinese,Juventus,83,Udinese,2695,True,1397,Gerard Deulofeu,96372,F,72,Wojciech Szczęsny,87,Juventus,1869,7.7,64.0,12,51,0,assisted,strongFoot,1,
4,1,5,22/08/2021,Udinese,Juventus,89,Udinese,2695,True,1397,Samir Caetano,331405,D,33,Wojciech Szczęsny,87,Juventus,1869,3.7,45.2,4,41,1,set-piece,head,0,
3,1,5,22/08/2021,Udinese,Juventus,90,Udinese,2695,True,1397,Stefano Okaka,13148,F,73,Wojciech Szczęsny,87,Juventus,1869,9.4,28.8,17,56,1,assisted,strongFoot,0,
2,1,5,22/08/2021,Udinese,Juventus,90,Udinese,2695,True,1397,Mato Jajalo,42147,M,64,Wojciech Szczęsny,87,Juventus,1869,9.9,53.1,10,12,1,regular,weakFoot,0,
1,1,5,22/08/2021,Udinese,Juventus,90,Juventus,2687,False,1869,Paulo Dybala,256219,F,85,Marco Silvestri,79,Udinese,1397,22.9,63.7,24,22,-1,assisted,strongFoot,0,
0,1,5,22/08/2021,Udinese,Juventus,90,Juventus,2687,False,1869,Paulo Dybala,256219,F,85,Marco Silvestri,79,Udinese,1397,13.1,57.6,14,21,-1,corner,strongFoot,0,
21,1,6,22/08/2021,AS Roma,Fiorentina,24,AS Roma,2702,True,1720,Lorenzo Pellegrini,555540,F,73,Bartłomiej Drągowski,77,Fiorentina,1442,13.9,60.5,15,27,0,assisted,strongFoot,0,
20,1,6,22/08/2021,AS Roma,Fiorentina,26,AS Roma,2702,True,1720,Henrikh Mkhitaryan,37151,M,79,Bartłomiej Drągowski,77,Fiorentina,1442,9.3,47.8,9,9,0,assisted,weakFoot,1,
19,1,6,22/08/2021,AS Roma,Fiorentina,29,Fiorentina,2693,False,1442,Dušan Vlahović,832208,F,77,Rui Patrício,82,AS Roma,1720,12.2,25.0,20,54,0,set-piece,strongFoot,0,
18,1,6,22/08/2021,AS Roma,Fiorentina,31,AS Roma,2702,True,1720,Nicolò Zaniolo,864898,F,73,Bartłomiej Drągowski,77,Fiorentina,1442,21.9,65.1,24,25,0,regular,strongFoot,0,
17,1,6,22/08/2021,AS Roma,Fiorentina,31,AS Roma,2702,True,1720,Roger Ibañez,888949,D,31,Bartłomiej Drągowski,77,Fiorentina,1442,7.9,60.2,10,41,0,corner,head,0,
16,1,6,22/08/2021,AS Roma,Fiorentina,34,Fiorentina,2693,False,1442,Giacomo Bonaventura,36784,M,75,Rui Patrício,82,AS Roma,1720,4.1,66.7,12,70,0,assisted,strongFoot,0,
15,1,6,22/08/2021,AS Roma,Fiorentina,36,Fiorentina,2693,False,1442,Igor Júlio,842513,D,30,Rui Patrício,82,AS Roma,1720,13.2,49.3,13,2,0,corner,head,0,
14,1,6,22/08/2021,AS Roma,Fiorentina,42,Fiorentina,2693,False,1442,Dušan Vlahović,832208,F,77,Rui Patrício,82,AS Roma,1720,9.9,30.9,16,52,0,set-piece,head,0,
13,1,6,22/08/2021,AS Roma,Fiorentina,44,Fiorentina,2693,False,1442,Youssef Maleh,849274,M,66,Rui Patrício,82,AS Roma,1720,10.7,46.3,10,13,0,assisted,strongFoot,0,
12,1,6,22/08/2021,AS Roma,Fiorentina,54,AS Roma,2702,True,1720,Henrikh Mkhitaryan,37151,M,79,Bartłomiej Drągowski,77,Fiorentina,1442,25.0,58.2,25,12,0,assisted,weakFoot,0,
11,1,6,22/08/2021,AS Roma,Fiorentina,55,Fiorentina,2693,False,1442,Dušan Vlahović,832208,F,77,Rui Patrício,82,AS Roma,1720,10.0,53.4,10,13,0,assisted,strongFoot,0,
10,1,6,22/08/2021,AS Roma,Fiorentina,58,Fiorentina,2693,False,1442,Erick Pulgar,590262,M,61,Rui Patrício,82,AS Roma,1720,21.3,47.2,21,5,0,assisted,strongFoot,0,
9,1,6,22/08/2021,AS Roma,Fiorentina,60,Fiorentina,2693,False,1442,Nikola Milenković,836168,D,45,Rui Patrício,82,AS Roma,1720,6.9,52.2,7,12,0,corner,weakFoot,1,
8,1,6,22/08/2021,AS Roma,Fiorentina,62,AS Roma,2702,True,1720,Tammy Abraham,610766,F,78,Bartłomiej Drągowski,77,Fiorentina,1442,5.7,53.0,6,19,-1,assisted,head,0,
7,1,6,22/08/2021,AS Roma,Fiorentina,64,AS Roma,2702,True,1720,Jordan Veretout,151124,M,74,Bartłomiej Drągowski,77,Fiorentina,1442,5.7,42.5,7,41,-1,fast-break,weakFoot,1,
6,1,6,22/08/2021,AS Roma,Fiorentina,76,Fiorentina,2693,False,1442,Marco Benassi,249629,M,70,Rui Patrício,82,AS Roma,1720,11.1,69.0,17,49,0,assisted,strongFoot,0,
5,1,6,22/08/2021,AS Roma,Fiorentina,79,AS Roma,2702,True,1720,Bryan Cristante,186855,M,71,Bartłomiej Drągowski,77,Fiorentina,1442,23.1,62.9,24,20,0,regular,strongFoot,0,
4,1,6,22/08/2021,AS Roma,Fiorentina,79,AS Roma,2702,True,1720,Jordan Veretout,151124,M,74,Bartłomiej Drągowski,77,Fiorentina,1442,11.2,54.0,11,13,0,assisted,strongFoot,1,
3,1,6,22/08/2021,AS Roma,Fiorentina,86,AS Roma,2702,True,1720,Bryan Cristante,186855,M,71,Bartłomiej Drągowski,77,Fiorentina,1442,8.2,57.3,9,31,1,corner,strongFoot,0,
2,1,6,22/08/2021,AS Roma,Fiorentina,90,AS Roma,2702,True,1720,Eldor Shomurodov,792283,F,69,Bartłomiej Drągowski,77,Fiorentina,1442,9.8,37.1,13,41,1,fast-break,strongFoot,0,
1,1,6,22/08/2021,AS Roma,Fiorentina,90,Fiorentina,2693,False,1442,Nikola Milenković,836168,D,45,Rui Patrício,82,AS Roma,1720,29.8,61.8,30,15,-1,assisted,strongFoot,0,
0,1,6,22/08/2021,AS Roma,Fiorentina,90,Fiorentina,2693,False,1442,Dušan Vlahović,832208,F,77,Rui Patrício,82,AS Roma,1720,22.4,37.7,23,20,-1,assisted,strongFoot,0,
20,1,7,22/08/2021,SSC Napoli,Venezia,6,SSC Napoli,2714,True,1725,Lorenzo Insigne,106258,M,77,Niki Mäenpää,67,Venezia,1402,27.2,48.1,27,2,0,free-kick,strongFoot,0,
19,1,7,22/08/2021,SSC Napoli,Venezia,9,SSC Napoli,2714,True,1725,Victor Osimhen,822471,F,79,Niki Mäenpää,67,Venezia,1402,18.7,49.9,18,0,0,assisted,strongFoot,0,
18,1,7,22/08/2021,SSC Napoli,Venezia,13,SSC Napoli,2714,True,1725,Lorenzo Insigne,106258,M,77,Niki Mäenpää,67,Venezia,1402,25.9,34.7,27,21,0,free-kick,strongFoot,0,
17,1,7,22/08/2021,SSC Napoli,Venezia,14,SSC Napoli,2714,True,1725,Victor Osimhen,822471,F,79,Niki Mäenpää,67,Venezia,1402,18.8,49.7,18,0,0,assisted,strongFoot,0,
16,1,7,22/08/2021,SSC Napoli,Venezia,15,Venezia,2688,False,1402,Dennis Johnsen,869275,F,59,Alex Meret,79,SSC Napoli,1725,16.5,64.5,19,30,0,assisted,strongFoot,0,
15,1,7,22/08/2021,SSC Napoli,Venezia,20,SSC Napoli,2714,True,1725,Giovanni Di Lorenzo,153257,D,65,Niki Mäenpää,67,Venezia,1402,11.1,62.9,14,38,0,regular,strongFoot,0,
14,1,7,22/08/2021,SSC Napoli,Venezia,22,SSC Napoli,2714,True,1725,Matteo Politano,235672,M,77,Niki Mäenpää,67,Venezia,1402,2.9,58.1,6,62,0,assisted,weakFoot,0,
13,1,7,22/08/2021,SSC Napoli,Venezia,29,Venezia,2688,False,1402,Mattia Caldara,362222,D,34,Alex Meret,79,SSC Napoli,1725,32.5,68.2,34,20,0,assisted,strongFoot,0,
12,1,7,22/08/2021,SSC Napoli,Venezia,32,SSC Napoli,2714,True,1725,Lorenzo Insigne,106258,M,77,Niki Mäenpää,67,Venezia,1402,24.7,39.7,25,15,0,free-kick,strongFoot,0,
11,1,7,22/08/2021,SSC Napoli,Venezia,44,Venezia,2688,False,1402,Tyronne Ebuehi,580512,D,38,Alex Meret,79,SSC Napoli,1725,3.3,60.7,7,65,0,assisted,strongFoot,0,
10,1,7,22/08/2021,SSC Napoli,Venezia,52,SSC Napoli,2714,True,1725,Fabián Ruiz,784655,M,77,Niki Mäenpää,67,Venezia,1402,21.1,61.8,22,20,0,set-piece,strongFoot,0,
9,1,7,22/08/2021,SSC Napoli,Venezia,54,Venezia,2688,False,1402,Daan Heymans,845344,M,68,Alex Meret,79,SSC Napoli,1725,3.3,61.6,8,67,0,assisted,head,0,
8,1,7,22/08/2021,SSC Napoli,Venezia,57,SSC Napoli,2714,True,1725,Lorenzo Insigne,106258,M,77,Niki Mäenpää,67,Venezia,1402,11.5,50.0,11,0,0,penalty,strongFoot,0,
7,1,7,22/08/2021,SSC Napoli,Venezia,59,Venezia,2688,False,1402,Daan Heymans,845344,M,68,Alex Meret,79,SSC Napoli,1725,23.4,66.4,25,25,0,assisted,strongFoot,0,
6,1,7,22/08/2021,SSC Napoli,Venezia,61,SSC Napoli,2714,True,1725,Giovanni Di Lorenzo,153257,D,65,Niki Mäenpää,67,Venezia,1402,7.4,71.5,16,63,0,assisted,weakFoot,0,
5,1,7,22/08/2021,SSC Napoli,Venezia,62,SSC Napoli,2714,True,1725,Lorenzo Insigne,106258,M,77,Niki Mäenpää,67,Venezia,1402,11.5,50.0,11,0,0,penalty,strongFoot,1,
4,1,7,22/08/2021,SSC Napoli,Venezia,68,Venezia,2688,False,1402,Francesco Forte,133792,F,70,Alex Meret,79,SSC Napoli,1725,8.1,41.7,9,34,-1,assisted,strongFoot,0,
3,1,7,22/08/2021,SSC Napoli,Venezia,72,SSC Napoli,2714,True,1725,Eljif Elmas,838232,M,68,Niki Mäenpää,67,Venezia,1402,14.6,41.5,15,21,1,regular,strongFoot,1,
2,1,7,22/08/2021,SSC Napoli,Venezia,83,Venezia,2688,False,1402,Francesco Forte,133792,F,70,Alex Meret,79,SSC Napoli,1725,8.2,63.2,12,47,-2,assisted,head,0,
1,1,7,22/08/2021,SSC Napoli,Venezia,86,SSC Napoli,2714,True,1725,Stanislav Lobotka,150383,M,61,Niki Mäenpää,67,Venezia,1402,23.4,37.5,24,19,2,assisted,strongFoot,0,
0,1,7,22/08/2021,SSC Napoli,Venezia,90,Venezia,2688,False,1402,Jacopo Dezi,173349,M,65,Alex Meret,79,SSC Napoli,1725,21.8,65.8,24,26,-2,regular,weakFoot,0,
31,1,8,23/08/2021,Cagliari,Spezia,7,Spezia,2735,False,1383,Emmanuel Gyasi,541578,M,59,Alessio Cragno,81,Cagliari,1383,23.9,60.0,24,15,0,assisted,strongFoot,1,
30,1,8,23/08/2021,Cagliari,Spezia,10,Cagliari,2719,True,1383,Andrea Carboni,970978,D,27,Jeroen Zoet,75,Spezia,1383,6.9,46.7,7,18,0,corner,strongFoot,0,
29,1,8,23/08/2021,Cagliari,Spezia,12,Spezia,2735,False,1383,Daniele Verde,605580,F,72,Alessio Cragno,81,Cagliari,1383,21.4,26.5,26,36,0,free-kick,strongFoot,0,
28,1,8,23/08/2021,Cagliari,Spezia,20,Spezia,2735,False,1383,Daniele Verde,605580,F,72,Alessio Cragno,81,Cagliari,1383,6.8,69.6,14,62,0,assisted,weakFoot,0,
27,1,8,23/08/2021,Cagliari,Spezia,23,Spezia,2735,False,1383,Simone Bastoni,385330,M,52,Alessio Cragno,81,Cagliari,1383,18.3,49.6,18,0,0,corner,strongFoot,0,
26,1,8,23/08/2021,Cagliari,Spezia,24,Cagliari,2719,True,1383,Sebastian Walukiewicz,886243,D,37,Jeroen Zoet,75,Spezia,1383,3.7,45.6,4,38,0,corner,weakFoot,0,
25,1,8,23/08/2021,Cagliari,Spezia,30,Cagliari,2719,True,1383,Alessandro Deiola,328109,M,62,Jeroen Zoet,75,Spezia,1383,10.1,42.4,11,27,0,corner,weakFoot,0,
24,1,8,23/08/2021,Cagliari,Spezia,30,Cagliari,2719,True,1383,Diego Godín,14933,D,48,Jeroen Zoet,75,Spezia,1383,14.4,44.7,14,14,0,corner,strongFoot,0,
23,1,8,23/08/2021,Cagliari,Spezia,30,Cagliari,2719,True,1383,João Pedro Galvão,123208,F,77,Jeroen Zoet,75,Spezia,1383,3.0,45.7,4,44,0,corner,other,0,
22,1,8,23/08/2021,Cagliari,Spezia,30,Cagliari,2719,True,1383,Diego Godín,14933,D,48,Jeroen Zoet,75,Spezia,1383,11.4,36.5,14,38,0,corner,strongFoot,0,
21,1,8,23/08/2021,Cagliari,Spezia,41,Cagliari,2719,True,1383,João Pedro Galvão,123208,F,77,Jeroen Zoet,75,Spezia,1383,13.8,58.1,14,21,0,set-piece,head,0,
20,1,8,23/08/2021,Cagliari,Spezia,43,Cagliari,2719,True,1383,João Pedro Galvão,123208,F,77,Jeroen Zoet,75,Spezia,1383,23.9,41.5,24,13,0,regular,strongFoot,0,
19,1,8,23/08/2021,Cagliari,Spezia,45,Spezia,2735,False,1383,Daniele Verde,605580,F,72,Alessio Cragno,81,Cagliari,1383,24.9,59.8,25,14,0,assisted,strongFoot,0,
18,1,8,23/08/2021,Cagliari,Spezia,47,Cagliari,2719,True,1383,Leonardo Pavoletti,132704,F,72,Jeroen Zoet,75,Spezia,1383,10.4,56.7,11,23,0,assisted,strongFoot,0,
17,1,8,23/08/2021,Cagliari,Spezia,47,Cagliari,2719,True,1383,Răzvan Marin,279563,M,73,Jeroen Zoet,75,Spezia,1383,21.2,32.5,24,29,0,assisted,strongFoot,0,
16,1,8,23/08/2021,Cagliari,Spezia,51,Cagliari,2719,True,1383,Nahitan Nández,589620,M,66,Jeroen Zoet,75,Spezia,1383,4.6,67.3,12,68,0,assisted,strongFoot,0,
15,1,8,23/08/2021,Cagliari,Spezia,55,Cagliari,2719,True,1383,João Pedro Galvão,123208,F,77,Jeroen Zoet,75,Spezia,1383,7.5,58.3,9,36,0,assisted,strongFoot,0,
14,1,8,23/08/2021,Cagliari,Spezia,58,Spezia,2735,False,1383,Simone Bastoni,385330,M,52,Alessio Cragno,81,Cagliari,1383,5.6,51.3,5,8,0,assisted,strongFoot,1,
13,1,8,23/08/2021,Cagliari,Spezia,59,Cagliari,2719,True,1383,João Pedro Galvão,123208,F,77,Jeroen Zoet,75,Spezia,1383,13.1,60.0,14,27,-1,assisted,strongFoot,0,
12,1,8,23/08/2021,Cagliari,Spezia,62,Cagliari,2719,True,1383,João Pedro Galvão,123208,F,77,Jeroen Zoet,75,Spezia,1383,22.5,52.6,22,4,-1,assisted,strongFoot,1,
11,1,8,23/08/2021,Cagliari,Spezia,66,Cagliari,2719,True,1383,João Pedro Galvão,123208,F,77,Jeroen Zoet,75,Spezia,1383,11.5,50.0,11,0,0,penalty,strongFoot,1,
10,1,8,23/08/2021,Cagliari,Spezia,69,Spezia,2735,False,1383,Salvador Ferrer,958521,D,34,Alessio Cragno,81,Cagliari,1383,26.4,24.4,31,33,-1,regular,strongFoot,0,
9,1,8,23/08/2021,Cagliari,Spezia,70,Cagliari,2719,True,1383,Leonardo Pavoletti,132704,F,72,Jeroen Zoet,75,Spezia,1383,8.7,62.2,12,43,1,assisted,head,0,
8,1,8,23/08/2021,Cagliari,Spezia,71,Cagliari,2719,True,1383,João Pedro Galvão,123208,F,77,Jeroen Zoet,75,Spezia,1383,8.1,29.5,16,59,1,assisted,weakFoot,0,
7,1,8,23/08/2021,Cagliari,Spezia,75,Cagliari,2719,True,1383,Leonardo Pavoletti,132704,F,72,Jeroen Zoet,75,Spezia,1383,8.6,41.4,10,34,1,assisted,weakFoot,0,
6,1,8,23/08/2021,Cagliari,Spezia,75,Spezia,2735,False,1383,Ebrima Colley,928106,F,64,Alessio Cragno,81,Cagliari,1383,21.4,50.3,21,0,-1,assisted,weakFoot,0,
5,1,8,23/08/2021,Cagliari,Spezia,76,Cagliari,2719,True,1383,João Pedro Galvão,123208,F,77,Jeroen Zoet,75,Spezia,1383,5.1,36.0,10,61,1,assisted,strongFoot,0,
4,1,8,23/08/2021,Cagliari,Spezia,81,Spezia,2735,False,1383,Dimitrios Nikolaou,788185,D,36,Alessio Cragno,81,Cagliari,1383,28.0,32.7,30,22,-1,assisted,strongFoot,0,
3,1,8,23/08/2021,Cagliari,Spezia,83,Cagliari,2719,True,1383,Leonardo Pavoletti,132704,F,72,Jeroen Zoet,75,Spezia,1383,30.5,57.3,30,9,1,regular,strongFoot,0,
2,1,8,23/08/2021,Cagliari,Spezia,87,Spezia,2735,False,1383,Samuel Mráz,354576,F,59,Alessio Cragno,81,Cagliari,1383,28.1,37.7,29,16,-1,assisted,strongFoot,0,
1,1,8,23/08/2021,Cagliari,Spezia,90,Spezia,2735,False,1383,Ebrima Colley,928106,F,64,Alessio Cragno,81,Cagliari,1383,13.3,56.7,14,18,-1,assisted,head,0,
0,1,8,23/08/2021,Cagliari,Spezia,90,Spezia,2735,False,1383,Giulio Maggiore,848185,M,58,Alessio Cragno,81,Cagliari,1383,18.9,49.1,18,1,-1,regular,weakFoot,0,
26,1,9,23/08/2021,Sampdoria,AC Milan,5,Sampdoria,2711,True,1383,Fabio Quagliarella,11621,F,83,Mike Maignan,84,AC Milan,1712,11.0,55.0,11,17,0,corner,head,0,
25,1,9,23/08/2021,Sampdoria,AC Milan,5,AC Milan,2692,False,1712,Rafael Leão,851284,F,72,Emil Audero,78,Sampdoria,1383,12.0,35.1,15,40,0,assisted,weakFoot,0,
24,1,9,23/08/2021,Sampdoria,AC Milan,9,AC Milan,2692,False,1712,Brahim Díaz,835485,M,67,Emil Audero,78,Sampdoria,1383,12.8,56.3,13,18,0,assisted,weakFoot,1,
23,1,9,23/08/2021,Sampdoria,AC Milan,13,Sampdoria,2711,True,1383,Antonio Candreva,27982,F,78,Mike Maignan,84,AC Milan,1712,7.5,69.9,15,61,0,assisted,strongFoot,0,
22,1,9,23/08/2021,Sampdoria,AC Milan,17,Sampdoria,2711,True,1383,Manolo Gabbiadini,53816,F,78,Mike Maignan,84,AC Milan,1712,29.1,52.2,29,2,0,free-kick,strongFoot,0,
21,1,9,23/08/2021,Sampdoria,AC Milan,18,Sampdoria,2711,True,1383,Mikkel Damsgaard,907072,M,67,Mike Maignan,84,AC Milan,1712,22.4,40.6,23,15,0,corner,strongFoot,0,
20,1,9,23/08/2021,Sampdoria,AC Milan,26,AC Milan,2692,False,1712,Theo Hernández,788027,D,70,Emil Audero,78,Sampdoria,1383,23.5,41.6,24,13,0,set-piece,strongFoot,0,
19,1,9,23/08/2021,Sampdoria,AC Milan,26,AC Milan,2692,False,1712,Rade Krunić,155449,M,71,Emil Audero,78,Sampdoria,1383,6.1,64.7,11,58,0,set-piece,strongFoot,0,
18,1,9,23/08/2021,Sampdoria,AC Milan,27,AC Milan,2692,False,1712,Alexis Saelemaekers,901891,M,65,Emil Audero,78,Sampdoria,1383,27.2,53.6,27,5,0,set-piece,strongFoot,0,
17,1,9,23/08/2021,Sampdoria,AC Milan,29,Sampdoria,2711,True,1383,Fabio Quagliarella,11621,F,83,Mike Maignan,84,AC Milan,1712,26.1,27.9,30,29,0,corner,strongFoot,0,
16,1,9,23/08/2021,Sampdoria,AC Milan,32,AC Milan,2692,False,1712,Brahim Díaz,835485,M,67,Emil Audero,78,Sampdoria,1383,11.9,55.1,12,16,0,assisted,weakFoot,0,
15,1,9,23/08/2021,Sampdoria,AC Milan,43,Sampdoria,2711,True,1383,Albin Ekdal,21992,M,65,Mike Maignan,84,AC Milan,1712,24.0,55.0,24,8,0,assisted,strongFoot,0,
14,1,9,23/08/2021,Sampdoria,AC Milan,47,AC Milan,2692,False,1712,Sandro Tonali,892673,M,65,Emil Audero,78,Sampdoria,1383,22.2,55.4,22,9,0,regular,strongFoot,0,
13,1,9,23/08/2021,Sampdoria,AC Milan,49,Sampdoria,2711,True,1383,Mikkel Damsgaard,907072,M,67,Mike Maignan,84,AC Milan,1712,25.0,31.9,27,26,0,free-kick,strongFoot,0,
12,1,9,23/08/2021,Sampdoria,AC Milan,52,Sampdoria,2711,True,1383,Manolo Gabbiadini,53816,F,78,Mike Maignan,84,AC Milan,1712,4.1,65.6,11,68,0,regular,weakFoot,0,
11,1,9,23/08/2021,Sampdoria,AC Milan,58,AC Milan,2692,False,1712,Simon Kjær,21535,D,55,Emil Audero,78,Sampdoria,1383,7.1,43.6,8,31,0,set-piece,head,0,
10,1,9,23/08/2021,Sampdoria,AC Milan,61,AC Milan,2692,False,1712,Davide Calabria,318607,D,50,Emil Audero,78,Sampdoria,1383,21.5,64.4,23,24,0,assisted,weakFoot,0,
9,1,9,23/08/2021,Sampdoria,AC Milan,64,Sampdoria,2711,True,1383,Tommaso Augello,596736,M,37,Mike Maignan,84,AC Milan,1712,23.5,31.6,26,28,0,assisted,strongFoot,0,
8,1,9,23/08/2021,Sampdoria,AC Milan,66,AC Milan,2692,False,1712,Brahim Díaz,835485,M,67,Emil Audero,78,Sampdoria,1383,23.9,32.6,26,26,0,assisted,weakFoot,0,
7,1,9,23/08/2021,Sampdoria,AC Milan,74,Sampdoria,2711,True,1383,Fabio Quagliarella,11621,F,83,Mike Maignan,84,AC Milan,1712,15.7,66.7,19,35,0,assisted,strongFoot,0,
6,1,9,23/08/2021,Sampdoria,AC Milan,76,Sampdoria,2711,True,1383,Omar Colley,238408,D,31,Mike Maignan,84,AC Milan,1712,13.7,46.1,13,10,0,corner,weakFoot,0,
5,1,9,23/08/2021,Sampdoria,AC Milan,84,Sampdoria,2711,True,1383,Albin Ekdal,21992,M,65,Mike Maignan,84,AC Milan,1712,6.5,41.0,8,43,0,corner,head,0,
4,1,9,23/08/2021,Sampdoria,AC Milan,84,Sampdoria,2711,True,1383,Maya Yoshida,24248,D,41,Mike Maignan,84,AC Milan,1712,3.0,56.9,5,57,0,corner,head,0,
3,1,9,23/08/2021,Sampdoria,AC Milan,87,Sampdoria,2711,True,1383,Valerio Verre,139267,M,73,Mike Maignan,84,AC Milan,1712,13.2,46.6,13,9,0,assisted,weakFoot,0,
2,1,9,23/08/2021,Sampdoria,AC Milan,87,Sampdoria,2711,True,1383,Antonio Candreva,27982,F,78,Mike Maignan,84,AC Milan,1712,14.1,71.3,20,45,0,regular,strongFoot,0,
1,1,9,23/08/2021,Sampdoria,AC Milan,87,Sampdoria,2711,True,1383,Valerio Verre,139267,M,73,Mike Maignan,84,AC Milan,1712,4.9,47.4,5,19,0,assisted,weakFoot,0,
0,1,9,23/08/2021,Sampdoria,AC Milan,90,AC Milan,2692,False,1712,Ante Rebić,152769,M,82,Emil Audero,78,Sampdoria,1383,18.4,40.3,19,19,0,assisted,strongFoot,0,
31,2,0,27/08/2021,Udinese,Venezia,5,Udinese,2695,True,1405,Tolgay Arslan,71203,M,68,Luca Lezzerini,70,Venezia,1399,24.9,72.8,29,31,0,regular,strongFoot,0,
29,2,0,27/08/2021,Udinese,Venezia,6,Venezia,2688,False,1399,Thomas Henry,795541,F,73,Marco Silvestri,79,Udinese,1405,3.1,59.0,6,63,0,assisted,head,0,
30,2,0,27/08/2021,Udinese,Venezia,6,Venezia,2688,False,1399,Dennis Johnsen,869275,F,59,Marco Silvestri,79,Udinese,1405,10.8,38.2,13,36,0,assisted,strongFoot,0,
28,2,0,27/08/2021,Udinese,Venezia,8,Venezia,2688,False,1399,David Okereke,831290,F,66,Marco Silvestri,79,Udinese,1405,13.8,71.5,20,46,0,assisted,strongFoot,0,
27,2,0,27/08/2021,Udinese,Venezia,9,Venezia,2688,False,1399,Daan Heymans,845344,M,68,Marco Silvestri,79,Udinese,1405,10.4,41.5,11,29,0,assisted,head,0,
26,2,0,27/08/2021,Udinese,Venezia,11,Venezia,2688,False,1399,Pasquale Mazzocchi,377512,M,55,Marco Silvestri,79,Udinese,1405,19.8,53.4,19,6,0,assisted,strongFoot,0,
25,2,0,27/08/2021,Udinese,Venezia,13,Udinese,2695,True,1405,Ignacio Pussetto,340509,F,72,Luca Lezzerini,70,Venezia,1399,11.1,34.9,15,42,0,fast-break,weakFoot,0,
24,2,0,27/08/2021,Udinese,Venezia,15,Udinese,2695,True,1405,Ignacio Pussetto,340509,F,72,Luca Lezzerini,70,Venezia,1399,11.7,54.4,12,14,0,assisted,strongFoot,0,
23,2,0,27/08/2021,Udinese,Venezia,15,Udinese,2695,True,1405,Walace,553686,M,66,Luca Lezzerini,70,Venezia,1399,21.2,61.2,22,19,0,assisted,strongFoot,0,
22,2,0,27/08/2021,Udinese,Venezia,15,Udinese,2695,True,1405,Tolgay Arslan,71203,M,68,Luca Lezzerini,70,Venezia,1399,14.5,68.0,18,40,0,assisted,strongFoot,0,
21,2,0,27/08/2021,Udinese,Venezia,20,Udinese,2695,True,1405,Roberto Pereyra,122701,M,73,Luca Lezzerini,70,Venezia,1399,7.2,32.7,13,58,0,fast-break,weakFoot,0,
20,2,0,27/08/2021,Udinese,Venezia,21,Udinese,2695,True,1405,Ignacio Pussetto,340509,F,72,Luca Lezzerini,70,Venezia,1399,4.3,34.9,11,67,0,corner,head,0,
19,2,0,27/08/2021,Udinese,Venezia,29,Udinese,2695,True,1405,Ignacio Pussetto,340509,F,72,Luca Lezzerini,70,Venezia,1399,10.3,45.0,10,18,0,assisted,strongFoot,1,
18,2,0,27/08/2021,Udinese,Venezia,31,Udinese,2695,True,1405,Jean Victor Makengo,802138,F,66,Luca Lezzerini,70,Venezia,1399,22.1,36.1,24,23,1,corner,strongFoot,0,
17,2,0,27/08/2021,Udinese,Venezia,38,Venezia,2688,False,1399,Mattia Caldara,362222,D,34,Marco Silvestri,79,Udinese,1405,24.6,51.1,24,1,-1,regular,strongFoot,0,
16,2,0,27/08/2021,Udinese,Venezia,39,Udinese,2695,True,1405,Roberto Pereyra,122701,M,73,Luca Lezzerini,70,Venezia,1399,6.9,31.4,14,61,1,assisted,weakFoot,0,
15,2,0,27/08/2021,Udinese,Venezia,40,Udinese,2695,True,1405,Samir Caetano,331405,D,33,Luca Lezzerini,70,Venezia,1399,8.2,57.4,9,31,1,corner,head,0,
13,2,0,27/08/2021,Udinese,Venezia,40,Udinese,2695,True,1405,Ignacio Pussetto,340509,F,72,Luca Lezzerini,70,Venezia,1399,23.5,46.4,23,5,1,regular,strongFoot,0,
14,2,0,27/08/2021,Udinese,Venezia,40,Udinese,2695,True,1405,Jens Stryger Larsen,44848,D,60,Luca Lezzerini,70,Venezia,1399,23.4,28.1,27,32,1,assisted,weakFoot,0,
12,2,0,27/08/2021,Udinese,Venezia,52,Venezia,2688,False,1399,David Okereke,831290,F,66,Marco Silvestri,79,Udinese,1405,13.7,45.6,14,12,-1,assisted,weakFoot,0,
11,2,0,27/08/2021,Udinese,Venezia,53,Udinese,2695,True,1405,Jean Victor Makengo,802138,F,66,Luca Lezzerini,70,Venezia,1399,9.7,54.8,10,18,1,assisted,strongFoot,0,
10,2,0,27/08/2021,Udinese,Venezia,69,Venezia,2688,False,1399,Thomas Henry,795541,F,73,Marco Silvestri,79,Udinese,1405,23.2,34.2,25,24,-1,assisted,strongFoot,0,
9,2,0,27/08/2021,Udinese,Venezia,70,Udinese,2695,True,1405,Tolgay Arslan,71203,M,68,Luca Lezzerini,70,Venezia,1399,14.5,45.6,14,11,1,assisted,strongFoot,0,
8,2,0,27/08/2021,Udinese,Venezia,70,Udinese,2695,True,1405,Gerard Deulofeu,96372,F,72,Luca Lezzerini,70,Venezia,1399,13.8,55.1,14,14,1,regular,weakFoot,1,
7,2,0,27/08/2021,Udinese,Venezia,72,Udinese,2695,True,1405,Jens Stryger Larsen,44848,D,60,Luca Lezzerini,70,Venezia,1399,20.8,32.2,24,30,2,assisted,weakFoot,0,
6,2,0,27/08/2021,Udinese,Venezia,73,Udinese,2695,True,1405,Ignacio Pussetto,340509,F,72,Luca Lezzerini,70,Venezia,1399,2.0,56.3,4,64,2,corner,head,0,
5,2,0,27/08/2021,Udinese,Venezia,79,Udinese,2695,True,1405,Roberto Pereyra,122701,M,73,Luca Lezzerini,70,Venezia,1399,27.8,41.9,28,11,2,free-kick,weakFoot,0,
4,2,0,27/08/2021,Udinese,Venezia,82,Udinese,2695,True,1405,Gerard Deulofeu,96372,F,72,Luca Lezzerini,70,Venezia,1399,9.8,26.6,18,58,2,assisted,strongFoot,0,
3,2,0,27/08/2021,Udinese,Venezia,83,Venezia,2688,False,1399,Gianluca Busio,896180,M,61,Marco Silvestri,79,Udinese,1405,15.0,44.5,15,14,-2,regular,strongFoot,0,
2,2,0,27/08/2021,Udinese,Venezia,84,Venezia,2688,False,1399,Francesco Forte,133792,F,70,Marco Silvestri,79,Udinese,1405,5.8,26.2,17,70,-2,assisted,strongFoot,0,
1,2,0,27/08/2021,Udinese,Venezia,86,Venezia,2688,False,1399,David Okereke,831290,F,66,Marco Silvestri,79,Udinese,1405,15.8,58.3,16,19,-2,assisted,head,0,
0,2,0,27/08/2021,Udinese,Venezia,90,Udinese,2695,True,1405,Nahuel Molina,831799,D,63,Luca Lezzerini,70,Venezia,1399,12.8,55.0,13,14,2,assisted,weakFoot,1,
22,2,1,27/08/2021,Hellas Verona,Inter,11,Inter,2697,False,1818,Hakan Çalhanoğlu,135700,M,75,Lorenzo Montipò,74,Hellas Verona,1380,25.8,39.2,26,15,0,assisted,strongFoot,0,
21,2,1,27/08/2021,Hellas Verona,Inter,12,Inter,2697,False,1818,Lautaro Martínez,823984,F,81,Lorenzo Montipò,74,Hellas Verona,1380,9.3,38.5,12,40,0,regular,strongFoot,0,
20,2,1,27/08/2021,Hellas Verona,Inter,15,Hellas Verona,2701,True,1380,Ivan Ilić,877371,M,61,Samir Handanović,86,Inter,1818,12.9,38.8,14,30,0,regular,strongFoot,1,
19,2,1,27/08/2021,Hellas Verona,Inter,22,Hellas Verona,2701,True,1380,Davide Faraoni,32040,D,70,Samir Handanović,86,Inter,1818,21.4,69.9,25,32,1,assisted,strongFoot,0,
18,2,1,27/08/2021,Hellas Verona,Inter,23,Inter,2697,False,1818,Nicolò Barella,363856,M,70,Lorenzo Montipò,74,Hellas Verona,1380,11.4,53.3,11,11,-1,fast-break,head,0,
17,2,1,27/08/2021,Hellas Verona,Inter,42,Hellas Verona,2701,True,1380,Matteo Cancellieri,1017649,F,61,Samir Handanović,86,Inter,1818,14.5,63.9,17,33,1,assisted,strongFoot,0,
16,2,1,27/08/2021,Hellas Verona,Inter,44,Inter,2697,False,1818,Lautaro Martínez,823984,F,81,Lorenzo Montipò,74,Hellas Verona,1380,9.1,38.6,11,40,-1,assisted,head,0,
15,2,1,27/08/2021,Hellas Verona,Inter,45,Inter,2697,False,1818,Lautaro Martínez,823984,F,81,Lorenzo Montipò,74,Hellas Verona,1380,18.9,48.0,18,4,-1,assisted,strongFoot,0,
14,2,1,27/08/2021,Hellas Verona,Inter,47,Inter,2697,False,1818,Lautaro Martínez,823984,F,81,Lorenzo Montipò,74,Hellas Verona,1380,4.4,48.2,4,15,-1,throw-in-set-piece,head,1,
13,2,1,27/08/2021,Hellas Verona,Inter,51,Hellas Verona,2701,True,1380,Davide Faraoni,32040,D,70,Samir Handanović,86,Inter,1818,4.0,51.3,4,12,0,corner,head,0,
12,2,1,27/08/2021,Hellas Verona,Inter,52,Hellas Verona,2701,True,1380,Davide Faraoni,32040,D,70,Samir Handanović,86,Inter,1818,4.4,37.5,9,62,0,corner,head,0,
11,2,1,27/08/2021,Hellas Verona,Inter,55,Inter,2697,False,1818,Lautaro Martínez,823984,F,81,Lorenzo Montipò,74,Hellas Verona,1380,7.7,43.3,8,30,0,throw-in-set-piece,weakFoot,0,
10,2,1,27/08/2021,Hellas Verona,Inter,64,Hellas Verona,2701,True,1380,Giangiacomo Magnani,812829,D,35,Samir Handanović,86,Inter,1818,9.8,43.9,10,22,0,corner,strongFoot,0,
9,2,1,27/08/2021,Hellas Verona,Inter,67,Inter,2697,False,1818,Alessandro Bastoni,826188,D,32,Lorenzo Montipò,74,Hellas Verona,1380,17.8,29.9,22,37,0,assisted,strongFoot,0,
8,2,1,27/08/2021,Hellas Verona,Inter,67,Inter,2697,False,1818,Arturo Vidal,18342,M,78,Lorenzo Montipò,74,Hellas Verona,1380,10.5,42.8,11,24,0,corner,head,0,
7,2,1,27/08/2021,Hellas Verona,Inter,68,Inter,2697,False,1818,Matteo Darmian,19352,D,57,Lorenzo Montipò,74,Hellas Verona,1380,16.7,50.0,16,0,0,assisted,strongFoot,0,
6,2,1,27/08/2021,Hellas Verona,Inter,68,Inter,2697,False,1818,Arturo Vidal,18342,M,78,Lorenzo Montipò,74,Hellas Verona,1380,18.8,51.4,18,2,0,regular,strongFoot,0,
5,2,1,27/08/2021,Hellas Verona,Inter,71,Inter,2697,False,1818,Hakan Çalhanoğlu,135700,M,75,Lorenzo Montipò,74,Hellas Verona,1380,21.6,35.2,23,24,0,assisted,weakFoot,0,
4,2,1,27/08/2021,Hellas Verona,Inter,73,Hellas Verona,2701,True,1380,Kevin Lasagna,587962,F,69,Samir Handanović,86,Inter,1818,25.5,44.7,25,8,0,assisted,strongFoot,0,
3,2,1,27/08/2021,Hellas Verona,Inter,80,Inter,2697,False,1818,Edin Džeko,14990,F,82,Lorenzo Montipò,74,Hellas Verona,1380,6.6,53.0,6,17,0,corner,head,0,
2,2,1,27/08/2021,Hellas Verona,Inter,83,Inter,2697,False,1818,Joaquín Correa,249929,F,75,Lorenzo Montipò,74,Hellas Verona,1380,10.2,52.2,10,8,0,assisted,head,1,
1,2,1,27/08/2021,Hellas Verona,Inter,90,Hellas Verona,2701,True,1380,Boško Šutalo,942992,D,31,Samir Handanović,86,Inter,1818,7.4,63.1,11,50,-1,corner,head,0,
0,2,1,27/08/2021,Hellas Verona,Inter,90,Inter,2697,False,1818,Joaquín Correa,249929,F,75,Lorenzo Montipò,74,Hellas Verona,1380,17.8,44.2,18,12,1,assisted,weakFoot,1,
25,2,2,28/08/2021,Atalanta,Bologna,3,Bologna,2685,False,1418,Riccardo Orsolini,793645,M,69,Juan Musso,81,Atalanta,1772,11.5,60.9,13,32,0,assisted,weakFoot,0,
24,2,2,28/08/2021,Atalanta,Bologna,5,Atalanta,2686,True,1772,Ruslan Malinovskyi,195850,M,79,Łukasz Skorupski,75,Bologna,1418,15.1,41.5,16,20,0,regular,strongFoot,0,
23,2,2,28/08/2021,Atalanta,Bologna,11,Atalanta,2686,True,1772,Robin Gosens,377118,D,73,Łukasz Skorupski,75,Bologna,1418,11.6,27.8,19,52,0,assisted,weakFoot,0,
22,2,2,28/08/2021,Atalanta,Bologna,11,Atalanta,2686,True,1772,Josip Iličić,41270,F,85,Łukasz Skorupski,75,Bologna,1418,16.2,43.9,16,14,0,assisted,strongFoot,0,
21,2,2,28/08/2021,Atalanta,Bologna,13,Bologna,2685,False,1418,Riccardo Orsolini,793645,M,69,Juan Musso,81,Atalanta,1772,18.8,68.2,22,33,0,assisted,strongFoot,0,
20,2,2,28/08/2021,Atalanta,Bologna,15,Bologna,2685,False,1418,Marko Arnautović,21927,F,81,Juan Musso,81,Atalanta,1772,13.8,47.9,13,5,0,assisted,head,0,
19,2,2,28/08/2021,Atalanta,Bologna,17,Atalanta,2686,True,1772,Luis Muriel,119242,F,82,Łukasz Skorupski,75,Bologna,1418,18.9,28.0,24,38,0,assisted,strongFoot,0,
18,2,2,28/08/2021,Atalanta,Bologna,18,Atalanta,2686,True,1772,Robin Gosens,377118,D,73,Łukasz Skorupski,75,Bologna,1418,11.6,27.2,19,53,0,assisted,strongFoot,0,
17,2,2,28/08/2021,Atalanta,Bologna,20,Atalanta,2686,True,1772,Ruslan Malinovskyi,195850,M,79,Łukasz Skorupski,75,Bologna,1418,26.6,67.0,29,23,0,free-kick,strongFoot,0,
16,2,2,28/08/2021,Atalanta,Bologna,23,Atalanta,2686,True,1772,Josip Iličić,41270,F,85,Łukasz Skorupski,75,Bologna,1418,14.5,59.9,15,24,0,assisted,strongFoot,0,
15,2,2,28/08/2021,Atalanta,Bologna,30,Atalanta,2686,True,1772,Robin Gosens,377118,D,73,Łukasz Skorupski,75,Bologna,1418,15.1,28.9,20,43,0,assisted,strongFoot,0,
14,2,2,28/08/2021,Atalanta,Bologna,45,Atalanta,2686,True,1772,Luis Muriel,119242,F,82,Łukasz Skorupski,75,Bologna,1418,26.3,38.0,27,17,0,free-kick,strongFoot,0,
13,2,2,28/08/2021,Atalanta,Bologna,50,Atalanta,2686,True,1772,Luis Muriel,119242,F,82,Łukasz Skorupski,75,Bologna,1418,7.2,32.2,14,59,0,assisted,strongFoot,0,
12,2,2,28/08/2021,Atalanta,Bologna,56,Atalanta,2686,True,1772,Ruslan Malinovskyi,195850,M,79,Łukasz Skorupski,75,Bologna,1418,18.8,44.9,19,10,0,regular,weakFoot,0,
11,2,2,28/08/2021,Atalanta,Bologna,57,Atalanta,2686,True,1772,Ruslan Malinovskyi,195850,M,79,Łukasz Skorupski,75,Bologna,1418,22.4,35.9,24,23,0,assisted,strongFoot,0,
10,2,2,28/08/2021,Atalanta,Bologna,59,Atalanta,2686,True,1772,Josip Iličić,41270,F,85,Łukasz Skorupski,75,Bologna,1418,20.7,71.3,25,34,0,set-piece,strongFoot,0,
9,2,2,28/08/2021,Atalanta,Bologna,60,Atalanta,2686,True,1772,Robin Gosens,377118,D,73,Łukasz Skorupski,75,Bologna,1418,15.2,37.3,17,29,0,regular,strongFoot,0,
8,2,2,28/08/2021,Atalanta,Bologna,66,Atalanta,2686,True,1772,Josip Iličić,41270,F,85,Łukasz Skorupski,75,Bologna,1418,20.3,68.9,24,32,0,assisted,strongFoot,0,
7,2,2,28/08/2021,Atalanta,Bologna,67,Atalanta,2686,True,1772,Luis Muriel,119242,F,82,Łukasz Skorupski,75,Bologna,1418,21.9,41.0,22,15,0,corner,strongFoot,0,
6,2,2,28/08/2021,Atalanta,Bologna,70,Atalanta,2686,True,1772,Matteo Pessina,350210,M,69,Łukasz Skorupski,75,Bologna,1418,18.9,46.6,19,6,0,assisted,strongFoot,0,
5,2,2,28/08/2021,Atalanta,Bologna,70,Atalanta,2686,True,1772,Matteo Pessina,350210,M,69,Łukasz Skorupski,75,Bologna,1418,12.7,44.3,13,16,0,corner,head,0,
4,2,2,28/08/2021,Atalanta,Bologna,74,Atalanta,2686,True,1772,Joakim Mæhle,842364,D,55,Łukasz Skorupski,75,Bologna,1418,10.7,74.0,19,56,0,assisted,strongFoot,0,
3,2,2,28/08/2021,Atalanta,Bologna,76,Atalanta,2686,True,1772,Roberto Piccoli,958982,F,62,Łukasz Skorupski,75,Bologna,1418,11.8,46.7,12,10,0,assisted,head,0,
2,2,2,28/08/2021,Atalanta,Bologna,85,Bologna,2685,False,1418,Lorenzo De Silvestri,14718,D,66,Juan Musso,81,Atalanta,1772,9.4,45.0,9,19,0,assisted,strongFoot,0,
1,2,2,28/08/2021,Atalanta,Bologna,90,Atalanta,2686,True,1772,Matteo Pessina,350210,M,69,Łukasz Skorupski,75,Bologna,1418,19.9,70.5,24,35,0,assisted,strongFoot,0,
0,2,2,28/08/2021,Atalanta,Bologna,90,Atalanta,2686,True,1772,Berat Djimsiti,151003,D,37,Łukasz Skorupski,75,Bologna,1418,9.1,53.9,9,16,0,corner,head,0,
22,2,3,28/08/2021,Lazio,Spezia,4,Spezia,2735,False,1382,Emmanuel Gyasi,541578,M,59,Pepe Reina,78,Lazio,1642,8.3,30.5,15,57,0,assisted,strongFoot,0,
21,2,3,28/08/2021,Lazio,Spezia,4,Spezia,2735,False,1382,Daniele Verde,605580,F,72,Pepe Reina,78,Lazio,1642,3.9,54.0,4,34,0,regular,strongFoot,1,
20,2,3,28/08/2021,Lazio,Spezia,5,Lazio,2699,True,1642,Ciro Immobile,45923,F,87,Jeroen Zoet,75,Spezia,1382,7.5,67.4,14,57,0,assisted,strongFoot,1,
19,2,3,28/08/2021,Lazio,Spezia,15,Lazio,2699,True,1642,Ciro Immobile,45923,F,87,Jeroen Zoet,75,Spezia,1382,20.8,44.5,21,10,1,assisted,strongFoot,1,
18,2,3,28/08/2021,Lazio,Spezia,18,Lazio,2699,True,1642,Pedro,35428,F,73,Jeroen Zoet,75,Spezia,1382,13.8,43.0,14,19,2,assisted,weakFoot,0,
17,2,3,28/08/2021,Lazio,Spezia,26,Lazio,2699,True,1642,Felipe Anderson,152276,M,73,Jeroen Zoet,75,Spezia,1382,5.5,27.7,16,70,2,assisted,weakFoot,0,
16,2,3,28/08/2021,Lazio,Spezia,30,Lazio,2699,True,1642,Pedro,35428,F,73,Jeroen Zoet,75,Spezia,1382,4.6,44.5,5,39,2,assisted,weakFoot,0,
15,2,3,28/08/2021,Lazio,Spezia,39,Spezia,2735,False,1382,Ebrima Colley,928106,F,64,Pepe Reina,78,Lazio,1642,24.5,36.6,26,20,-2,assisted,strongFoot,0,
14,2,3,28/08/2021,Lazio,Spezia,42,Spezia,2735,False,1382,Daniele Verde,605580,F,72,Pepe Reina,78,Lazio,1642,32.4,63.6,33,15,-2,free-kick,strongFoot,0,
13,2,3,28/08/2021,Lazio,Spezia,45,Lazio,2699,True,1642,Ciro Immobile,45923,F,87,Jeroen Zoet,75,Spezia,1382,11.5,50.0,11,0,2,penalty,strongFoot,0,
12,2,3,28/08/2021,Lazio,Spezia,45,Lazio,2699,True,1642,Ciro Immobile,45923,F,87,Jeroen Zoet,75,Spezia,1382,2.2,54.9,3,56,2,corner,head,1,
11,2,3,28/08/2021,Lazio,Spezia,45,Spezia,2735,False,1382,Ebrima Colley,928106,F,64,Pepe Reina,78,Lazio,1642,28.6,44.2,28,7,-3,assisted,weakFoot,0,
10,2,3,28/08/2021,Lazio,Spezia,47,Lazio,2699,True,1642,Felipe Anderson,152276,M,73,Jeroen Zoet,75,Spezia,1382,12.8,41.7,13,23,3,assisted,weakFoot,1,
9,2,3,28/08/2021,Lazio,Spezia,56,Lazio,2699,True,1642,Sergej Milinković-Savić,331447,M,78,Jeroen Zoet,75,Spezia,1382,29.9,51.6,29,2,4,free-kick,strongFoot,0,
8,2,3,28/08/2021,Lazio,Spezia,56,Lazio,2699,True,1642,Felipe Anderson,152276,M,73,Jeroen Zoet,75,Spezia,1382,19.7,39.0,21,20,4,set-piece,weakFoot,0,
7,2,3,28/08/2021,Lazio,Spezia,58,Lazio,2699,True,1642,Luis Alberto,111416,M,76,Jeroen Zoet,75,Spezia,1382,24.5,47.6,24,3,4,free-kick,strongFoot,0,
6,2,3,28/08/2021,Lazio,Spezia,66,Lazio,2699,True,1642,Pedro,35428,F,73,Jeroen Zoet,75,Spezia,1382,9.8,67.9,15,51,4,assisted,weakFoot,0,
5,2,3,28/08/2021,Lazio,Spezia,70,Lazio,2699,True,1642,Elseid Hysaj,136322,D,49,Jeroen Zoet,75,Spezia,1382,14.4,51.5,14,4,4,assisted,strongFoot,1,
4,2,3,28/08/2021,Lazio,Spezia,74,Lazio,2699,True,1642,Ciro Immobile,45923,F,87,Jeroen Zoet,75,Spezia,1382,14.1,49.1,14,2,5,assisted,strongFoot,0,
3,2,3,28/08/2021,Lazio,Spezia,76,Lazio,2699,True,1642,Ciro Immobile,45923,F,87,Jeroen Zoet,75,Spezia,1382,26.5,51.0,26,1,5,assisted,strongFoot,0,
2,2,3,28/08/2021,Lazio,Spezia,76,Lazio,2699,True,1642,Raúl Moro,980383,M,51,Jeroen Zoet,75,Spezia,1382,11.9,55.1,12,16,5,regular,strongFoot,0,
1,2,3,28/08/2021,Lazio,Spezia,78,Lazio,2699,True,1642,Danilo Cataldi,317301,M,70,Jeroen Zoet,75,Spezia,1382,23.6,55.5,23,9,5,assisted,weakFoot,0,
0,2,3,28/08/2021,Lazio,Spezia,85,Lazio,2699,True,1642,Luis Alberto,111416,M,76,Jeroen Zoet,75,Spezia,1382,19.8,56.4,20,12,5,assisted,strongFoot,1,
13,2,4,28/08/2021,Fiorentina,Torino,3,Fiorentina,2693,True,1437,Dušan Vlahović,832208,F,77,Vanja Milinković-Savić,70,Torino,1424,24.4,55.0,24,7,0,assisted,strongFoot,0,
12,2,4,28/08/2021,Fiorentina,Torino,5,Fiorentina,2693,True,1437,Nicolás González,901325,M,70,Vanja Milinković-Savić,70,Torino,1424,13.2,47.0,13,8,0,assisted,weakFoot,0,
11,2,4,28/08/2021,Fiorentina,Torino,11,Fiorentina,2693,True,1437,Nikola Milenković,836168,D,45,Vanja Milinković-Savić,70,Torino,1424,6.8,51.0,6,5,0,corner,head,0,
10,2,4,28/08/2021,Fiorentina,Torino,18,Fiorentina,2693,True,1437,Cristiano Biraghi,122848,D,64,Vanja Milinković-Savić,70,Torino,1424,25.4,37.3,26,18,0,set-piece,strongFoot,0,
9,2,4,28/08/2021,Fiorentina,Torino,20,Fiorentina,2693,True,1437,Lorenzo Venuti,357756,D,25,Vanja Milinković-Savić,70,Torino,1424,22.8,70.5,26,31,0,assisted,strongFoot,0,
8,2,4,28/08/2021,Fiorentina,Torino,23,Torino,2696,False,1424,Wilfried Singo,978285,D,39,Pietro Terracciano,71,Fiorentina,1437,13.0,62.1,15,32,0,assisted,strongFoot,0,
7,2,4,28/08/2021,Fiorentina,Torino,37,Fiorentina,2693,True,1437,José Callejón,40965,F,76,Vanja Milinković-Savić,70,Torino,1424,10.7,62.0,13,37,0,assisted,strongFoot,0,
6,2,4,28/08/2021,Fiorentina,Torino,41,Fiorentina,2693,True,1437,Nicolás González,901325,M,70,Vanja Milinković-Savić,70,Torino,1424,15.2,41.7,16,20,0,assisted,strongFoot,1,
5,2,4,28/08/2021,Fiorentina,Torino,47,Torino,2696,False,1424,Karol Linetty,189135,M,61,Pietro Terracciano,71,Fiorentina,1437,12.0,43.4,12,20,-1,regular,strongFoot,0,
4,2,4,28/08/2021,Fiorentina,Torino,61,Torino,2696,False,1424,Antonio Sanabria,333261,F,71,Pietro Terracciano,71,Fiorentina,1437,8.1,34.7,13,52,-1,regular,strongFoot,0,
3,2,4,28/08/2021,Fiorentina,Torino,62,Torino,2696,False,1424,Antonio Sanabria,333261,F,71,Pietro Terracciano,71,Fiorentina,1437,9.4,42.7,10,27,-1,corner,head,0,
2,2,4,28/08/2021,Fiorentina,Torino,70,Fiorentina,2693,True,1437,Dušan Vlahović,832208,F,77,Vanja Milinković-Savić,70,Torino,1424,11.0,53.6,11,12,1,fast-break,head,1,
1,2,4,28/08/2021,Fiorentina,Torino,89,Torino,2696,False,1424,Simone Verdi,98058,M,72,Pietro Terracciano,71,Fiorentina,1437,13.9,40.9,15,23,-2,assisted,weakFoot,1,
0,2,4,28/08/2021,Fiorentina,Torino,90,Fiorentina,2693,True,1437,Riccardo Sottil,893640,F,61,Vanja Milinković-Savić,70,Torino,1424,7.0,67.4,13,59,1,fast-break,strongFoot,0,
28,2,5,28/08/2021,Juventus,Empoli,4,Juventus,2687,True,1862,Federico Chiesa,845386,F,80,Guglielmo Vicario,71,Empoli,1545,4.6,36.1,10,64,0,fast-break,strongFoot,0,
27,2,5,28/08/2021,Juventus,Empoli,5,Juventus,2687,True,1862,Matthijs de Ligt,803031,D,58,Guglielmo Vicario,71,Empoli,1545,9.4,43.0,10,26,0,corner,head,0,
26,2,5,28/08/2021,Juventus,Empoli,12,Juventus,2687,True,1862,Federico Chiesa,845386,F,80,Guglielmo Vicario,71,Empoli,1545,21.0,55.8,21,10,0,assisted,strongFoot,0,
25,2,5,28/08/2021,Juventus,Empoli,13,Juventus,2687,True,1862,Rodrigo Bentancur,791190,M,61,Guglielmo Vicario,71,Empoli,1545,22.4,60.0,23,16,0,corner,weakFoot,0,
24,2,5,28/08/2021,Juventus,Empoli,13,Juventus,2687,True,1862,Danilo,124992,D,67,Guglielmo Vicario,71,Empoli,1545,28.4,51.8,28,2,0,corner,strongFoot,0,
23,2,5,28/08/2021,Juventus,Empoli,21,Empoli,2705,False,1545,Nedim Bajrami,825861,M,58,Wojciech Szczęsny,87,Juventus,1862,10.6,35.4,14,43,0,assisted,strongFoot,0,
22,2,5,28/08/2021,Juventus,Empoli,21,Empoli,2705,False,1545,Leonardo Mancuso,250931,F,71,Wojciech Szczęsny,87,Juventus,1862,4.2,51.9,4,17,0,regular,weakFoot,1,
21,2,5,28/08/2021,Juventus,Empoli,22,Juventus,2687,True,1862,Federico Chiesa,845386,F,80,Guglielmo Vicario,71,Empoli,1545,19.0,50.9,19,1,-1,assisted,strongFoot,0,
20,2,5,28/08/2021,Juventus,Empoli,23,Juventus,2687,True,1862,Matthijs de Ligt,803031,D,58,Guglielmo Vicario,71,Empoli,1545,9.8,45.0,10,19,-1,corner,head,0,
19,2,5,28/08/2021,Juventus,Empoli,25,Empoli,2705,False,1545,Patrick Cutrone,795044,F,71,Wojciech Szczęsny,87,Juventus,1862,26.6,58.4,27,12,1,assisted,strongFoot,0,
18,2,5,28/08/2021,Juventus,Empoli,35,Empoli,2705,False,1545,Leonardo Mancuso,250931,F,71,Wojciech Szczęsny,87,Juventus,1862,14.1,73.8,21,48,1,assisted,weakFoot,0,
17,2,5,28/08/2021,Juventus,Empoli,35,Empoli,2705,False,1545,Leonardo Mancuso,250931,F,71,Wojciech Szczęsny,87,Juventus,1862,11.8,26.4,19,53,1,regular,strongFoot,0,
16,2,5,28/08/2021,Juventus,Empoli,42,Empoli,2705,False,1545,Nedim Bajrami,825861,M,58,Wojciech Szczęsny,87,Juventus,1862,25.9,41.2,26,13,1,regular,strongFoot,0,
15,2,5,28/08/2021,Juventus,Empoli,45,Empoli,2705,False,1545,Ardian Ismajli,840414,D,27,Wojciech Szczęsny,87,Juventus,1862,10.0,46.4,10,13,1,corner,head,0,
14,2,5,28/08/2021,Juventus,Empoli,46,Empoli,2705,False,1545,Nicolas Haas,587126,M,57,Wojciech Szczęsny,87,Juventus,1862,13.6,69.6,19,44,1,assisted,weakFoot,0,
13,2,5,28/08/2021,Juventus,Empoli,47,Juventus,2687,True,1862,Paulo Dybala,256219,F,85,Guglielmo Vicario,71,Empoli,1545,19.7,53.0,19,5,-1,assisted,strongFoot,0,
12,2,5,28/08/2021,Juventus,Empoli,48,Empoli,2705,False,1545,Nedim Bajrami,825861,M,58,Wojciech Szczęsny,87,Juventus,1862,11.9,70.2,18,49,1,assisted,strongFoot,0,
11,2,5,28/08/2021,Juventus,Empoli,50,Juventus,2687,True,1862,Adrien Rabiot,250737,M,73,Guglielmo Vicario,71,Empoli,1545,7.9,45.7,8,20,-1,corner,head,0,
10,2,5,28/08/2021,Juventus,Empoli,58,Juventus,2687,True,1862,Paulo Dybala,256219,F,85,Guglielmo Vicario,71,Empoli,1545,23.2,44.6,23,8,-1,assisted,strongFoot,0,
9,2,5,28/08/2021,Juventus,Empoli,63,Empoli,2705,False,1545,Patrick Cutrone,795044,F,71,Wojciech Szczęsny,87,Juventus,1862,3.6,60.3,7,62,1,assisted,strongFoot,0,
8,2,5,28/08/2021,Juventus,Empoli,63,Empoli,2705,False,1545,Filippo Bandinelli,812332,M,66,Wojciech Szczęsny,87,Juventus,1862,22.1,36.4,23,22,1,assisted,strongFoot,0,
7,2,5,28/08/2021,Juventus,Empoli,65,Juventus,2687,True,1862,Federico Bernardeschi,294597,F,71,Guglielmo Vicario,71,Empoli,1545,18.1,51.1,18,2,-1,assisted,strongFoot,0,
6,2,5,28/08/2021,Juventus,Empoli,65,Juventus,2687,True,1862,Juan Cuadrado,47743,M,74,Guglielmo Vicario,71,Empoli,1545,4.5,68.3,13,70,-1,assisted,strongFoot,0,
5,2,5,28/08/2021,Juventus,Empoli,69,Juventus,2687,True,1862,Manuel Locatelli,363860,M,72,Guglielmo Vicario,71,Empoli,1545,8.0,34.9,13,52,-1,assisted,weakFoot,0,
4,2,5,28/08/2021,Juventus,Empoli,71,Juventus,2687,True,1862,Manuel Locatelli,363860,M,72,Guglielmo Vicario,71,Empoli,1545,3.3,45.8,4,40,-1,assisted,strongFoot,0,
3,2,5,28/08/2021,Juventus,Empoli,72,Juventus,2687,True,1862,Danilo,124992,D,67,Guglielmo Vicario,71,Empoli,1545,26.4,42.4,26,11,-1,assisted,strongFoot,0,
2,2,5,28/08/2021,Juventus,Empoli,77,Juventus,2687,True,1862,Paulo Dybala,256219,F,85,Guglielmo Vicario,71,Empoli,1545,15.8,47.9,15,5,-1,assisted,strongFoot,0,
1,2,5,28/08/2021,Juventus,Empoli,88,Juventus,2687,True,1862,Leonardo Bonucci,15444,D,58,Guglielmo Vicario,71,Empoli,1545,8.1,52.8,8,13,-1,corner,head,0,
0,2,5,28/08/2021,Juventus,Empoli,90,Juventus,2687,True,1862,Manuel Locatelli,363860,M,72,Guglielmo Vicario,71,Empoli,1545,7.5,34.9,12,53,-1,assisted,weakFoot,0,
18,2,6,29/08/2021,Genoa,SSC Napoli,3,SSC Napoli,2714,False,1727,Hirving Lozano,385320,F,75,Salvatore Sirigu,82,Genoa,1399,6.8,49.7,6,1,0,assisted,other,0,
17,2,6,29/08/2021,Genoa,SSC Napoli,7,SSC Napoli,2714,False,1727,Lorenzo Insigne,106258,M,77,Salvatore Sirigu,82,Genoa,1399,5.8,30.3,14,66,0,assisted,strongFoot,0,
16,2,6,29/08/2021,Genoa,SSC Napoli,13,SSC Napoli,2714,False,1727,Lorenzo Insigne,106258,M,77,Salvatore Sirigu,82,Genoa,1399,12.1,61.4,14,32,0,assisted,strongFoot,0,
15,2,6,29/08/2021,Genoa,SSC Napoli,22,Genoa,2713,True,1399,Paolo Ghiglione,787642,M,50,Alex Meret,79,SSC Napoli,1727,9.3,68.6,15,53,0,regular,strongFoot,0,
14,2,6,29/08/2021,Genoa,SSC Napoli,30,SSC Napoli,2714,False,1727,Lorenzo Insigne,106258,M,77,Salvatore Sirigu,82,Genoa,1399,8.0,66.0,13,53,0,assisted,strongFoot,0,
13,2,6,29/08/2021,Genoa,SSC Napoli,32,SSC Napoli,2714,False,1727,Lorenzo Insigne,106258,M,77,Salvatore Sirigu,82,Genoa,1399,19.1,82.4,29,49,0,free-kick,strongFoot,0,
12,2,6,29/08/2021,Genoa,SSC Napoli,39,SSC Napoli,2714,False,1727,Fabián Ruiz,784655,M,77,Salvatore Sirigu,82,Genoa,1399,21.2,61.2,22,19,0,assisted,strongFoot,1,
11,2,6,29/08/2021,Genoa,SSC Napoli,41,SSC Napoli,2714,False,1727,Lorenzo Insigne,106258,M,77,Salvatore Sirigu,82,Genoa,1399,18.8,72.0,24,38,1,assisted,strongFoot,0,
10,2,6,29/08/2021,Genoa,SSC Napoli,50,Genoa,2713,True,1399,Paolo Ghiglione,787642,M,50,Alex Meret,79,SSC Napoli,1727,11.1,59.6,12,30,-1,regular,strongFoot,0,
9,2,6,29/08/2021,Genoa,SSC Napoli,50,Genoa,2713,True,1399,Paolo Ghiglione,787642,M,50,Alex Meret,79,SSC Napoli,1727,11.4,53.8,11,12,-1,regular,strongFoot,0,
8,2,6,29/08/2021,Genoa,SSC Napoli,50,Genoa,2713,True,1399,Nicolò Rovella,937324,M,48,Alex Meret,79,SSC Napoli,1727,20.4,43.7,20,11,-1,regular,weakFoot,0,
7,2,6,29/08/2021,Genoa,SSC Napoli,65,SSC Napoli,2714,False,1727,Hirving Lozano,385320,F,75,Salvatore Sirigu,82,Genoa,1399,10.4,37.3,13,39,1,assisted,strongFoot,0,
6,2,6,29/08/2021,Genoa,SSC Napoli,69,Genoa,2713,True,1399,Andrea Cambiaso,917048,M,40,Alex Meret,79,SSC Napoli,1727,6.0,39.5,9,49,-1,assisted,weakFoot,1,
5,2,6,29/08/2021,Genoa,SSC Napoli,78,SSC Napoli,2714,False,1727,Matteo Politano,235672,M,77,Salvatore Sirigu,82,Genoa,1399,21.9,60.8,23,18,0,assisted,strongFoot,0,
4,2,6,29/08/2021,Genoa,SSC Napoli,79,SSC Napoli,2714,False,1727,Kalidou Koulibaly,126071,D,26,Salvatore Sirigu,82,Genoa,1399,26.6,37.7,27,17,0,assisted,weakFoot,0,
3,2,6,29/08/2021,Genoa,SSC Napoli,81,SSC Napoli,2714,False,1727,Matteo Politano,235672,M,77,Salvatore Sirigu,82,Genoa,1399,14.4,66.2,18,37,0,assisted,strongFoot,0,
2,2,6,29/08/2021,Genoa,SSC Napoli,84,SSC Napoli,2714,False,1727,Andrea Petagna,295973,F,74,Salvatore Sirigu,82,Genoa,1399,7.9,41.2,9,37,0,set-piece,head,1,
1,2,6,29/08/2021,Genoa,SSC Napoli,90,Genoa,2713,True,1399,Domenico Criscito,14251,M,60,Alex Meret,79,SSC Napoli,1727,17.9,32.2,21,34,-1,set-piece,strongFoot,0,
0,2,6,29/08/2021,Genoa,SSC Napoli,90,SSC Napoli,2714,False,1727,Lorenzo Insigne,106258,M,77,Salvatore Sirigu,82,Genoa,1399,14.1,29.7,19,44,1,assisted,strongFoot,0,
29,2,7,29/08/2021,Sassuolo,Sampdoria,4,Sassuolo,2793,True,1545,Filip Đuričić,69367,M,68,Emil Audero,78,Sampdoria,1382,25.1,53.4,25,5,0,fast-break,weakFoot,0,
28,2,7,29/08/2021,Sassuolo,Sampdoria,7,Sassuolo,2793,True,1545,Gian Marco Ferrari,170887,D,26,Emil Audero,78,Sampdoria,1382,9.9,53.3,10,12,0,corner,head,0,
27,2,7,29/08/2021,Sassuolo,Sampdoria,11,Sassuolo,2793,True,1545,Giacomo Raspadori,865651,F,72,Emil Audero,78,Sampdoria,1382,13.8,42.1,14,21,0,assisted,weakFoot,0,
26,2,7,29/08/2021,Sassuolo,Sampdoria,15,Sampdoria,2711,False,1382,Mikkel Damsgaard,907072,M,67,Andrea Consigli,81,Sassuolo,1545,21.9,66.6,24,27,0,corner,strongFoot,0,
25,2,7,29/08/2021,Sassuolo,Sampdoria,19,Sassuolo,2793,True,1545,Filip Đuričić,69367,M,68,Emil Audero,78,Sampdoria,1382,23.2,37.5,24,20,0,assisted,weakFoot,0,
24,2,7,29/08/2021,Sassuolo,Sampdoria,25,Sampdoria,2711,False,1382,Valerio Verre,139267,M,73,Andrea Consigli,81,Sassuolo,1545,15.5,55.0,15,12,0,assisted,weakFoot,0,
23,2,7,29/08/2021,Sassuolo,Sampdoria,27,Sassuolo,2793,True,1545,Jérémie Boga,367056,F,72,Emil Audero,78,Sampdoria,1382,7.8,28.7,16,61,0,regular,strongFoot,0,
22,2,7,29/08/2021,Sassuolo,Sampdoria,34,Sassuolo,2793,True,1545,Maxime López,352802,M,65,Emil Audero,78,Sampdoria,1382,17.8,44.5,18,11,0,assisted,weakFoot,0,
21,2,7,29/08/2021,Sassuolo,Sampdoria,37,Sampdoria,2711,False,1382,Valerio Verre,139267,M,73,Andrea Consigli,81,Sassuolo,1545,27.6,39.1,28,15,0,regular,weakFoot,0,
20,2,7,29/08/2021,Sassuolo,Sampdoria,42,Sassuolo,2793,True,1545,Giacomo Raspadori,865651,F,72,Emil Audero,78,Sampdoria,1382,18.8,26.8,24,40,0,free-kick,weakFoot,0,
19,2,7,29/08/2021,Sassuolo,Sampdoria,43,Sassuolo,2793,True,1545,Francesco Caputo,43905,F,78,Emil Audero,78,Sampdoria,1382,8.7,43.5,9,26,0,regular,strongFoot,0,
18,2,7,29/08/2021,Sassuolo,Sampdoria,43,Sassuolo,2793,True,1545,Davide Frattesi,835600,M,67,Emil Audero,78,Sampdoria,1382,18.2,49.6,18,0,0,regular,weakFoot,0,
17,2,7,29/08/2021,Sassuolo,Sampdoria,45,Sampdoria,2711,False,1382,Morten Thorsby,280991,M,60,Andrea Consigli,81,Sassuolo,1545,14.0,68.2,18,41,0,regular,weakFoot,0,
16,2,7,29/08/2021,Sassuolo,Sampdoria,47,Sampdoria,2711,False,1382,Mikkel Damsgaard,907072,M,67,Andrea Consigli,81,Sassuolo,1545,17.8,51.6,17,3,0,regular,strongFoot,0,
15,2,7,29/08/2021,Sassuolo,Sampdoria,47,Sampdoria,2711,False,1382,Morten Thorsby,280991,M,60,Andrea Consigli,81,Sassuolo,1545,14.7,46.6,14,8,0,assisted,weakFoot,0,
14,2,7,29/08/2021,Sassuolo,Sampdoria,47,Sampdoria,2711,False,1382,Antonio Candreva,27982,F,78,Andrea Consigli,81,Sassuolo,1545,14.1,65.1,17,36,0,assisted,strongFoot,0,
13,2,7,29/08/2021,Sassuolo,Sampdoria,48,Sampdoria,2711,False,1382,Omar Colley,238408,D,31,Andrea Consigli,81,Sassuolo,1545,9.1,42.8,10,28,0,corner,head,0,
12,2,7,29/08/2021,Sassuolo,Sampdoria,49,Sampdoria,2711,False,1382,Antonio Candreva,27982,F,78,Andrea Consigli,81,Sassuolo,1545,49.6,84.9,54,25,0,assisted,strongFoot,0,
11,2,7,29/08/2021,Sassuolo,Sampdoria,50,Sassuolo,2793,True,1545,Francesco Caputo,43905,F,78,Emil Audero,78,Sampdoria,1382,13.4,45.9,13,11,0,regular,weakFoot,0,
10,2,7,29/08/2021,Sassuolo,Sampdoria,55,Sassuolo,2793,True,1545,Filip Đuričić,69367,M,68,Emil Audero,78,Sampdoria,1382,10.2,34.6,14,45,0,assisted,weakFoot,0,
9,2,7,29/08/2021,Sassuolo,Sampdoria,59,Sassuolo,2793,True,1545,Jérémie Boga,367056,F,72,Emil Audero,78,Sampdoria,1382,23.8,28.9,27,31,0,corner,strongFoot,0,
8,2,7,29/08/2021,Sassuolo,Sampdoria,63,Sassuolo,2793,True,1545,Gian Marco Ferrari,170887,D,26,Emil Audero,78,Sampdoria,1382,7.5,43.1,8,32,0,corner,head,0,
7,2,7,29/08/2021,Sassuolo,Sampdoria,65,Sassuolo,2793,True,1545,Jérémie Boga,367056,F,72,Emil Audero,78,Sampdoria,1382,10.3,29.9,17,52,0,fast-break,weakFoot,0,
6,2,7,29/08/2021,Sassuolo,Sampdoria,71,Sampdoria,2711,False,1382,Antonio Candreva,27982,F,78,Andrea Consigli,81,Sassuolo,1545,27.3,44.7,27,7,0,free-kick,strongFoot,0,
5,2,7,29/08/2021,Sassuolo,Sampdoria,77,Sassuolo,2793,True,1545,Davide Frattesi,835600,M,67,Emil Audero,78,Sampdoria,1382,27.9,40.2,28,13,0,regular,strongFoot,0,
4,2,7,29/08/2021,Sassuolo,Sampdoria,81,Sassuolo,2793,True,1545,Rogério,830551,D,51,Emil Audero,78,Sampdoria,1382,23.9,28.8,27,31,0,regular,strongFoot,0,
3,2,7,29/08/2021,Sassuolo,Sampdoria,83,Sassuolo,2793,True,1545,Filip Đuričić,69367,M,68,Emil Audero,78,Sampdoria,1382,2.5,27.9,15,80,0,assisted,weakFoot,0,
2,2,7,29/08/2021,Sassuolo,Sampdoria,85,Sassuolo,2793,True,1545,Davide Frattesi,835600,M,67,Emil Audero,78,Sampdoria,1382,4.8,31.8,13,68,0,regular,weakFoot,0,
1,2,7,29/08/2021,Sassuolo,Sampdoria,87,Sassuolo,2793,True,1545,Maxime López,352802,M,65,Emil Audero,78,Sampdoria,1382,26.8,48.5,26,2,0,assisted,strongFoot,0,
0,2,7,29/08/2021,Sassuolo,Sampdoria,90,Sampdoria,2711,False,1382,Kristoffer Askildsen,954855,M,42,Andrea Consigli,81,Sassuolo,1545,18.5,50.5,18,1,0,regular,strongFoot,0,
24,2,8,29/08/2021,AC Milan,Cagliari,2,AC Milan,2692,True,1718,Olivier Giroud,39070,F,79,Boris Radunović,68,Cagliari,1382,7.0,50.3,7,1,0,assisted,head,0,
23,2,8,29/08/2021,AC Milan,Cagliari,9,AC Milan,2692,True,1718,Rafael Leão,851284,F,72,Boris Radunović,68,Cagliari,1382,9.0,44.1,9,24,0,assisted,strongFoot,0,
22,2,8,29/08/2021,AC Milan,Cagliari,12,AC Milan,2692,True,1718,Sandro Tonali,892673,M,65,Boris Radunović,68,Cagliari,1382,19.3,25.3,25,41,0,free-kick,strongFoot,1,
21,2,8,29/08/2021,AC Milan,Cagliari,15,Cagliari,2719,False,1382,Alessandro Deiola,328109,M,62,Mike Maignan,84,AC Milan,1718,7.7,44.1,8,27,0,assisted,head,1,
20,2,8,29/08/2021,AC Milan,Cagliari,17,AC Milan,2692,True,1718,Rafael Leão,851284,F,72,Boris Radunović,68,Cagliari,1382,24.9,33.2,27,24,0,assisted,strongFoot,1,
19,2,8,29/08/2021,AC Milan,Cagliari,20,AC Milan,2692,True,1718,Davide Calabria,318607,D,50,Boris Radunović,68,Cagliari,1382,30.2,67.4,32,21,0,assisted,strongFoot,0,
18,2,8,29/08/2021,AC Milan,Cagliari,24,AC Milan,2692,True,1718,Olivier Giroud,39070,F,79,Boris Radunović,68,Cagliari,1382,10.8,61.2,13,35,0,fast-break,strongFoot,1,
17,2,8,29/08/2021,AC Milan,Cagliari,28,AC Milan,2692,True,1718,Simon Kjær,21535,D,55,Boris Radunović,68,Cagliari,1382,5.3,54.0,5,27,0,set-piece,head,0,
16,2,8,29/08/2021,AC Milan,Cagliari,28,AC Milan,2692,True,1718,Fikayo Tomori,788255,D,36,Boris Radunović,68,Cagliari,1382,9.5,45.8,9,16,0,set-piece,strongFoot,0,
15,2,8,29/08/2021,AC Milan,Cagliari,30,AC Milan,2692,True,1718,Alexis Saelemaekers,901891,M,65,Boris Radunović,68,Cagliari,1382,8.8,62.0,12,42,0,assisted,strongFoot,0,
14,2,8,29/08/2021,AC Milan,Cagliari,35,Cagliari,2719,False,1382,Leonardo Pavoletti,132704,F,72,Mike Maignan,84,AC Milan,1718,14.9,49.3,14,1,0,corner,strongFoot,0,
13,2,8,29/08/2021,AC Milan,Cagliari,40,AC Milan,2692,True,1718,Brahim Díaz,835485,M,67,Boris Radunović,68,Cagliari,1382,25.2,56.5,25,9,0,assisted,weakFoot,0,
12,2,8,29/08/2021,AC Milan,Cagliari,43,AC Milan,2692,True,1718,Olivier Giroud,39070,F,79,Boris Radunović,68,Cagliari,1382,11.5,50.0,11,0,0,penalty,strongFoot,1,
11,2,8,29/08/2021,AC Milan,Cagliari,50,Cagliari,2719,False,1382,Diego Godín,14933,D,48,Mike Maignan,84,AC Milan,1718,8.1,47.2,8,13,-1,corner,head,0,
10,2,8,29/08/2021,AC Milan,Cagliari,52,AC Milan,2692,True,1718,Alexis Saelemaekers,901891,M,65,Boris Radunović,68,Cagliari,1382,13.8,69.7,19,44,1,corner,strongFoot,0,
9,2,8,29/08/2021,AC Milan,Cagliari,55,Cagliari,2719,False,1382,Leonardo Pavoletti,132704,F,72,Mike Maignan,84,AC Milan,1718,6.4,47.6,6,14,-1,assisted,head,0,
8,2,8,29/08/2021,AC Milan,Cagliari,58,AC Milan,2692,True,1718,Olivier Giroud,39070,F,79,Boris Radunović,68,Cagliari,1382,7.5,48.7,7,6,1,assisted,head,0,
7,2,8,29/08/2021,AC Milan,Cagliari,59,AC Milan,2692,True,1718,Alexis Saelemaekers,901891,M,65,Boris Radunović,68,Cagliari,1382,24.5,52.0,24,3,1,corner,weakFoot,0,
6,2,8,29/08/2021,AC Milan,Cagliari,61,AC Milan,2692,True,1718,Alexis Saelemaekers,901891,M,65,Boris Radunović,68,Cagliari,1382,19.4,71.5,24,37,1,assisted,weakFoot,0,
5,2,8,29/08/2021,AC Milan,Cagliari,77,AC Milan,2692,True,1718,Ante Rebić,152769,M,82,Boris Radunović,68,Cagliari,1382,9.9,31.9,15,51,1,corner,strongFoot,0,
4,2,8,29/08/2021,AC Milan,Cagliari,79,Cagliari,2719,False,1382,Charalampos Lykogiannis,98212,D,67,Mike Maignan,84,AC Milan,1718,12.6,85.4,27,62,-1,free-kick,strongFoot,0,
3,2,8,29/08/2021,AC Milan,Cagliari,79,Cagliari,2719,False,1382,Leonardo Pavoletti,132704,F,72,Mike Maignan,84,AC Milan,1718,14.0,58.1,15,21,-1,regular,strongFoot,0,
2,2,8,29/08/2021,AC Milan,Cagliari,80,Cagliari,2719,False,1382,Charalampos Lykogiannis,98212,D,67,Mike Maignan,84,AC Milan,1718,7.0,52.1,7,11,-1,corner,head,0,
1,2,8,29/08/2021,AC Milan,Cagliari,87,AC Milan,2692,True,1718,Ante Rebić,152769,M,82,Boris Radunović,68,Cagliari,1382,19.0,51.3,19,2,1,assisted,strongFoot,0,
0,2,8,29/08/2021,AC Milan,Cagliari,89,AC Milan,2692,True,1718,Alessandro Florenzi,152420,D,77,Boris Radunović,68,Cagliari,1382,18.5,29.9,23,36,1,assisted,strongFoot,0,
32,2,9,29/08/2021,US Salernitana 1919,AS Roma,2,AS Roma,2702,False,1727,Matías Viña,875295,D,61,Vid Belec,73,US Salernitana 1919,1382,15.2,27.9,21,44,0,assisted,strongFoot,0,
30,2,9,29/08/2021,US Salernitana 1919,AS Roma,15,AS Roma,2702,False,1727,Tammy Abraham,610766,F,77,Vid Belec,73,US Salernitana 1919,1382,15.3,49.1,15,2,0,regular,strongFoot,0,
31,2,9,29/08/2021,US Salernitana 1919,AS Roma,15,AS Roma,2702,False,1727,Gianluca Mancini,611210,D,44,Vid Belec,73,US Salernitana 1919,1382,28.1,61.4,29,15,0,assisted,strongFoot,0,
29,2,9,29/08/2021,US Salernitana 1919,AS Roma,16,US Salernitana 1919,2710,True,1382,Matteo Ruggeri,965011,D,48,Rui Patrício,82,AS Roma,1727,11.1,45.6,11,15,0,set-piece,head,0,
28,2,9,29/08/2021,US Salernitana 1919,AS Roma,19,AS Roma,2702,False,1727,Roger Ibañez,888949,D,31,Vid Belec,73,US Salernitana 1919,1382,13.8,66.4,17,38,0,corner,strongFoot,0,
27,2,9,29/08/2021,US Salernitana 1919,AS Roma,20,AS Roma,2702,False,1727,Gianluca Mancini,611210,D,44,Vid Belec,73,US Salernitana 1919,1382,10.0,36.1,13,43,0,corner,head,0,
26,2,9,29/08/2021,US Salernitana 1919,AS Roma,21,AS Roma,2702,False,1727,Carles Pérez,794950,M,72,Vid Belec,73,US Salernitana 1919,1382,21.1,67.3,24,29,0,assisted,strongFoot,0,
25,2,9,29/08/2021,US Salernitana 1919,AS Roma,29,US Salernitana 1919,2710,True,1382,Mamadou Coulibaly,874481,M,58,Rui Patrício,82,AS Roma,1727,24.6,47.2,24,4,0,regular,strongFoot,0,
24,2,9,29/08/2021,US Salernitana 1919,AS Roma,34,AS Roma,2702,False,1727,Tammy Abraham,610766,F,77,Vid Belec,73,US Salernitana 1919,1382,8.3,55.5,9,24,0,regular,head,0,
23,2,9,29/08/2021,US Salernitana 1919,AS Roma,38,AS Roma,2702,False,1727,Tammy Abraham,610766,F,77,Vid Belec,73,US Salernitana 1919,1382,13.3,22.7,22,54,0,assisted,strongFoot,0,
22,2,9,29/08/2021,US Salernitana 1919,AS Roma,44,AS Roma,2702,False,1727,Bryan Cristante,186855,M,71,Vid Belec,73,US Salernitana 1919,1382,23.3,68.1,26,27,0,assisted,strongFoot,0,
21,2,9,29/08/2021,US Salernitana 1919,AS Roma,45,AS Roma,2702,False,1727,Henrikh Mkhitaryan,37151,M,79,Vid Belec,73,US Salernitana 1919,1382,19.1,50.7,19,1,0,corner,weakFoot,0,
20,2,9,29/08/2021,US Salernitana 1919,AS Roma,46,AS Roma,2702,False,1727,Carles Pérez,794950,M,72,Vid Belec,73,US Salernitana 1919,1382,24.8,69.7,28,28,0,assisted,strongFoot,0,
19,2,9,29/08/2021,US Salernitana 1919,AS Roma,48,AS Roma,2702,False,1727,Lorenzo Pellegrini,555540,F,73,Vid Belec,73,US Salernitana 1919,1382,3.7,32.4,12,72,0,assisted,strongFoot,1,
18,2,9,29/08/2021,US Salernitana 1919,AS Roma,52,AS Roma,2702,False,1727,Jordan Veretout,151124,M,74,Vid Belec,73,US Salernitana 1919,1382,9.6,44.8,10,20,1,assisted,strongFoot,1,
17,2,9,29/08/2021,US Salernitana 1919,AS Roma,53,US Salernitana 1919,2710,True,1382,Federico Bonazzoli,284363,F,67,Rui Patrício,82,AS Roma,1727,9.6,52.9,9,11,-2,regular,strongFoot,0,
16,2,9,29/08/2021,US Salernitana 1919,AS Roma,55,AS Roma,2702,False,1727,Matías Viña,875295,D,61,Vid Belec,73,US Salernitana 1919,1382,3.3,30.3,13,76,2,assisted,strongFoot,0,
15,2,9,29/08/2021,US Salernitana 1919,AS Roma,59,AS Roma,2702,False,1727,Carles Pérez,794950,M,72,Vid Belec,73,US Salernitana 1919,1382,14.4,38.9,16,27,2,assisted,strongFoot,0,
14,2,9,29/08/2021,US Salernitana 1919,AS Roma,62,AS Roma,2702,False,1727,Lorenzo Pellegrini,555540,F,73,Vid Belec,73,US Salernitana 1919,1382,21.5,69.9,25,32,2,assisted,strongFoot,0,
13,2,9,29/08/2021,US Salernitana 1919,AS Roma,63,AS Roma,2702,False,1727,Gianluca Mancini,611210,D,44,Vid Belec,73,US Salernitana 1919,1382,8.4,45.4,8,20,2,corner,head,0,
12,2,9,29/08/2021,US Salernitana 1919,AS Roma,64,AS Roma,2702,False,1727,Carles Pérez,794950,M,72,Vid Belec,73,US Salernitana 1919,1382,19.1,57.3,19,14,2,regular,strongFoot,0,
11,2,9,29/08/2021,US Salernitana 1919,AS Roma,64,AS Roma,2702,False,1727,Tammy Abraham,610766,F,77,Vid Belec,73,US Salernitana 1919,1382,9.7,56.0,10,22,2,assisted,head,0,
10,2,9,29/08/2021,US Salernitana 1919,AS Roma,64,AS Roma,2702,False,1727,Jordan Veretout,151124,M,74,Vid Belec,73,US Salernitana 1919,1382,18.3,42.6,18,15,2,assisted,strongFoot,0,
9,2,9,29/08/2021,US Salernitana 1919,AS Roma,64,AS Roma,2702,False,1727,Bryan Cristante,186855,M,71,Vid Belec,73,US Salernitana 1919,1382,3.9,66.0,11,70,2,corner,strongFoot,0,
8,2,9,29/08/2021,US Salernitana 1919,AS Roma,69,AS Roma,2702,False,1727,Tammy Abraham,610766,F,77,Vid Belec,73,US Salernitana 1919,1382,14.9,55.2,15,13,2,assisted,strongFoot,1,
7,2,9,29/08/2021,US Salernitana 1919,AS Roma,72,AS Roma,2702,False,1727,Lorenzo Pellegrini,555540,F,73,Vid Belec,73,US Salernitana 1919,1382,27.1,63.9,28,19,3,assisted,strongFoot,0,
6,2,9,29/08/2021,US Salernitana 1919,AS Roma,72,AS Roma,2702,False,1727,Lorenzo Pellegrini,555540,F,73,Vid Belec,73,US Salernitana 1919,1382,19.4,63.7,21,25,3,regular,strongFoot,0,
5,2,9,29/08/2021,US Salernitana 1919,AS Roma,79,AS Roma,2702,False,1727,Tammy Abraham,610766,F,77,Vid Belec,73,US Salernitana 1919,1382,15.2,46.7,15,8,3,regular,weakFoot,0,
4,2,9,29/08/2021,US Salernitana 1919,AS Roma,79,AS Roma,2702,False,1727,Lorenzo Pellegrini,555540,F,73,Vid Belec,73,US Salernitana 1919,1382,15.5,32.4,19,37,3,assisted,strongFoot,1,
3,2,9,29/08/2021,US Salernitana 1919,AS Roma,87,AS Roma,2702,False,1727,Eldor Shomurodov,792283,F,69,Vid Belec,73,US Salernitana 1919,1382,12.4,41.6,13,24,4,regular,strongFoot,0,
2,2,9,29/08/2021,US Salernitana 1919,AS Roma,87,US Salernitana 1919,2710,True,1382,Julian Kristoffersen,836093,F,54,Rui Patrício,82,AS Roma,1727,11.0,57.2,12,23,-4,assisted,head,0,
1,2,9,29/08/2021,US Salernitana 1919,AS Roma,90,AS Roma,2702,False,1727,Borja Mayoral,604954,F,75,Vid Belec,73,US Salernitana 1919,1382,12.5,51.2,12,3,4,fast-break,weakFoot,0,
0,2,9,29/08/2021,US Salernitana 1919,AS Roma,90,US Salernitana 1919,2710,True,1382,Simy,170499,F,76,Rui Patrício,82,AS Roma,1727,4.6,41.0,7,53,-4,assisted,weakFoot,0,
31,3,0,11/09/2021,Empoli,Venezia,3,Venezia,2688,False,1394,Dennis Johnsen,869275,F,59,Guglielmo Vicario,71,Empoli,1543,12.2,31.8,17,45,0,assisted,strongFoot,0,
30,3,0,11/09/2021,Empoli,Venezia,7,Venezia,2688,False,1394,Mattia Caldara,362222,D,34,Guglielmo Vicario,71,Empoli,1543,7.1,49.3,7,3,0,corner,head,0,
29,3,0,11/09/2021,Empoli,Venezia,11,Empoli,2705,True,1543,Patrick Cutrone,795044,F,71,Luca Lezzerini,70,Venezia,1394,11.5,46.2,11,12,0,assisted,head,0,
28,3,0,11/09/2021,Empoli,Venezia,12,Empoli,2705,True,1543,Patrick Cutrone,795044,F,71,Luca Lezzerini,70,Venezia,1394,20.1,47.2,20,5,0,assisted,strongFoot,0,
27,3,0,11/09/2021,Empoli,Venezia,13,Venezia,2688,False,1394,Thomas Henry,795541,F,72,Guglielmo Vicario,71,Empoli,1543,4.6,45.2,5,35,0,assisted,weakFoot,1,
26,3,0,11/09/2021,Empoli,Venezia,18,Empoli,2705,True,1543,Patrick Cutrone,795044,F,71,Luca Lezzerini,70,Venezia,1394,9.5,47.8,9,8,-1,assisted,head,0,
25,3,0,11/09/2021,Empoli,Venezia,20,Venezia,2688,False,1394,Thomas Henry,795541,F,72,Guglielmo Vicario,71,Empoli,1543,4.3,43.5,6,45,1,assisted,head,0,
24,3,0,11/09/2021,Empoli,Venezia,23,Venezia,2688,False,1394,Pasquale Mazzocchi,377512,M,55,Guglielmo Vicario,71,Empoli,1543,9.8,72.1,17,56,1,regular,strongFoot,0,
23,3,0,11/09/2021,Empoli,Venezia,28,Empoli,2705,True,1543,Filippo Bandinelli,812332,M,66,Luca Lezzerini,70,Venezia,1394,18.4,35.3,20,28,-1,assisted,weakFoot,0,
22,3,0,11/09/2021,Empoli,Venezia,31,Empoli,2705,True,1543,Riccardo Marchizza,792311,D,28,Luca Lezzerini,70,Venezia,1394,22.8,75.4,28,37,-1,free-kick,strongFoot,0,
21,3,0,11/09/2021,Empoli,Venezia,32,Venezia,2688,False,1394,Dennis Johnsen,869275,F,59,Guglielmo Vicario,71,Empoli,1543,8.5,39.2,11,40,1,assisted,strongFoot,0,
20,3,0,11/09/2021,Empoli,Venezia,32,Empoli,2705,True,1543,Filippo Bandinelli,812332,M,66,Luca Lezzerini,70,Venezia,1394,9.2,24.2,19,62,-1,regular,strongFoot,0,
19,3,0,11/09/2021,Empoli,Venezia,33,Empoli,2705,True,1543,Samuele Ricci,930189,M,43,Luca Lezzerini,70,Venezia,1394,24.5,56.7,24,10,-1,corner,strongFoot,0,
18,3,0,11/09/2021,Empoli,Venezia,35,Venezia,2688,False,1394,Thomas Henry,795541,F,72,Guglielmo Vicario,71,Empoli,1543,40.7,58.5,41,8,1,assisted,strongFoot,0,
17,3,0,11/09/2021,Empoli,Venezia,36,Empoli,2705,True,1543,Leonardo Mancuso,250931,F,71,Luca Lezzerini,70,Venezia,1394,13.8,48.3,13,4,-1,assisted,weakFoot,0,
16,3,0,11/09/2021,Empoli,Venezia,38,Empoli,2705,True,1543,Nedim Bajrami,825861,M,58,Luca Lezzerini,70,Venezia,1394,18.4,29.7,23,36,-1,assisted,strongFoot,0,
15,3,0,11/09/2021,Empoli,Venezia,63,Empoli,2705,True,1543,Patrick Cutrone,795044,F,71,Luca Lezzerini,70,Venezia,1394,22.9,48.9,22,1,-1,assisted,strongFoot,0,
13,3,0,11/09/2021,Empoli,Venezia,68,Venezia,2688,False,1394,David Okereke,831290,F,66,Guglielmo Vicario,71,Empoli,1543,15.8,48.2,15,4,1,fast-break,weakFoot,1,
14,3,0,11/09/2021,Empoli,Venezia,68,Empoli,2705,True,1543,Andrea Pinamonti,826198,F,70,Luca Lezzerini,70,Venezia,1394,16.2,61.2,17,25,-2,assisted,strongFoot,0,
12,3,0,11/09/2021,Empoli,Venezia,70,Empoli,2705,True,1543,Nedim Bajrami,825861,M,58,Luca Lezzerini,70,Venezia,1394,18.7,35.1,21,28,-2,assisted,strongFoot,0,
11,3,0,11/09/2021,Empoli,Venezia,70,Empoli,2705,True,1543,Riccardo Marchizza,792311,D,28,Luca Lezzerini,70,Venezia,1394,3.3,38.6,8,66,-2,corner,head,0,
10,3,0,11/09/2021,Empoli,Venezia,71,Empoli,2705,True,1543,Sebastiano Luperto,352736,D,54,Luca Lezzerini,70,Venezia,1394,6.1,49.5,6,3,-2,corner,strongFoot,0,
9,3,0,11/09/2021,Empoli,Venezia,77,Empoli,2705,True,1543,Patrick Cutrone,795044,F,71,Luca Lezzerini,70,Venezia,1394,19.2,35.3,21,27,-2,assisted,strongFoot,0,
8,3,0,11/09/2021,Empoli,Venezia,83,Empoli,2705,True,1543,Andrea Pinamonti,826198,F,70,Luca Lezzerini,70,Venezia,1394,14.8,33.2,18,37,-2,regular,strongFoot,0,
7,3,0,11/09/2021,Empoli,Venezia,86,Empoli,2705,True,1543,Federico Di Francesco,320979,M,69,Luca Lezzerini,70,Venezia,1394,16.1,48.7,16,3,-2,set-piece,strongFoot,0,
6,3,0,11/09/2021,Empoli,Venezia,89,Empoli,2705,True,1543,Nedim Bajrami,825861,M,58,Luca Lezzerini,70,Venezia,1394,11.5,50.0,11,0,-2,penalty,strongFoot,1,
5,3,0,11/09/2021,Empoli,Venezia,90,Empoli,2705,True,1543,Andrea Pinamonti,826198,F,70,Luca Lezzerini,70,Venezia,1394,10.7,43.3,11,23,-1,assisted,head,0,
4,3,0,11/09/2021,Empoli,Venezia,90,Venezia,2688,False,1394,David Okereke,831290,F,66,Guglielmo Vicario,71,Empoli,1543,14.4,54.0,14,10,1,fast-break,strongFoot,0,
3,3,0,11/09/2021,Empoli,Venezia,90,Empoli,2705,True,1543,Andrea Pinamonti,826198,F,70,Luca Lezzerini,70,Venezia,1394,19.1,35.3,21,27,-1,assisted,strongFoot,0,
2,3,0,11/09/2021,Empoli,Venezia,90,Empoli,2705,True,1543,Liam Henderson,287573,M,59,Luca Lezzerini,70,Venezia,1394,10.7,32.0,16,48,-1,regular,strongFoot,0,
1,3,0,11/09/2021,Empoli,Venezia,90,Empoli,2705,True,1543,Nedim Bajrami,825861,M,58,Luca Lezzerini,70,Venezia,1394,22.4,28.9,26,32,-1,free-kick,strongFoot,0,
0,3,0,11/09/2021,Empoli,Venezia,90,Venezia,2688,False,1394,Thomas Henry,795541,F,72,Guglielmo Vicario,71,Empoli,1543,15.0,65.5,18,35,1,assisted,strongFoot,0,
32,3,1,11/09/2021,SSC Napoli,Juventus,1,SSC Napoli,2714,True,1732,Matteo Politano,235672,M,77,Wojciech Szczęsny,87,Juventus,1844,8.8,44.1,9,24,0,assisted,head,0,
31,3,1,11/09/2021,SSC Napoli,Juventus,2,SSC Napoli,2714,True,1732,Giovanni Di Lorenzo,153257,D,65,Wojciech Szczęsny,87,Juventus,1844,3.7,37.1,9,67,0,corner,head,0,
30,3,1,11/09/2021,SSC Napoli,Juventus,7,SSC Napoli,2714,True,1732,Eljif Elmas,838232,M,68,Wojciech Szczęsny,87,Juventus,1844,15.5,36.9,17,29,0,assisted,weakFoot,0,
29,3,1,11/09/2021,SSC Napoli,Juventus,8,SSC Napoli,2714,True,1732,Frank Anguissa,787941,M,62,Wojciech Szczęsny,87,Juventus,1844,6.3,39.0,9,49,0,corner,head,0,
28,3,1,11/09/2021,SSC Napoli,Juventus,10,Juventus,2687,False,1844,Álvaro Morata,125407,F,79,David Ospina,79,SSC Napoli,1732,4.8,27.9,15,72,0,regular,strongFoot,1,
27,3,1,11/09/2021,SSC Napoli,Juventus,13,SSC Napoli,2714,True,1732,Victor Osimhen,822471,F,79,Wojciech Szczęsny,87,Juventus,1844,8.5,53.1,8,13,-1,corner,head,0,
26,3,1,11/09/2021,SSC Napoli,Juventus,19,Juventus,2687,False,1844,Federico Bernardeschi,294597,F,71,David Ospina,79,SSC Napoli,1732,15.4,64.9,18,33,1,assisted,strongFoot,0,
25,3,1,11/09/2021,SSC Napoli,Juventus,21,SSC Napoli,2714,True,1732,Matteo Politano,235672,M,77,Wojciech Szczęsny,87,Juventus,1844,27.2,58.3,27,11,-1,assisted,strongFoot,0,
24,3,1,11/09/2021,SSC Napoli,Juventus,22,SSC Napoli,2714,True,1732,Matteo Politano,235672,M,77,Wojciech Szczęsny,87,Juventus,1844,19.4,67.6,22,31,-1,corner,strongFoot,0,
23,3,1,11/09/2021,SSC Napoli,Juventus,24,Juventus,2687,False,1844,Dejan Kulusevski,928124,M,74,David Ospina,79,SSC Napoli,1732,8.8,41.9,10,32,1,assisted,strongFoot,0,
22,3,1,11/09/2021,SSC Napoli,Juventus,24,Juventus,2687,False,1844,Dejan Kulusevski,928124,M,74,David Ospina,79,SSC Napoli,1732,3.8,43.3,5,50,1,regular,weakFoot,0,
21,3,1,11/09/2021,SSC Napoli,Juventus,37,SSC Napoli,2714,True,1732,Fabián Ruiz,784655,M,77,Wojciech Szczęsny,87,Juventus,1844,14.3,27.8,20,46,-1,assisted,strongFoot,0,
20,3,1,11/09/2021,SSC Napoli,Juventus,37,SSC Napoli,2714,True,1732,Eljif Elmas,838232,M,68,Wojciech Szczęsny,87,Juventus,1844,12.8,44.3,13,16,-1,assisted,head,0,
19,3,1,11/09/2021,SSC Napoli,Juventus,40,Juventus,2687,False,1844,Álvaro Morata,125407,F,79,David Ospina,79,SSC Napoli,1732,9.1,52.6,9,10,1,assisted,head,0,
18,3,1,11/09/2021,SSC Napoli,Juventus,43,Juventus,2687,False,1844,Dejan Kulusevski,928124,M,74,David Ospina,79,SSC Napoli,1732,10.3,53.1,10,11,1,regular,strongFoot,0,
17,3,1,11/09/2021,SSC Napoli,Juventus,45,SSC Napoli,2714,True,1732,Kalidou Koulibaly,126071,D,26,Wojciech Szczęsny,87,Juventus,1844,19.4,31.0,23,33,-1,regular,strongFoot,0,
16,3,1,11/09/2021,SSC Napoli,Juventus,50,SSC Napoli,2714,True,1732,Victor Osimhen,822471,F,79,Wojciech Szczęsny,87,Juventus,1844,14.0,43.9,14,16,-1,assisted,strongFoot,0,
15,3,1,11/09/2021,SSC Napoli,Juventus,53,SSC Napoli,2714,True,1732,Lorenzo Insigne,106258,M,77,Wojciech Szczęsny,87,Juventus,1844,24.0,71.2,27,30,-1,free-kick,strongFoot,0,
14,3,1,11/09/2021,SSC Napoli,Juventus,57,SSC Napoli,2714,True,1732,Lorenzo Insigne,106258,M,77,Wojciech Szczęsny,87,Juventus,1844,18.1,31.4,22,34,-1,assisted,strongFoot,0,
13,3,1,11/09/2021,SSC Napoli,Juventus,57,SSC Napoli,2714,True,1732,Matteo Politano,235672,M,77,Wojciech Szczęsny,87,Juventus,1844,2.1,57.8,5,68,-1,regular,weakFoot,1,
12,3,1,11/09/2021,SSC Napoli,Juventus,59,Juventus,2687,False,1844,Weston McKennie,881931,M,70,David Ospina,79,SSC Napoli,1732,24.2,62.0,25,18,0,assisted,strongFoot,0,
11,3,1,11/09/2021,SSC Napoli,Juventus,60,SSC Napoli,2714,True,1732,Lorenzo Insigne,106258,M,77,Wojciech Szczęsny,87,Juventus,1844,9.3,37.7,12,41,0,regular,strongFoot,0,
10,3,1,11/09/2021,SSC Napoli,Juventus,61,SSC Napoli,2714,True,1732,Adam Ounas,818440,M,66,Wojciech Szczęsny,87,Juventus,1844,20.1,32.6,23,30,0,regular,strongFoot,0,
9,3,1,11/09/2021,SSC Napoli,Juventus,62,SSC Napoli,2714,True,1732,Mário Rui,99546,D,48,Wojciech Szczęsny,87,Juventus,1844,18.4,37.4,20,24,0,assisted,strongFoot,0,
8,3,1,11/09/2021,SSC Napoli,Juventus,65,SSC Napoli,2714,True,1732,Matteo Politano,235672,M,77,Wojciech Szczęsny,87,Juventus,1844,13.1,74.1,20,51,0,assisted,strongFoot,0,
7,3,1,11/09/2021,SSC Napoli,Juventus,66,SSC Napoli,2714,True,1732,Adam Ounas,818440,M,66,Wojciech Szczęsny,87,Juventus,1844,14.1,77.7,23,53,0,corner,strongFoot,0,
6,3,1,11/09/2021,SSC Napoli,Juventus,66,SSC Napoli,2714,True,1732,Fabián Ruiz,784655,M,77,Wojciech Szczęsny,87,Juventus,1844,24.9,27.8,29,31,0,assisted,strongFoot,0,
5,3,1,11/09/2021,SSC Napoli,Juventus,67,Juventus,2687,False,1844,Dejan Kulusevski,928124,M,74,David Ospina,79,SSC Napoli,1732,18.8,46.3,18,7,0,assisted,weakFoot,0,
4,3,1,11/09/2021,SSC Napoli,Juventus,71,SSC Napoli,2714,True,1732,Victor Osimhen,822471,F,79,Wojciech Szczęsny,87,Juventus,1844,12.5,29.4,18,48,0,fast-break,strongFoot,0,
3,3,1,11/09/2021,SSC Napoli,Juventus,75,SSC Napoli,2714,True,1732,Fabián Ruiz,784655,M,77,Wojciech Szczęsny,87,Juventus,1844,25.6,50.3,25,0,0,set-piece,strongFoot,0,
2,3,1,11/09/2021,SSC Napoli,Juventus,82,SSC Napoli,2714,True,1732,Hirving Lozano,385320,F,75,Wojciech Szczęsny,87,Juventus,1844,18.7,31.0,22,34,0,assisted,strongFoot,0,
1,3,1,11/09/2021,SSC Napoli,Juventus,85,SSC Napoli,2714,True,1732,Kalidou Koulibaly,126071,D,26,Wojciech Szczęsny,87,Juventus,1844,0.7,52.8,2,69,0,corner,strongFoot,1,
0,3,1,11/09/2021,SSC Napoli,Juventus,88,SSC Napoli,2714,True,1732,Victor Osimhen,822471,F,79,Wojciech Szczęsny,87,Juventus,1844,9.7,70.7,17,55,1,fast-break,strongFoot,0,
19,3,2,11/09/2021,Atalanta,Fiorentina,18,Fiorentina,2693,False,1447,Alfred Duncan,232224,M,62,Marco Sportiello,76,Atalanta,1766,13.0,35.4,16,37,0,assisted,strongFoot,0,
18,3,2,11/09/2021,Atalanta,Fiorentina,33,Fiorentina,2693,False,1447,Dušan Vlahović,832208,F,77,Marco Sportiello,76,Atalanta,1766,11.5,50.0,11,0,0,penalty,strongFoot,1,
17,3,2,11/09/2021,Atalanta,Fiorentina,36,Fiorentina,2693,False,1447,Riccardo Sottil,893640,F,61,Marco Sportiello,76,Atalanta,1766,11.0,28.7,18,52,1,assisted,strongFoot,0,
16,3,2,11/09/2021,Atalanta,Fiorentina,39,Atalanta,2686,True,1766,José Luis Palomino,79680,D,32,Pietro Terracciano,71,Fiorentina,1447,8.9,43.4,9,26,-1,corner,head,0,
15,3,2,11/09/2021,Atalanta,Fiorentina,45,Fiorentina,2693,False,1447,Alfred Duncan,232224,M,62,Marco Sportiello,76,Atalanta,1766,14.4,31.0,19,41,1,regular,strongFoot,0,
14,3,2,11/09/2021,Atalanta,Fiorentina,49,Fiorentina,2693,False,1447,Dušan Vlahović,832208,F,77,Marco Sportiello,76,Atalanta,1766,11.5,50.0,11,0,1,penalty,strongFoot,1,
13,3,2,11/09/2021,Atalanta,Fiorentina,54,Atalanta,2686,True,1766,Duván Zapata,38162,F,81,Pietro Terracciano,71,Fiorentina,1447,12.8,47.6,12,7,-2,assisted,strongFoot,0,
12,3,2,11/09/2021,Atalanta,Fiorentina,55,Atalanta,2686,True,1766,Robin Gosens,377118,D,73,Pietro Terracciano,71,Fiorentina,1447,4.4,34.0,11,67,-2,corner,strongFoot,0,
11,3,2,11/09/2021,Atalanta,Fiorentina,60,Fiorentina,2693,False,1447,Riccardo Sottil,893640,F,61,Marco Sportiello,76,Atalanta,1766,17.9,30.1,22,37,2,assisted,strongFoot,0,
10,3,2,11/09/2021,Atalanta,Fiorentina,61,Atalanta,2686,True,1766,Robin Gosens,377118,D,73,Pietro Terracciano,71,Fiorentina,1447,7.8,49.7,7,1,-2,corner,head,0,
9,3,2,11/09/2021,Atalanta,Fiorentina,65,Atalanta,2686,True,1766,Duván Zapata,38162,F,81,Pietro Terracciano,71,Fiorentina,1447,11.5,50.0,11,0,-2,penalty,strongFoot,1,
8,3,2,11/09/2021,Atalanta,Fiorentina,68,Atalanta,2686,True,1766,Duván Zapata,38162,F,81,Pietro Terracciano,71,Fiorentina,1447,2.9,59.0,6,64,-1,assisted,weakFoot,0,
7,3,2,11/09/2021,Atalanta,Fiorentina,72,Atalanta,2686,True,1766,Duván Zapata,38162,F,81,Pietro Terracciano,71,Fiorentina,1447,10.3,37.1,13,40,-1,assisted,strongFoot,0,
6,3,2,11/09/2021,Atalanta,Fiorentina,72,Atalanta,2686,True,1766,Berat Djimsiti,151003,D,37,Pietro Terracciano,71,Fiorentina,1447,9.4,43.0,10,26,-1,assisted,head,0,
5,3,2,11/09/2021,Atalanta,Fiorentina,75,Atalanta,2686,True,1766,Robin Gosens,377118,D,73,Pietro Terracciano,71,Fiorentina,1447,4.1,33.0,12,70,-1,set-piece,strongFoot,0,
4,3,2,11/09/2021,Atalanta,Fiorentina,79,Atalanta,2686,True,1766,Matteo Pessina,350210,M,69,Pietro Terracciano,71,Fiorentina,1447,9.1,46.1,9,16,-1,assisted,head,0,
3,3,2,11/09/2021,Atalanta,Fiorentina,81,Atalanta,2686,True,1766,José Luis Palomino,79680,D,32,Pietro Terracciano,71,Fiorentina,1447,3.1,58.1,6,60,-1,set-piece,head,0,
2,3,2,11/09/2021,Atalanta,Fiorentina,88,Fiorentina,2693,False,1447,Dušan Vlahović,832208,F,77,Marco Sportiello,76,Atalanta,1766,5.3,65.1,11,62,1,assisted,strongFoot,0,
1,3,2,11/09/2021,Atalanta,Fiorentina,90,Atalanta,2686,True,1766,Davide Zappacosta,132318,M,65,Pietro Terracciano,71,Fiorentina,1447,7.7,65.1,12,53,-1,assisted,weakFoot,0,
0,3,2,11/09/2021,Atalanta,Fiorentina,90,Atalanta,2686,True,1766,Davide Zappacosta,132318,M,65,Pietro Terracciano,71,Fiorentina,1447,3.9,66.2,11,70,-1,assisted,strongFoot,0,
21,3,3,12/09/2021,Sampdoria,Inter,4,Sampdoria,2711,True,1377,Morten Thorsby,280991,M,60,Samir Handanović,86,Inter,1821,4.5,51.5,4,12,0,assisted,head,0,
20,3,3,12/09/2021,Sampdoria,Inter,18,Inter,2697,False,1821,Federico Dimarco,284361,M,60,Emil Audero,78,Sampdoria,1377,18.8,53.1,18,6,0,free-kick,strongFoot,1,
19,3,3,12/09/2021,Sampdoria,Inter,24,Inter,2697,False,1821,Hakan Çalhanoğlu,135700,M,77,Emil Audero,78,Sampdoria,1377,25.3,56.7,25,10,0,regular,strongFoot,0,
18,3,3,12/09/2021,Sampdoria,Inter,31,Inter,2697,False,1821,Lautaro Martínez,823984,F,81,Emil Audero,78,Sampdoria,1377,12.3,69.9,18,47,0,assisted,strongFoot,0,
17,3,3,12/09/2021,Sampdoria,Inter,33,Sampdoria,2711,True,1377,Maya Yoshida,24248,D,41,Samir Handanović,86,Inter,1821,10.2,48.8,10,4,0,corner,weakFoot,1,
16,3,3,12/09/2021,Sampdoria,Inter,36,Sampdoria,2711,True,1377,Fabio Quagliarella,11621,F,83,Samir Handanović,86,Inter,1821,20.9,33.2,23,28,1,assisted,strongFoot,0,
15,3,3,12/09/2021,Sampdoria,Inter,41,Inter,2697,False,1821,Milan Škriniar,187205,D,41,Emil Audero,78,Sampdoria,1377,5.2,51.9,5,13,-1,corner,head,0,
14,3,3,12/09/2021,Sampdoria,Inter,42,Sampdoria,2711,True,1377,Mikkel Damsgaard,907072,M,67,Samir Handanović,86,Inter,1821,21.2,64.4,23,24,1,assisted,strongFoot,0,
13,3,3,12/09/2021,Sampdoria,Inter,44,Inter,2697,False,1821,Lautaro Martínez,823984,F,81,Emil Audero,78,Sampdoria,1377,11.2,45.7,11,14,-1,fast-break,weakFoot,1,
12,3,3,12/09/2021,Sampdoria,Inter,45,Sampdoria,2711,True,1377,Fabio Quagliarella,11621,F,83,Samir Handanović,86,Inter,1821,8.8,55.7,9,23,0,assisted,head,0,
11,3,3,12/09/2021,Sampdoria,Inter,47,Sampdoria,2711,True,1377,Tommaso Augello,596736,M,37,Samir Handanović,86,Inter,1821,8.1,39.1,10,42,0,assisted,strongFoot,1,
10,3,3,12/09/2021,Sampdoria,Inter,53,Sampdoria,2711,True,1377,Morten Thorsby,280991,M,60,Samir Handanović,86,Inter,1821,8.1,48.5,8,7,1,assisted,head,0,
9,3,3,12/09/2021,Sampdoria,Inter,54,Inter,2697,False,1821,Hakan Çalhanoğlu,135700,M,77,Emil Audero,78,Sampdoria,1377,18.3,46.7,18,6,-1,assisted,strongFoot,0,
8,3,3,12/09/2021,Sampdoria,Inter,58,Sampdoria,2711,True,1377,Francesco Caputo,43905,F,78,Samir Handanović,86,Inter,1821,14.7,56.5,15,16,1,regular,weakFoot,0,
7,3,3,12/09/2021,Sampdoria,Inter,61,Sampdoria,2711,True,1377,Omar Colley,238408,D,31,Samir Handanović,86,Inter,1821,8.2,40.3,10,38,1,corner,head,0,
6,3,3,12/09/2021,Sampdoria,Inter,68,Inter,2697,False,1821,Joaquín Correa,249929,F,75,Emil Audero,78,Sampdoria,1377,10.2,58.5,11,29,-1,assisted,weakFoot,0,
5,3,3,12/09/2021,Sampdoria,Inter,74,Sampdoria,2711,True,1377,Francesco Caputo,43905,F,78,Samir Handanović,86,Inter,1821,20.9,50.1,20,0,1,assisted,weakFoot,0,
4,3,3,12/09/2021,Sampdoria,Inter,74,Sampdoria,2711,True,1377,Mikkel Damsgaard,907072,M,67,Samir Handanović,86,Inter,1821,9.5,36.8,13,43,1,regular,weakFoot,0,
3,3,3,12/09/2021,Sampdoria,Inter,75,Inter,2697,False,1821,Stefano Sensi,294313,M,59,Emil Audero,78,Sampdoria,1377,4.4,32.7,12,69,-1,assisted,strongFoot,0,
2,3,3,12/09/2021,Sampdoria,Inter,90,Sampdoria,2711,True,1377,Omar Colley,238408,D,31,Samir Handanović,86,Inter,1821,4.7,38.2,9,59,1,set-piece,head,0,
1,3,3,12/09/2021,Sampdoria,Inter,90,Sampdoria,2711,True,1377,Antonio Candreva,27982,F,78,Samir Handanović,86,Inter,1821,27.5,52.2,27,3,1,free-kick,strongFoot,0,
0,3,3,12/09/2021,Sampdoria,Inter,90,Sampdoria,2711,True,1377,Morten Thorsby,280991,M,60,Samir Handanović,86,Inter,1821,13.1,53.8,13,11,1,set-piece,head,0,
19,3,4,12/09/2021,Cagliari,Genoa,16,Cagliari,2719,True,1377,João Pedro Galvão,123208,F,77,Salvatore Sirigu,82,Genoa,1394,11.5,50.0,11,0,0,penalty,strongFoot,1,
18,3,4,12/09/2021,Cagliari,Genoa,28,Cagliari,2719,True,1377,João Pedro Galvão,123208,F,77,Salvatore Sirigu,82,Genoa,1394,25.2,39.4,26,15,0,assisted,strongFoot,0,
17,3,4,12/09/2021,Cagliari,Genoa,56,Cagliari,2719,True,1377,Luca Ceppitelli,131108,D,34,Salvatore Sirigu,82,Genoa,1394,8.4,53.0,8,13,0,corner,head,1,
16,3,4,12/09/2021,Cagliari,Genoa,58,Genoa,2713,False,1394,Domenico Criscito,14251,M,60,Alessio Cragno,81,Cagliari,1377,17.1,21.7,25,48,0,corner,strongFoot,0,
15,3,4,12/09/2021,Cagliari,Genoa,59,Genoa,2713,False,1394,Mattia Destro,100570,F,75,Alessio Cragno,81,Cagliari,1377,7.3,41.5,9,38,0,assisted,head,1,
14,3,4,12/09/2021,Cagliari,Genoa,61,Cagliari,2719,True,1377,Keita Baldé,317699,F,73,Salvatore Sirigu,82,Genoa,1394,8.4,72.6,17,61,-1,fast-break,strongFoot,0,
13,3,4,12/09/2021,Cagliari,Genoa,62,Genoa,2713,False,1394,Nicolò Rovella,937324,M,48,Alessio Cragno,81,Cagliari,1377,19.9,63.3,21,24,1,assisted,weakFoot,0,
12,3,4,12/09/2021,Cagliari,Genoa,63,Genoa,2713,False,1394,Mattia Destro,100570,F,75,Alessio Cragno,81,Cagliari,1377,19.5,52.4,19,4,1,set-piece,strongFoot,0,
11,3,4,12/09/2021,Cagliari,Genoa,66,Cagliari,2719,True,1377,Raoul Bellanova,826185,M,30,Salvatore Sirigu,82,Genoa,1394,7.3,68.4,14,59,-1,regular,weakFoot,0,
10,3,4,12/09/2021,Cagliari,Genoa,69,Genoa,2713,False,1394,Mohamed Fares,556960,D,61,Alessio Cragno,81,Cagliari,1377,7.0,52.4,7,13,1,corner,head,1,
9,3,4,12/09/2021,Cagliari,Genoa,76,Genoa,2713,False,1394,Domenico Criscito,14251,M,60,Alessio Cragno,81,Cagliari,1377,26.9,23.9,32,33,2,assisted,strongFoot,0,
8,3,4,12/09/2021,Cagliari,Genoa,76,Genoa,2713,False,1394,Mohamed Fares,556960,D,61,Alessio Cragno,81,Cagliari,1377,7.5,50.3,7,1,2,corner,head,0,
7,3,4,12/09/2021,Cagliari,Genoa,78,Genoa,2713,False,1394,Mohamed Fares,556960,D,61,Alessio Cragno,81,Cagliari,1377,7.5,46.4,7,18,2,assisted,head,1,
6,3,4,12/09/2021,Cagliari,Genoa,81,Genoa,2713,False,1394,Caleb Ekuban,309156,F,70,Alessio Cragno,81,Cagliari,1377,22.1,55.9,22,10,3,assisted,weakFoot,0,
5,3,4,12/09/2021,Cagliari,Genoa,88,Genoa,2713,False,1394,Yayah Kallon,967510,F,66,Alessio Cragno,81,Cagliari,1377,16.2,56.9,16,16,3,assisted,strongFoot,0,
4,3,4,12/09/2021,Cagliari,Genoa,89,Cagliari,2719,True,1377,João Pedro Galvão,123208,F,77,Salvatore Sirigu,82,Genoa,1394,12.0,44.5,12,17,-3,assisted,strongFoot,0,
3,3,4,12/09/2021,Cagliari,Genoa,89,Cagliari,2719,True,1377,Răzvan Marin,279563,M,73,Salvatore Sirigu,82,Genoa,1394,17.1,47.2,17,6,-3,regular,strongFoot,0,
2,3,4,12/09/2021,Cagliari,Genoa,90,Cagliari,2719,True,1377,Diego Farias,41008,F,69,Salvatore Sirigu,82,Genoa,1394,20.8,40.0,21,18,-3,assisted,strongFoot,0,
1,3,4,12/09/2021,Cagliari,Genoa,90,Cagliari,2719,True,1377,João Pedro Galvão,123208,F,77,Salvatore Sirigu,82,Genoa,1394,3.4,45.4,4,42,-3,regular,weakFoot,0,
0,3,4,12/09/2021,Cagliari,Genoa,90,Genoa,2713,False,1394,Yayah Kallon,967510,F,66,Alessio Cragno,81,Cagliari,1377,19.8,64.7,22,26,3,fast-break,strongFoot,0,
27,3,5,12/09/2021,Spezia,Udinese,6,Spezia,2735,True,1377,Janis Antiste,963398,F,68,Marco Silvestri,79,Udinese,1410,5.6,35.5,11,60,0,assisted,head,0,
26,3,5,12/09/2021,Spezia,Udinese,15,Udinese,2695,False,1410,Walace,553686,M,66,Jeroen Zoet,75,Spezia,1377,32.6,33.8,34,18,0,assisted,strongFoot,0,
25,3,5,12/09/2021,Spezia,Udinese,16,Spezia,2735,True,1377,Janis Antiste,963398,F,68,Marco Silvestri,79,Udinese,1410,7.5,56.0,8,28,0,set-piece,head,0,
24,3,5,12/09/2021,Spezia,Udinese,25,Udinese,2695,False,1410,Walace,553686,M,66,Jeroen Zoet,75,Spezia,1377,19.0,48.1,19,3,0,assisted,strongFoot,0,
23,3,5,12/09/2021,Spezia,Udinese,28,Udinese,2695,False,1410,Jens Stryger Larsen,44848,D,60,Jeroen Zoet,75,Spezia,1377,12.0,29.7,18,48,0,assisted,weakFoot,0,
22,3,5,12/09/2021,Spezia,Udinese,32,Spezia,2735,True,1377,Simone Bastoni,385330,M,52,Marco Silvestri,79,Udinese,1410,24.6,40.4,25,14,0,assisted,strongFoot,0,
21,3,5,12/09/2021,Spezia,Udinese,32,Spezia,2735,True,1377,Simone Bastoni,385330,M,52,Marco Silvestri,79,Udinese,1410,18.2,46.7,18,7,0,regular,strongFoot,0,
20,3,5,12/09/2021,Spezia,Udinese,33,Spezia,2735,True,1377,Giulio Maggiore,848185,M,58,Marco Silvestri,79,Udinese,1410,26.1,63.9,27,19,0,regular,strongFoot,0,
19,3,5,12/09/2021,Spezia,Udinese,34,Spezia,2735,True,1377,Simone Bastoni,385330,M,52,Marco Silvestri,79,Udinese,1410,18.2,38.3,19,23,0,assisted,strongFoot,0,
18,3,5,12/09/2021,Spezia,Udinese,35,Spezia,2735,True,1377,Giulio Maggiore,848185,M,58,Marco Silvestri,79,Udinese,1410,21.9,45.0,22,8,0,assisted,strongFoot,0,
17,3,5,12/09/2021,Spezia,Udinese,38,Spezia,2735,True,1377,Emmanuel Gyasi,541578,M,59,Marco Silvestri,79,Udinese,1410,12.5,53.0,12,9,0,regular,strongFoot,0,
16,3,5,12/09/2021,Spezia,Udinese,40,Udinese,2695,False,1410,Ignacio Pussetto,340509,F,72,Jeroen Zoet,75,Spezia,1377,21.3,49.7,21,0,0,fast-break,strongFoot,0,
15,3,5,12/09/2021,Spezia,Udinese,41,Udinese,2695,False,1410,Samir Caetano,331405,D,33,Jeroen Zoet,75,Spezia,1377,12.8,46.3,13,11,0,corner,head,0,
14,3,5,12/09/2021,Spezia,Udinese,44,Udinese,2695,False,1410,Gerard Deulofeu,96372,F,72,Jeroen Zoet,75,Spezia,1377,19.2,53.6,19,7,0,regular,strongFoot,0,
13,3,5,12/09/2021,Spezia,Udinese,45,Spezia,2735,True,1377,Jacopo Sala,100568,M,60,Marco Silvestri,79,Udinese,1410,27.3,57.8,27,10,0,assisted,strongFoot,0,
12,3,5,12/09/2021,Spezia,Udinese,47,Spezia,2735,True,1377,Emmanuel Gyasi,541578,M,59,Marco Silvestri,79,Udinese,1410,13.1,49.1,13,2,0,set-piece,weakFoot,0,
11,3,5,12/09/2021,Spezia,Udinese,58,Spezia,2735,True,1377,Giulio Maggiore,848185,M,58,Marco Silvestri,79,Udinese,1410,17.6,56.2,18,13,0,regular,strongFoot,0,
10,3,5,12/09/2021,Spezia,Udinese,59,Udinese,2695,False,1410,Gerard Deulofeu,96372,F,72,Jeroen Zoet,75,Spezia,1377,8.3,30.5,15,57,0,assisted,strongFoot,0,
9,3,5,12/09/2021,Spezia,Udinese,61,Spezia,2735,True,1377,Ebrima Colley,928106,F,64,Marco Silvestri,79,Udinese,1410,14.8,27.4,21,46,0,assisted,strongFoot,0,
8,3,5,12/09/2021,Spezia,Udinese,61,Spezia,2735,True,1377,Ebrima Colley,928106,F,64,Marco Silvestri,79,Udinese,1410,25.6,38.8,26,16,0,assisted,strongFoot,0,
7,3,5,12/09/2021,Spezia,Udinese,67,Spezia,2735,True,1377,Kevin Agudelo,931290,M,60,Marco Silvestri,79,Udinese,1410,24.4,39.8,25,15,0,corner,strongFoot,0,
6,3,5,12/09/2021,Spezia,Udinese,69,Spezia,2735,True,1377,Daniele Verde,605580,F,72,Marco Silvestri,79,Udinese,1410,27.6,49.9,27,0,0,assisted,strongFoot,0,
5,3,5,12/09/2021,Spezia,Udinese,70,Spezia,2735,True,1377,Daniele Verde,605580,F,72,Marco Silvestri,79,Udinese,1410,14.5,46.0,14,10,0,assisted,strongFoot,0,
4,3,5,12/09/2021,Spezia,Udinese,83,Udinese,2695,False,1410,Jean Victor Makengo,802138,F,66,Jeroen Zoet,75,Spezia,1377,10.8,53.7,11,13,0,assisted,strongFoot,0,
3,3,5,12/09/2021,Spezia,Udinese,85,Spezia,2735,True,1377,Daniele Verde,605580,F,72,Marco Silvestri,79,Udinese,1410,11.0,38.4,13,35,0,fast-break,weakFoot,0,
2,3,5,12/09/2021,Spezia,Udinese,85,Spezia,2735,True,1377,Daniele Verde,605580,F,72,Marco Silvestri,79,Udinese,1410,18.4,36.1,20,27,0,regular,strongFoot,0,
1,3,5,12/09/2021,Spezia,Udinese,88,Spezia,2735,True,1377,Daniele Verde,605580,F,72,Marco Silvestri,79,Udinese,1410,17.6,69.4,21,36,0,assisted,strongFoot,0,
0,3,5,12/09/2021,Spezia,Udinese,89,Udinese,2695,False,1410,Lazar Samardžić,980624,M,60,Jeroen Zoet,75,Spezia,1377,14.6,49.9,14,0,0,assisted,weakFoot,1,
22,3,6,12/09/2021,Torino,US Salernitana 1919,1,US Salernitana 1919,2710,False,1377,Francesco Di Tacchio,43830,M,48,Vanja Milinković-Savić,70,Torino,1414,17.6,32.0,21,34,0,regular,strongFoot,0,
21,3,6,12/09/2021,Torino,US Salernitana 1919,20,Torino,2696,True,1414,Wilfried Singo,978285,D,39,Vid Belec,73,US Salernitana 1919,1377,5.1,67.6,13,66,0,assisted,strongFoot,0,
20,3,6,12/09/2021,Torino,US Salernitana 1919,21,Torino,2696,True,1414,Marko Pjaca,190435,F,67,Vid Belec,73,US Salernitana 1919,1377,11.8,42.5,12,23,0,corner,strongFoot,0,
19,3,6,12/09/2021,Torino,US Salernitana 1919,22,Torino,2696,True,1414,Marko Pjaca,190435,F,67,Vid Belec,73,US Salernitana 1919,1377,8.0,46.6,8,16,0,assisted,weakFoot,0,
18,3,6,12/09/2021,Torino,US Salernitana 1919,25,Torino,2696,True,1414,Saša Lukić,371222,M,63,Vid Belec,73,US Salernitana 1919,1377,20.8,55.0,21,9,0,regular,strongFoot,0,
17,3,6,12/09/2021,Torino,US Salernitana 1919,31,Torino,2696,True,1414,Wilfried Singo,978285,D,39,Vid Belec,73,US Salernitana 1919,1377,13.0,57.7,14,21,0,assisted,weakFoot,0,
16,3,6,12/09/2021,Torino,US Salernitana 1919,34,US Salernitana 1919,2710,False,1377,Federico Bonazzoli,284363,F,67,Vanja Milinković-Savić,70,Torino,1414,15.1,49.6,15,1,0,corner,head,0,
15,3,6,12/09/2021,Torino,US Salernitana 1919,37,US Salernitana 1919,2710,False,1377,Francesco Di Tacchio,43830,M,48,Vanja Milinković-Savić,70,Torino,1414,7.7,42.7,9,32,0,corner,head,0,
14,3,6,12/09/2021,Torino,US Salernitana 1919,43,Torino,2696,True,1414,Wilfried Singo,978285,D,39,Vid Belec,73,US Salernitana 1919,1377,8.1,56.7,9,29,0,corner,head,0,
13,3,6,12/09/2021,Torino,US Salernitana 1919,43,Torino,2696,True,1414,Wilfried Singo,978285,D,39,Vid Belec,73,US Salernitana 1919,1377,4.8,56.1,6,40,0,corner,head,0,
12,3,6,12/09/2021,Torino,US Salernitana 1919,45,Torino,2696,True,1414,Antonio Sanabria,333261,F,71,Vid Belec,73,US Salernitana 1919,1377,5.0,53.2,5,23,0,assisted,head,1,
11,3,6,12/09/2021,Torino,US Salernitana 1919,58,Torino,2696,True,1414,Bremer,885197,D,35,Vid Belec,73,US Salernitana 1919,1377,8.0,43.5,9,28,1,corner,head,0,
10,3,6,12/09/2021,Torino,US Salernitana 1919,65,Torino,2696,True,1414,Bremer,885197,D,35,Vid Belec,73,US Salernitana 1919,1377,5.0,50.7,5,5,1,set-piece,head,1,
9,3,6,12/09/2021,Torino,US Salernitana 1919,75,US Salernitana 1919,2710,False,1377,Stefan Strandberg,22447,D,42,Vanja Milinković-Savić,70,Torino,1414,14.5,45.8,14,11,-2,corner,head,0,
8,3,6,12/09/2021,Torino,US Salernitana 1919,77,Torino,2696,True,1414,Antonio Sanabria,333261,F,71,Vid Belec,73,US Salernitana 1919,1377,18.8,51.0,18,2,2,fast-break,strongFoot,0,
7,3,6,12/09/2021,Torino,US Salernitana 1919,78,US Salernitana 1919,2710,False,1377,Federico Bonazzoli,284363,F,67,Vanja Milinković-Savić,70,Torino,1414,10.5,61.8,13,37,-2,assisted,weakFoot,0,
6,3,6,12/09/2021,Torino,US Salernitana 1919,79,US Salernitana 1919,2710,False,1377,Francesco Di Tacchio,43830,M,48,Vanja Milinković-Savić,70,Torino,1414,25.1,41.7,25,12,-2,fast-break,strongFoot,0,
5,3,6,12/09/2021,Torino,US Salernitana 1919,79,US Salernitana 1919,2710,False,1377,Mamadou Coulibaly,874481,M,58,Vanja Milinković-Savić,70,Torino,1414,24.5,54.2,24,6,-2,fast-break,strongFoot,0,
4,3,6,12/09/2021,Torino,US Salernitana 1919,87,Torino,2696,True,1414,Bremer,885197,D,35,Vid Belec,73,US Salernitana 1919,1377,8.4,60.4,10,40,2,assisted,strongFoot,0,
3,3,6,12/09/2021,Torino,US Salernitana 1919,87,Torino,2696,True,1414,Tommaso Pobega,928796,M,66,Vid Belec,73,US Salernitana 1919,1377,6.3,52.6,6,15,2,assisted,weakFoot,1,
2,3,6,12/09/2021,Torino,US Salernitana 1919,89,US Salernitana 1919,2710,False,1377,Lassana Coulibaly,804621,M,56,Vanja Milinković-Savić,70,Torino,1414,26.9,40.8,27,13,-3,assisted,strongFoot,0,
1,3,6,12/09/2021,Torino,US Salernitana 1919,90,Torino,2696,True,1414,Saša Lukić,371222,M,63,Vid Belec,73,US Salernitana 1919,1377,10.0,43.5,10,23,3,assisted,strongFoot,1,
0,3,6,12/09/2021,Torino,US Salernitana 1919,90,Torino,2696,True,1414,Dennis Praet,135647,M,72,Vid Belec,73,US Salernitana 1919,1377,17.8,70.1,22,37,4,assisted,strongFoot,0,
26,3,7,12/09/2021,AC Milan,Lazio,2,AC Milan,2692,True,1722,Alessio Romagnoli,227864,D,40,Pepe Reina,78,Lazio,1647,13.2,56.5,13,18,0,set-piece,strongFoot,0,
25,3,7,12/09/2021,AC Milan,Lazio,4,AC Milan,2692,True,1722,Fikayo Tomori,788255,D,36,Pepe Reina,78,Lazio,1647,9.0,48.2,9,7,0,set-piece,head,0,
24,3,7,12/09/2021,AC Milan,Lazio,7,AC Milan,2692,True,1722,Theo Hernández,788027,D,70,Pepe Reina,78,Lazio,1647,26.9,33.6,29,22,0,assisted,strongFoot,0,
23,3,7,12/09/2021,AC Milan,Lazio,11,AC Milan,2692,True,1722,Davide Calabria,318607,D,50,Pepe Reina,78,Lazio,1647,12.8,65.3,16,39,0,assisted,strongFoot,0,
22,3,7,12/09/2021,AC Milan,Lazio,15,AC Milan,2692,True,1722,Rafael Leão,851284,F,72,Pepe Reina,78,Lazio,1647,23.8,33.6,26,25,0,regular,strongFoot,0,
21,3,7,12/09/2021,AC Milan,Lazio,17,Lazio,2699,False,1647,Sergej Milinković-Savić,331447,M,78,Mike Maignan,84,AC Milan,1722,13.3,46.9,13,9,0,assisted,head,0,
20,3,7,12/09/2021,AC Milan,Lazio,24,AC Milan,2692,True,1722,Davide Calabria,318607,D,50,Pepe Reina,78,Lazio,1647,9.1,69.9,16,56,0,assisted,strongFoot,0,
19,3,7,12/09/2021,AC Milan,Lazio,25,AC Milan,2692,True,1722,Rafael Leão,851284,F,72,Pepe Reina,78,Lazio,1647,6.4,35.9,11,56,0,assisted,head,0,
18,3,7,12/09/2021,AC Milan,Lazio,31,AC Milan,2692,True,1722,Alessio Romagnoli,227864,D,40,Pepe Reina,78,Lazio,1647,23.8,54.8,24,7,0,regular,strongFoot,0,
17,3,7,12/09/2021,AC Milan,Lazio,31,AC Milan,2692,True,1722,Davide Calabria,318607,D,50,Pepe Reina,78,Lazio,1647,24.8,72.6,29,31,0,regular,strongFoot,0,
16,3,7,12/09/2021,AC Milan,Lazio,39,Lazio,2699,False,1647,Felipe Anderson,152276,M,73,Mike Maignan,84,AC Milan,1722,19.8,30.3,23,34,0,assisted,strongFoot,0,
15,3,7,12/09/2021,AC Milan,Lazio,45,AC Milan,2692,True,1722,Rafael Leão,851284,F,72,Pepe Reina,78,Lazio,1647,8.8,48.2,8,7,0,fast-break,strongFoot,1,
14,3,7,12/09/2021,AC Milan,Lazio,45,AC Milan,2692,True,1722,Alessandro Florenzi,152420,D,77,Pepe Reina,78,Lazio,1647,25.7,65.3,27,22,1,corner,strongFoot,0,
13,3,7,12/09/2021,AC Milan,Lazio,45,AC Milan,2692,True,1722,Franck Kessié,359226,M,73,Pepe Reina,78,Lazio,1647,11.5,50.0,11,0,1,penalty,strongFoot,0,
11,3,7,12/09/2021,AC Milan,Lazio,46,AC Milan,2692,True,1722,Brahim Díaz,835485,M,67,Pepe Reina,78,Lazio,1647,19.7,41.5,20,16,1,assisted,weakFoot,0,
12,3,7,12/09/2021,AC Milan,Lazio,46,AC Milan,2692,True,1722,Brahim Díaz,835485,M,67,Pepe Reina,78,Lazio,1647,26.2,50.1,26,0,1,assisted,weakFoot,0,
10,3,7,12/09/2021,AC Milan,Lazio,52,AC Milan,2692,True,1722,Ante Rebić,152769,M,82,Pepe Reina,78,Lazio,1647,22.4,39.4,23,17,1,assisted,weakFoot,0,
9,3,7,12/09/2021,AC Milan,Lazio,53,AC Milan,2692,True,1722,Sandro Tonali,892673,M,65,Pepe Reina,78,Lazio,1647,22.5,45.2,22,8,1,corner,strongFoot,0,
8,3,7,12/09/2021,AC Milan,Lazio,57,Lazio,2699,False,1647,Sergej Milinković-Savić,331447,M,78,Mike Maignan,84,AC Milan,1722,24.2,73.2,28,33,-1,assisted,strongFoot,0,
7,3,7,12/09/2021,AC Milan,Lazio,62,AC Milan,2692,True,1722,Zlatan Ibrahimović,2089,F,86,Pepe Reina,78,Lazio,1647,3.2,34.6,10,73,1,assisted,weakFoot,0,
6,3,7,12/09/2021,AC Milan,Lazio,65,Lazio,2699,False,1647,Mattia Zaccagni,293581,F,70,Mike Maignan,84,AC Milan,1722,19.8,43.1,20,13,-1,assisted,strongFoot,0,
5,3,7,12/09/2021,AC Milan,Lazio,65,Lazio,2699,False,1647,Mattia Zaccagni,293581,F,70,Mike Maignan,84,AC Milan,1722,12.0,42.1,13,24,-1,regular,head,0,
4,3,7,12/09/2021,AC Milan,Lazio,65,Lazio,2699,False,1647,Luis Alberto,111416,M,75,Mike Maignan,84,AC Milan,1722,12.2,36.7,15,36,-1,regular,weakFoot,0,
3,3,7,12/09/2021,AC Milan,Lazio,66,AC Milan,2692,True,1722,Zlatan Ibrahimović,2089,F,86,Pepe Reina,78,Lazio,1647,2.4,51.1,2,17,1,fast-break,weakFoot,1,
2,3,7,12/09/2021,AC Milan,Lazio,78,AC Milan,2692,True,1722,Zlatan Ibrahimović,2089,F,86,Pepe Reina,78,Lazio,1647,11.8,32.0,17,46,2,assisted,weakFoot,0,
1,3,7,12/09/2021,AC Milan,Lazio,82,Lazio,2699,False,1647,Ciro Immobile,45923,F,87,Mike Maignan,84,AC Milan,1722,10.5,34.6,14,44,-2,regular,weakFoot,0,
0,3,7,12/09/2021,AC Milan,Lazio,90,Lazio,2699,False,1647,Toma Bašić,798002,M,63,Mike Maignan,84,AC Milan,1722,25.7,35.6,27,20,-2,assisted,strongFoot,0,
30,3,8,12/09/2021,AS Roma,Sassuolo,5,AS Roma,2702,True,1732,Gianluca Mancini,611210,D,44,Andrea Consigli,81,Sassuolo,1543,6.0,52.2,6,14,0,corner,head,0,
29,3,8,12/09/2021,AS Roma,Sassuolo,10,AS Roma,2702,True,1732,Jordan Veretout,151124,M,75,Andrea Consigli,81,Sassuolo,1543,22.8,45.2,23,8,0,assisted,strongFoot,0,
28,3,8,12/09/2021,AS Roma,Sassuolo,13,Sassuolo,2793,False,1543,Domenico Berardi,253367,F,80,Rui Patrício,82,AS Roma,1732,14.4,70.8,20,44,0,assisted,strongFoot,0,
27,3,8,12/09/2021,AS Roma,Sassuolo,21,AS Roma,2702,True,1732,Henrikh Mkhitaryan,37151,M,79,Andrea Consigli,81,Sassuolo,1543,22.2,31.6,25,29,0,assisted,weakFoot,0,
26,3,8,12/09/2021,AS Roma,Sassuolo,23,Sassuolo,2793,False,1543,Filip Đuričić,69367,M,68,Rui Patrício,82,AS Roma,1732,5.6,32.6,13,64,0,assisted,weakFoot,0,
25,3,8,12/09/2021,AS Roma,Sassuolo,34,AS Roma,2702,True,1732,Tammy Abraham,610766,F,77,Andrea Consigli,81,Sassuolo,1543,8.7,60.0,11,38,0,assisted,strongFoot,0,
24,3,8,12/09/2021,AS Roma,Sassuolo,37,AS Roma,2702,True,1732,Bryan Cristante,186855,M,71,Andrea Consigli,81,Sassuolo,1543,9.8,42.7,10,26,0,set-piece,weakFoot,1,
23,3,8,12/09/2021,AS Roma,Sassuolo,42,Sassuolo,2793,False,1543,Domenico Berardi,253367,F,80,Rui Patrício,82,AS Roma,1732,23.5,55.3,23,8,0,set-piece,strongFoot,0,
22,3,8,12/09/2021,AS Roma,Sassuolo,46,Sassuolo,2793,False,1543,Domenico Berardi,253367,F,80,Rui Patrício,82,AS Roma,1732,24.2,68.8,27,27,0,regular,strongFoot,0,
21,3,8,12/09/2021,AS Roma,Sassuolo,48,Sassuolo,2793,False,1543,Gian Marco Ferrari,170887,D,26,Rui Patrício,82,AS Roma,1732,9.3,49.3,9,2,0,corner,head,0,
20,3,8,12/09/2021,AS Roma,Sassuolo,50,Sassuolo,2793,False,1543,Davide Frattesi,835600,M,67,Rui Patrício,82,AS Roma,1732,4.2,64.5,10,66,0,assisted,strongFoot,0,
19,3,8,12/09/2021,AS Roma,Sassuolo,55,Sassuolo,2793,False,1543,Gianluca Scamacca,807301,F,74,Rui Patrício,82,AS Roma,1732,22.4,73.2,27,35,0,assisted,strongFoot,0,
18,3,8,12/09/2021,AS Roma,Sassuolo,57,Sassuolo,2793,False,1543,Filip Đuričić,69367,M,68,Rui Patrício,82,AS Roma,1732,4.2,52.8,4,24,0,assisted,weakFoot,1,
17,3,8,12/09/2021,AS Roma,Sassuolo,59,AS Roma,2702,True,1732,Lorenzo Pellegrini,555540,F,73,Andrea Consigli,81,Sassuolo,1543,9.8,66.3,14,48,-1,assisted,strongFoot,0,
16,3,8,12/09/2021,AS Roma,Sassuolo,59,AS Roma,2702,True,1732,Tammy Abraham,610766,F,77,Andrea Consigli,81,Sassuolo,1543,3.0,55.8,4,52,-1,regular,strongFoot,0,
15,3,8,12/09/2021,AS Roma,Sassuolo,59,AS Roma,2702,True,1732,Henrikh Mkhitaryan,37151,M,79,Andrea Consigli,81,Sassuolo,1543,24.9,47.2,24,4,-1,assisted,weakFoot,0,
13,3,8,12/09/2021,AS Roma,Sassuolo,62,AS Roma,2702,True,1732,Gianluca Mancini,611210,D,44,Andrea Consigli,81,Sassuolo,1543,9.5,51.4,9,5,-1,corner,head,0,
14,3,8,12/09/2021,AS Roma,Sassuolo,62,AS Roma,2702,True,1732,Lorenzo Pellegrini,555540,F,73,Andrea Consigli,81,Sassuolo,1543,14.0,44.9,14,13,-1,assisted,strongFoot,0,
12,3,8,12/09/2021,AS Roma,Sassuolo,67,Sassuolo,2793,False,1543,Domenico Berardi,253367,F,80,Rui Patrício,82,AS Roma,1732,10.1,29.5,17,54,1,assisted,strongFoot,0,
11,3,8,12/09/2021,AS Roma,Sassuolo,68,Sassuolo,2793,False,1543,Domenico Berardi,253367,F,80,Rui Patrício,82,AS Roma,1732,8.8,60.4,11,38,1,assisted,weakFoot,0,
10,3,8,12/09/2021,AS Roma,Sassuolo,73,AS Roma,2702,True,1732,Lorenzo Pellegrini,555540,F,73,Andrea Consigli,81,Sassuolo,1543,13.0,50.6,13,1,-1,assisted,strongFoot,0,
9,3,8,12/09/2021,AS Roma,Sassuolo,76,AS Roma,2702,True,1732,Gianluca Mancini,611210,D,44,Andrea Consigli,81,Sassuolo,1543,10.5,44.3,11,20,-1,set-piece,head,0,
8,3,8,12/09/2021,AS Roma,Sassuolo,78,Sassuolo,2793,False,1543,Jérémie Boga,367056,F,72,Rui Patrício,82,AS Roma,1732,11.0,35.1,14,42,1,fast-break,weakFoot,0,
7,3,8,12/09/2021,AS Roma,Sassuolo,81,AS Roma,2702,True,1732,Matías Viña,875295,D,61,Andrea Consigli,81,Sassuolo,1543,9.0,26.6,18,60,-1,assisted,strongFoot,0,
6,3,8,12/09/2021,AS Roma,Sassuolo,83,AS Roma,2702,True,1732,Stephan El Shaarawy,45925,F,75,Andrea Consigli,81,Sassuolo,1543,3.6,38.7,8,64,-1,assisted,weakFoot,0,
5,3,8,12/09/2021,AS Roma,Sassuolo,86,Sassuolo,2793,False,1543,Rogério,830551,D,51,Rui Patrício,82,AS Roma,1732,29.7,59.1,30,11,1,assisted,strongFoot,0,
4,3,8,12/09/2021,AS Roma,Sassuolo,86,Sassuolo,2793,False,1543,Hamed Junior Traorè,892924,M,66,Rui Patrício,82,AS Roma,1732,21.4,40.6,22,16,1,assisted,strongFoot,0,
3,3,8,12/09/2021,AS Roma,Sassuolo,87,Sassuolo,2793,False,1543,Hamed Junior Traorè,892924,M,66,Rui Patrício,82,AS Roma,1732,10.3,32.0,15,49,1,assisted,weakFoot,0,
2,3,8,12/09/2021,AS Roma,Sassuolo,88,AS Roma,2702,True,1732,Eldor Shomurodov,792283,F,69,Andrea Consigli,81,Sassuolo,1543,14.0,64.1,16,34,-1,assisted,strongFoot,0,
1,3,8,12/09/2021,AS Roma,Sassuolo,88,AS Roma,2702,True,1732,Lorenzo Pellegrini,555540,F,73,Andrea Consigli,81,Sassuolo,1543,22.2,43.0,22,12,-1,assisted,strongFoot,0,
0,3,8,12/09/2021,AS Roma,Sassuolo,90,AS Roma,2702,True,1732,Stephan El Shaarawy,45925,F,75,Andrea Consigli,81,Sassuolo,1543,13.1,34.6,16,38,-1,assisted,strongFoot,1,
19,3,9,13/09/2021,Bologna,Hellas Verona,6,Bologna,2685,True,1424,Musa Barrow,916680,F,72,Lorenzo Montipò,74,Hellas Verona,1377,2.3,38.3,8,73,0,corner,head,0,
18,3,9,13/09/2021,Bologna,Hellas Verona,11,Hellas Verona,2701,False,1377,Adrien Tameze,139235,D,59,Łukasz Skorupski,75,Bologna,1424,18.5,54.2,18,8,0,regular,weakFoot,0,
17,3,9,13/09/2021,Bologna,Hellas Verona,20,Bologna,2685,True,1424,Mattias Svanberg,796987,M,65,Lorenzo Montipò,74,Hellas Verona,1377,25.5,59.0,26,13,0,assisted,strongFoot,0,
16,3,9,13/09/2021,Bologna,Hellas Verona,29,Bologna,2685,True,1424,Roberto Soriano,80406,M,74,Lorenzo Montipò,74,Hellas Verona,1377,16.1,48.0,16,4,0,assisted,weakFoot,0,
15,3,9,13/09/2021,Bologna,Hellas Verona,32,Bologna,2685,True,1424,Kevin Bonifazi,365992,D,35,Lorenzo Montipò,74,Hellas Verona,1377,13.5,46.6,13,9,0,set-piece,other,0,
14,3,9,13/09/2021,Bologna,Hellas Verona,34,Bologna,2685,True,1424,Musa Barrow,916680,F,72,Lorenzo Montipò,74,Hellas Verona,1377,22.6,31.0,26,29,0,assisted,strongFoot,0,
13,3,9,13/09/2021,Bologna,Hellas Verona,35,Bologna,2685,True,1424,Nicolás Domínguez,871765,M,65,Lorenzo Montipò,74,Hellas Verona,1377,4.1,63.7,10,66,0,corner,head,0,
12,3,9,13/09/2021,Bologna,Hellas Verona,41,Hellas Verona,2701,False,1377,Antonín Barák,330705,M,74,Łukasz Skorupski,75,Bologna,1424,9.1,70.1,16,56,0,assisted,strongFoot,0,
11,3,9,13/09/2021,Bologna,Hellas Verona,44,Hellas Verona,2701,False,1377,Giovanni Simeone,341143,F,73,Łukasz Skorupski,75,Bologna,1424,7.5,46.0,7,19,0,assisted,head,0,
10,3,9,13/09/2021,Bologna,Hellas Verona,45,Bologna,2685,True,1424,Riccardo Orsolini,793645,M,70,Lorenzo Montipò,74,Hellas Verona,1377,19.1,76.9,26,43,0,throw-in-set-piece,strongFoot,0,
9,3,9,13/09/2021,Bologna,Hellas Verona,50,Bologna,2685,True,1424,Riccardo Orsolini,793645,M,70,Lorenzo Montipò,74,Hellas Verona,1377,22.1,53.4,22,5,0,set-piece,strongFoot,0,
8,3,9,13/09/2021,Bologna,Hellas Verona,54,Hellas Verona,2701,False,1377,Gianluca Caprari,148458,F,69,Łukasz Skorupski,75,Bologna,1424,5.1,32.8,12,66,0,assisted,strongFoot,0,
7,3,9,13/09/2021,Bologna,Hellas Verona,58,Hellas Verona,2701,False,1377,Nicolò Casale,862697,D,42,Łukasz Skorupski,75,Bologna,1424,21.8,35.7,23,24,0,regular,weakFoot,0,
6,3,9,13/09/2021,Bologna,Hellas Verona,62,Bologna,2685,True,1424,Musa Barrow,916680,F,72,Lorenzo Montipò,74,Hellas Verona,1377,8.1,42.1,9,33,0,corner,weakFoot,0,
5,3,9,13/09/2021,Bologna,Hellas Verona,70,Bologna,2685,True,1424,Mattias Svanberg,796987,M,65,Lorenzo Montipò,74,Hellas Verona,1377,19.9,62.7,21,23,0,regular,strongFoot,0,
4,3,9,13/09/2021,Bologna,Hellas Verona,78,Bologna,2685,True,1424,Mattias Svanberg,796987,M,65,Lorenzo Montipò,74,Hellas Verona,1377,19.0,52.6,19,5,0,assisted,strongFoot,1,
3,3,9,13/09/2021,Bologna,Hellas Verona,81,Bologna,2685,True,1424,Andreas Skov Olsen,888537,M,68,Lorenzo Montipò,74,Hellas Verona,1377,8.5,48.2,8,8,1,assisted,head,0,
2,3,9,13/09/2021,Bologna,Hellas Verona,87,Bologna,2685,True,1424,Nicolás Domínguez,871765,M,65,Lorenzo Montipò,74,Hellas Verona,1377,4.2,41.8,6,53,1,corner,head,0,
1,3,9,13/09/2021,Bologna,Hellas Verona,87,Bologna,2685,True,1424,Marko Arnautović,21927,F,81,Lorenzo Montipò,74,Hellas Verona,1377,7.5,47.8,7,11,1,corner,weakFoot,0,
0,3,9,13/09/2021,Bologna,Hellas Verona,90,Bologna,2685,True,1424,Nicola Sansone,100580,F,72,Lorenzo Montipò,74,Hellas Verona,1377,26.4,45.8,26,6,1,fast-break,strongFoot,0,
27,4,0,17/09/2021,Sassuolo,Torino,6,Torino,2696,False,1422,Tommaso Pobega,928796,M,66,Andrea Consigli,81,Sassuolo,1537,28.3,44.1,28,8,0,assisted,weakFoot,0,
25,4,0,17/09/2021,Sassuolo,Torino,7,Sassuolo,2793,True,1537,Vlad Chiricheş,69295,M,63,Vanja Milinković-Savić,70,Torino,1422,27.9,53.0,27,4,0,regular,strongFoot,0,
26,4,0,17/09/2021,Sassuolo,Torino,7,Sassuolo,2793,True,1537,Davide Frattesi,835600,M,67,Vanja Milinković-Savić,70,Torino,1422,8.0,66.9,14,55,0,assisted,strongFoot,0,
24,4,0,17/09/2021,Sassuolo,Torino,13,Sassuolo,2793,True,1537,Domenico Berardi,253367,F,80,Vanja Milinković-Savić,70,Torino,1422,28.1,62.0,29,16,0,free-kick,strongFoot,0,
23,4,0,17/09/2021,Sassuolo,Torino,17,Torino,2696,False,1422,Antonio Sanabria,333261,F,71,Andrea Consigli,81,Sassuolo,1537,16.2,49.5,16,1,0,assisted,weakFoot,0,
22,4,0,17/09/2021,Sassuolo,Torino,26,Torino,2696,False,1422,Antonio Sanabria,333261,F,71,Andrea Consigli,81,Sassuolo,1537,12.7,62.5,15,33,0,assisted,strongFoot,0,
21,4,0,17/09/2021,Sassuolo,Torino,27,Torino,2696,False,1422,Josip Brekalo,357598,M,72,Andrea Consigli,81,Sassuolo,1537,19.8,35.1,22,27,0,assisted,strongFoot,0,
20,4,0,17/09/2021,Sassuolo,Torino,28,Torino,2696,False,1422,Tommaso Pobega,928796,M,66,Andrea Consigli,81,Sassuolo,1537,9.7,42.3,11,28,0,corner,head,0,
19,4,0,17/09/2021,Sassuolo,Torino,32,Torino,2696,False,1422,Ola Aina,800417,D,59,Andrea Consigli,81,Sassuolo,1537,25.4,38.6,26,16,0,assisted,strongFoot,0,
18,4,0,17/09/2021,Sassuolo,Torino,38,Sassuolo,2793,True,1537,Domenico Berardi,253367,F,80,Vanja Milinković-Savić,70,Torino,1422,19.2,62.5,20,23,0,assisted,strongFoot,0,
17,4,0,17/09/2021,Sassuolo,Torino,40,Torino,2696,False,1422,Bremer,885197,D,35,Andrea Consigli,81,Sassuolo,1537,7.4,55.0,8,24,0,assisted,head,0,
16,4,0,17/09/2021,Sassuolo,Torino,40,Torino,2696,False,1422,Antonio Sanabria,333261,F,71,Andrea Consigli,81,Sassuolo,1537,3.8,53.4,4,31,0,corner,head,0,
15,4,0,17/09/2021,Sassuolo,Torino,41,Torino,2696,False,1422,Josip Brekalo,357598,M,72,Andrea Consigli,81,Sassuolo,1537,18.7,36.9,20,25,0,corner,strongFoot,0,
14,4,0,17/09/2021,Sassuolo,Torino,42,Torino,2696,False,1422,Antonio Sanabria,333261,F,71,Andrea Consigli,81,Sassuolo,1537,4.1,57.9,6,52,0,assisted,strongFoot,0,
13,4,0,17/09/2021,Sassuolo,Torino,44,Torino,2696,False,1422,Dennis Praet,135647,M,72,Andrea Consigli,81,Sassuolo,1537,23.3,49.5,23,0,0,regular,weakFoot,0,
12,4,0,17/09/2021,Sassuolo,Torino,48,Torino,2696,False,1422,Josip Brekalo,357598,M,72,Andrea Consigli,81,Sassuolo,1537,10.3,61.4,12,36,0,assisted,strongFoot,0,
11,4,0,17/09/2021,Sassuolo,Torino,53,Torino,2696,False,1422,Cristian Ansaldi,43476,D,63,Andrea Consigli,81,Sassuolo,1537,15.1,31.2,19,40,0,assisted,weakFoot,0,
10,4,0,17/09/2021,Sassuolo,Torino,59,Sassuolo,2793,True,1537,Domenico Berardi,253367,F,80,Vanja Milinković-Savić,70,Torino,1422,2.3,58.4,6,68,0,assisted,weakFoot,0,
9,4,0,17/09/2021,Sassuolo,Torino,61,Sassuolo,2793,True,1537,Domenico Berardi,253367,F,80,Vanja Milinković-Savić,70,Torino,1422,23.5,65.9,25,24,0,free-kick,strongFoot,0,
8,4,0,17/09/2021,Sassuolo,Torino,62,Sassuolo,2793,True,1537,Gian Marco Ferrari,170887,D,26,Vanja Milinković-Savić,70,Torino,1422,3.6,54.4,4,39,0,corner,head,0,
7,4,0,17/09/2021,Sassuolo,Torino,71,Torino,2696,False,1422,Josip Brekalo,357598,M,72,Andrea Consigli,81,Sassuolo,1537,14.2,41.2,15,22,0,assisted,strongFoot,0,
6,4,0,17/09/2021,Sassuolo,Torino,72,Torino,2696,False,1422,Saša Lukić,371222,M,63,Andrea Consigli,81,Sassuolo,1537,6.0,67.4,13,63,0,assisted,strongFoot,0,
5,4,0,17/09/2021,Sassuolo,Torino,83,Torino,2696,False,1422,Marko Pjaca,190435,F,67,Andrea Consigli,81,Sassuolo,1537,11.1,31.8,16,48,0,assisted,strongFoot,1,
4,4,0,17/09/2021,Sassuolo,Torino,90,Sassuolo,2793,True,1537,Gian Marco Ferrari,170887,D,26,Vanja Milinković-Savić,70,Torino,1422,9.3,41.0,11,33,-1,corner,head,0,
3,4,0,17/09/2021,Sassuolo,Torino,90,Torino,2696,False,1422,Rolando Mandragora,548178,M,63,Andrea Consigli,81,Sassuolo,1537,22.2,32.4,25,28,1,assisted,strongFoot,0,
2,4,0,17/09/2021,Sassuolo,Torino,90,Sassuolo,2793,True,1537,Gian Marco Ferrari,170887,D,26,Vanja Milinković-Savić,70,Torino,1422,4.8,29.0,15,71,-1,assisted,head,0,
1,4,0,17/09/2021,Sassuolo,Torino,90,Sassuolo,2793,True,1537,Abdou Harroui,915812,M,67,Vanja Milinković-Savić,70,Torino,1422,26.1,47.6,26,3,-1,regular,weakFoot,0,
0,4,0,17/09/2021,Sassuolo,Torino,90,Torino,2696,False,1422,Rolando Mandragora,548178,M,63,Andrea Consigli,81,Sassuolo,1537,16.0,28.9,21,41,1,assisted,strongFoot,0,
24,4,1,18/09/2021,Genoa,Fiorentina,3,Fiorentina,2693,False,1462,Giacomo Bonaventura,36784,M,75,Salvatore Sirigu,82,Genoa,1404,21.5,71.6,26,34,0,set-piece,weakFoot,0,
23,4,1,18/09/2021,Genoa,Fiorentina,10,Fiorentina,2693,False,1462,Cristiano Biraghi,122848,D,64,Salvatore Sirigu,82,Genoa,1404,25.7,30.1,29,27,0,assisted,strongFoot,0,
22,4,1,18/09/2021,Genoa,Fiorentina,17,Fiorentina,2693,False,1462,Cristiano Biraghi,122848,D,64,Salvatore Sirigu,82,Genoa,1404,20.1,59.6,21,17,0,free-kick,strongFoot,0,
21,4,1,18/09/2021,Genoa,Fiorentina,25,Genoa,2713,True,1404,Mattia Destro,100570,F,75,Bartłomiej Drągowski,77,Fiorentina,1462,12.7,71.3,19,48,0,regular,strongFoot,0,
20,4,1,18/09/2021,Genoa,Fiorentina,32,Fiorentina,2693,False,1462,Nicolás González,901325,M,70,Salvatore Sirigu,82,Genoa,1404,6.8,35.5,11,55,0,assisted,strongFoot,0,
19,4,1,18/09/2021,Genoa,Fiorentina,36,Fiorentina,2693,False,1462,Nicolás González,901325,M,70,Salvatore Sirigu,82,Genoa,1404,18.9,57.5,19,15,0,assisted,strongFoot,0,
18,4,1,18/09/2021,Genoa,Fiorentina,36,Fiorentina,2693,False,1462,Nicolás González,901325,M,70,Salvatore Sirigu,82,Genoa,1404,16.0,57.7,16,18,0,regular,strongFoot,0,
17,4,1,18/09/2021,Genoa,Fiorentina,37,Genoa,2713,True,1404,Zinho Vanheusden,881024,D,43,Bartłomiej Drągowski,77,Fiorentina,1462,28.9,78.9,34,34,0,regular,strongFoot,0,
16,4,1,18/09/2021,Genoa,Fiorentina,40,Fiorentina,2693,False,1462,Giacomo Bonaventura,36784,M,75,Salvatore Sirigu,82,Genoa,1404,23.4,57.3,23,11,0,fast-break,strongFoot,0,
15,4,1,18/09/2021,Genoa,Fiorentina,45,Fiorentina,2693,False,1462,Dušan Vlahović,832208,F,77,Salvatore Sirigu,82,Genoa,1404,25.8,37.0,27,18,0,assisted,strongFoot,0,
14,4,1,18/09/2021,Genoa,Fiorentina,45,Genoa,2713,True,1404,Mattia Destro,100570,F,75,Bartłomiej Drągowski,77,Fiorentina,1462,11.8,45.4,12,14,0,set-piece,head,0,
13,4,1,18/09/2021,Genoa,Fiorentina,47,Genoa,2713,True,1404,Mohamed Fares,556960,D,61,Bartłomiej Drągowski,77,Fiorentina,1462,21.2,43.1,21,12,0,assisted,weakFoot,0,
12,4,1,18/09/2021,Genoa,Fiorentina,47,Genoa,2713,True,1404,Andrea Cambiaso,917048,M,52,Bartłomiej Drągowski,77,Fiorentina,1462,27.5,52.5,27,3,0,regular,weakFoot,0,
11,4,1,18/09/2021,Genoa,Fiorentina,48,Fiorentina,2693,False,1462,Giacomo Bonaventura,36784,M,75,Salvatore Sirigu,82,Genoa,1404,7.9,58.5,9,36,0,assisted,weakFoot,0,
10,4,1,18/09/2021,Genoa,Fiorentina,49,Fiorentina,2693,False,1462,Lucas Martínez Quarta,795297,D,55,Salvatore Sirigu,82,Genoa,1404,9.8,45.4,10,17,0,corner,head,0,
9,4,1,18/09/2021,Genoa,Fiorentina,51,Fiorentina,2693,False,1462,Cristiano Biraghi,122848,D,64,Salvatore Sirigu,82,Genoa,1404,1.3,39.5,7,79,0,assisted,strongFoot,0,
8,4,1,18/09/2021,Genoa,Fiorentina,55,Genoa,2713,True,1404,Hernani,156019,M,68,Bartłomiej Drągowski,77,Fiorentina,1462,27.4,51.8,27,2,0,free-kick,strongFoot,0,
7,4,1,18/09/2021,Genoa,Fiorentina,59,Genoa,2713,True,1404,Nicolò Rovella,937324,M,48,Bartłomiej Drągowski,77,Fiorentina,1462,30.2,37.0,31,16,0,regular,weakFoot,0,
6,4,1,18/09/2021,Genoa,Fiorentina,60,Fiorentina,2693,False,1462,Riccardo Saponara,126236,M,66,Salvatore Sirigu,82,Genoa,1404,13.9,33.4,17,39,0,assisted,strongFoot,1,
5,4,1,18/09/2021,Genoa,Fiorentina,69,Fiorentina,2693,False,1462,Alfred Duncan,232224,M,62,Salvatore Sirigu,82,Genoa,1404,15.0,42.2,15,19,1,regular,strongFoot,0,
4,4,1,18/09/2021,Genoa,Fiorentina,70,Fiorentina,2693,False,1462,Erick Pulgar,590262,M,61,Salvatore Sirigu,82,Genoa,1404,25.7,42.2,26,11,1,corner,strongFoot,0,
3,4,1,18/09/2021,Genoa,Fiorentina,80,Genoa,2713,True,1404,Zinho Vanheusden,881024,D,43,Bartłomiej Drągowski,77,Fiorentina,1462,6.0,59.6,8,47,-1,corner,head,0,
2,4,1,18/09/2021,Genoa,Fiorentina,89,Fiorentina,2693,False,1462,Giacomo Bonaventura,36784,M,75,Salvatore Sirigu,82,Genoa,1404,10.5,57.9,11,27,1,assisted,strongFoot,1,
1,4,1,18/09/2021,Genoa,Fiorentina,90,Fiorentina,2693,False,1462,José Callejón,40965,F,76,Salvatore Sirigu,82,Genoa,1404,7.1,71.1,16,63,2,assisted,strongFoot,0,
0,4,1,18/09/2021,Genoa,Fiorentina,90,Genoa,2713,True,1404,Domenico Criscito,14251,M,60,Bartłomiej Drągowski,77,Fiorentina,1462,11.5,50.0,11,0,-2,penalty,strongFoot,1,
25,4,2,18/09/2021,Inter,Bologna,6,Inter,2697,True,1815,Lautaro Martínez,823984,F,81,Łukasz Skorupski,75,Bologna,1433,4.0,48.0,4,18,0,fast-break,strongFoot,1,
24,4,2,18/09/2021,Inter,Bologna,13,Bologna,2685,False,1433,Kevin Bonifazi,365992,D,35,Samir Handanović,86,Inter,1815,11.4,56.6,12,21,0,set-piece,head,0,
23,4,2,18/09/2021,Inter,Bologna,19,Bologna,2685,False,1433,Roberto Soriano,80406,M,74,Samir Handanović,86,Inter,1815,7.4,32.8,13,57,0,fast-break,weakFoot,0,
22,4,2,18/09/2021,Inter,Bologna,19,Bologna,2685,False,1433,Nicola Sansone,100580,F,72,Samir Handanović,86,Inter,1815,10.5,49.9,10,0,0,fast-break,strongFoot,0,
21,4,2,18/09/2021,Inter,Bologna,21,Inter,2697,True,1815,Marcelo Brozović,108800,M,73,Łukasz Skorupski,75,Bologna,1433,28.3,63.5,29,17,0,assisted,weakFoot,0,
20,4,2,18/09/2021,Inter,Bologna,30,Inter,2697,True,1815,Milan Škriniar,187205,D,41,Łukasz Skorupski,75,Bologna,1433,3.3,50.5,3,5,0,corner,head,1,
19,4,2,18/09/2021,Inter,Bologna,34,Inter,2697,True,1815,Nicolò Barella,363856,M,70,Łukasz Skorupski,75,Bologna,1433,8.4,52.4,8,10,1,regular,strongFoot,1,
18,4,2,18/09/2021,Inter,Bologna,43,Inter,2697,True,1815,Matías Vecino,158615,M,70,Łukasz Skorupski,75,Bologna,1433,25.5,58.5,26,12,2,assisted,strongFoot,0,
17,4,2,18/09/2021,Inter,Bologna,44,Inter,2697,True,1815,Federico Dimarco,284361,M,60,Łukasz Skorupski,75,Bologna,1433,9.8,29.8,16,54,2,assisted,strongFoot,0,
16,4,2,18/09/2021,Inter,Bologna,45,Inter,2697,True,1815,Nicolò Barella,363856,M,70,Łukasz Skorupski,75,Bologna,1433,25.2,70.1,28,28,2,corner,strongFoot,0,
15,4,2,18/09/2021,Inter,Bologna,47,Bologna,2685,False,1433,Aaron Hickey,966869,D,49,Samir Handanović,86,Inter,1815,23.8,37.3,25,19,-2,assisted,weakFoot,0,
14,4,2,18/09/2021,Inter,Bologna,50,Inter,2697,True,1815,Lautaro Martínez,823984,F,81,Łukasz Skorupski,75,Bologna,1433,9.8,57.2,10,26,2,assisted,strongFoot,0,
13,4,2,18/09/2021,Inter,Bologna,52,Inter,2697,True,1815,Marcelo Brozović,108800,M,73,Łukasz Skorupski,75,Bologna,1433,22.2,38.2,23,19,2,assisted,weakFoot,0,
12,4,2,18/09/2021,Inter,Bologna,52,Inter,2697,True,1815,Lautaro Martínez,823984,F,81,Łukasz Skorupski,75,Bologna,1433,8.7,64.5,13,48,2,regular,strongFoot,0,
11,4,2,18/09/2021,Inter,Bologna,53,Bologna,2685,False,1433,Mattias Svanberg,796987,M,65,Samir Handanović,86,Inter,1815,8.0,45.2,8,22,-2,assisted,head,0,
10,4,2,18/09/2021,Inter,Bologna,54,Inter,2697,True,1815,Federico Dimarco,284361,M,60,Łukasz Skorupski,75,Bologna,1433,12.7,32.0,17,43,2,assisted,strongFoot,0,
9,4,2,18/09/2021,Inter,Bologna,54,Inter,2697,True,1815,Matías Vecino,158615,M,70,Łukasz Skorupski,75,Bologna,1433,2.8,58.8,6,64,2,regular,strongFoot,1,
8,4,2,18/09/2021,Inter,Bologna,61,Bologna,2685,False,1433,Musa Barrow,916680,F,72,Samir Handanović,86,Inter,1815,21.6,27.4,26,35,-3,assisted,strongFoot,0,
7,4,2,18/09/2021,Inter,Bologna,63,Inter,2697,True,1815,Edin Džeko,14990,F,82,Łukasz Skorupski,75,Bologna,1433,11.3,51.0,11,3,3,assisted,weakFoot,1,
6,4,2,18/09/2021,Inter,Bologna,67,Inter,2697,True,1815,Federico Dimarco,284361,M,60,Łukasz Skorupski,75,Bologna,1433,21.2,30.2,25,32,4,assisted,strongFoot,0,
5,4,2,18/09/2021,Inter,Bologna,68,Inter,2697,True,1815,Edin Džeko,14990,F,82,Łukasz Skorupski,75,Bologna,1433,1.8,32.8,11,81,4,regular,weakFoot,1,
4,4,2,18/09/2021,Inter,Bologna,79,Inter,2697,True,1815,Denzel Dumfries,759520,M,58,Łukasz Skorupski,75,Bologna,1433,10.8,65.0,14,43,5,assisted,weakFoot,0,
3,4,2,18/09/2021,Inter,Bologna,85,Inter,2697,True,1815,Federico Dimarco,284361,M,60,Łukasz Skorupski,75,Bologna,1433,12.6,32.3,17,43,5,assisted,strongFoot,0,
2,4,2,18/09/2021,Inter,Bologna,86,Bologna,2685,False,1433,Arthur Theate,965778,D,39,Samir Handanović,86,Inter,1815,8.0,59.9,10,40,-5,corner,head,1,
1,4,2,18/09/2021,Inter,Bologna,89,Inter,2697,True,1815,Federico Dimarco,284361,M,60,Łukasz Skorupski,75,Bologna,1433,2.3,35.5,10,76,4,assisted,strongFoot,0,
0,4,2,18/09/2021,Inter,Bologna,90,Inter,2697,True,1815,Denzel Dumfries,759520,M,58,Łukasz Skorupski,75,Bologna,1433,12.8,64.6,16,37,4,assisted,strongFoot,0,
19,4,3,18/09/2021,US Salernitana 1919,Atalanta,5,US Salernitana 1919,2710,True,1368,Wajdi Kechrida,880061,D,32,Juan Musso,81,Atalanta,1751,20.9,60.4,22,18,0,regular,weakFoot,0,
18,4,3,18/09/2021,US Salernitana 1919,Atalanta,17,Atalanta,2686,False,1751,Robin Gosens,377118,D,73,Vid Belec,73,US Salernitana 1919,1368,17.5,50.7,17,1,0,assisted,strongFoot,0,
17,4,3,18/09/2021,US Salernitana 1919,Atalanta,18,Atalanta,2686,False,1751,Merih Demiral,806968,D,40,Vid Belec,73,US Salernitana 1919,1368,6.5,50.5,6,2,0,corner,head,0,
16,4,3,18/09/2021,US Salernitana 1919,Atalanta,21,US Salernitana 1919,2710,True,1368,Mamadou Coulibaly,874481,M,58,Juan Musso,81,Atalanta,1751,29.5,50.3,29,0,0,regular,strongFoot,0,
15,4,3,18/09/2021,US Salernitana 1919,Atalanta,46,US Salernitana 1919,2710,True,1368,Cedric Gondo,812207,F,62,Juan Musso,81,Atalanta,1751,18.5,30.1,22,36,0,assisted,weakFoot,0,
14,4,3,18/09/2021,US Salernitana 1919,Atalanta,46,US Salernitana 1919,2710,True,1368,Wajdi Kechrida,880061,D,32,Juan Musso,81,Atalanta,1751,26.5,55.0,26,7,0,corner,weakFoot,0,
13,4,3,18/09/2021,US Salernitana 1919,Atalanta,51,US Salernitana 1919,2710,True,1368,Milan Đurić,76132,F,64,Juan Musso,81,Atalanta,1751,16.7,31.6,20,36,0,fast-break,strongFoot,0,
12,4,3,18/09/2021,US Salernitana 1919,Atalanta,55,Atalanta,2686,False,1751,Teun Koopmeiners,803033,M,71,Vid Belec,73,US Salernitana 1919,1368,26.2,49.5,26,0,0,free-kick,strongFoot,0,
11,4,3,18/09/2021,US Salernitana 1919,Atalanta,63,US Salernitana 1919,2710,True,1368,Joel Obi,79403,M,66,Juan Musso,81,Atalanta,1751,7.0,52.6,7,14,0,corner,head,0,
10,4,3,18/09/2021,US Salernitana 1919,Atalanta,65,Atalanta,2686,False,1751,Remo Freuler,115516,M,70,Vid Belec,73,US Salernitana 1919,1368,10.5,35.5,14,43,0,assisted,weakFoot,0,
9,4,3,18/09/2021,US Salernitana 1919,Atalanta,69,US Salernitana 1919,2710,True,1368,Joel Obi,79403,M,66,Juan Musso,81,Atalanta,1751,10.0,63.1,13,41,0,assisted,strongFoot,0,
7,4,3,18/09/2021,US Salernitana 1919,Atalanta,70,US Salernitana 1919,2710,True,1368,Mamadou Coulibaly,874481,M,58,Juan Musso,81,Atalanta,1751,8.0,49.1,8,4,0,corner,head,0,
8,4,3,18/09/2021,US Salernitana 1919,Atalanta,70,US Salernitana 1919,2710,True,1368,Federico Bonazzoli,284363,F,67,Juan Musso,81,Atalanta,1751,22.2,31.2,25,29,0,regular,strongFoot,0,
6,4,3,18/09/2021,US Salernitana 1919,Atalanta,73,US Salernitana 1919,2710,True,1368,Federico Bonazzoli,284363,F,67,Juan Musso,81,Atalanta,1751,25.2,47.2,25,4,0,fast-break,weakFoot,0,
5,4,3,18/09/2021,US Salernitana 1919,Atalanta,75,Atalanta,2686,False,1751,Duván Zapata,38162,F,81,Vid Belec,73,US Salernitana 1919,1368,7.7,56.3,8,29,0,assisted,strongFoot,1,
4,4,3,18/09/2021,US Salernitana 1919,Atalanta,82,Atalanta,2686,False,1751,Duván Zapata,38162,F,81,Vid Belec,73,US Salernitana 1919,1368,23.5,50.1,23,0,1,assisted,strongFoot,0,
3,4,3,18/09/2021,US Salernitana 1919,Atalanta,84,Atalanta,2686,False,1751,Duván Zapata,38162,F,81,Vid Belec,73,US Salernitana 1919,1368,12.2,65.3,16,40,1,assisted,strongFoot,0,
2,4,3,18/09/2021,US Salernitana 1919,Atalanta,84,Atalanta,2686,False,1751,Davide Zappacosta,132318,M,65,Vid Belec,73,US Salernitana 1919,1368,9.0,56.5,10,26,1,regular,strongFoot,0,
1,4,3,18/09/2021,US Salernitana 1919,Atalanta,88,Atalanta,2686,False,1751,Davide Zappacosta,132318,M,65,Vid Belec,73,US Salernitana 1919,1368,14.7,48.2,14,4,1,assisted,strongFoot,0,
0,4,3,18/09/2021,US Salernitana 1919,Atalanta,90,Atalanta,2686,False,1751,Robin Gosens,377118,D,73,Vid Belec,73,US Salernitana 1919,1368,6.7,37.5,10,51,1,assisted,head,0,
28,4,4,19/09/2021,Empoli,Sampdoria,2,Empoli,2705,True,1537,Leonardo Mancuso,250931,F,71,Emil Audero,78,Sampdoria,1368,4.2,48.7,4,11,0,assisted,weakFoot,0,
27,4,4,19/09/2021,Empoli,Sampdoria,9,Sampdoria,2711,False,1368,Antonio Candreva,27982,F,78,Guglielmo Vicario,71,Empoli,1537,30.8,47.8,30,2,0,assisted,strongFoot,0,
26,4,4,19/09/2021,Empoli,Sampdoria,12,Sampdoria,2711,False,1368,Fabio Quagliarella,11621,F,83,Guglielmo Vicario,71,Empoli,1537,24.8,30.7,28,27,0,set-piece,strongFoot,0,
25,4,4,19/09/2021,Empoli,Sampdoria,14,Sampdoria,2711,False,1368,Antonio Candreva,27982,F,78,Guglielmo Vicario,71,Empoli,1537,7.4,32.2,14,58,0,assisted,strongFoot,0,
24,4,4,19/09/2021,Empoli,Sampdoria,25,Empoli,2705,True,1537,Nedim Bajrami,825861,M,58,Emil Audero,78,Sampdoria,1368,23.5,56.7,23,10,0,assisted,strongFoot,0,
23,4,4,19/09/2021,Empoli,Sampdoria,31,Sampdoria,2711,False,1368,Francesco Caputo,43905,F,78,Guglielmo Vicario,71,Empoli,1537,13.5,54.5,13,12,0,assisted,weakFoot,1,
22,4,4,19/09/2021,Empoli,Sampdoria,34,Sampdoria,2711,False,1368,Mikkel Damsgaard,907072,M,67,Guglielmo Vicario,71,Empoli,1537,25.7,52.4,25,3,1,regular,strongFoot,0,
21,4,4,19/09/2021,Empoli,Sampdoria,37,Empoli,2705,True,1537,Sebastiano Luperto,352736,D,54,Emil Audero,78,Sampdoria,1368,25.3,30.4,28,27,-1,assisted,strongFoot,0,
20,4,4,19/09/2021,Empoli,Sampdoria,40,Empoli,2705,True,1537,Leonardo Mancuso,250931,F,71,Emil Audero,78,Sampdoria,1368,6.8,58.1,8,39,-1,assisted,strongFoot,0,
19,4,4,19/09/2021,Empoli,Sampdoria,41,Empoli,2705,True,1537,Patrick Cutrone,795044,F,71,Emil Audero,78,Sampdoria,1368,11.2,70.3,17,50,-1,assisted,strongFoot,0,
18,4,4,19/09/2021,Empoli,Sampdoria,42,Sampdoria,2711,False,1368,Francesco Caputo,43905,F,78,Guglielmo Vicario,71,Empoli,1537,13.0,31.4,18,44,1,fast-break,weakFoot,0,
17,4,4,19/09/2021,Empoli,Sampdoria,42,Sampdoria,2711,False,1368,Fabio Quagliarella,11621,F,83,Guglielmo Vicario,71,Empoli,1537,24.3,40.6,25,14,1,assisted,strongFoot,0,
16,4,4,19/09/2021,Empoli,Sampdoria,43,Sampdoria,2711,False,1368,Francesco Caputo,43905,F,78,Guglielmo Vicario,71,Empoli,1537,8.1,49.1,8,4,1,corner,head,0,
15,4,4,19/09/2021,Empoli,Sampdoria,44,Sampdoria,2711,False,1368,Fabio Quagliarella,11621,F,83,Guglielmo Vicario,71,Empoli,1537,14.7,40.2,16,24,1,assisted,weakFoot,0,
14,4,4,19/09/2021,Empoli,Sampdoria,47,Sampdoria,2711,False,1368,Mikkel Damsgaard,907072,M,67,Guglielmo Vicario,71,Empoli,1537,11.1,32.6,16,46,1,assisted,strongFoot,0,
13,4,4,19/09/2021,Empoli,Sampdoria,48,Sampdoria,2711,False,1368,Mikkel Damsgaard,907072,M,67,Guglielmo Vicario,71,Empoli,1537,15.5,64.7,18,32,1,corner,strongFoot,0,
12,4,4,19/09/2021,Empoli,Sampdoria,50,Sampdoria,2711,False,1368,Francesco Caputo,43905,F,78,Guglielmo Vicario,71,Empoli,1537,5.0,52.0,5,15,1,corner,strongFoot,0,
11,4,4,19/09/2021,Empoli,Sampdoria,52,Sampdoria,2711,False,1368,Francesco Caputo,43905,F,78,Guglielmo Vicario,71,Empoli,1537,11.1,60.0,13,31,1,assisted,weakFoot,1,
10,4,4,19/09/2021,Empoli,Sampdoria,54,Empoli,2705,True,1537,Leonardo Mancuso,250931,F,71,Emil Audero,78,Sampdoria,1368,8.8,55.3,9,22,-2,regular,strongFoot,0,
9,4,4,19/09/2021,Empoli,Sampdoria,69,Empoli,2705,True,1537,Nedim Bajrami,825861,M,58,Emil Audero,78,Sampdoria,1368,30.0,50.3,30,0,-2,free-kick,strongFoot,0,
8,4,4,19/09/2021,Empoli,Sampdoria,70,Sampdoria,2711,False,1368,Antonio Candreva,27982,F,78,Guglielmo Vicario,71,Empoli,1537,14.7,28.8,20,44,2,assisted,strongFoot,1,
7,4,4,19/09/2021,Empoli,Sampdoria,75,Empoli,2705,True,1537,Szymon Żurkowski,860435,F,61,Emil Audero,78,Sampdoria,1368,20.7,72.6,25,36,-3,assisted,strongFoot,0,
6,4,4,19/09/2021,Empoli,Sampdoria,75,Empoli,2705,True,1537,Szymon Żurkowski,860435,F,61,Emil Audero,78,Sampdoria,1368,14.7,67.4,18,38,-3,assisted,weakFoot,0,
5,4,4,19/09/2021,Empoli,Sampdoria,77,Empoli,2705,True,1537,Andrea Pinamonti,826198,F,70,Emil Audero,78,Sampdoria,1368,15.0,52.7,15,6,-3,assisted,strongFoot,0,
4,4,4,19/09/2021,Empoli,Sampdoria,81,Empoli,2705,True,1537,Szymon Żurkowski,860435,F,61,Emil Audero,78,Sampdoria,1368,21.5,72.3,26,35,-3,regular,strongFoot,0,
3,4,4,19/09/2021,Empoli,Sampdoria,84,Empoli,2705,True,1537,Andrea La Mantia,96649,F,67,Emil Audero,78,Sampdoria,1368,9.0,68.1,15,53,-3,corner,head,0,
2,4,4,19/09/2021,Empoli,Sampdoria,85,Empoli,2705,True,1537,Szymon Żurkowski,860435,F,61,Emil Audero,78,Sampdoria,1368,21.0,56.0,21,10,-3,assisted,strongFoot,0,
1,4,4,19/09/2021,Empoli,Sampdoria,86,Empoli,2705,True,1537,Andrea Pinamonti,826198,F,70,Emil Audero,78,Sampdoria,1368,17.2,50.7,17,1,-3,assisted,strongFoot,0,
0,4,4,19/09/2021,Empoli,Sampdoria,90,Empoli,2705,True,1537,Andrea Pinamonti,826198,F,70,Emil Audero,78,Sampdoria,1368,16.2,27.2,22,43,-3,assisted,strongFoot,0,
25,4,5,19/09/2021,Venezia,Spezia,4,Venezia,2688,True,1404,Pietro Ceccaroni,373724,D,29,Jeroen Zoet,75,Spezia,1368,6.7,35.2,12,56,0,corner,strongFoot,0,
24,4,5,19/09/2021,Venezia,Spezia,7,Venezia,2688,True,1404,Gianluca Busio,896180,M,61,Jeroen Zoet,75,Spezia,1368,23.1,23.5,29,37,0,free-kick,strongFoot,0,
23,4,5,19/09/2021,Venezia,Spezia,13,Spezia,2735,False,1368,Simone Bastoni,385330,M,52,Niki Mäenpää,67,Venezia,1404,18.7,45.5,18,9,0,assisted,strongFoot,0,
22,4,5,19/09/2021,Venezia,Spezia,13,Spezia,2735,False,1368,Simone Bastoni,385330,M,52,Niki Mäenpää,67,Venezia,1404,19.4,45.3,19,9,0,assisted,strongFoot,1,
21,4,5,19/09/2021,Venezia,Spezia,17,Spezia,2735,False,1368,Giulio Maggiore,848185,M,58,Niki Mäenpää,67,Venezia,1404,21.0,70.2,25,33,0,assisted,strongFoot,0,
20,4,5,19/09/2021,Venezia,Spezia,19,Spezia,2735,False,1368,Janis Antiste,963398,F,68,Niki Mäenpää,67,Venezia,1404,7.1,73.8,17,66,0,assisted,weakFoot,0,
19,4,5,19/09/2021,Venezia,Spezia,21,Venezia,2688,True,1404,Gianluca Busio,896180,M,61,Jeroen Zoet,75,Spezia,1368,17.8,45.2,18,10,0,assisted,strongFoot,0,
18,4,5,19/09/2021,Venezia,Spezia,22,Venezia,2688,True,1404,David Okereke,831290,F,66,Jeroen Zoet,75,Spezia,1368,13.5,38.0,15,31,0,assisted,strongFoot,0,
17,4,5,19/09/2021,Venezia,Spezia,30,Venezia,2688,True,1404,Thomas Henry,795541,F,72,Jeroen Zoet,75,Spezia,1368,11.0,64.7,14,42,0,assisted,strongFoot,0,
16,4,5,19/09/2021,Venezia,Spezia,34,Spezia,2735,False,1368,Daniele Verde,605580,F,72,Niki Mäenpää,67,Venezia,1404,28.9,59.6,29,12,0,assisted,strongFoot,0,
15,4,5,19/09/2021,Venezia,Spezia,45,Spezia,2735,False,1368,Daniele Verde,605580,F,72,Niki Mäenpää,67,Venezia,1404,20.7,76.8,27,41,0,assisted,strongFoot,0,
14,4,5,19/09/2021,Venezia,Spezia,49,Venezia,2688,True,1404,Domen Črnigoj,232096,M,57,Jeroen Zoet,75,Spezia,1368,22.1,47.3,22,4,0,assisted,strongFoot,0,
13,4,5,19/09/2021,Venezia,Spezia,51,Spezia,2735,False,1368,Daniele Verde,605580,F,72,Niki Mäenpää,67,Venezia,1404,12.7,71.6,19,49,0,corner,strongFoot,0,
12,4,5,19/09/2021,Venezia,Spezia,54,Venezia,2688,True,1404,David Okereke,831290,F,66,Jeroen Zoet,75,Spezia,1368,11.3,63.6,14,39,0,assisted,strongFoot,0,
11,4,5,19/09/2021,Venezia,Spezia,55,Spezia,2735,False,1368,Daniele Verde,605580,F,72,Niki Mäenpää,67,Venezia,1404,20.5,61.5,21,20,0,assisted,weakFoot,0,
10,4,5,19/09/2021,Venezia,Spezia,58,Spezia,2735,False,1368,Emmanuel Gyasi,541578,M,59,Niki Mäenpää,67,Venezia,1404,14.0,51.3,14,3,0,set-piece,strongFoot,0,
9,4,5,19/09/2021,Venezia,Spezia,59,Venezia,2688,True,1404,Pietro Ceccaroni,373724,D,29,Jeroen Zoet,75,Spezia,1368,9.4,49.7,9,1,0,set-piece,head,1,
8,4,5,19/09/2021,Venezia,Spezia,61,Venezia,2688,True,1404,Thomas Henry,795541,F,72,Jeroen Zoet,75,Spezia,1368,15.1,44.9,15,12,1,assisted,strongFoot,0,
7,4,5,19/09/2021,Venezia,Spezia,62,Spezia,2735,False,1368,Emmanuel Gyasi,541578,M,59,Niki Mäenpää,67,Venezia,1404,14.7,34.4,18,35,-1,assisted,strongFoot,0,
6,4,5,19/09/2021,Venezia,Spezia,67,Venezia,2688,True,1404,Mattia Aramu,187111,F,62,Jeroen Zoet,75,Spezia,1368,18.9,65.3,21,28,1,free-kick,strongFoot,0,
5,4,5,19/09/2021,Venezia,Spezia,68,Venezia,2688,True,1404,Francesco Forte,133792,F,70,Jeroen Zoet,75,Spezia,1368,8.5,38.2,11,43,1,assisted,strongFoot,0,
4,4,5,19/09/2021,Venezia,Spezia,70,Venezia,2688,True,1404,Dennis Johnsen,869275,F,59,Jeroen Zoet,75,Spezia,1368,18.5,62.1,20,23,1,assisted,strongFoot,0,
3,4,5,19/09/2021,Venezia,Spezia,83,Venezia,2688,True,1404,Mattia Caldara,362222,D,34,Jeroen Zoet,75,Spezia,1368,23.0,59.9,23,16,1,regular,strongFoot,0,
2,4,5,19/09/2021,Venezia,Spezia,86,Venezia,2688,True,1404,Sofian Kiyine,862372,M,56,Jeroen Zoet,75,Spezia,1368,27.7,71.7,31,28,1,regular,strongFoot,0,
1,4,5,19/09/2021,Venezia,Spezia,88,Spezia,2735,False,1368,Emmanuel Gyasi,541578,M,59,Niki Mäenpää,67,Venezia,1404,17.5,60.4,18,22,-1,assisted,weakFoot,0,
0,4,5,19/09/2021,Venezia,Spezia,90,Spezia,2735,False,1368,Mehdi Bourabia,98003,M,60,Niki Mäenpää,67,Venezia,1404,24.0,56.1,24,9,-1,regular,strongFoot,1,
25,4,6,19/09/2021,Hellas Verona,AS Roma,3,AS Roma,2702,False,1739,Lorenzo Pellegrini,555540,F,73,Lorenzo Montipò,74,Hellas Verona,1367,12.1,65.4,16,40,0,assisted,strongFoot,0,
24,4,6,19/09/2021,Hellas Verona,AS Roma,6,Hellas Verona,2701,True,1367,Giovanni Simeone,341143,F,73,Rui Patrício,82,AS Roma,1739,18.3,52.8,18,5,0,regular,strongFoot,0,
23,4,6,19/09/2021,Hellas Verona,AS Roma,10,Hellas Verona,2701,True,1367,Darko Lazović,41157,M,67,Rui Patrício,82,AS Roma,1739,15.6,27.4,21,44,0,assisted,weakFoot,0,
22,4,6,19/09/2021,Hellas Verona,AS Roma,16,AS Roma,2702,False,1739,Bryan Cristante,186855,M,71,Lorenzo Montipò,74,Hellas Verona,1367,11.2,62.7,14,37,0,set-piece,head,0,
21,4,6,19/09/2021,Hellas Verona,AS Roma,22,Hellas Verona,2701,True,1367,Antonín Barák,330705,M,74,Rui Patrício,82,AS Roma,1739,26.9,53.9,27,5,0,assisted,strongFoot,0,
20,4,6,19/09/2021,Hellas Verona,AS Roma,27,AS Roma,2702,False,1739,Nicolò Zaniolo,864898,F,73,Lorenzo Montipò,74,Hellas Verona,1367,21.9,50.0,21,0,0,regular,strongFoot,0,
19,4,6,19/09/2021,Hellas Verona,AS Roma,28,Hellas Verona,2701,True,1367,Darko Lazović,41157,M,67,Rui Patrício,82,AS Roma,1739,18.4,41.2,19,18,0,regular,weakFoot,0,
18,4,6,19/09/2021,Hellas Verona,AS Roma,36,AS Roma,2702,False,1739,Lorenzo Pellegrini,555540,F,73,Lorenzo Montipò,74,Hellas Verona,1367,9.6,57.7,10,28,0,assisted,strongFoot,1,
17,4,6,19/09/2021,Hellas Verona,AS Roma,39,AS Roma,2702,False,1739,Nicolò Zaniolo,864898,F,73,Lorenzo Montipò,74,Hellas Verona,1367,22.7,52.1,22,3,1,fast-break,strongFoot,0,
16,4,6,19/09/2021,Hellas Verona,AS Roma,49,Hellas Verona,2701,True,1367,Antonín Barák,330705,M,74,Rui Patrício,82,AS Roma,1739,4.5,51.6,4,13,-1,regular,strongFoot,1,
15,4,6,19/09/2021,Hellas Verona,AS Roma,52,AS Roma,2702,False,1739,Lorenzo Pellegrini,555540,F,73,Lorenzo Montipò,74,Hellas Verona,1367,9.8,43.7,10,23,0,assisted,strongFoot,0,
14,4,6,19/09/2021,Hellas Verona,AS Roma,54,Hellas Verona,2701,True,1367,Gianluca Caprari,148458,F,69,Rui Patrício,82,AS Roma,1739,11.5,33.4,16,44,0,assisted,strongFoot,1,
13,4,6,19/09/2021,Hellas Verona,AS Roma,56,Hellas Verona,2701,True,1367,Antonín Barák,330705,M,74,Rui Patrício,82,AS Roma,1739,22.3,31.3,25,29,1,assisted,strongFoot,0,
12,4,6,19/09/2021,Hellas Verona,AS Roma,58,AS Roma,2702,False,1739,Ivan Ilić,877371,M,63,Lorenzo Montipò,74,Hellas Verona,1367,11.7,48.2,11,5,-1,fast-break,strongFoot,1,
11,4,6,19/09/2021,Hellas Verona,AS Roma,60,Hellas Verona,2701,True,1367,Gianluca Caprari,148458,F,69,Rui Patrício,82,AS Roma,1739,19.7,47.6,19,4,0,assisted,strongFoot,0,
10,4,6,19/09/2021,Hellas Verona,AS Roma,63,Hellas Verona,2701,True,1367,Davide Faraoni,32040,D,70,Rui Patrício,82,AS Roma,1739,19.2,59.4,20,18,0,assisted,strongFoot,1,
9,4,6,19/09/2021,Hellas Verona,AS Roma,66,AS Roma,2702,False,1739,Henrikh Mkhitaryan,37151,M,79,Lorenzo Montipò,74,Hellas Verona,1367,25.8,50.3,25,0,-1,assisted,weakFoot,0,
8,4,6,19/09/2021,Hellas Verona,AS Roma,66,AS Roma,2702,False,1739,Carles Pérez,794950,M,72,Lorenzo Montipò,74,Hellas Verona,1367,24.4,60.9,25,16,-1,assisted,strongFoot,0,
7,4,6,19/09/2021,Hellas Verona,AS Roma,72,Hellas Verona,2701,True,1367,Gianluca Caprari,148458,F,69,Rui Patrício,82,AS Roma,1739,13.0,41.9,14,22,1,assisted,strongFoot,0,
6,4,6,19/09/2021,Hellas Verona,AS Roma,79,AS Roma,2702,False,1739,Gianluca Mancini,611210,D,44,Lorenzo Montipò,74,Hellas Verona,1367,9.5,41.2,11,32,-1,corner,head,0,
5,4,6,19/09/2021,Hellas Verona,AS Roma,84,AS Roma,2702,False,1739,Lorenzo Pellegrini,555540,F,73,Lorenzo Montipò,74,Hellas Verona,1367,21.4,62.6,23,21,-1,regular,strongFoot,0,
4,4,6,19/09/2021,Hellas Verona,AS Roma,89,AS Roma,2702,False,1739,Carles Pérez,794950,M,72,Lorenzo Montipò,74,Hellas Verona,1367,16.5,69.3,21,38,-1,assisted,strongFoot,0,
3,4,6,19/09/2021,Hellas Verona,AS Roma,89,AS Roma,2702,False,1739,Stephan El Shaarawy,45925,F,75,Lorenzo Montipò,74,Hellas Verona,1367,22.4,36.3,24,22,-1,regular,strongFoot,0,
2,4,6,19/09/2021,Hellas Verona,AS Roma,90,AS Roma,2702,False,1739,Stephan El Shaarawy,45925,F,75,Lorenzo Montipò,74,Hellas Verona,1367,21.4,38.7,22,19,-1,corner,strongFoot,0,
1,4,6,19/09/2021,Hellas Verona,AS Roma,90,AS Roma,2702,False,1739,Tammy Abraham,610766,F,77,Lorenzo Montipò,74,Hellas Verona,1367,12.7,29.3,18,47,-1,assisted,strongFoot,0,
0,4,6,19/09/2021,Hellas Verona,AS Roma,90,AS Roma,2702,False,1739,Stephan El Shaarawy,45925,F,75,Lorenzo Montipò,74,Hellas Verona,1367,21.4,48.5,21,2,-1,assisted,strongFoot,0,
37,4,7,19/09/2021,Lazio,Cagliari,3,Lazio,2699,True,1639,Luis Alberto,111416,M,75,Alessio Cragno,81,Cagliari,1368,11.5,62.0,14,35,0,assisted,strongFoot,0,
36,4,7,19/09/2021,Lazio,Cagliari,5,Cagliari,2719,False,1368,Keita Baldé,317699,F,73,Pepe Reina,78,Lazio,1639,6.1,45.4,6,27,0,assisted,head,0,
35,4,7,19/09/2021,Lazio,Cagliari,7,Lazio,2699,True,1639,Pedro,35428,F,73,Alessio Cragno,81,Cagliari,1368,19.8,60.8,21,20,0,set-piece,weakFoot,0,
34,4,7,19/09/2021,Lazio,Cagliari,14,Lazio,2699,True,1639,Luis Alberto,111416,M,75,Alessio Cragno,81,Cagliari,1368,22.3,35.8,24,23,0,free-kick,strongFoot,0,
33,4,7,19/09/2021,Lazio,Cagliari,15,Cagliari,2719,False,1368,Keita Baldé,317699,F,73,Pepe Reina,78,Lazio,1639,9.5,42.9,10,26,0,assisted,weakFoot,0,
32,4,7,19/09/2021,Lazio,Cagliari,16,Cagliari,2719,False,1368,Martín Cáceres,28186,D,51,Pepe Reina,78,Lazio,1639,20.8,66.4,23,28,0,assisted,strongFoot,0,
31,4,7,19/09/2021,Lazio,Cagliari,17,Lazio,2699,True,1639,Pedro,35428,F,73,Alessio Cragno,81,Cagliari,1368,19.3,35.8,21,26,0,assisted,weakFoot,0,
30,4,7,19/09/2021,Lazio,Cagliari,20,Lazio,2699,True,1639,Manuel Lazzari,273405,D,60,Alessio Cragno,81,Cagliari,1368,22.1,73.2,27,35,0,corner,strongFoot,0,
29,4,7,19/09/2021,Lazio,Cagliari,21,Cagliari,2719,False,1368,Nahitan Nández,589620,M,66,Pepe Reina,78,Lazio,1639,4.7,60.3,8,56,0,assisted,head,0,
28,4,7,19/09/2021,Lazio,Cagliari,22,Lazio,2699,True,1639,Luiz Felipe,850035,D,29,Alessio Cragno,81,Cagliari,1368,14.0,47.8,14,6,0,corner,strongFoot,0,
27,4,7,19/09/2021,Lazio,Cagliari,30,Cagliari,2719,False,1368,Alessandro Deiola,328109,M,62,Pepe Reina,78,Lazio,1639,18.8,49.9,18,0,0,assisted,strongFoot,0,
26,4,7,19/09/2021,Lazio,Cagliari,32,Lazio,2699,True,1639,Sergej Milinković-Savić,331447,M,78,Alessio Cragno,81,Cagliari,1368,22.1,43.9,22,10,0,assisted,strongFoot,0,
25,4,7,19/09/2021,Lazio,Cagliari,36,Lazio,2699,True,1639,Ciro Immobile,45923,F,87,Alessio Cragno,81,Cagliari,1368,7.5,35.5,12,52,0,assisted,weakFoot,0,
24,4,7,19/09/2021,Lazio,Cagliari,37,Lazio,2699,True,1639,Luis Alberto,111416,M,75,Alessio Cragno,81,Cagliari,1368,9.9,54.8,10,18,0,assisted,strongFoot,0,
23,4,7,19/09/2021,Lazio,Cagliari,41,Lazio,2699,True,1639,Sergej Milinković-Savić,331447,M,78,Alessio Cragno,81,Cagliari,1368,17.5,58.1,18,17,0,regular,weakFoot,0,
22,4,7,19/09/2021,Lazio,Cagliari,45,Lazio,2699,True,1639,Ciro Immobile,45923,F,87,Alessio Cragno,81,Cagliari,1368,9.3,59.3,11,34,0,assisted,head,1,
21,4,7,19/09/2021,Lazio,Cagliari,45,Cagliari,2719,False,1368,Alessandro Deiola,328109,M,62,Pepe Reina,78,Lazio,1639,30.9,31.2,33,22,-1,assisted,strongFoot,0,
20,4,7,19/09/2021,Lazio,Cagliari,45,Lazio,2699,True,1639,Luis Alberto,111416,M,75,Alessio Cragno,81,Cagliari,1368,24.5,34.9,26,22,1,assisted,strongFoot,0,
19,4,7,19/09/2021,Lazio,Cagliari,46,Cagliari,2719,False,1368,João Pedro Galvão,123208,F,77,Pepe Reina,78,Lazio,1639,9.8,44.7,10,20,-1,assisted,head,1,
18,4,7,19/09/2021,Lazio,Cagliari,51,Lazio,2699,True,1639,Luis Alberto,111416,M,75,Alessio Cragno,81,Cagliari,1368,11.6,34.8,15,41,0,assisted,strongFoot,0,
17,4,7,19/09/2021,Lazio,Cagliari,54,Lazio,2699,True,1639,Ciro Immobile,45923,F,87,Alessio Cragno,81,Cagliari,1368,10.0,28.5,17,55,0,assisted,weakFoot,0,
16,4,7,19/09/2021,Lazio,Cagliari,55,Lazio,2699,True,1639,Pedro,35428,F,73,Alessio Cragno,81,Cagliari,1368,14.5,66.6,18,37,0,assisted,weakFoot,0,
15,4,7,19/09/2021,Lazio,Cagliari,55,Lazio,2699,True,1639,Ciro Immobile,45923,F,87,Alessio Cragno,81,Cagliari,1368,3.8,47.8,4,21,0,regular,weakFoot,0,
14,4,7,19/09/2021,Lazio,Cagliari,55,Lazio,2699,True,1639,Felipe Anderson,152276,M,73,Alessio Cragno,81,Cagliari,1368,1.4,41.7,5,76,0,regular,strongFoot,0,
13,4,7,19/09/2021,Lazio,Cagliari,58,Cagliari,2719,False,1368,Nahitan Nández,589620,M,66,Pepe Reina,78,Lazio,1639,6.3,62.6,10,53,0,regular,strongFoot,0,
12,4,7,19/09/2021,Lazio,Cagliari,61,Cagliari,2719,False,1368,Charalampos Lykogiannis,98212,D,67,Pepe Reina,78,Lazio,1639,21.5,28.1,26,34,0,assisted,strongFoot,0,
11,4,7,19/09/2021,Lazio,Cagliari,62,Lazio,2699,True,1639,Ciro Immobile,45923,F,87,Alessio Cragno,81,Cagliari,1368,12.5,43.4,13,19,0,assisted,weakFoot,0,
10,4,7,19/09/2021,Lazio,Cagliari,62,Cagliari,2719,False,1368,Keita Baldé,317699,F,73,Pepe Reina,78,Lazio,1639,9.0,45.8,9,17,0,assisted,strongFoot,1,
9,4,7,19/09/2021,Lazio,Cagliari,67,Lazio,2699,True,1639,Sergej Milinković-Savić,331447,M,78,Alessio Cragno,81,Cagliari,1368,8.8,44.5,9,23,-1,corner,head,0,
8,4,7,19/09/2021,Lazio,Cagliari,68,Lazio,2699,True,1639,Ciro Immobile,45923,F,87,Alessio Cragno,81,Cagliari,1368,10.5,29.4,17,53,-1,corner,strongFoot,0,
7,4,7,19/09/2021,Lazio,Cagliari,70,Lazio,2699,True,1639,Ciro Immobile,45923,F,87,Alessio Cragno,81,Cagliari,1368,15.5,42.7,16,17,-1,corner,head,0,
6,4,7,19/09/2021,Lazio,Cagliari,73,Lazio,2699,True,1639,Felipe Anderson,152276,M,73,Alessio Cragno,81,Cagliari,1368,19.9,68.3,23,32,-1,assisted,weakFoot,0,
5,4,7,19/09/2021,Lazio,Cagliari,73,Lazio,2699,True,1639,Luis Alberto,111416,M,75,Alessio Cragno,81,Cagliari,1368,20.5,51.3,20,2,-1,corner,weakFoot,0,
4,4,7,19/09/2021,Lazio,Cagliari,75,Lazio,2699,True,1639,Ciro Immobile,45923,F,87,Alessio Cragno,81,Cagliari,1368,10.1,34.0,14,47,-1,assisted,weakFoot,0,
3,4,7,19/09/2021,Lazio,Cagliari,83,Lazio,2699,True,1639,Sergej Milinković-Savić,331447,M,78,Alessio Cragno,81,Cagliari,1368,10.3,50.7,10,2,-1,regular,head,0,
2,4,7,19/09/2021,Lazio,Cagliari,83,Lazio,2699,True,1639,Danilo Cataldi,317301,M,70,Alessio Cragno,81,Cagliari,1368,14.8,59.4,16,23,-1,regular,strongFoot,1,
1,4,7,19/09/2021,Lazio,Cagliari,90,Lazio,2699,True,1639,Adam Marušić,267619,D,66,Alessio Cragno,81,Cagliari,1368,29.9,52.8,29,3,0,assisted,strongFoot,0,
0,4,7,19/09/2021,Lazio,Cagliari,90,Lazio,2699,True,1639,Sergej Milinković-Savić,331447,M,78,Alessio Cragno,81,Cagliari,1368,7.3,63.9,11,52,0,assisted,head,0,
21,4,8,19/09/2021,Juventus,AC Milan,3,AC Milan,2692,False,1731,Sandro Tonali,892673,M,65,Wojciech Szczęsny,87,Juventus,1845,23.3,41.8,23,13,0,assisted,weakFoot,0,
20,4,8,19/09/2021,Juventus,AC Milan,4,Juventus,2687,True,1845,Álvaro Morata,125407,F,79,Mike Maignan,84,AC Milan,1731,15.0,50.5,15,1,0,fast-break,strongFoot,1,
19,4,8,19/09/2021,Juventus,AC Milan,6,AC Milan,2692,False,1731,Brahim Díaz,835485,M,67,Wojciech Szczęsny,87,Juventus,1845,26.4,35.8,28,20,0,assisted,weakFoot,0,
18,4,8,19/09/2021,Juventus,AC Milan,16,Juventus,2687,True,1845,Álvaro Morata,125407,F,79,Mike Maignan,84,AC Milan,1731,8.0,44.0,8,27,0,assisted,strongFoot,0,
17,4,8,19/09/2021,Juventus,AC Milan,18,Juventus,2687,True,1845,Paulo Dybala,256219,F,85,Mike Maignan,84,AC Milan,1731,25.1,52.4,25,3,0,assisted,weakFoot,0,
16,4,8,19/09/2021,Juventus,AC Milan,24,AC Milan,2692,False,1731,Sandro Tonali,892673,M,65,Wojciech Szczęsny,87,Juventus,1845,31.7,43.7,31,7,0,free-kick,strongFoot,0,
15,4,8,19/09/2021,Juventus,AC Milan,24,AC Milan,2692,False,1731,Sandro Tonali,892673,M,65,Wojciech Szczęsny,87,Juventus,1845,27.4,39.4,28,14,0,regular,strongFoot,0,
14,4,8,19/09/2021,Juventus,AC Milan,27,Juventus,2687,True,1845,Leonardo Bonucci,15444,D,58,Mike Maignan,84,AC Milan,1731,9.6,45.8,10,16,0,set-piece,head,0,
13,4,8,19/09/2021,Juventus,AC Milan,43,AC Milan,2692,False,1731,Ante Rebić,152769,M,82,Wojciech Szczęsny,87,Juventus,1845,9.3,64.4,13,46,0,assisted,strongFoot,0,
12,4,8,19/09/2021,Juventus,AC Milan,43,AC Milan,2692,False,1731,Sandro Tonali,892673,M,65,Wojciech Szczęsny,87,Juventus,1845,22.7,63.0,24,21,0,regular,strongFoot,0,
11,4,8,19/09/2021,Juventus,AC Milan,46,Juventus,2687,True,1845,Álvaro Morata,125407,F,79,Mike Maignan,84,AC Milan,1731,7.9,31.5,14,57,0,assisted,strongFoot,0,
10,4,8,19/09/2021,Juventus,AC Milan,50,Juventus,2687,True,1845,Adrien Rabiot,250737,M,73,Mike Maignan,84,AC Milan,1731,12.7,42.3,13,22,0,assisted,strongFoot,0,
9,4,8,19/09/2021,Juventus,AC Milan,51,AC Milan,2692,False,1731,Fikayo Tomori,788255,D,36,Wojciech Szczęsny,87,Juventus,1845,28.3,43.9,28,8,0,regular,weakFoot,0,
8,4,8,19/09/2021,Juventus,AC Milan,59,AC Milan,2692,False,1731,Theo Hernández,788027,D,70,Wojciech Szczęsny,87,Juventus,1845,28.1,32.6,30,22,0,assisted,strongFoot,0,
7,4,8,19/09/2021,Juventus,AC Milan,69,AC Milan,2692,False,1731,Rafael Leão,851284,F,72,Wojciech Szczęsny,87,Juventus,1845,19.3,24.8,25,41,0,assisted,strongFoot,0,
6,4,8,19/09/2021,Juventus,AC Milan,74,Juventus,2687,True,1845,Danilo,124992,D,67,Mike Maignan,84,AC Milan,1731,10.5,71.4,17,54,0,assisted,strongFoot,0,
5,4,8,19/09/2021,Juventus,AC Milan,76,AC Milan,2692,False,1731,Ante Rebić,152769,M,82,Wojciech Szczęsny,87,Juventus,1845,7.0,53.0,7,16,0,corner,head,1,
4,4,8,19/09/2021,Juventus,AC Milan,83,AC Milan,2692,False,1731,Ante Rebić,152769,M,82,Wojciech Szczęsny,87,Juventus,1845,10.8,31.2,16,49,1,fast-break,weakFoot,0,
3,4,8,19/09/2021,Juventus,AC Milan,86,Juventus,2687,True,1845,Moise Kean,835601,F,76,Mike Maignan,84,AC Milan,1731,6.5,54.6,7,25,-1,corner,strongFoot,0,
2,4,8,19/09/2021,Juventus,AC Milan,86,AC Milan,2692,False,1731,Pierre Kalulu,965330,D,34,Wojciech Szczęsny,87,Juventus,1845,6.3,65.8,12,59,1,assisted,strongFoot,0,
1,4,8,19/09/2021,Juventus,AC Milan,88,Juventus,2687,True,1845,Adrien Rabiot,250737,M,73,Mike Maignan,84,AC Milan,1731,22.7,46.3,22,6,-1,assisted,strongFoot,0,
0,4,8,19/09/2021,Juventus,AC Milan,90,AC Milan,2692,False,1731,Alessandro Florenzi,152420,D,77,Wojciech Szczęsny,87,Juventus,1845,7.8,73.0,17,63,1,fast-break,strongFoot,0,
26,4,9,20/09/2021,Udinese,SSC Napoli,2,Udinese,2695,True,1419,Samir Caetano,331405,D,33,David Ospina,79,SSC Napoli,1744,27.7,31.8,30,24,0,regular,strongFoot,0,
25,4,9,20/09/2021,Udinese,SSC Napoli,4,Udinese,2695,True,1419,Ignacio Pussetto,340509,F,72,David Ospina,79,SSC Napoli,1744,13.1,48.7,13,3,0,corner,strongFoot,0,
24,4,9,20/09/2021,Udinese,SSC Napoli,13,SSC Napoli,2714,False,1744,Lorenzo Insigne,106258,M,77,Marco Silvestri,79,Udinese,1419,13.5,38.6,15,29,0,assisted,strongFoot,0,
23,4,9,20/09/2021,Udinese,SSC Napoli,15,SSC Napoli,2714,False,1744,Lorenzo Insigne,106258,M,77,Marco Silvestri,79,Udinese,1419,26.3,41.0,27,13,0,assisted,strongFoot,0,
22,4,9,20/09/2021,Udinese,SSC Napoli,19,Udinese,2695,True,1419,Gerard Deulofeu,96372,F,72,David Ospina,79,SSC Napoli,1744,17.8,46.0,18,8,0,assisted,strongFoot,0,
21,4,9,20/09/2021,Udinese,SSC Napoli,21,Udinese,2695,True,1419,Walace,553686,M,66,David Ospina,79,SSC Napoli,1744,28.9,33.2,31,21,0,assisted,strongFoot,0,
20,4,9,20/09/2021,Udinese,SSC Napoli,24,SSC Napoli,2714,False,1744,Lorenzo Insigne,106258,M,77,Marco Silvestri,79,Udinese,1419,13.4,28.5,19,47,0,assisted,strongFoot,0,
19,4,9,20/09/2021,Udinese,SSC Napoli,24,SSC Napoli,2714,False,1744,Victor Osimhen,822471,F,79,Marco Silvestri,79,Udinese,1419,1.0,49.1,1,31,0,assisted,strongFoot,1,
18,4,9,20/09/2021,Udinese,SSC Napoli,31,SSC Napoli,2714,False,1744,Fabián Ruiz,784655,M,77,Marco Silvestri,79,Udinese,1419,28.3,38.3,29,15,0,assisted,strongFoot,0,
17,4,9,20/09/2021,Udinese,SSC Napoli,35,SSC Napoli,2714,False,1744,Kalidou Koulibaly,126071,D,26,Marco Silvestri,79,Udinese,1419,7.6,36.6,11,50,0,set-piece,weakFoot,0,
16,4,9,20/09/2021,Udinese,SSC Napoli,35,SSC Napoli,2714,False,1744,Amir Rrahmani,332155,D,50,Marco Silvestri,79,Udinese,1419,3.3,50.8,3,9,0,set-piece,head,1,
15,4,9,20/09/2021,Udinese,SSC Napoli,37,Udinese,2695,True,1419,Gerard Deulofeu,96372,F,72,David Ospina,79,SSC Napoli,1744,23.6,51.8,23,2,-1,regular,weakFoot,0,
14,4,9,20/09/2021,Udinese,SSC Napoli,49,SSC Napoli,2714,False,1744,Victor Osimhen,822471,F,79,Marco Silvestri,79,Udinese,1419,1.8,69.2,13,82,1,assisted,strongFoot,0,
13,4,9,20/09/2021,Udinese,SSC Napoli,52,SSC Napoli,2714,False,1744,Kalidou Koulibaly,126071,D,26,Marco Silvestri,79,Udinese,1419,13.8,39.7,15,26,1,corner,strongFoot,1,
12,4,9,20/09/2021,Udinese,SSC Napoli,57,SSC Napoli,2714,False,1744,Mário Rui,99546,D,48,Marco Silvestri,79,Udinese,1419,20.2,56.7,20,12,2,free-kick,strongFoot,0,
11,4,9,20/09/2021,Udinese,SSC Napoli,61,SSC Napoli,2714,False,1744,Lorenzo Insigne,106258,M,77,Marco Silvestri,79,Udinese,1419,22.9,68.7,26,29,2,free-kick,strongFoot,0,
10,4,9,20/09/2021,Udinese,SSC Napoli,62,SSC Napoli,2714,False,1744,Frank Anguissa,787941,M,62,Marco Silvestri,79,Udinese,1419,7.6,48.5,7,7,2,set-piece,head,0,
9,4,9,20/09/2021,Udinese,SSC Napoli,68,SSC Napoli,2714,False,1744,Victor Osimhen,822471,F,79,Marco Silvestri,79,Udinese,1419,10.0,32.7,15,49,2,assisted,weakFoot,0,
8,4,9,20/09/2021,Udinese,SSC Napoli,69,SSC Napoli,2714,False,1744,Amir Rrahmani,332155,D,50,Marco Silvestri,79,Udinese,1419,4.6,43.3,6,44,2,corner,head,0,
7,4,9,20/09/2021,Udinese,SSC Napoli,76,Udinese,2695,True,1419,Lazar Samardžić,980624,M,60,David Ospina,79,SSC Napoli,1744,28.3,55.4,28,7,-2,assisted,strongFoot,0,
6,4,9,20/09/2021,Udinese,SSC Napoli,80,SSC Napoli,2714,False,1744,Mário Rui,99546,D,48,Marco Silvestri,79,Udinese,1419,18.9,29.7,23,36,2,assisted,strongFoot,0,
5,4,9,20/09/2021,Udinese,SSC Napoli,84,SSC Napoli,2714,False,1744,Hirving Lozano,385320,F,75,Marco Silvestri,79,Udinese,1419,8.3,29.4,16,59,2,assisted,strongFoot,1,
4,4,9,20/09/2021,Udinese,SSC Napoli,87,Udinese,2695,True,1419,Lazar Samardžić,980624,M,60,David Ospina,79,SSC Napoli,1744,22.1,35.1,24,24,-3,regular,strongFoot,0,
3,4,9,20/09/2021,Udinese,SSC Napoli,89,SSC Napoli,2714,False,1744,Adam Ounas,818440,M,66,Marco Silvestri,79,Udinese,1419,9.1,68.2,15,53,3,regular,strongFoot,0,
2,4,9,20/09/2021,Udinese,SSC Napoli,89,Udinese,2695,True,1419,Ignacio Pussetto,340509,F,72,David Ospina,79,SSC Napoli,1744,22.2,65.3,24,25,-3,assisted,strongFoot,0,
1,4,9,20/09/2021,Udinese,SSC Napoli,90,SSC Napoli,2714,False,1744,Adam Ounas,818440,M,66,Marco Silvestri,79,Udinese,1419,10.8,64.0,14,41,3,assisted,strongFoot,0,
0,4,9,20/09/2021,Udinese,SSC Napoli,90,Udinese,2695,True,1419,Ignacio Pussetto,340509,F,72,David Ospina,79,SSC Napoli,1744,21.2,23.9,27,39,-3,assisted,strongFoot,0,
27,5,0,21/09/2021,Bologna,Genoa,1,Genoa,2713,False,1396,Mohamed Fares,556960,D,61,Łukasz Skorupski,75,Bologna,1428,4.0,30.5,13,73,0,assisted,strongFoot,0,
26,5,0,21/09/2021,Bologna,Genoa,1,Genoa,2713,False,1396,Yayah Kallon,967510,F,66,Łukasz Skorupski,75,Bologna,1428,10.5,64.7,14,43,0,regular,strongFoot,0,
25,5,0,21/09/2021,Bologna,Genoa,5,Genoa,2713,False,1396,Mohamed Fares,556960,D,61,Łukasz Skorupski,75,Bologna,1428,25.2,33.4,27,24,0,regular,strongFoot,0,
24,5,0,21/09/2021,Bologna,Genoa,6,Bologna,2685,True,1428,Marko Arnautović,21927,F,81,Salvatore Sirigu,82,Genoa,1396,11.5,35.5,15,40,0,assisted,weakFoot,0,
23,5,0,21/09/2021,Bologna,Genoa,17,Genoa,2713,False,1396,Andrea Cambiaso,917048,M,52,Łukasz Skorupski,75,Bologna,1428,14.2,60.2,15,26,0,assisted,weakFoot,0,
22,5,0,21/09/2021,Bologna,Genoa,20,Genoa,2713,False,1396,Milan Badelj,39482,M,63,Łukasz Skorupski,75,Bologna,1428,26.2,57.5,26,11,0,assisted,strongFoot,0,
21,5,0,21/09/2021,Bologna,Genoa,26,Bologna,2685,True,1428,Nicolás Domínguez,871765,M,65,Salvatore Sirigu,82,Genoa,1396,3.9,64.9,10,68,0,corner,head,0,
20,5,0,21/09/2021,Bologna,Genoa,38,Bologna,2685,True,1428,Marko Arnautović,21927,F,81,Salvatore Sirigu,82,Genoa,1396,19.4,50.1,19,0,0,free-kick,weakFoot,0,
19,5,0,21/09/2021,Bologna,Genoa,40,Bologna,2685,True,1428,Roberto Soriano,80406,M,74,Salvatore Sirigu,82,Genoa,1396,7.4,69.2,15,60,0,assisted,weakFoot,0,
18,5,0,21/09/2021,Bologna,Genoa,44,Bologna,2685,True,1428,Riccardo Orsolini,793645,M,70,Salvatore Sirigu,82,Genoa,1396,25.2,52.6,25,4,0,assisted,strongFoot,0,
17,5,0,21/09/2021,Bologna,Genoa,45,Bologna,2685,True,1428,Kevin Bonifazi,365992,D,35,Salvatore Sirigu,82,Genoa,1396,10.3,26.5,19,57,0,set-piece,strongFoot,0,
16,5,0,21/09/2021,Bologna,Genoa,46,Genoa,2713,False,1396,Andrea Cambiaso,917048,M,52,Łukasz Skorupski,75,Bologna,1428,20.8,69.7,24,32,0,regular,weakFoot,0,
15,5,0,21/09/2021,Bologna,Genoa,49,Bologna,2685,True,1428,Kevin Bonifazi,365992,D,35,Salvatore Sirigu,82,Genoa,1396,11.4,47.8,11,7,0,set-piece,weakFoot,0,
14,5,0,21/09/2021,Bologna,Genoa,49,Bologna,2685,True,1428,Aaron Hickey,966869,D,49,Salvatore Sirigu,82,Genoa,1396,16.9,33.8,20,33,0,set-piece,weakFoot,1,
13,5,0,21/09/2021,Bologna,Genoa,54,Genoa,2713,False,1396,Mohamed Fares,556960,D,61,Łukasz Skorupski,75,Bologna,1428,8.7,34.2,13,51,-1,assisted,strongFoot,0,
12,5,0,21/09/2021,Bologna,Genoa,55,Genoa,2713,False,1396,Mattia Destro,100570,F,75,Łukasz Skorupski,75,Bologna,1428,7.3,47.0,7,15,-1,assisted,head,1,
11,5,0,21/09/2021,Bologna,Genoa,62,Genoa,2713,False,1396,Domenico Criscito,14251,M,60,Łukasz Skorupski,75,Bologna,1428,29.6,34.3,31,19,0,regular,strongFoot,0,
10,5,0,21/09/2021,Bologna,Genoa,62,Genoa,2713,False,1396,Mattia Destro,100570,F,75,Łukasz Skorupski,75,Bologna,1428,7.6,50.2,7,1,0,assisted,head,0,
9,5,0,21/09/2021,Bologna,Genoa,67,Bologna,2685,True,1428,Marko Arnautović,21927,F,81,Salvatore Sirigu,82,Genoa,1396,13.2,53.6,13,10,0,assisted,weakFoot,0,
8,5,0,21/09/2021,Bologna,Genoa,71,Bologna,2685,True,1428,Aaron Hickey,966869,D,49,Salvatore Sirigu,82,Genoa,1396,8.3,30.3,15,58,0,assisted,weakFoot,0,
7,5,0,21/09/2021,Bologna,Genoa,71,Bologna,2685,True,1428,Kevin Bonifazi,365992,D,35,Salvatore Sirigu,82,Genoa,1396,13.1,61.2,15,30,0,corner,weakFoot,0,
6,5,0,21/09/2021,Bologna,Genoa,72,Bologna,2685,True,1428,Marko Arnautović,21927,F,81,Salvatore Sirigu,82,Genoa,1396,14.0,61.0,15,28,0,assisted,weakFoot,0,
5,5,0,21/09/2021,Bologna,Genoa,77,Bologna,2685,True,1428,Lorenzo De Silvestri,14718,D,66,Salvatore Sirigu,82,Genoa,1396,7.5,48.0,7,10,0,corner,head,0,
4,5,0,21/09/2021,Bologna,Genoa,80,Bologna,2685,True,1428,Marko Arnautović,21927,F,81,Salvatore Sirigu,82,Genoa,1396,12.8,51.4,12,4,0,throw-in-set-piece,weakFoot,0,
3,5,0,21/09/2021,Bologna,Genoa,85,Bologna,2685,True,1428,Marko Arnautović,21927,F,81,Salvatore Sirigu,82,Genoa,1396,11.5,50.0,11,0,0,penalty,weakFoot,1,
2,5,0,21/09/2021,Bologna,Genoa,89,Genoa,2713,False,1396,Domenico Criscito,14251,M,60,Łukasz Skorupski,75,Bologna,1428,11.5,50.0,11,0,-1,penalty,strongFoot,1,
1,5,0,21/09/2021,Bologna,Genoa,90,Bologna,2685,True,1428,Andreas Skov Olsen,888537,M,68,Salvatore Sirigu,82,Genoa,1396,4.6,55.1,5,37,0,throw-in-set-piece,head,0,
0,5,0,21/09/2021,Bologna,Genoa,90,Bologna,2685,True,1428,Roberto Soriano,80406,M,74,Salvatore Sirigu,82,Genoa,1396,3.7,45.2,4,41,0,throw-in-set-piece,head,0,
21,5,1,21/09/2021,Atalanta,Sassuolo,3,Atalanta,2686,True,1759,Robin Gosens,377118,D,73,Andrea Consigli,81,Sassuolo,1519,3.7,46.4,4,33,0,assisted,strongFoot,1,
20,5,1,21/09/2021,Atalanta,Sassuolo,12,Sassuolo,2793,False,1519,Grégoire Defrel,148566,F,77,Juan Musso,81,Atalanta,1759,15.0,46.9,15,7,-1,assisted,strongFoot,0,
19,5,1,21/09/2021,Atalanta,Sassuolo,15,Atalanta,2686,True,1759,Duván Zapata,38162,F,81,Andrea Consigli,81,Sassuolo,1519,6.8,48.1,6,10,1,corner,head,0,
18,5,1,21/09/2021,Atalanta,Sassuolo,21,Sassuolo,2793,False,1519,Grégoire Defrel,148566,F,77,Juan Musso,81,Atalanta,1759,15.6,28.6,21,43,-1,assisted,weakFoot,0,
17,5,1,21/09/2021,Atalanta,Sassuolo,22,Sassuolo,2793,False,1519,Grégoire Defrel,148566,F,77,Juan Musso,81,Atalanta,1759,3.3,40.7,7,62,-1,corner,head,0,
16,5,1,21/09/2021,Atalanta,Sassuolo,24,Atalanta,2686,True,1759,Ruslan Malinovskyi,195850,M,79,Andrea Consigli,81,Sassuolo,1519,21.4,63.9,23,23,1,assisted,strongFoot,0,
15,5,1,21/09/2021,Atalanta,Sassuolo,26,Atalanta,2686,True,1759,Matteo Pessina,350210,M,69,Andrea Consigli,81,Sassuolo,1519,24.4,53.4,24,5,1,regular,strongFoot,0,
14,5,1,21/09/2021,Atalanta,Sassuolo,32,Atalanta,2686,True,1759,Matteo Pessina,350210,M,69,Andrea Consigli,81,Sassuolo,1519,7.5,65.3,12,54,1,assisted,strongFoot,0,
13,5,1,21/09/2021,Atalanta,Sassuolo,32,Atalanta,2686,True,1759,Duván Zapata,38162,F,81,Andrea Consigli,81,Sassuolo,1519,6.8,46.0,7,21,1,assisted,head,0,
12,5,1,21/09/2021,Atalanta,Sassuolo,37,Atalanta,2686,True,1759,Davide Zappacosta,132318,M,65,Andrea Consigli,81,Sassuolo,1519,9.1,66.0,14,50,1,assisted,strongFoot,1,
11,5,1,21/09/2021,Atalanta,Sassuolo,40,Atalanta,2686,True,1759,Matteo Pessina,350210,M,69,Andrea Consigli,81,Sassuolo,1519,14.1,47.5,14,6,2,assisted,head,0,
10,5,1,21/09/2021,Atalanta,Sassuolo,44,Sassuolo,2793,False,1519,Domenico Berardi,253367,F,80,Juan Musso,81,Atalanta,1759,24.7,70.8,28,29,-2,assisted,strongFoot,1,
9,5,1,21/09/2021,Atalanta,Sassuolo,45,Atalanta,2686,True,1759,Teun Koopmeiners,803033,M,71,Andrea Consigli,81,Sassuolo,1519,28.1,44.0,28,8,1,assisted,strongFoot,0,
8,5,1,21/09/2021,Atalanta,Sassuolo,47,Atalanta,2686,True,1759,Ruslan Malinovskyi,195850,M,79,Andrea Consigli,81,Sassuolo,1519,5.3,82.0,22,76,1,free-kick,strongFoot,0,
7,5,1,21/09/2021,Atalanta,Sassuolo,52,Sassuolo,2793,False,1519,Grégoire Defrel,148566,F,77,Juan Musso,81,Atalanta,1759,6.6,52.8,6,16,-1,assisted,head,0,
6,5,1,21/09/2021,Atalanta,Sassuolo,56,Sassuolo,2793,False,1519,Jérémie Boga,367056,F,72,Juan Musso,81,Atalanta,1759,8.8,25.7,18,61,-1,assisted,strongFoot,0,
5,5,1,21/09/2021,Atalanta,Sassuolo,65,Atalanta,2686,True,1759,Josip Iličić,41270,F,85,Andrea Consigli,81,Sassuolo,1519,18.2,67.5,21,33,1,assisted,strongFoot,0,
4,5,1,21/09/2021,Atalanta,Sassuolo,65,Atalanta,2686,True,1759,Merih Demiral,806968,D,40,Andrea Consigli,81,Sassuolo,1519,8.3,60.6,10,40,1,corner,head,0,
3,5,1,21/09/2021,Atalanta,Sassuolo,77,Sassuolo,2793,False,1519,Domenico Berardi,253367,F,80,Juan Musso,81,Atalanta,1759,18.2,79.8,27,48,-1,regular,strongFoot,0,
2,5,1,21/09/2021,Atalanta,Sassuolo,79,Sassuolo,2793,False,1519,Giacomo Raspadori,865651,F,72,Juan Musso,81,Atalanta,1759,16.1,37.9,18,27,-1,assisted,weakFoot,0,
1,5,1,21/09/2021,Atalanta,Sassuolo,85,Atalanta,2686,True,1759,Roberto Piccoli,958982,F,66,Andrea Consigli,81,Sassuolo,1519,14.2,59.4,15,24,1,assisted,strongFoot,0,
0,5,1,21/09/2021,Atalanta,Sassuolo,88,Atalanta,2686,True,1759,Giuseppe Pezzella,814589,M,51,Andrea Consigli,81,Sassuolo,1519,22.0,33.7,24,26,1,assisted,weakFoot,0,
30,5,2,21/09/2021,Fiorentina,Inter,2,Fiorentina,2693,True,1466,Nicolás González,901325,M,70,Samir Handanović,86,Inter,1805,4.1,47.8,4,20,0,regular,strongFoot,0,
29,5,2,21/09/2021,Fiorentina,Inter,2,Fiorentina,2693,True,1466,Cristiano Biraghi,122848,D,64,Samir Handanović,86,Inter,1805,21.7,33.4,24,27,0,regular,strongFoot,0,
28,5,2,21/09/2021,Fiorentina,Inter,8,Inter,2697,False,1805,Nicolò Barella,363856,M,70,Bartłomiej Drągowski,77,Fiorentina,1466,19.9,63.5,21,24,0,assisted,strongFoot,0,
27,5,2,21/09/2021,Fiorentina,Inter,9,Fiorentina,2693,True,1466,Marco Benassi,249629,M,70,Samir Handanović,86,Inter,1805,20.9,75.4,27,39,0,assisted,strongFoot,0,
26,5,2,21/09/2021,Fiorentina,Inter,10,Fiorentina,2693,True,1466,Dušan Vlahović,832208,F,77,Samir Handanović,86,Inter,1805,14.1,46.1,14,10,0,regular,strongFoot,0,
25,5,2,21/09/2021,Fiorentina,Inter,12,Fiorentina,2693,True,1466,Cristiano Biraghi,122848,D,64,Samir Handanović,86,Inter,1805,10.5,27.0,18,56,0,assisted,strongFoot,0,
24,5,2,21/09/2021,Fiorentina,Inter,21,Fiorentina,2693,True,1466,Alfred Duncan,232224,M,62,Samir Handanović,86,Inter,1805,28.8,43.3,29,8,0,assisted,strongFoot,0,
23,5,2,21/09/2021,Fiorentina,Inter,23,Fiorentina,2693,True,1466,Riccardo Sottil,893640,F,61,Samir Handanović,86,Inter,1805,3.0,55.4,4,50,0,assisted,strongFoot,1,
22,5,2,21/09/2021,Fiorentina,Inter,30,Inter,2697,False,1805,Hakan Çalhanoğlu,135700,M,77,Bartłomiej Drągowski,77,Fiorentina,1466,20.1,32.6,23,30,-1,free-kick,strongFoot,0,
21,5,2,21/09/2021,Fiorentina,Inter,34,Fiorentina,2693,True,1466,Nicolás González,901325,M,70,Samir Handanović,86,Inter,1805,27.5,47.9,27,2,1,assisted,strongFoot,0,
20,5,2,21/09/2021,Fiorentina,Inter,36,Inter,2697,False,1805,Lautaro Martínez,823984,F,81,Bartłomiej Drągowski,77,Fiorentina,1466,9.8,62.4,12,40,-1,corner,head,0,
19,5,2,21/09/2021,Fiorentina,Inter,43,Inter,2697,False,1805,Lautaro Martínez,823984,F,81,Bartłomiej Drągowski,77,Fiorentina,1466,7.9,33.4,13,55,-1,assisted,weakFoot,0,
18,5,2,21/09/2021,Fiorentina,Inter,45,Fiorentina,2693,True,1466,Nicolás González,901325,M,70,Samir Handanović,86,Inter,1805,20.1,36.7,22,24,1,assisted,weakFoot,0,
17,5,2,21/09/2021,Fiorentina,Inter,45,Inter,2697,False,1805,Hakan Çalhanoğlu,135700,M,77,Bartłomiej Drągowski,77,Fiorentina,1466,14.7,42.5,15,19,-1,assisted,strongFoot,0,
16,5,2,21/09/2021,Fiorentina,Inter,47,Fiorentina,2693,True,1466,Marco Benassi,249629,M,70,Samir Handanović,86,Inter,1805,20.4,57.5,21,14,1,assisted,weakFoot,0,
15,5,2,21/09/2021,Fiorentina,Inter,48,Fiorentina,2693,True,1466,Dušan Vlahović,832208,F,77,Samir Handanović,86,Inter,1805,21.9,41.5,22,14,1,regular,strongFoot,0,
14,5,2,21/09/2021,Fiorentina,Inter,52,Inter,2697,False,1805,Matteo Darmian,19352,D,57,Bartłomiej Drągowski,77,Fiorentina,1466,9.7,64.8,13,46,-1,assisted,strongFoot,1,
13,5,2,21/09/2021,Fiorentina,Inter,55,Inter,2697,False,1805,Edin Džeko,14990,F,82,Bartłomiej Drągowski,77,Fiorentina,1466,6.9,50.3,6,1,0,corner,head,1,
12,5,2,21/09/2021,Fiorentina,Inter,58,Inter,2697,False,1805,Ivan Perišić,38710,M,79,Bartłomiej Drągowski,77,Fiorentina,1466,9.2,27.3,17,59,1,regular,weakFoot,0,
11,5,2,21/09/2021,Fiorentina,Inter,60,Fiorentina,2693,True,1466,Riccardo Sottil,893640,F,61,Samir Handanović,86,Inter,1805,14.6,76.9,23,51,-1,assisted,weakFoot,0,
10,5,2,21/09/2021,Fiorentina,Inter,65,Inter,2697,False,1805,Lautaro Martínez,823984,F,81,Bartłomiej Drągowski,77,Fiorentina,1466,9.0,51.3,9,5,1,assisted,strongFoot,0,
9,5,2,21/09/2021,Fiorentina,Inter,67,Inter,2697,False,1805,Lautaro Martínez,823984,F,81,Bartłomiej Drągowski,77,Fiorentina,1466,6.4,69.7,14,64,1,assisted,strongFoot,0,
8,5,2,21/09/2021,Fiorentina,Inter,67,Inter,2697,False,1805,Lautaro Martínez,823984,F,81,Bartłomiej Drągowski,77,Fiorentina,1466,7.9,51.2,7,5,1,corner,head,0,
7,5,2,21/09/2021,Fiorentina,Inter,72,Fiorentina,2693,True,1466,Dušan Vlahović,832208,F,77,Samir Handanović,86,Inter,1805,19.3,38.3,20,22,-1,assisted,strongFoot,0,
6,5,2,21/09/2021,Fiorentina,Inter,74,Fiorentina,2693,True,1466,Nicolás González,901325,M,70,Samir Handanović,86,Inter,1805,21.6,68.2,24,29,-1,assisted,strongFoot,0,
5,5,2,21/09/2021,Fiorentina,Inter,75,Inter,2697,False,1805,Alexis Sánchez,34120,F,76,Bartłomiej Drągowski,77,Fiorentina,1466,20.7,51.8,20,3,1,assisted,strongFoot,0,
4,5,2,21/09/2021,Fiorentina,Inter,82,Inter,2697,False,1805,Marcelo Brozović,108800,M,73,Bartłomiej Drągowski,77,Fiorentina,1466,17.7,38.4,19,24,1,fast-break,weakFoot,0,
3,5,2,21/09/2021,Fiorentina,Inter,82,Inter,2697,False,1805,Alexis Sánchez,34120,F,76,Bartłomiej Drągowski,77,Fiorentina,1466,13.4,50.7,13,2,1,fast-break,head,0,
2,5,2,21/09/2021,Fiorentina,Inter,87,Inter,2697,False,1805,Ivan Perišić,38710,M,79,Bartłomiej Drągowski,77,Fiorentina,1466,8.4,53.0,8,13,1,assisted,weakFoot,1,
1,5,2,21/09/2021,Fiorentina,Inter,90,Inter,2697,False,1805,Alexis Sánchez,34120,F,76,Bartłomiej Drągowski,77,Fiorentina,1466,8.8,53.1,9,13,2,assisted,strongFoot,0,
0,5,2,21/09/2021,Fiorentina,Inter,90,Inter,2697,False,1805,Milan Škriniar,187205,D,41,Bartłomiej Drągowski,77,Fiorentina,1466,7.2,50.3,7,1,2,corner,head,0,
35,5,3,22/09/2021,Spezia,Juventus,7,Juventus,2687,False,1843,Moise Kean,835601,F,76,Jeroen Zoet,75,Spezia,1372,7.5,56.0,8,28,0,assisted,strongFoot,0,
34,5,3,22/09/2021,Spezia,Juventus,9,Juventus,2687,False,1843,Adrien Rabiot,250737,M,73,Jeroen Zoet,75,Spezia,1372,12.4,24.1,21,54,0,assisted,strongFoot,0,
33,5,3,22/09/2021,Spezia,Juventus,14,Juventus,2687,False,1843,Federico Chiesa,845386,F,80,Jeroen Zoet,75,Spezia,1372,10.7,75.7,20,58,0,assisted,strongFoot,0,
32,5,3,22/09/2021,Spezia,Juventus,15,Juventus,2687,False,1843,Leonardo Bonucci,15444,D,58,Jeroen Zoet,75,Spezia,1372,11.1,43.7,11,21,0,corner,head,0,
31,5,3,22/09/2021,Spezia,Juventus,15,Juventus,2687,False,1843,Matthijs de Ligt,803031,D,58,Jeroen Zoet,75,Spezia,1372,8.4,49.1,8,4,0,corner,weakFoot,0,
30,5,3,22/09/2021,Spezia,Juventus,25,Juventus,2687,False,1843,Weston McKennie,881931,M,70,Jeroen Zoet,75,Spezia,1372,9.3,42.7,10,28,0,assisted,weakFoot,0,
29,5,3,22/09/2021,Spezia,Juventus,28,Juventus,2687,False,1843,Moise Kean,835601,F,76,Jeroen Zoet,75,Spezia,1372,16.5,57.1,17,16,0,assisted,strongFoot,1,
28,5,3,22/09/2021,Spezia,Juventus,33,Spezia,2735,True,1372,Daniele Verde,605580,F,72,Wojciech Szczęsny,87,Juventus,1843,16.8,75.0,23,45,-1,corner,strongFoot,0,
27,5,3,22/09/2021,Spezia,Juventus,33,Spezia,2735,True,1372,Emmanuel Gyasi,541578,M,59,Wojciech Szczęsny,87,Juventus,1843,12.0,36.2,15,38,-1,corner,strongFoot,1,
26,5,3,22/09/2021,Spezia,Juventus,41,Juventus,2687,False,1843,Paulo Dybala,256219,F,85,Jeroen Zoet,75,Spezia,1372,22.2,47.4,22,4,0,free-kick,strongFoot,0,
25,5,3,22/09/2021,Spezia,Juventus,42,Juventus,2687,False,1843,Paulo Dybala,256219,F,85,Jeroen Zoet,75,Spezia,1372,27.3,51.2,27,1,0,assisted,strongFoot,0,
24,5,3,22/09/2021,Spezia,Juventus,43,Juventus,2687,False,1843,Paulo Dybala,256219,F,85,Jeroen Zoet,75,Spezia,1372,20.6,36.7,22,23,0,assisted,strongFoot,0,
23,5,3,22/09/2021,Spezia,Juventus,45,Juventus,2687,False,1843,Paulo Dybala,256219,F,85,Jeroen Zoet,75,Spezia,1372,28.1,48.0,28,2,0,free-kick,strongFoot,0,
22,5,3,22/09/2021,Spezia,Juventus,49,Juventus,2687,False,1843,Adrien Rabiot,250737,M,73,Jeroen Zoet,75,Spezia,1372,21.4,50.7,21,1,0,assisted,strongFoot,0,
21,5,3,22/09/2021,Spezia,Juventus,49,Spezia,2735,True,1372,Janis Antiste,963398,F,68,Wojciech Szczęsny,87,Juventus,1843,14.0,41.3,15,22,0,fast-break,weakFoot,1,
20,5,3,22/09/2021,Spezia,Juventus,51,Juventus,2687,False,1843,Federico Chiesa,845386,F,80,Jeroen Zoet,75,Spezia,1372,19.2,31.0,23,33,-1,assisted,strongFoot,0,
19,5,3,22/09/2021,Spezia,Juventus,54,Juventus,2687,False,1843,Moise Kean,835601,F,76,Jeroen Zoet,75,Spezia,1372,7.5,48.2,7,9,-1,corner,head,0,
18,5,3,22/09/2021,Spezia,Juventus,56,Juventus,2687,False,1843,Adrien Rabiot,250737,M,73,Jeroen Zoet,75,Spezia,1372,13.8,51.8,13,5,-1,assisted,head,0,
17,5,3,22/09/2021,Spezia,Juventus,56,Juventus,2687,False,1843,Weston McKennie,881931,M,70,Jeroen Zoet,75,Spezia,1372,17.9,52.5,17,5,-1,assisted,strongFoot,0,
15,5,3,22/09/2021,Spezia,Juventus,61,Juventus,2687,False,1843,Leonardo Bonucci,15444,D,58,Jeroen Zoet,75,Spezia,1372,3.6,50.9,3,9,-1,corner,head,0,
16,5,3,22/09/2021,Spezia,Juventus,61,Juventus,2687,False,1843,Paulo Dybala,256219,F,85,Jeroen Zoet,75,Spezia,1372,26.5,55.7,26,8,-1,assisted,strongFoot,0,
14,5,3,22/09/2021,Spezia,Juventus,63,Spezia,2735,True,1372,Kelvin Amian,802143,D,47,Wojciech Szczęsny,87,Juventus,1843,18.0,72.4,23,40,1,assisted,strongFoot,0,
13,5,3,22/09/2021,Spezia,Juventus,64,Spezia,2735,True,1372,Giulio Maggiore,848185,M,58,Wojciech Szczęsny,87,Juventus,1843,51.4,67.9,52,13,1,assisted,strongFoot,0,
12,5,3,22/09/2021,Spezia,Juventus,65,Spezia,2735,True,1372,Janis Antiste,963398,F,68,Wojciech Szczęsny,87,Juventus,1843,7.8,47.6,7,11,1,assisted,weakFoot,0,
11,5,3,22/09/2021,Spezia,Juventus,66,Juventus,2687,False,1843,Adrien Rabiot,250737,M,73,Jeroen Zoet,75,Spezia,1372,9.5,31.3,15,53,-1,assisted,strongFoot,0,
10,5,3,22/09/2021,Spezia,Juventus,66,Juventus,2687,False,1843,Álvaro Morata,125407,F,79,Jeroen Zoet,75,Spezia,1372,14.1,48.2,14,4,-1,assisted,strongFoot,0,
9,5,3,22/09/2021,Spezia,Juventus,66,Juventus,2687,False,1843,Federico Chiesa,845386,F,80,Jeroen Zoet,75,Spezia,1372,8.6,51.4,8,6,-1,assisted,strongFoot,1,
8,5,3,22/09/2021,Spezia,Juventus,69,Juventus,2687,False,1843,Federico Chiesa,845386,F,80,Jeroen Zoet,75,Spezia,1372,18.9,27.9,24,38,0,throw-in-set-piece,strongFoot,0,
7,5,3,22/09/2021,Spezia,Juventus,71,Juventus,2687,False,1843,Paulo Dybala,256219,F,85,Jeroen Zoet,75,Spezia,1372,13.7,53.6,13,10,0,corner,strongFoot,0,
6,5,3,22/09/2021,Spezia,Juventus,71,Juventus,2687,False,1843,Weston McKennie,881931,M,70,Jeroen Zoet,75,Spezia,1372,10.3,42.7,11,25,0,corner,weakFoot,0,
5,5,3,22/09/2021,Spezia,Juventus,72,Juventus,2687,False,1843,Matthijs de Ligt,803031,D,58,Jeroen Zoet,75,Spezia,1372,11.2,55.3,11,17,0,corner,strongFoot,1,
4,5,3,22/09/2021,Spezia,Juventus,79,Spezia,2735,True,1372,Giulio Maggiore,848185,M,58,Wojciech Szczęsny,87,Juventus,1843,20.1,37.7,21,22,-1,assisted,weakFoot,0,
3,5,3,22/09/2021,Spezia,Juventus,85,Spezia,2735,True,1372,Giulio Maggiore,848185,M,58,Wojciech Szczęsny,87,Juventus,1843,4.9,34.2,11,65,-1,assisted,strongFoot,0,
2,5,3,22/09/2021,Spezia,Juventus,87,Spezia,2735,True,1372,Emmanuel Gyasi,541578,M,59,Wojciech Szczęsny,87,Juventus,1843,13.1,49.7,13,0,-1,assisted,strongFoot,0,
1,5,3,22/09/2021,Spezia,Juventus,88,Spezia,2735,True,1372,Kelvin Amian,802143,D,47,Wojciech Szczęsny,87,Juventus,1843,10.2,48.7,10,4,-1,corner,head,0,
0,5,3,22/09/2021,Spezia,Juventus,90,Juventus,2687,False,1843,Álvaro Morata,125407,F,79,Jeroen Zoet,75,Spezia,1372,26.8,50.1,26,0,1,assisted,strongFoot,0,
24,5,4,22/09/2021,US Salernitana 1919,Hellas Verona,7,Hellas Verona,2701,False,1384,Nikola Kalinić,31273,F,73,Vid Belec,73,US Salernitana 1919,1372,2.1,46.0,3,52,0,assisted,strongFoot,1,
23,5,4,22/09/2021,US Salernitana 1919,Hellas Verona,10,Hellas Verona,2701,False,1384,Antonín Barák,330705,M,74,Vid Belec,73,US Salernitana 1919,1372,11.0,39.8,13,32,0,assisted,weakFoot,0,
22,5,4,22/09/2021,US Salernitana 1919,Hellas Verona,11,US Salernitana 1919,2710,True,1372,Simy,170499,F,76,Lorenzo Montipò,74,Hellas Verona,1384,3.7,47.0,4,28,0,assisted,head,0,
21,5,4,22/09/2021,US Salernitana 1919,Hellas Verona,13,US Salernitana 1919,2710,True,1372,Simy,170499,F,76,Lorenzo Montipò,74,Hellas Verona,1384,5.7,54.8,6,29,0,assisted,head,0,
20,5,4,22/09/2021,US Salernitana 1919,Hellas Verona,14,US Salernitana 1919,2710,True,1372,Simy,170499,F,76,Lorenzo Montipò,74,Hellas Verona,1384,15.3,49.3,15,1,0,assisted,strongFoot,0,
19,5,4,22/09/2021,US Salernitana 1919,Hellas Verona,16,US Salernitana 1919,2710,True,1372,Cedric Gondo,812207,F,67,Lorenzo Montipò,74,Hellas Verona,1384,19.4,33.2,22,30,0,regular,strongFoot,0,
18,5,4,22/09/2021,US Salernitana 1919,Hellas Verona,19,US Salernitana 1919,2710,True,1372,Luca Ranieri,893998,D,33,Lorenzo Montipò,74,Hellas Verona,1384,23.4,34.0,25,24,0,assisted,strongFoot,0,
17,5,4,22/09/2021,US Salernitana 1919,Hellas Verona,20,US Salernitana 1919,2710,True,1372,Riccardo Gagliolo,131716,D,51,Lorenzo Montipò,74,Hellas Verona,1384,14.4,47.6,14,6,0,assisted,strongFoot,0,
16,5,4,22/09/2021,US Salernitana 1919,Hellas Verona,23,US Salernitana 1919,2710,True,1372,Simy,170499,F,76,Lorenzo Montipò,74,Hellas Verona,1384,8.0,45.9,8,19,0,corner,head,0,
15,5,4,22/09/2021,US Salernitana 1919,Hellas Verona,23,US Salernitana 1919,2710,True,1372,Riccardo Gagliolo,131716,D,51,Lorenzo Montipò,74,Hellas Verona,1384,6.3,35.1,11,58,0,corner,strongFoot,0,
14,5,4,22/09/2021,US Salernitana 1919,Hellas Verona,29,Hellas Verona,2701,False,1384,Nikola Kalinić,31273,F,73,Vid Belec,73,US Salernitana 1919,1372,10.2,53.4,10,12,0,assisted,strongFoot,1,
13,5,4,22/09/2021,US Salernitana 1919,Hellas Verona,45,US Salernitana 1919,2710,True,1372,Cedric Gondo,812207,F,67,Lorenzo Montipò,74,Hellas Verona,1384,7.7,50.3,7,1,-1,set-piece,strongFoot,1,
12,5,4,22/09/2021,US Salernitana 1919,Hellas Verona,47,Hellas Verona,2701,False,1384,Nikola Kalinić,31273,F,73,Vid Belec,73,US Salernitana 1919,1372,7.0,67.8,13,59,0,assisted,strongFoot,0,
11,5,4,22/09/2021,US Salernitana 1919,Hellas Verona,48,Hellas Verona,2701,False,1384,Paweł Dawidowicz,288321,M,45,Vid Belec,73,US Salernitana 1919,1372,5.0,63.3,10,61,0,corner,strongFoot,0,
10,5,4,22/09/2021,US Salernitana 1919,Hellas Verona,50,Hellas Verona,2701,False,1384,Darko Lazović,41157,M,67,Vid Belec,73,US Salernitana 1919,1372,5.5,32.1,13,65,0,assisted,weakFoot,0,
9,5,4,22/09/2021,US Salernitana 1919,Hellas Verona,56,US Salernitana 1919,2710,True,1372,Wajdi Kechrida,880061,D,32,Lorenzo Montipò,74,Hellas Verona,1384,10.0,69.4,16,52,0,assisted,strongFoot,0,
8,5,4,22/09/2021,US Salernitana 1919,Hellas Verona,61,Hellas Verona,2701,False,1384,Darko Lazović,41157,M,67,Vid Belec,73,US Salernitana 1919,1372,10.1,37.7,13,39,0,fast-break,weakFoot,0,
7,5,4,22/09/2021,US Salernitana 1919,Hellas Verona,67,US Salernitana 1919,2710,True,1372,Luca Ranieri,893998,D,33,Lorenzo Montipò,74,Hellas Verona,1384,7.4,29.5,15,62,0,assisted,strongFoot,0,
6,5,4,22/09/2021,US Salernitana 1919,Hellas Verona,67,US Salernitana 1919,2710,True,1372,Milan Đurić,76132,F,64,Lorenzo Montipò,74,Hellas Verona,1384,4.3,49.4,4,5,0,assisted,weakFoot,0,
5,5,4,22/09/2021,US Salernitana 1919,Hellas Verona,72,Hellas Verona,2701,False,1384,Koray Günter,138165,D,31,Vid Belec,73,US Salernitana 1919,1372,26.1,40.1,26,14,0,regular,strongFoot,0,
4,5,4,22/09/2021,US Salernitana 1919,Hellas Verona,76,US Salernitana 1919,2710,True,1372,Riccardo Gagliolo,131716,D,51,Lorenzo Montipò,74,Hellas Verona,1384,25.8,33.4,28,23,0,regular,strongFoot,0,
3,5,4,22/09/2021,US Salernitana 1919,Hellas Verona,76,US Salernitana 1919,2710,True,1372,Mamadou Coulibaly,874481,M,58,Lorenzo Montipò,74,Hellas Verona,1384,8.8,45.3,9,19,0,assisted,weakFoot,1,
2,5,4,22/09/2021,US Salernitana 1919,Hellas Verona,82,Hellas Verona,2701,False,1384,Davide Faraoni,32040,D,70,Vid Belec,73,US Salernitana 1919,1372,19.0,51.4,19,2,-1,assisted,weakFoot,0,
1,5,4,22/09/2021,US Salernitana 1919,Hellas Verona,88,Hellas Verona,2701,False,1384,Antonín Barák,330705,M,74,Vid Belec,73,US Salernitana 1919,1372,23.9,51.2,23,1,-1,free-kick,strongFoot,0,
0,5,4,22/09/2021,US Salernitana 1919,Hellas Verona,90,US Salernitana 1919,2710,True,1372,Milan Đurić,76132,F,64,Lorenzo Montipò,74,Hellas Verona,1384,8.3,52.4,8,11,1,set-piece,head,0,
21,5,5,22/09/2021,AC Milan,Venezia,20,Venezia,2688,False,1396,Mattia Aramu,187111,F,62,Mike Maignan,84,AC Milan,1717,10.3,54.4,10,16,0,assisted,head,0,
20,5,5,22/09/2021,AC Milan,Venezia,24,AC Milan,2692,True,1717,Sandro Tonali,892673,M,65,Niki Mäenpää,67,Venezia,1396,16.2,34.5,19,33,0,assisted,strongFoot,0,
19,5,5,22/09/2021,AC Milan,Venezia,25,AC Milan,2692,True,1717,Ante Rebić,152769,M,82,Niki Mäenpää,67,Venezia,1396,3.9,54.5,4,38,0,corner,head,0,
18,5,5,22/09/2021,AC Milan,Venezia,27,AC Milan,2692,True,1717,Ismaël Bennacer,823733,M,67,Niki Mäenpää,67,Venezia,1396,21.6,50.1,21,0,0,regular,strongFoot,0,
17,5,5,22/09/2021,AC Milan,Venezia,29,AC Milan,2692,True,1717,Alessandro Florenzi,152420,D,77,Niki Mäenpää,67,Venezia,1396,8.8,67.4,14,53,0,assisted,strongFoot,0,
16,5,5,22/09/2021,AC Milan,Venezia,31,AC Milan,2692,True,1717,Pierre Kalulu,965330,D,34,Niki Mäenpää,67,Venezia,1396,16.1,62.7,18,28,0,assisted,strongFoot,0,
15,5,5,22/09/2021,AC Milan,Venezia,37,AC Milan,2692,True,1717,Alessandro Florenzi,152420,D,77,Niki Mäenpää,67,Venezia,1396,9.5,59.4,11,33,0,assisted,head,0,
14,5,5,22/09/2021,AC Milan,Venezia,39,AC Milan,2692,True,1717,Rafael Leão,851284,F,72,Niki Mäenpää,67,Venezia,1396,19.7,67.4,22,30,0,assisted,strongFoot,0,
13,5,5,22/09/2021,AC Milan,Venezia,45,Venezia,2688,False,1396,Francesco Forte,133792,F,70,Mike Maignan,84,AC Milan,1717,4.3,41.2,7,54,0,corner,head,0,
12,5,5,22/09/2021,AC Milan,Venezia,45,Venezia,2688,False,1396,Dor Peretz,186953,M,52,Mike Maignan,84,AC Milan,1717,4.0,51.1,4,10,0,corner,head,0,
11,5,5,22/09/2021,AC Milan,Venezia,49,AC Milan,2692,True,1717,Ismaël Bennacer,823733,M,67,Niki Mäenpää,67,Venezia,1396,25.4,58.5,26,12,0,free-kick,strongFoot,0,
10,5,5,22/09/2021,AC Milan,Venezia,49,Venezia,2688,False,1396,Mattia Aramu,187111,F,62,Mike Maignan,84,AC Milan,1717,28.9,78.1,34,33,0,assisted,strongFoot,0,
9,5,5,22/09/2021,AC Milan,Venezia,50,AC Milan,2692,True,1717,Sandro Tonali,892673,M,65,Niki Mäenpää,67,Venezia,1396,20.4,50.5,20,0,0,assisted,strongFoot,0,
8,5,5,22/09/2021,AC Milan,Venezia,52,AC Milan,2692,True,1717,Brahim Díaz,835485,M,67,Niki Mäenpää,67,Venezia,1396,7.9,56.4,9,28,0,assisted,weakFoot,0,
7,5,5,22/09/2021,AC Milan,Venezia,57,Venezia,2688,False,1396,Antonio Junior Vacca,126982,M,48,Mike Maignan,84,AC Milan,1717,26.1,52.6,26,3,0,corner,strongFoot,0,
6,5,5,22/09/2021,AC Milan,Venezia,58,Venezia,2688,False,1396,Dennis Johnsen,869275,F,59,Mike Maignan,84,AC Milan,1717,27.7,37.1,29,17,0,assisted,strongFoot,0,
5,5,5,22/09/2021,AC Milan,Venezia,68,AC Milan,2692,True,1717,Brahim Díaz,835485,M,67,Niki Mäenpää,67,Venezia,1396,3.5,50.4,3,4,0,assisted,weakFoot,1,
4,5,5,22/09/2021,AC Milan,Venezia,78,AC Milan,2692,True,1717,Theo Hernández,788027,D,70,Niki Mäenpää,67,Venezia,1396,24.6,48.2,24,2,1,free-kick,strongFoot,0,
3,5,5,22/09/2021,AC Milan,Venezia,82,AC Milan,2692,True,1717,Theo Hernández,788027,D,70,Niki Mäenpää,67,Venezia,1396,8.1,31.6,14,57,1,assisted,strongFoot,1,
2,5,5,22/09/2021,AC Milan,Venezia,90,AC Milan,2692,True,1717,Alexis Saelemaekers,901891,M,65,Niki Mäenpää,67,Venezia,1396,25.8,38.0,27,17,2,assisted,strongFoot,0,
1,5,5,22/09/2021,AC Milan,Venezia,90,Venezia,2688,False,1396,Thomas Henry,795541,F,72,Mike Maignan,84,AC Milan,1717,12.8,46.0,13,11,-2,assisted,strongFoot,0,
0,5,5,22/09/2021,AC Milan,Venezia,90,Venezia,2688,False,1396,Mattia Aramu,187111,F,62,Mike Maignan,84,AC Milan,1717,32.0,55.9,32,7,-2,free-kick,strongFoot,0,
31,5,6,22/09/2021,Cagliari,Empoli,4,Empoli,2705,False,1519,Andrea Pinamonti,826198,F,70,Alessio Cragno,81,Cagliari,1372,4.8,72.9,16,72,0,assisted,strongFoot,0,
30,5,6,22/09/2021,Cagliari,Empoli,8,Empoli,2705,False,1519,Nicolas Haas,587126,M,57,Alessio Cragno,81,Cagliari,1372,11.8,40.0,13,29,0,assisted,weakFoot,0,
29,5,6,22/09/2021,Cagliari,Empoli,9,Cagliari,2719,True,1372,Dalbert,385386,D,56,Guglielmo Vicario,71,Empoli,1519,19.2,25.8,25,40,0,assisted,strongFoot,0,
28,5,6,22/09/2021,Cagliari,Empoli,24,Cagliari,2719,True,1372,Charalampos Lykogiannis,98212,D,67,Guglielmo Vicario,71,Empoli,1519,24.2,22.9,30,37,0,assisted,strongFoot,0,
27,5,6,22/09/2021,Cagliari,Empoli,29,Empoli,2705,False,1519,Federico Di Francesco,320979,M,69,Alessio Cragno,81,Cagliari,1372,8.0,61.4,11,44,0,assisted,strongFoot,1,
26,5,6,22/09/2021,Cagliari,Empoli,32,Empoli,2705,False,1519,Szymon Żurkowski,860435,F,61,Alessio Cragno,81,Cagliari,1372,21.4,20.4,29,43,0,assisted,strongFoot,0,
25,5,6,22/09/2021,Cagliari,Empoli,33,Cagliari,2719,True,1372,Răzvan Marin,279563,M,73,Guglielmo Vicario,71,Empoli,1519,8.5,65.7,13,51,0,regular,weakFoot,0,
24,5,6,22/09/2021,Cagliari,Empoli,36,Empoli,2705,False,1519,Szymon Żurkowski,860435,F,61,Alessio Cragno,81,Cagliari,1372,28.5,45.2,28,6,0,assisted,weakFoot,0,
23,5,6,22/09/2021,Cagliari,Empoli,41,Empoli,2705,False,1519,Liam Henderson,287573,M,59,Alessio Cragno,81,Cagliari,1372,21.5,36.1,23,23,0,assisted,strongFoot,0,
22,5,6,22/09/2021,Cagliari,Empoli,41,Empoli,2705,False,1519,Liam Henderson,287573,M,59,Alessio Cragno,81,Cagliari,1372,12.4,36.3,15,36,0,regular,weakFoot,0,
21,5,6,22/09/2021,Cagliari,Empoli,52,Cagliari,2719,True,1372,Kevin Strootman,34221,M,74,Guglielmo Vicario,71,Empoli,1519,12.1,36.3,15,37,0,corner,head,0,
20,5,6,22/09/2021,Cagliari,Empoli,59,Cagliari,2719,True,1372,Keita Baldé,317699,F,73,Guglielmo Vicario,71,Empoli,1519,14.5,51.1,14,2,0,assisted,strongFoot,0,
19,5,6,22/09/2021,Cagliari,Empoli,60,Cagliari,2719,True,1372,Răzvan Marin,279563,M,73,Guglielmo Vicario,71,Empoli,1519,19.7,49.7,19,0,0,corner,strongFoot,0,
18,5,6,22/09/2021,Cagliari,Empoli,61,Cagliari,2719,True,1372,Diego Godín,14933,D,48,Guglielmo Vicario,71,Empoli,1519,5.1,61.5,9,56,0,assisted,head,0,
17,5,6,22/09/2021,Cagliari,Empoli,61,Cagliari,2719,True,1372,Keita Baldé,317699,F,73,Guglielmo Vicario,71,Empoli,1519,19.1,44.7,19,10,0,assisted,weakFoot,0,
16,5,6,22/09/2021,Cagliari,Empoli,63,Empoli,2705,False,1519,Andrea Pinamonti,826198,F,70,Alessio Cragno,81,Cagliari,1372,10.8,64.3,14,41,0,corner,strongFoot,0,
15,5,6,22/09/2021,Cagliari,Empoli,63,Empoli,2705,False,1519,Simone Romagnoli,111487,D,39,Alessio Cragno,81,Cagliari,1372,4.6,43.3,6,44,0,corner,strongFoot,0,
13,5,6,22/09/2021,Cagliari,Empoli,67,Empoli,2705,False,1519,Riccardo Marchizza,792311,D,28,Alessio Cragno,81,Cagliari,1372,19.1,33.4,22,30,0,corner,strongFoot,0,
14,5,6,22/09/2021,Cagliari,Empoli,67,Empoli,2705,False,1519,Ardian Ismajli,840414,D,27,Alessio Cragno,81,Cagliari,1372,29.9,64.7,31,18,0,regular,strongFoot,0,
12,5,6,22/09/2021,Cagliari,Empoli,68,Empoli,2705,False,1519,Szymon Żurkowski,860435,F,61,Alessio Cragno,81,Cagliari,1372,18.7,37.7,20,24,0,assisted,strongFoot,0,
11,5,6,22/09/2021,Cagliari,Empoli,69,Empoli,2705,False,1519,Andrea Pinamonti,826198,F,70,Alessio Cragno,81,Cagliari,1372,13.1,36.5,15,35,0,corner,strongFoot,0,
10,5,6,22/09/2021,Cagliari,Empoli,69,Empoli,2705,False,1519,Leo Štulac,142860,M,61,Alessio Cragno,81,Cagliari,1372,23.4,49.3,23,1,0,corner,strongFoot,1,
9,5,6,22/09/2021,Cagliari,Empoli,71,Cagliari,2719,True,1372,Charalampos Lykogiannis,98212,D,67,Guglielmo Vicario,71,Empoli,1519,4.5,46.1,5,30,-1,corner,head,0,
8,5,6,22/09/2021,Cagliari,Empoli,74,Empoli,2705,False,1519,Federico Di Francesco,320979,M,69,Alessio Cragno,81,Cagliari,1372,20.0,49.7,20,0,1,regular,strongFoot,0,
7,5,6,22/09/2021,Cagliari,Empoli,78,Empoli,2705,False,1519,Federico Di Francesco,320979,M,69,Alessio Cragno,81,Cagliari,1372,18.5,35.3,21,28,1,assisted,strongFoot,0,
6,5,6,22/09/2021,Cagliari,Empoli,80,Cagliari,2719,True,1372,Keita Baldé,317699,F,73,Guglielmo Vicario,71,Empoli,1519,9.5,51.5,9,6,-1,assisted,strongFoot,0,
5,5,6,22/09/2021,Cagliari,Empoli,80,Cagliari,2719,True,1372,Răzvan Marin,279563,M,73,Guglielmo Vicario,71,Empoli,1519,26.4,47.2,26,4,-1,regular,weakFoot,0,
4,5,6,22/09/2021,Cagliari,Empoli,81,Empoli,2705,False,1519,Liam Henderson,287573,M,59,Alessio Cragno,81,Cagliari,1372,42.9,34.0,44,14,1,fast-break,strongFoot,0,
3,5,6,22/09/2021,Cagliari,Empoli,82,Cagliari,2719,True,1372,João Pedro Galvão,123208,F,77,Guglielmo Vicario,71,Empoli,1519,10.5,36.7,13,40,-1,assisted,strongFoot,0,
2,5,6,22/09/2021,Cagliari,Empoli,84,Cagliari,2719,True,1372,João Pedro Galvão,123208,F,77,Guglielmo Vicario,71,Empoli,1519,12.8,38.4,15,31,-1,assisted,strongFoot,0,
1,5,6,22/09/2021,Cagliari,Empoli,90,Cagliari,2719,True,1372,Diego Godín,14933,D,48,Guglielmo Vicario,71,Empoli,1519,7.1,49.7,7,1,-1,assisted,head,0,
0,5,6,22/09/2021,Cagliari,Empoli,90,Cagliari,2719,True,1372,Gastón Pereiro,311396,F,73,Guglielmo Vicario,71,Empoli,1519,22.9,47.6,22,4,-1,assisted,strongFoot,0,
29,5,7,23/09/2021,Sampdoria,SSC Napoli,7,SSC Napoli,2714,False,1744,Victor Osimhen,822471,F,79,Emil Audero,78,Sampdoria,1372,20.8,48.2,20,3,0,fast-break,strongFoot,0,
28,5,7,23/09/2021,Sampdoria,SSC Napoli,10,SSC Napoli,2714,False,1744,Victor Osimhen,822471,F,79,Emil Audero,78,Sampdoria,1372,5.1,55.1,6,34,0,assisted,strongFoot,1,
27,5,7,23/09/2021,Sampdoria,SSC Napoli,13,Sampdoria,2711,True,1372,Antonio Candreva,27982,F,78,David Ospina,79,SSC Napoli,1744,14.9,68.1,19,39,0,regular,weakFoot,0,
26,5,7,23/09/2021,Sampdoria,SSC Napoli,16,SSC Napoli,2714,False,1744,Piotr Zieliński,138605,M,74,Emil Audero,78,Sampdoria,1372,21.6,29.6,25,32,0,corner,weakFoot,0,
25,5,7,23/09/2021,Sampdoria,SSC Napoli,17,SSC Napoli,2714,False,1744,Hirving Lozano,385320,F,75,Emil Audero,78,Sampdoria,1372,11.2,70.8,18,51,0,assisted,strongFoot,0,
24,5,7,23/09/2021,Sampdoria,SSC Napoli,19,Sampdoria,2711,True,1372,Bartosz Bereszyński,109461,D,55,David Ospina,79,SSC Napoli,1744,7.1,56.3,8,31,0,assisted,strongFoot,0,
23,5,7,23/09/2021,Sampdoria,SSC Napoli,19,Sampdoria,2711,True,1372,Adrien Silva,30127,M,72,David Ospina,79,SSC Napoli,1744,18.2,55.5,18,11,0,assisted,strongFoot,0,
22,5,7,23/09/2021,Sampdoria,SSC Napoli,19,Sampdoria,2711,True,1372,Maya Yoshida,24248,D,41,David Ospina,79,SSC Napoli,1744,8.1,52.0,8,9,0,corner,head,0,
21,5,7,23/09/2021,Sampdoria,SSC Napoli,21,Sampdoria,2711,True,1372,Antonio Candreva,27982,F,78,David Ospina,79,SSC Napoli,1744,7.8,74.0,18,64,0,assisted,strongFoot,0,
20,5,7,23/09/2021,Sampdoria,SSC Napoli,25,Sampdoria,2711,True,1372,Mikkel Damsgaard,907072,M,67,David Ospina,79,SSC Napoli,1744,19.4,49.4,19,1,0,assisted,strongFoot,0,
19,5,7,23/09/2021,Sampdoria,SSC Napoli,31,SSC Napoli,2714,False,1744,Hirving Lozano,385320,F,75,Emil Audero,78,Sampdoria,1372,20.1,61.4,21,21,0,assisted,weakFoot,0,
18,5,7,23/09/2021,Sampdoria,SSC Napoli,35,Sampdoria,2711,True,1372,Antonio Candreva,27982,F,78,David Ospina,79,SSC Napoli,1744,17.2,53.6,17,8,0,regular,strongFoot,0,
17,5,7,23/09/2021,Sampdoria,SSC Napoli,38,SSC Napoli,2714,False,1744,Lorenzo Insigne,106258,M,77,Emil Audero,78,Sampdoria,1372,22.1,27.0,27,35,0,assisted,strongFoot,0,
16,5,7,23/09/2021,Sampdoria,SSC Napoli,39,SSC Napoli,2714,False,1744,Fabián Ruiz,784655,M,77,Emil Audero,78,Sampdoria,1372,22.1,50.1,22,0,0,assisted,strongFoot,1,
15,5,7,23/09/2021,Sampdoria,SSC Napoli,42,Sampdoria,2711,True,1372,Francesco Caputo,43905,F,78,David Ospina,79,SSC Napoli,1744,15.1,55.5,15,13,-1,assisted,strongFoot,0,
14,5,7,23/09/2021,Sampdoria,SSC Napoli,50,Sampdoria,2711,True,1372,Fabio Quagliarella,11621,F,83,David Ospina,79,SSC Napoli,1744,29.5,63.9,30,17,-1,assisted,strongFoot,0,
13,5,7,23/09/2021,Sampdoria,SSC Napoli,50,SSC Napoli,2714,False,1744,Victor Osimhen,822471,F,79,Emil Audero,78,Sampdoria,1372,6.7,51.1,6,6,1,assisted,strongFoot,1,
12,5,7,23/09/2021,Sampdoria,SSC Napoli,56,SSC Napoli,2714,False,1744,Piotr Zieliński,138605,M,74,Emil Audero,78,Sampdoria,1372,19.8,64.7,22,26,2,assisted,weakFoot,0,
11,5,7,23/09/2021,Sampdoria,SSC Napoli,57,Sampdoria,2711,True,1372,Morten Thorsby,280991,M,60,David Ospina,79,SSC Napoli,1744,21.4,64.3,23,24,-2,regular,weakFoot,0,
10,5,7,23/09/2021,Sampdoria,SSC Napoli,58,SSC Napoli,2714,False,1744,Lorenzo Insigne,106258,M,77,Emil Audero,78,Sampdoria,1372,15.1,29.5,20,42,2,assisted,strongFoot,0,
9,5,7,23/09/2021,Sampdoria,SSC Napoli,59,SSC Napoli,2714,False,1744,Piotr Zieliński,138605,M,74,Emil Audero,78,Sampdoria,1372,12.9,57.5,13,21,2,assisted,weakFoot,1,
8,5,7,23/09/2021,Sampdoria,SSC Napoli,63,Sampdoria,2711,True,1372,Antonio Candreva,27982,F,78,David Ospina,79,SSC Napoli,1744,22.9,67.8,25,27,-3,assisted,weakFoot,0,
7,5,7,23/09/2021,Sampdoria,SSC Napoli,64,SSC Napoli,2714,False,1744,Victor Osimhen,822471,F,79,Emil Audero,78,Sampdoria,1372,9.3,35.5,13,46,3,assisted,strongFoot,0,
6,5,7,23/09/2021,Sampdoria,SSC Napoli,74,Sampdoria,2711,True,1372,Antonio Candreva,27982,F,78,David Ospina,79,SSC Napoli,1744,23.2,69.8,26,30,-3,assisted,strongFoot,0,
5,5,7,23/09/2021,Sampdoria,SSC Napoli,77,SSC Napoli,2714,False,1744,Hirving Lozano,385320,F,75,Emil Audero,78,Sampdoria,1372,21.5,42.5,22,13,3,set-piece,strongFoot,0,
4,5,7,23/09/2021,Sampdoria,SSC Napoli,79,Sampdoria,2711,True,1372,Antonio Candreva,27982,F,78,David Ospina,79,SSC Napoli,1744,25.0,58.8,25,13,-3,free-kick,strongFoot,0,
3,5,7,23/09/2021,Sampdoria,SSC Napoli,81,SSC Napoli,2714,False,1744,Hirving Lozano,385320,F,75,Emil Audero,78,Sampdoria,1372,12.1,25.8,20,53,3,assisted,strongFoot,0,
2,5,7,23/09/2021,Sampdoria,SSC Napoli,85,SSC Napoli,2714,False,1744,Adam Ounas,818440,M,66,Emil Audero,78,Sampdoria,1372,12.4,40.5,13,27,3,assisted,strongFoot,0,
1,5,7,23/09/2021,Sampdoria,SSC Napoli,85,SSC Napoli,2714,False,1744,Frank Anguissa,787941,M,62,Emil Audero,78,Sampdoria,1372,20.8,48.8,20,2,3,regular,weakFoot,0,
0,5,7,23/09/2021,Sampdoria,SSC Napoli,89,SSC Napoli,2714,False,1744,Fabián Ruiz,784655,M,77,Emil Audero,78,Sampdoria,1372,26.7,56.9,27,9,3,assisted,strongFoot,0,
21,5,8,23/09/2021,Torino,Lazio,7,Torino,2696,True,1434,Tommaso Pobega,928796,M,66,Pepe Reina,78,Lazio,1610,22.9,54.8,23,8,0,assisted,weakFoot,0,
20,5,8,23/09/2021,Torino,Lazio,9,Torino,2696,True,1434,Josip Brekalo,357598,M,72,Pepe Reina,78,Lazio,1610,25.9,66.2,28,23,0,corner,strongFoot,0,
19,5,8,23/09/2021,Torino,Lazio,10,Lazio,2699,False,1610,Ciro Immobile,45923,F,87,Vanja Milinković-Savić,70,Torino,1434,40.0,43.0,40,6,0,regular,strongFoot,0,
18,5,8,23/09/2021,Torino,Lazio,22,Lazio,2699,False,1610,Ciro Immobile,45923,F,87,Vanja Milinković-Savić,70,Torino,1434,24.2,68.1,27,26,0,regular,strongFoot,0,
17,5,8,23/09/2021,Torino,Lazio,38,Torino,2696,True,1434,Antonio Sanabria,333261,F,71,Pepe Reina,78,Lazio,1610,6.7,28.2,16,65,0,regular,weakFoot,0,
16,5,8,23/09/2021,Torino,Lazio,40,Torino,2696,True,1434,Josip Brekalo,357598,M,72,Pepe Reina,78,Lazio,1610,14.6,47.5,14,6,0,assisted,weakFoot,0,
15,5,8,23/09/2021,Torino,Lazio,42,Torino,2696,True,1434,Josip Brekalo,357598,M,72,Pepe Reina,78,Lazio,1610,19.9,66.9,22,30,0,corner,strongFoot,0,
14,5,8,23/09/2021,Torino,Lazio,42,Torino,2696,True,1434,Rolando Mandragora,548178,M,63,Pepe Reina,78,Lazio,1610,29.4,44.6,29,7,0,corner,strongFoot,0,
13,5,8,23/09/2021,Torino,Lazio,42,Torino,2696,True,1434,Antonio Sanabria,333261,F,71,Pepe Reina,78,Lazio,1610,6.9,51.5,6,8,0,assisted,head,0,
12,5,8,23/09/2021,Torino,Lazio,43,Torino,2696,True,1434,Tommaso Pobega,928796,M,66,Pepe Reina,78,Lazio,1610,8.6,40.9,10,35,0,corner,head,0,
11,5,8,23/09/2021,Torino,Lazio,49,Torino,2696,True,1434,Karol Linetty,189135,M,61,Pepe Reina,78,Lazio,1610,24.5,47.5,24,3,0,assisted,strongFoot,0,
10,5,8,23/09/2021,Torino,Lazio,53,Torino,2696,True,1434,Antonio Sanabria,333261,F,71,Pepe Reina,78,Lazio,1610,9.3,46.1,9,15,0,assisted,head,0,
9,5,8,23/09/2021,Torino,Lazio,57,Torino,2696,True,1434,Tommaso Pobega,928796,M,66,Pepe Reina,78,Lazio,1610,25.1,52.6,25,4,0,regular,weakFoot,0,
8,5,8,23/09/2021,Torino,Lazio,68,Lazio,2699,False,1610,Sergej Milinković-Savić,331447,M,78,Vanja Milinković-Savić,70,Torino,1434,25.3,73.0,29,31,0,assisted,strongFoot,0,
7,5,8,23/09/2021,Torino,Lazio,69,Torino,2696,True,1434,Cristian Ansaldi,43476,D,63,Pepe Reina,78,Lazio,1610,8.6,27.6,17,60,0,assisted,weakFoot,0,
6,5,8,23/09/2021,Torino,Lazio,74,Torino,2696,True,1434,Antonio Sanabria,333261,F,71,Pepe Reina,78,Lazio,1610,11.2,41.6,12,27,0,assisted,head,0,
5,5,8,23/09/2021,Torino,Lazio,76,Torino,2696,True,1434,Marko Pjaca,190435,F,67,Pepe Reina,78,Lazio,1610,8.4,51.8,8,8,0,assisted,head,1,
4,5,8,23/09/2021,Torino,Lazio,80,Torino,2696,True,1434,Marko Pjaca,190435,F,67,Pepe Reina,78,Lazio,1610,14.5,45.5,14,11,1,assisted,strongFoot,0,
3,5,8,23/09/2021,Torino,Lazio,82,Torino,2696,True,1434,Koffi Djidji,158235,D,31,Pepe Reina,78,Lazio,1610,8.7,47.2,8,12,1,corner,head,0,
2,5,8,23/09/2021,Torino,Lazio,88,Lazio,2699,False,1610,Ciro Immobile,45923,F,87,Vanja Milinković-Savić,70,Torino,1434,2.1,60.6,7,73,-1,corner,head,0,
1,5,8,23/09/2021,Torino,Lazio,89,Lazio,2699,False,1610,Elseid Hysaj,136322,D,49,Vanja Milinković-Savić,70,Torino,1434,26.5,47.2,26,4,-1,corner,strongFoot,0,
0,5,8,23/09/2021,Torino,Lazio,90,Lazio,2699,False,1610,Ciro Immobile,45923,F,87,Vanja Milinković-Savić,70,Torino,1434,11.5,50.0,11,0,-1,penalty,strongFoot,1,
19,5,9,23/09/2021,AS Roma,Udinese,1,AS Roma,2702,True,1729,Henrikh Mkhitaryan,37151,M,79,Marco Silvestri,79,Udinese,1414,24.4,46.6,24,5,0,corner,weakFoot,0,
18,5,9,23/09/2021,AS Roma,Udinese,4,AS Roma,2702,True,1729,Henrikh Mkhitaryan,37151,M,79,Marco Silvestri,79,Udinese,1414,18.3,37.1,20,25,0,corner,weakFoot,0,
17,5,9,23/09/2021,AS Roma,Udinese,7,AS Roma,2702,True,1729,Lorenzo Pellegrini,555540,F,73,Marco Silvestri,79,Udinese,1414,25.5,59.4,26,14,0,assisted,strongFoot,0,
16,5,9,23/09/2021,AS Roma,Udinese,8,AS Roma,2702,True,1729,Nicolò Zaniolo,864898,F,73,Marco Silvestri,79,Udinese,1414,1.0,55.7,4,75,0,corner,head,0,
15,5,9,23/09/2021,AS Roma,Udinese,17,AS Roma,2702,True,1729,Lorenzo Pellegrini,555540,F,73,Marco Silvestri,79,Udinese,1414,23.8,48.3,23,2,0,assisted,strongFoot,0,
14,5,9,23/09/2021,AS Roma,Udinese,18,AS Roma,2702,True,1729,Tammy Abraham,610766,F,77,Marco Silvestri,79,Udinese,1414,13.3,32.7,17,41,0,assisted,strongFoot,0,
13,5,9,23/09/2021,AS Roma,Udinese,20,AS Roma,2702,True,1729,Lorenzo Pellegrini,555540,F,73,Marco Silvestri,79,Udinese,1414,15.6,55.0,15,12,0,assisted,strongFoot,0,
12,5,9,23/09/2021,AS Roma,Udinese,20,AS Roma,2702,True,1729,Nicolò Zaniolo,864898,F,73,Marco Silvestri,79,Udinese,1414,25.8,65.3,27,21,0,regular,strongFoot,0,
11,5,9,23/09/2021,AS Roma,Udinese,33,AS Roma,2702,True,1729,Nicolò Zaniolo,864898,F,73,Marco Silvestri,79,Udinese,1414,14.6,26.7,21,47,0,set-piece,strongFoot,0,
10,5,9,23/09/2021,AS Roma,Udinese,36,AS Roma,2702,True,1729,Tammy Abraham,610766,F,77,Marco Silvestri,79,Udinese,1414,4.1,47.4,4,23,0,assisted,strongFoot,1,
9,5,9,23/09/2021,AS Roma,Udinese,41,Udinese,2695,False,1414,Ignacio Pussetto,340509,F,72,Rui Patrício,82,AS Roma,1729,3.6,50.1,3,1,-1,regular,head,0,
8,5,9,23/09/2021,AS Roma,Udinese,50,Udinese,2695,False,1414,Rodrigo Becão,880207,D,32,Rui Patrício,82,AS Roma,1729,11.7,56.0,12,19,-1,set-piece,head,0,
7,5,9,23/09/2021,AS Roma,Udinese,61,Udinese,2695,False,1414,Destiny Udogie,983572,D,48,Rui Patrício,82,AS Roma,1729,12.0,34.6,15,41,-1,assisted,strongFoot,0,
6,5,9,23/09/2021,AS Roma,Udinese,68,Udinese,2695,False,1414,Brandon Soppy,963211,D,37,Rui Patrício,82,AS Roma,1729,9.5,70.2,16,55,-1,assisted,strongFoot,0,
5,5,9,23/09/2021,AS Roma,Udinese,73,Udinese,2695,False,1414,Gerard Deulofeu,96372,F,72,Rui Patrício,82,AS Roma,1729,5.1,69.9,14,69,-1,assisted,strongFoot,0,
4,5,9,23/09/2021,AS Roma,Udinese,75,Udinese,2695,False,1414,Beto,987489,F,73,Rui Patrício,82,AS Roma,1729,11.8,46.6,12,11,-1,assisted,head,0,
3,5,9,23/09/2021,AS Roma,Udinese,85,Udinese,2695,False,1414,Walace,553686,M,66,Rui Patrício,82,AS Roma,1729,28.6,48.5,28,2,-1,assisted,strongFoot,0,
2,5,9,23/09/2021,AS Roma,Udinese,86,AS Roma,2702,True,1729,Eldor Shomurodov,792283,F,69,Marco Silvestri,79,Udinese,1414,10.1,50.9,10,3,1,assisted,head,0,
1,5,9,23/09/2021,AS Roma,Udinese,87,AS Roma,2702,True,1729,Stephan El Shaarawy,45925,F,75,Marco Silvestri,79,Udinese,1414,18.2,51.5,18,3,1,assisted,strongFoot,0,
0,5,9,23/09/2021,AS Roma,Udinese,90,Udinese,2695,False,1414,Gerard Deulofeu,96372,F,72,Rui Patrício,82,AS Roma,1729,24.4,36.9,25,20,-1,free-kick,strongFoot,0,
25,6,0,25/09/2021,Spezia,AC Milan,6,Spezia,2735,True,1372,Giulio Maggiore,848185,M,58,Mike Maignan,84,AC Milan,1717,10.0,74.0,19,58,0,regular,strongFoot,0,
24,6,0,25/09/2021,Spezia,AC Milan,10,AC Milan,2692,False,1717,Sandro Tonali,892673,M,65,Jeroen Zoet,75,Spezia,1372,12.8,62.3,15,33,0,assisted,strongFoot,0,
23,6,0,25/09/2021,Spezia,AC Milan,13,Spezia,2735,True,1372,M'bala Nzola,788061,F,69,Mike Maignan,84,AC Milan,1717,9.7,69.3,16,53,0,assisted,weakFoot,0,
22,6,0,25/09/2021,Spezia,AC Milan,14,AC Milan,2692,False,1717,Ante Rebić,152769,M,82,Jeroen Zoet,75,Spezia,1372,21.8,49.4,21,1,0,regular,strongFoot,0,
21,6,0,25/09/2021,Spezia,AC Milan,21,Spezia,2735,True,1372,Giulio Maggiore,848185,M,58,Mike Maignan,84,AC Milan,1717,40.5,77.3,44,24,0,assisted,strongFoot,0,
20,6,0,25/09/2021,Spezia,AC Milan,27,AC Milan,2692,False,1717,Theo Hernández,788027,D,70,Jeroen Zoet,75,Spezia,1372,19.4,82.0,29,48,0,free-kick,strongFoot,0,
19,6,0,25/09/2021,Spezia,AC Milan,29,Spezia,2735,True,1372,Giulio Maggiore,848185,M,58,Mike Maignan,84,AC Milan,1717,10.9,50.6,10,2,0,assisted,other,0,
18,6,0,25/09/2021,Spezia,AC Milan,32,Spezia,2735,True,1372,Emmanuel Gyasi,541578,M,59,Mike Maignan,84,AC Milan,1717,19.1,51.3,19,2,0,assisted,strongFoot,0,
17,6,0,25/09/2021,Spezia,AC Milan,34,AC Milan,2692,False,1717,Alexis Saelemaekers,901891,M,65,Jeroen Zoet,75,Spezia,1372,22.9,56.3,23,10,0,corner,weakFoot,0,
16,6,0,25/09/2021,Spezia,AC Milan,37,AC Milan,2692,False,1717,Ante Rebić,152769,M,82,Jeroen Zoet,75,Spezia,1372,6.9,47.8,7,12,0,corner,head,0,
15,6,0,25/09/2021,Spezia,AC Milan,44,AC Milan,2692,False,1717,Theo Hernández,788027,D,70,Jeroen Zoet,75,Spezia,1372,8.8,29.3,16,57,0,fast-break,strongFoot,0,
14,6,0,25/09/2021,Spezia,AC Milan,48,AC Milan,2692,False,1717,Daniel Maldini,970928,F,51,Jeroen Zoet,75,Spezia,1372,8.1,46.8,8,15,0,assisted,head,1,
13,6,0,25/09/2021,Spezia,AC Milan,55,Spezia,2735,True,1372,Giulio Maggiore,848185,M,58,Mike Maignan,84,AC Milan,1717,19.6,55.0,19,9,-1,regular,weakFoot,0,
12,6,0,25/09/2021,Spezia,AC Milan,57,AC Milan,2692,False,1717,Rafael Leão,851284,F,72,Jeroen Zoet,75,Spezia,1372,13.1,25.3,21,52,1,assisted,strongFoot,0,
11,6,0,25/09/2021,Spezia,AC Milan,59,Spezia,2735,True,1372,Giulio Maggiore,848185,M,58,Mike Maignan,84,AC Milan,1717,3.4,50.9,3,10,-1,assisted,strongFoot,0,
10,6,0,25/09/2021,Spezia,AC Milan,61,AC Milan,2692,False,1717,Pietro Pellegri,839226,F,66,Jeroen Zoet,75,Spezia,1372,11.4,66.2,15,44,1,assisted,strongFoot,0,
9,6,0,25/09/2021,Spezia,AC Milan,61,AC Milan,2692,False,1717,Rafael Leão,851284,F,72,Jeroen Zoet,75,Spezia,1372,13.2,45.5,13,13,1,assisted,weakFoot,0,
8,6,0,25/09/2021,Spezia,AC Milan,62,AC Milan,2692,False,1717,Rafael Leão,851284,F,72,Jeroen Zoet,75,Spezia,1372,8.3,27.6,17,61,1,assisted,weakFoot,0,
7,6,0,25/09/2021,Spezia,AC Milan,74,AC Milan,2692,False,1717,Rafael Leão,851284,F,72,Jeroen Zoet,75,Spezia,1372,22.7,43.1,23,11,1,assisted,strongFoot,0,
6,6,0,25/09/2021,Spezia,AC Milan,74,AC Milan,2692,False,1717,Franck Kessié,359226,M,73,Jeroen Zoet,75,Spezia,1372,10.7,55.7,11,19,1,assisted,strongFoot,0,
5,6,0,25/09/2021,Spezia,AC Milan,80,Spezia,2735,True,1372,Daniele Verde,605580,F,72,Mike Maignan,84,AC Milan,1717,10.9,68.4,16,48,-1,assisted,strongFoot,1,
4,6,0,25/09/2021,Spezia,AC Milan,83,AC Milan,2692,False,1717,Rafael Leão,851284,F,72,Jeroen Zoet,75,Spezia,1372,26.8,22.4,32,35,0,assisted,strongFoot,0,
3,6,0,25/09/2021,Spezia,AC Milan,85,AC Milan,2692,False,1717,Rafael Leão,851284,F,72,Jeroen Zoet,75,Spezia,1372,6.6,38.9,10,48,0,assisted,head,0,
2,6,0,25/09/2021,Spezia,AC Milan,86,AC Milan,2692,False,1717,Brahim Díaz,835485,M,67,Jeroen Zoet,75,Spezia,1372,8.1,54.8,8,21,0,assisted,weakFoot,1,
1,6,0,25/09/2021,Spezia,AC Milan,90,AC Milan,2692,False,1717,Pietro Pellegri,839226,F,66,Jeroen Zoet,75,Spezia,1372,22.8,64.5,24,23,1,regular,strongFoot,0,
0,6,0,25/09/2021,Spezia,AC Milan,90,AC Milan,2692,False,1717,Rafael Leão,851284,F,72,Jeroen Zoet,75,Spezia,1372,16.9,31.6,21,36,1,assisted,strongFoot,0,
40,6,1,25/09/2021,Inter,Atalanta,3,Inter,2697,True,1805,Lautaro Martínez,823984,F,81,Juan Musso,81,Atalanta,1759,10.8,53.0,10,10,0,assisted,head,0,
39,6,1,25/09/2021,Inter,Atalanta,3,Inter,2697,True,1805,Edin Džeko,14990,F,82,Juan Musso,81,Atalanta,1759,6.5,41.5,8,41,0,regular,weakFoot,0,
38,6,1,25/09/2021,Inter,Atalanta,5,Inter,2697,True,1805,Lautaro Martínez,823984,F,81,Juan Musso,81,Atalanta,1759,8.8,54.0,9,17,0,assisted,strongFoot,1,
37,6,1,25/09/2021,Inter,Atalanta,8,Atalanta,2686,False,1759,Ruslan Malinovskyi,195850,M,79,Samir Handanović,86,Inter,1805,21.2,35.5,23,24,-1,assisted,weakFoot,0,
36,6,1,25/09/2021,Inter,Atalanta,16,Atalanta,2686,False,1759,Ruslan Malinovskyi,195850,M,79,Samir Handanović,86,Inter,1805,21.8,64.6,23,24,-1,assisted,strongFoot,0,
35,6,1,25/09/2021,Inter,Atalanta,17,Atalanta,2686,False,1759,Robin Gosens,377118,D,73,Samir Handanović,86,Inter,1805,7.8,42.1,9,34,-1,corner,head,0,
34,6,1,25/09/2021,Inter,Atalanta,22,Inter,2697,True,1805,Hakan Çalhanoğlu,135700,M,77,Juan Musso,81,Atalanta,1759,21.2,70.1,25,32,1,free-kick,strongFoot,0,
33,6,1,25/09/2021,Inter,Atalanta,23,Atalanta,2686,False,1759,Marten de Roon,100389,M,68,Samir Handanović,86,Inter,1805,20.5,39.8,21,18,-1,assisted,strongFoot,0,
32,6,1,25/09/2021,Inter,Atalanta,26,Atalanta,2686,False,1759,Matteo Pessina,350210,M,69,Samir Handanović,86,Inter,1805,1.4,59.2,6,77,-1,corner,strongFoot,0,
30,6,1,25/09/2021,Inter,Atalanta,27,Atalanta,2686,False,1759,Duván Zapata,38162,F,81,Samir Handanović,86,Inter,1805,8.1,56.7,9,29,-1,assisted,head,0,
31,6,1,25/09/2021,Inter,Atalanta,27,Atalanta,2686,False,1759,Robin Gosens,377118,D,73,Samir Handanović,86,Inter,1805,7.0,58.1,8,38,-1,corner,head,0,
29,6,1,25/09/2021,Inter,Atalanta,30,Atalanta,2686,False,1759,Ruslan Malinovskyi,195850,M,79,Samir Handanović,86,Inter,1805,23.1,33.8,25,25,-1,regular,strongFoot,1,
28,6,1,25/09/2021,Inter,Atalanta,35,Inter,2697,True,1805,Hakan Çalhanoğlu,135700,M,77,Juan Musso,81,Atalanta,1759,34.2,8.7,44,39,0,regular,strongFoot,0,
27,6,1,25/09/2021,Inter,Atalanta,36,Inter,2697,True,1805,Stefan de Vrij,91046,D,41,Juan Musso,81,Atalanta,1759,3.3,46.2,4,38,0,corner,weakFoot,0,
26,6,1,25/09/2021,Inter,Atalanta,38,Atalanta,2686,False,1759,Ruslan Malinovskyi,195850,M,79,Samir Handanović,86,Inter,1805,24.6,59.0,25,13,0,assisted,strongFoot,0,
25,6,1,25/09/2021,Inter,Atalanta,38,Atalanta,2686,False,1759,Rafael Tolói,82943,D,46,Samir Handanović,86,Inter,1805,9.5,56.1,10,23,0,regular,weakFoot,1,
24,6,1,25/09/2021,Inter,Atalanta,42,Atalanta,2686,False,1759,Rafael Tolói,82943,D,46,Samir Handanović,86,Inter,1805,9.3,47.2,9,11,1,corner,head,0,
23,6,1,25/09/2021,Inter,Atalanta,45,Atalanta,2686,False,1759,Robin Gosens,377118,D,73,Samir Handanović,86,Inter,1805,13.8,54.0,14,11,1,assisted,weakFoot,0,
22,6,1,25/09/2021,Inter,Atalanta,48,Atalanta,2686,False,1759,Ruslan Malinovskyi,195850,M,79,Samir Handanović,86,Inter,1805,3.6,57.5,6,54,1,assisted,strongFoot,0,
21,6,1,25/09/2021,Inter,Atalanta,48,Atalanta,2686,False,1759,José Luis Palomino,79680,D,32,Samir Handanović,86,Inter,1805,8.3,43.7,9,27,1,corner,head,0,
20,6,1,25/09/2021,Inter,Atalanta,49,Inter,2697,True,1805,Hakan Çalhanoğlu,135700,M,77,Juan Musso,81,Atalanta,1759,24.8,34.5,26,23,-1,assisted,strongFoot,0,
18,6,1,25/09/2021,Inter,Atalanta,51,Atalanta,2686,False,1759,Duván Zapata,38162,F,81,Samir Handanović,86,Inter,1805,3.6,52.0,3,20,1,set-piece,strongFoot,0,
19,6,1,25/09/2021,Inter,Atalanta,51,Atalanta,2686,False,1759,Ruslan Malinovskyi,195850,M,79,Samir Handanović,86,Inter,1805,16.9,19.8,26,50,1,free-kick,strongFoot,0,
17,6,1,25/09/2021,Inter,Atalanta,57,Inter,2697,True,1805,Lautaro Martínez,823984,F,81,Juan Musso,81,Atalanta,1759,5.4,33.8,12,63,-1,regular,weakFoot,0,
16,6,1,25/09/2021,Inter,Atalanta,58,Inter,2697,True,1805,Edin Džeko,14990,F,82,Juan Musso,81,Atalanta,1759,7.4,51.8,7,9,-1,corner,head,0,
15,6,1,25/09/2021,Inter,Atalanta,59,Inter,2697,True,1805,Matías Vecino,158615,M,70,Juan Musso,81,Atalanta,1759,7.8,56.5,8,29,-1,assisted,head,0,
14,6,1,25/09/2021,Inter,Atalanta,59,Inter,2697,True,1805,Milan Škriniar,187205,D,41,Juan Musso,81,Atalanta,1759,7.4,57.1,8,33,-1,corner,head,0,
13,6,1,25/09/2021,Inter,Atalanta,62,Inter,2697,True,1805,Lautaro Martínez,823984,F,81,Juan Musso,81,Atalanta,1759,3.3,53.8,4,38,-1,corner,strongFoot,0,
12,6,1,25/09/2021,Inter,Atalanta,63,Atalanta,2686,False,1759,Josip Iličić,41270,F,85,Samir Handanović,86,Inter,1805,10.7,26.8,19,55,1,assisted,strongFoot,0,
11,6,1,25/09/2021,Inter,Atalanta,68,Inter,2697,True,1805,Lautaro Martínez,823984,F,81,Juan Musso,81,Atalanta,1759,14.1,63.9,16,33,-1,assisted,strongFoot,0,
9,6,1,25/09/2021,Inter,Atalanta,71,Inter,2697,True,1805,Edin Džeko,14990,F,82,Juan Musso,81,Atalanta,1759,2.6,52.6,3,34,-1,regular,weakFoot,1,
10,6,1,25/09/2021,Inter,Atalanta,71,Inter,2697,True,1805,Federico Dimarco,284361,M,60,Juan Musso,81,Atalanta,1759,10.5,36.1,14,41,0,assisted,strongFoot,0,
8,6,1,25/09/2021,Inter,Atalanta,72,Inter,2697,True,1805,Edin Džeko,14990,F,82,Juan Musso,81,Atalanta,1759,9.7,49.9,9,0,0,assisted,head,0,
7,6,1,25/09/2021,Inter,Atalanta,75,Atalanta,2686,False,1759,Joakim Mæhle,842364,D,55,Samir Handanović,86,Inter,1805,20.9,71.1,25,34,0,assisted,strongFoot,0,
6,6,1,25/09/2021,Inter,Atalanta,76,Inter,2697,True,1805,Denzel Dumfries,759520,M,58,Juan Musso,81,Atalanta,1759,4.7,73.2,16,73,0,assisted,strongFoot,0,
5,6,1,25/09/2021,Inter,Atalanta,82,Atalanta,2686,False,1759,Josip Iličić,41270,F,85,Samir Handanović,86,Inter,1805,13.2,67.0,17,41,0,assisted,weakFoot,0,
4,6,1,25/09/2021,Inter,Atalanta,83,Atalanta,2686,False,1759,Merih Demiral,806968,D,40,Samir Handanović,86,Inter,1805,4.1,55.0,5,39,0,corner,head,0,
3,6,1,25/09/2021,Inter,Atalanta,86,Inter,2697,True,1805,Federico Dimarco,284361,M,60,Juan Musso,81,Atalanta,1759,11.5,50.0,11,0,0,penalty,strongFoot,0,
2,6,1,25/09/2021,Inter,Atalanta,87,Atalanta,2686,False,1759,Josip Iličić,41270,F,85,Samir Handanović,86,Inter,1805,24.8,26.8,29,32,0,assisted,strongFoot,0,
1,6,1,25/09/2021,Inter,Atalanta,90,Atalanta,2686,False,1759,Rafael Tolói,82943,D,46,Samir Handanović,86,Inter,1805,6.9,47.5,7,13,0,corner,head,0,
0,6,1,25/09/2021,Inter,Atalanta,90,Inter,2697,True,1805,Edin Džeko,14990,F,82,Juan Musso,81,Atalanta,1759,8.5,55.7,9,24,0,assisted,head,0,
22,6,2,25/09/2021,Genoa,Hellas Verona,8,Hellas Verona,2701,False,1384,Giovanni Simeone,341143,F,73,Salvatore Sirigu,82,Genoa,1396,5.2,48.2,5,13,0,assisted,head,1,
21,6,2,25/09/2021,Genoa,Hellas Verona,12,Genoa,2713,True,1396,Domenico Criscito,14251,M,60,Lorenzo Montipò,74,Hellas Verona,1384,23.4,30.5,26,29,0,regular,strongFoot,0,
20,6,2,25/09/2021,Genoa,Hellas Verona,20,Hellas Verona,2701,False,1384,Kevin Lasagna,587962,F,69,Salvatore Sirigu,82,Genoa,1396,14.3,45.4,14,12,0,regular,weakFoot,0,
19,6,2,25/09/2021,Genoa,Hellas Verona,25,Hellas Verona,2701,False,1384,Davide Faraoni,32040,D,70,Salvatore Sirigu,82,Genoa,1396,22.6,77.3,29,39,0,assisted,strongFoot,0,
18,6,2,25/09/2021,Genoa,Hellas Verona,27,Genoa,2713,True,1396,Andrea Cambiaso,917048,M,52,Lorenzo Montipò,74,Hellas Verona,1384,25.5,50.9,25,1,0,assisted,weakFoot,0,
17,6,2,25/09/2021,Genoa,Hellas Verona,36,Genoa,2713,True,1396,Milan Badelj,39482,M,63,Lorenzo Montipò,74,Hellas Verona,1384,17.8,61.7,19,24,0,assisted,strongFoot,0,
16,6,2,25/09/2021,Genoa,Hellas Verona,44,Genoa,2713,True,1396,Yayah Kallon,967510,F,66,Lorenzo Montipò,74,Hellas Verona,1384,23.2,59.0,23,14,0,assisted,strongFoot,0,
15,6,2,25/09/2021,Genoa,Hellas Verona,49,Hellas Verona,2701,False,1384,Antonín Barák,330705,M,74,Salvatore Sirigu,82,Genoa,1396,11.5,50.0,11,0,0,penalty,strongFoot,1,
14,6,2,25/09/2021,Genoa,Hellas Verona,60,Hellas Verona,2701,False,1384,Boško Šutalo,942992,D,30,Salvatore Sirigu,82,Genoa,1396,26.5,32.4,29,24,1,regular,strongFoot,0,
13,6,2,25/09/2021,Genoa,Hellas Verona,67,Hellas Verona,2701,False,1384,Kevin Lasagna,587962,F,69,Salvatore Sirigu,82,Genoa,1396,10.6,39.4,12,34,1,fast-break,strongFoot,0,
12,6,2,25/09/2021,Genoa,Hellas Verona,70,Genoa,2713,True,1396,Domenico Criscito,14251,M,60,Lorenzo Montipò,74,Hellas Verona,1384,26.0,37.1,27,18,-1,set-piece,strongFoot,0,
11,6,2,25/09/2021,Genoa,Hellas Verona,71,Hellas Verona,2701,False,1384,Nikola Kalinić,31273,F,73,Salvatore Sirigu,82,Genoa,1396,4.7,58.2,7,49,1,assisted,strongFoot,0,
10,6,2,25/09/2021,Genoa,Hellas Verona,73,Hellas Verona,2701,False,1384,Antonín Barák,330705,M,74,Salvatore Sirigu,82,Genoa,1396,24.2,48.9,24,1,1,free-kick,strongFoot,0,
9,6,2,25/09/2021,Genoa,Hellas Verona,77,Genoa,2713,True,1396,Domenico Criscito,14251,M,60,Lorenzo Montipò,74,Hellas Verona,1384,11.5,50.0,11,0,-1,penalty,strongFoot,1,
8,6,2,25/09/2021,Genoa,Hellas Verona,78,Hellas Verona,2701,False,1384,Giangiacomo Magnani,812829,D,35,Salvatore Sirigu,82,Genoa,1396,7.2,43.6,8,31,0,set-piece,head,0,
7,6,2,25/09/2021,Genoa,Hellas Verona,80,Genoa,2713,True,1396,Mattia Destro,100570,F,75,Lorenzo Montipò,74,Hellas Verona,1384,10.2,53.3,10,12,0,set-piece,head,1,
6,6,2,25/09/2021,Genoa,Hellas Verona,81,Genoa,2713,True,1396,Mattia Destro,100570,F,75,Lorenzo Montipò,74,Hellas Verona,1384,16.0,61.1,17,25,1,fast-break,strongFoot,0,
5,6,2,25/09/2021,Genoa,Hellas Verona,82,Hellas Verona,2701,False,1384,Kevin Lasagna,587962,F,69,Salvatore Sirigu,82,Genoa,1396,20.2,68.5,23,31,-1,assisted,strongFoot,0,
4,6,2,25/09/2021,Genoa,Hellas Verona,84,Hellas Verona,2701,False,1384,Daniel Bessa,301164,M,68,Salvatore Sirigu,82,Genoa,1396,24.5,57.9,25,12,-1,assisted,strongFoot,0,
3,6,2,25/09/2021,Genoa,Hellas Verona,85,Genoa,2713,True,1396,Mattia Destro,100570,F,75,Lorenzo Montipò,74,Hellas Verona,1384,8.4,41.5,10,34,1,assisted,weakFoot,1,
2,6,2,25/09/2021,Genoa,Hellas Verona,87,Hellas Verona,2701,False,1384,Antonín Barák,330705,M,74,Salvatore Sirigu,82,Genoa,1396,7.1,61.5,10,47,-2,assisted,weakFoot,0,
1,6,2,25/09/2021,Genoa,Hellas Verona,90,Hellas Verona,2701,False,1384,Nikola Kalinić,31273,F,73,Salvatore Sirigu,82,Genoa,1396,8.0,52.0,8,9,-2,assisted,head,1,
0,6,2,25/09/2021,Genoa,Hellas Verona,90,Genoa,2713,True,1396,Caleb Ekuban,309156,F,70,Lorenzo Montipò,74,Hellas Verona,1384,17.7,64.1,20,28,1,regular,strongFoot,0,
20,6,3,26/09/2021,Juventus,Sampdoria,1,Sampdoria,2711,False,1372,Albin Ekdal,21992,M,65,Mattia Perin,80,Juventus,1843,5.3,35.5,11,61,0,corner,head,0,
19,6,3,26/09/2021,Juventus,Sampdoria,6,Juventus,2687,True,1843,Paulo Dybala,256219,F,85,Emil Audero,78,Sampdoria,1372,20.2,66.6,23,29,0,assisted,strongFoot,0,
18,6,3,26/09/2021,Juventus,Sampdoria,10,Juventus,2687,True,1843,Manuel Locatelli,363860,M,71,Emil Audero,78,Sampdoria,1372,19.6,47.1,19,5,0,regular,weakFoot,0,
17,6,3,26/09/2021,Juventus,Sampdoria,10,Juventus,2687,True,1843,Paulo Dybala,256219,F,85,Emil Audero,78,Sampdoria,1372,20.2,57.7,20,14,0,assisted,strongFoot,1,
16,6,3,26/09/2021,Juventus,Sampdoria,12,Juventus,2687,True,1843,Federico Chiesa,845386,F,80,Emil Audero,78,Sampdoria,1372,9.7,62.3,12,40,1,assisted,strongFoot,0,
15,6,3,26/09/2021,Juventus,Sampdoria,14,Juventus,2687,True,1843,Álvaro Morata,125407,F,79,Emil Audero,78,Sampdoria,1372,9.7,37.1,13,42,1,assisted,strongFoot,0,
14,6,3,26/09/2021,Juventus,Sampdoria,16,Juventus,2687,True,1843,Álvaro Morata,125407,F,79,Emil Audero,78,Sampdoria,1372,7.3,32.1,14,59,1,assisted,weakFoot,0,
13,6,3,26/09/2021,Juventus,Sampdoria,18,Sampdoria,2711,False,1372,Francesco Caputo,43905,F,78,Mattia Perin,80,Juventus,1843,24.5,59.8,25,15,-1,assisted,strongFoot,0,
12,6,3,26/09/2021,Juventus,Sampdoria,25,Juventus,2687,True,1843,Dejan Kulusevski,928124,M,74,Emil Audero,78,Sampdoria,1372,22.2,48.5,22,2,1,assisted,strongFoot,0,
11,6,3,26/09/2021,Juventus,Sampdoria,29,Juventus,2687,True,1843,Dejan Kulusevski,928124,M,74,Emil Audero,78,Sampdoria,1372,9.3,53.3,9,13,1,assisted,head,0,
10,6,3,26/09/2021,Juventus,Sampdoria,41,Juventus,2687,True,1843,Federico Chiesa,845386,F,80,Emil Audero,78,Sampdoria,1372,14.6,72.9,21,46,1,assisted,strongFoot,0,
9,6,3,26/09/2021,Juventus,Sampdoria,43,Juventus,2687,True,1843,Leonardo Bonucci,15444,D,58,Emil Audero,78,Sampdoria,1372,11.5,50.0,11,0,1,penalty,strongFoot,1,
8,6,3,26/09/2021,Juventus,Sampdoria,44,Sampdoria,2711,False,1372,Fabio Quagliarella,11621,F,83,Mattia Perin,80,Juventus,1843,23.9,46.4,24,5,-2,regular,strongFoot,0,
7,6,3,26/09/2021,Juventus,Sampdoria,44,Sampdoria,2711,False,1372,Maya Yoshida,24248,D,41,Mattia Perin,80,Juventus,1843,4.5,52.4,4,19,-2,corner,head,1,
6,6,3,26/09/2021,Juventus,Sampdoria,55,Juventus,2687,True,1843,Manuel Locatelli,363860,M,71,Emil Audero,78,Sampdoria,1372,21.1,40.3,22,17,1,assisted,weakFoot,0,
5,6,3,26/09/2021,Juventus,Sampdoria,57,Juventus,2687,True,1843,Manuel Locatelli,363860,M,71,Emil Audero,78,Sampdoria,1372,6.8,43.4,8,33,1,assisted,strongFoot,1,
4,6,3,26/09/2021,Juventus,Sampdoria,74,Juventus,2687,True,1843,Rodrigo Bentancur,791190,M,61,Emil Audero,78,Sampdoria,1372,17.6,49.0,17,2,2,assisted,weakFoot,0,
3,6,3,26/09/2021,Juventus,Sampdoria,81,Juventus,2687,True,1843,Álvaro Morata,125407,F,79,Emil Audero,78,Sampdoria,1372,14.6,34.2,18,36,2,assisted,weakFoot,0,
2,6,3,26/09/2021,Juventus,Sampdoria,83,Sampdoria,2711,False,1372,Antonio Candreva,27982,F,78,Mattia Perin,80,Juventus,1843,13.0,45.4,13,13,-2,assisted,weakFoot,1,
1,6,3,26/09/2021,Juventus,Sampdoria,90,Juventus,2687,True,1843,Manuel Locatelli,363860,M,71,Emil Audero,78,Sampdoria,1372,23.9,67.8,26,26,1,regular,strongFoot,0,
0,6,3,26/09/2021,Juventus,Sampdoria,90,Juventus,2687,True,1843,Weston McKennie,881931,M,70,Emil Audero,78,Sampdoria,1372,10.1,46.8,10,12,1,corner,head,0,
34,6,4,26/09/2021,Empoli,Bologna,5,Empoli,2705,True,1519,Liam Henderson,287573,M,59,Łukasz Skorupski,75,Bologna,1428,26.8,39.5,27,14,0,free-kick,strongFoot,0,
33,6,4,26/09/2021,Empoli,Bologna,8,Bologna,2685,False,1428,Roberto Soriano,80406,M,74,Guglielmo Vicario,71,Empoli,1519,17.7,53.8,17,8,0,assisted,weakFoot,0,
32,6,4,26/09/2021,Empoli,Bologna,9,Empoli,2705,True,1519,Federico Di Francesco,320979,M,69,Łukasz Skorupski,75,Bologna,1428,5.0,67.0,12,66,0,assisted,strongFoot,0,
31,6,4,26/09/2021,Empoli,Bologna,10,Bologna,2685,False,1428,Musa Barrow,916680,F,72,Guglielmo Vicario,71,Empoli,1519,23.6,39.4,24,16,0,assisted,strongFoot,0,
30,6,4,26/09/2021,Empoli,Bologna,11,Bologna,2685,False,1428,Musa Barrow,916680,F,72,Guglielmo Vicario,71,Empoli,1519,20.6,61.5,22,20,0,corner,strongFoot,1,
29,6,4,26/09/2021,Empoli,Bologna,16,Empoli,2705,True,1519,Andrea Pinamonti,826198,F,70,Łukasz Skorupski,75,Bologna,1428,4.8,55.9,6,39,-1,regular,head,0,
28,6,4,26/09/2021,Empoli,Bologna,19,Bologna,2685,False,1428,Musa Barrow,916680,F,72,Guglielmo Vicario,71,Empoli,1519,18.2,33.6,21,31,1,assisted,strongFoot,0,
27,6,4,26/09/2021,Empoli,Bologna,20,Bologna,2685,False,1428,Marko Arnautović,21927,F,81,Guglielmo Vicario,71,Empoli,1519,11.5,50.0,11,0,1,penalty,weakFoot,0,
25,6,4,26/09/2021,Empoli,Bologna,26,Bologna,2685,False,1428,Roberto Soriano,80406,M,74,Guglielmo Vicario,71,Empoli,1519,4.6,63.1,10,62,1,regular,weakFoot,0,
26,6,4,26/09/2021,Empoli,Bologna,26,Bologna,2685,False,1428,Marko Arnautović,21927,F,81,Guglielmo Vicario,71,Empoli,1519,10.7,59.0,12,29,1,assisted,weakFoot,0,
24,6,4,26/09/2021,Empoli,Bologna,29,Empoli,2705,True,1519,Simone Romagnoli,111487,D,39,Łukasz Skorupski,75,Bologna,1428,9.5,49.7,9,1,-1,corner,head,0,
23,6,4,26/09/2021,Empoli,Bologna,31,Empoli,2705,True,1519,Andrea Pinamonti,826198,F,70,Łukasz Skorupski,75,Bologna,1428,8.3,59.0,10,36,-1,set-piece,strongFoot,1,
22,6,4,26/09/2021,Empoli,Bologna,36,Empoli,2705,True,1519,Federico Di Francesco,320979,M,69,Łukasz Skorupski,75,Bologna,1428,9.7,29.3,17,55,0,regular,weakFoot,0,
21,6,4,26/09/2021,Empoli,Bologna,37,Empoli,2705,True,1519,Mattia Viti,1009268,D,34,Łukasz Skorupski,75,Bologna,1428,7.0,44.5,7,28,0,corner,head,0,
20,6,4,26/09/2021,Empoli,Bologna,40,Empoli,2705,True,1519,Andrea Pinamonti,826198,F,70,Łukasz Skorupski,75,Bologna,1428,6.5,72.1,16,66,0,set-piece,strongFoot,0,
19,6,4,26/09/2021,Empoli,Bologna,40,Empoli,2705,True,1519,Liam Henderson,287573,M,59,Łukasz Skorupski,75,Bologna,1428,15.2,46.2,15,9,0,set-piece,weakFoot,0,
18,6,4,26/09/2021,Empoli,Bologna,41,Empoli,2705,True,1519,Nedim Bajrami,825861,M,58,Łukasz Skorupski,75,Bologna,1428,9.7,28.1,17,56,0,assisted,strongFoot,0,
17,6,4,26/09/2021,Empoli,Bologna,49,Bologna,2685,False,1428,Nicola Sansone,100580,F,72,Guglielmo Vicario,71,Empoli,1519,20.2,28.5,24,35,0,assisted,strongFoot,0,
16,6,4,26/09/2021,Empoli,Bologna,49,Bologna,2685,False,1428,Arthur Theate,965778,D,39,Guglielmo Vicario,71,Empoli,1519,6.7,52.4,6,13,0,corner,head,0,
15,6,4,26/09/2021,Empoli,Bologna,50,Bologna,2685,False,1428,Marko Arnautović,21927,F,81,Guglielmo Vicario,71,Empoli,1519,20.5,66.8,23,29,0,assisted,weakFoot,0,
14,6,4,26/09/2021,Empoli,Bologna,54,Empoli,2705,True,1519,Nedim Bajrami,825861,M,58,Łukasz Skorupski,75,Bologna,1428,11.5,50.0,11,0,0,penalty,strongFoot,1,
13,6,4,26/09/2021,Empoli,Bologna,56,Bologna,2685,False,1428,Arthur Theate,965778,D,39,Guglielmo Vicario,71,Empoli,1519,4.6,50.7,4,5,-1,corner,head,0,
12,6,4,26/09/2021,Empoli,Bologna,58,Bologna,2685,False,1428,Nicola Sansone,100580,F,72,Guglielmo Vicario,71,Empoli,1519,21.4,28.4,25,34,-1,assisted,strongFoot,0,
11,6,4,26/09/2021,Empoli,Bologna,59,Bologna,2685,False,1428,Arthur Theate,965778,D,39,Guglielmo Vicario,71,Empoli,1519,7.0,52.4,7,13,-1,corner,head,0,
10,6,4,26/09/2021,Empoli,Bologna,60,Bologna,2685,False,1428,Mattias Svanberg,796987,M,65,Guglielmo Vicario,71,Empoli,1519,11.7,27.4,19,52,-1,assisted,strongFoot,0,
9,6,4,26/09/2021,Empoli,Bologna,61,Bologna,2685,False,1428,Musa Barrow,916680,F,72,Guglielmo Vicario,71,Empoli,1519,17.4,42.9,18,15,-1,assisted,strongFoot,0,
8,6,4,26/09/2021,Empoli,Bologna,61,Bologna,2685,False,1428,Marko Arnautović,21927,F,81,Guglielmo Vicario,71,Empoli,1519,8.1,52.6,8,12,-1,regular,head,0,
7,6,4,26/09/2021,Empoli,Bologna,66,Bologna,2685,False,1428,Marko Arnautović,21927,F,81,Guglielmo Vicario,71,Empoli,1519,7.3,45.2,7,24,-1,corner,head,0,
6,6,4,26/09/2021,Empoli,Bologna,70,Empoli,2705,True,1519,Szymon Żurkowski,860435,F,61,Łukasz Skorupski,75,Bologna,1428,18.9,37.4,20,24,1,assisted,strongFoot,0,
5,6,4,26/09/2021,Empoli,Bologna,75,Empoli,2705,True,1519,Petar Stojanović,227082,M,49,Łukasz Skorupski,75,Bologna,1428,19.4,68.6,23,33,1,assisted,strongFoot,0,
4,6,4,26/09/2021,Empoli,Bologna,76,Empoli,2705,True,1519,Andrea Pinamonti,826198,F,70,Łukasz Skorupski,75,Bologna,1428,15.1,35.8,17,32,1,assisted,strongFoot,0,
3,6,4,26/09/2021,Empoli,Bologna,76,Bologna,2685,False,1428,Marko Arnautović,21927,F,81,Guglielmo Vicario,71,Empoli,1519,6.8,48.7,6,7,-1,assisted,weakFoot,1,
2,6,4,26/09/2021,Empoli,Bologna,78,Bologna,2685,False,1428,Marko Arnautović,21927,F,81,Guglielmo Vicario,71,Empoli,1519,10.1,64.9,14,45,0,corner,weakFoot,0,
1,6,4,26/09/2021,Empoli,Bologna,90,Empoli,2705,True,1519,Samuele Ricci,930189,M,43,Łukasz Skorupski,75,Bologna,1428,24.6,48.5,24,2,0,assisted,strongFoot,1,
0,6,4,26/09/2021,Empoli,Bologna,90,Bologna,2685,False,1428,Nicola Sansone,100580,F,72,Guglielmo Vicario,71,Empoli,1519,7.4,45.0,8,24,-1,assisted,head,0,
28,6,5,26/09/2021,Sassuolo,US Salernitana 1919,3,US Salernitana 1919,2710,False,1372,Norbert Gyömbér,224456,D,31,Andrea Consigli,81,Sassuolo,1519,7.1,71.7,16,64,0,corner,strongFoot,0,
27,6,5,26/09/2021,Sassuolo,US Salernitana 1919,3,US Salernitana 1919,2710,False,1372,Stefan Strandberg,22447,D,42,Andrea Consigli,81,Sassuolo,1519,10.7,54.6,11,16,0,corner,head,0,
26,6,5,26/09/2021,Sassuolo,US Salernitana 1919,8,Sassuolo,2793,True,1519,Domenico Berardi,253367,F,80,Vid Belec,73,US Salernitana 1919,1372,20.4,68.8,24,32,0,corner,strongFoot,0,
25,6,5,26/09/2021,Sassuolo,US Salernitana 1919,9,Sassuolo,2793,True,1519,Filip Đuričić,69367,M,68,Vid Belec,73,US Salernitana 1919,1372,23.4,43.5,23,10,0,assisted,weakFoot,0,
24,6,5,26/09/2021,Sassuolo,US Salernitana 1919,13,Sassuolo,2793,True,1519,Jérémie Boga,367056,F,72,Vid Belec,73,US Salernitana 1919,1372,18.2,36.3,20,27,0,assisted,strongFoot,0,
23,6,5,26/09/2021,Sassuolo,US Salernitana 1919,15,US Salernitana 1919,2710,False,1372,Cedric Gondo,812207,F,67,Andrea Consigli,81,Sassuolo,1519,6.8,48.5,6,8,0,assisted,strongFoot,0,
22,6,5,26/09/2021,Sassuolo,US Salernitana 1919,17,Sassuolo,2793,True,1519,Maxime López,352802,M,65,Vid Belec,73,US Salernitana 1919,1372,25.5,55.7,25,8,0,assisted,strongFoot,0,
21,6,5,26/09/2021,Sassuolo,US Salernitana 1919,18,US Salernitana 1919,2710,False,1372,Norbert Gyömbér,224456,D,31,Andrea Consigli,81,Sassuolo,1519,25.1,52.4,25,3,0,assisted,weakFoot,0,
20,6,5,26/09/2021,Sassuolo,US Salernitana 1919,19,Sassuolo,2793,True,1519,Jérémie Boga,367056,F,72,Vid Belec,73,US Salernitana 1919,1372,12.1,26.8,19,52,0,assisted,strongFoot,0,
19,6,5,26/09/2021,Sassuolo,US Salernitana 1919,22,Sassuolo,2793,True,1519,Davide Frattesi,835600,M,67,Vid Belec,73,US Salernitana 1919,1372,16.1,54.4,16,10,0,regular,strongFoot,0,
18,6,5,26/09/2021,Sassuolo,US Salernitana 1919,33,US Salernitana 1919,2710,False,1372,Stefan Strandberg,22447,D,42,Andrea Consigli,81,Sassuolo,1519,10.7,41.2,12,29,0,corner,head,0,
17,6,5,26/09/2021,Sassuolo,US Salernitana 1919,34,Sassuolo,2793,True,1519,Filip Đuričić,69367,M,68,Vid Belec,73,US Salernitana 1919,1372,14.4,45.0,14,13,0,regular,weakFoot,0,
16,6,5,26/09/2021,Sassuolo,US Salernitana 1919,38,US Salernitana 1919,2710,False,1372,Grigoris Kastanos,791566,M,57,Andrea Consigli,81,Sassuolo,1519,18.8,55.1,19,10,0,regular,strongFoot,0,
15,6,5,26/09/2021,Sassuolo,US Salernitana 1919,38,US Salernitana 1919,2710,False,1372,Grigoris Kastanos,791566,M,57,Andrea Consigli,81,Sassuolo,1519,19.2,63.0,21,24,0,assisted,weakFoot,0,
14,6,5,26/09/2021,Sassuolo,US Salernitana 1919,46,Sassuolo,2793,True,1519,Filip Đuričić,69367,M,68,Vid Belec,73,US Salernitana 1919,1372,22.5,42.1,23,13,0,regular,weakFoot,0,
13,6,5,26/09/2021,Sassuolo,US Salernitana 1919,50,Sassuolo,2793,True,1519,Davide Frattesi,835600,M,67,Vid Belec,73,US Salernitana 1919,1372,26.6,47.0,26,4,0,assisted,weakFoot,0,
12,6,5,26/09/2021,Sassuolo,US Salernitana 1919,52,Sassuolo,2793,True,1519,Mert Müldür,836683,D,48,Vid Belec,73,US Salernitana 1919,1372,28.3,58.3,28,11,0,assisted,strongFoot,0,
11,6,5,26/09/2021,Sassuolo,US Salernitana 1919,54,Sassuolo,2793,True,1519,Domenico Berardi,253367,F,80,Vid Belec,73,US Salernitana 1919,1372,2.8,57.3,5,60,0,assisted,head,1,
10,6,5,26/09/2021,Sassuolo,US Salernitana 1919,60,Sassuolo,2793,True,1519,Giacomo Raspadori,865651,F,72,Vid Belec,73,US Salernitana 1919,1372,10.7,35.9,14,41,1,assisted,weakFoot,0,
9,6,5,26/09/2021,Sassuolo,US Salernitana 1919,66,US Salernitana 1919,2710,False,1372,Federico Bonazzoli,284363,F,67,Andrea Consigli,81,Sassuolo,1519,6.1,36.1,11,57,-1,regular,strongFoot,0,
8,6,5,26/09/2021,Sassuolo,US Salernitana 1919,68,US Salernitana 1919,2710,False,1372,Riccardo Gagliolo,131716,D,51,Andrea Consigli,81,Sassuolo,1519,4.2,41.6,7,53,-1,assisted,strongFoot,0,
7,6,5,26/09/2021,Sassuolo,US Salernitana 1919,68,US Salernitana 1919,2710,False,1372,Federico Bonazzoli,284363,F,67,Andrea Consigli,81,Sassuolo,1519,28.2,50.7,28,0,-1,assisted,strongFoot,0,
6,6,5,26/09/2021,Sassuolo,US Salernitana 1919,69,Sassuolo,2793,True,1519,Giacomo Raspadori,865651,F,72,Vid Belec,73,US Salernitana 1919,1372,19.7,45.8,19,8,1,assisted,weakFoot,0,
5,6,5,26/09/2021,Sassuolo,US Salernitana 1919,72,Sassuolo,2793,True,1519,Hamed Junior Traorè,892924,M,66,Vid Belec,73,US Salernitana 1919,1372,19.1,44.5,19,11,1,assisted,strongFoot,0,
4,6,5,26/09/2021,Sassuolo,US Salernitana 1919,73,Sassuolo,2793,True,1519,Gianluca Scamacca,807301,F,74,Vid Belec,73,US Salernitana 1919,1372,17.9,64.3,20,28,1,regular,strongFoot,0,
3,6,5,26/09/2021,Sassuolo,US Salernitana 1919,82,US Salernitana 1919,2710,False,1372,Simy,170499,F,76,Andrea Consigli,81,Sassuolo,1519,7.1,49.9,7,0,-1,assisted,head,0,
2,6,5,26/09/2021,Sassuolo,US Salernitana 1919,86,Sassuolo,2793,True,1519,Hamed Junior Traorè,892924,M,66,Vid Belec,73,US Salernitana 1919,1372,18.6,51.5,18,3,1,assisted,weakFoot,0,
1,6,5,26/09/2021,Sassuolo,US Salernitana 1919,87,US Salernitana 1919,2710,False,1372,Simy,170499,F,76,Andrea Consigli,81,Sassuolo,1519,6.1,45.2,6,28,-1,assisted,head,0,
0,6,5,26/09/2021,Sassuolo,US Salernitana 1919,90,Sassuolo,2793,True,1519,Georgios Kyriakopoulos,377302,D,47,Vid Belec,73,US Salernitana 1919,1372,7.3,46.1,7,19,1,set-piece,weakFoot,0,
19,6,6,26/09/2021,Udinese,Fiorentina,8,Fiorentina,2693,False,1466,Nikola Milenković,836168,D,45,Marco Silvestri,79,Udinese,1414,29.5,56.1,29,8,0,regular,strongFoot,0,
18,6,6,26/09/2021,Udinese,Fiorentina,11,Udinese,2695,True,1414,Rodrigo Becão,880207,D,32,Bartłomiej Drągowski,77,Fiorentina,1466,8.4,56.3,9,27,0,corner,head,0,
17,6,6,26/09/2021,Udinese,Fiorentina,14,Fiorentina,2693,False,1466,Riccardo Saponara,126236,M,66,Marco Silvestri,79,Udinese,1414,5.1,47.2,5,20,0,assisted,strongFoot,0,
16,6,6,26/09/2021,Udinese,Fiorentina,16,Fiorentina,2693,False,1466,Dušan Vlahović,832208,F,77,Marco Silvestri,79,Udinese,1414,11.5,50.0,11,0,0,penalty,strongFoot,1,
15,6,6,26/09/2021,Udinese,Fiorentina,49,Fiorentina,2693,False,1466,Lucas Torreira,754794,M,66,Marco Silvestri,79,Udinese,1414,19.4,61.4,20,21,0,assisted,strongFoot,0,
14,6,6,26/09/2021,Udinese,Fiorentina,55,Udinese,2695,True,1414,Beto,987489,F,73,Bartłomiej Drągowski,77,Fiorentina,1466,19.1,35.7,21,26,0,assisted,strongFoot,0,
13,6,6,26/09/2021,Udinese,Fiorentina,55,Udinese,2695,True,1414,Jean Victor Makengo,802138,F,66,Bartłomiej Drągowski,77,Fiorentina,1466,29.9,48.7,29,1,0,assisted,strongFoot,0,
12,6,6,26/09/2021,Udinese,Fiorentina,58,Udinese,2695,True,1414,Jean Victor Makengo,802138,F,66,Bartłomiej Drągowski,77,Fiorentina,1466,19.4,33.4,22,30,0,assisted,strongFoot,0,
11,6,6,26/09/2021,Udinese,Fiorentina,66,Udinese,2695,True,1414,Beto,987489,F,73,Bartłomiej Drągowski,77,Fiorentina,1466,18.7,41.2,19,17,0,regular,strongFoot,0,
10,6,6,26/09/2021,Udinese,Fiorentina,67,Fiorentina,2693,False,1466,Youssef Maleh,849274,M,66,Marco Silvestri,79,Udinese,1414,21.2,27.2,26,36,0,assisted,strongFoot,0,
9,6,6,26/09/2021,Udinese,Fiorentina,70,Fiorentina,2693,False,1466,Riccardo Saponara,126236,M,66,Marco Silvestri,79,Udinese,1414,25.6,38.8,26,16,0,assisted,strongFoot,0,
8,6,6,26/09/2021,Udinese,Fiorentina,72,Udinese,2695,True,1414,Walace,553686,M,66,Bartłomiej Drągowski,77,Fiorentina,1466,30.9,52.4,30,3,0,assisted,strongFoot,0,
7,6,6,26/09/2021,Udinese,Fiorentina,77,Udinese,2695,True,1414,Nahuel Molina,831799,D,63,Bartłomiej Drągowski,77,Fiorentina,1466,23.5,71.7,27,32,0,assisted,weakFoot,0,
6,6,6,26/09/2021,Udinese,Fiorentina,84,Udinese,2695,True,1414,Gerard Deulofeu,96372,F,72,Bartłomiej Drągowski,77,Fiorentina,1466,8.4,34.2,13,51,0,assisted,strongFoot,0,
5,6,6,26/09/2021,Udinese,Fiorentina,84,Udinese,2695,True,1414,Beto,987489,F,73,Bartłomiej Drągowski,77,Fiorentina,1466,9.0,52.0,9,8,0,regular,weakFoot,0,
4,6,6,26/09/2021,Udinese,Fiorentina,85,Udinese,2695,True,1414,Gerard Deulofeu,96372,F,72,Bartłomiej Drągowski,77,Fiorentina,1466,12.8,34.2,16,40,0,assisted,strongFoot,0,
3,6,6,26/09/2021,Udinese,Fiorentina,90,Fiorentina,2693,False,1466,Youssef Maleh,849274,M,66,Marco Silvestri,79,Udinese,1414,13.5,42.5,14,20,0,assisted,strongFoot,0,
2,6,6,26/09/2021,Udinese,Fiorentina,90,Fiorentina,2693,False,1466,Dušan Vlahović,832208,F,77,Marco Silvestri,79,Udinese,1414,12.4,66.2,16,41,0,assisted,weakFoot,0,
1,6,6,26/09/2021,Udinese,Fiorentina,90,Udinese,2695,True,1414,Gerard Deulofeu,96372,F,72,Bartłomiej Drągowski,77,Fiorentina,1466,12.7,33.2,17,41,0,assisted,strongFoot,0,
0,6,6,26/09/2021,Udinese,Fiorentina,90,Udinese,2695,True,1414,Ignacio Pussetto,340509,F,72,Bartłomiej Drągowski,77,Fiorentina,1466,5.8,61.4,9,53,0,corner,head,0,
29,6,7,26/09/2021,Lazio,AS Roma,10,Lazio,2699,True,1610,Sergej Milinković-Savić,331447,M,78,Rui Patrício,82,AS Roma,1729,8.8,50.2,8,0,0,assisted,head,1,
28,6,7,26/09/2021,Lazio,AS Roma,15,AS Roma,2702,False,1729,Bryan Cristante,186855,M,71,Pepe Reina,78,Lazio,1610,3.4,38.6,8,66,0,corner,head,0,
27,6,7,26/09/2021,Lazio,AS Roma,19,Lazio,2699,True,1610,Pedro,35428,F,73,Rui Patrício,82,AS Roma,1729,19.0,53.0,19,6,0,fast-break,weakFoot,1,
26,6,7,26/09/2021,Lazio,AS Roma,21,AS Roma,2702,False,1729,Nicolò Zaniolo,864898,F,73,Pepe Reina,78,Lazio,1610,30.3,52.8,30,3,0,assisted,strongFoot,0,
25,6,7,26/09/2021,Lazio,AS Roma,26,AS Roma,2702,False,1729,Jordan Veretout,151124,M,75,Pepe Reina,78,Lazio,1610,24.2,52.6,24,4,0,assisted,strongFoot,0,
24,6,7,26/09/2021,Lazio,AS Roma,27,AS Roma,2702,False,1729,Nicolò Zaniolo,864898,F,73,Pepe Reina,78,Lazio,1610,4.1,56.1,5,45,0,corner,head,0,
23,6,7,26/09/2021,Lazio,AS Roma,35,AS Roma,2702,False,1729,Stephan El Shaarawy,45925,F,75,Pepe Reina,78,Lazio,1610,18.4,35.2,20,28,0,assisted,strongFoot,0,
22,6,7,26/09/2021,Lazio,AS Roma,37,Lazio,2699,True,1610,Ciro Immobile,45923,F,87,Rui Patrício,82,AS Roma,1729,5.0,60.6,8,55,0,assisted,strongFoot,0,
21,6,7,26/09/2021,Lazio,AS Roma,38,AS Roma,2702,False,1729,Stephan El Shaarawy,45925,F,75,Pepe Reina,78,Lazio,1610,13.0,53.4,13,10,0,assisted,strongFoot,0,
20,6,7,26/09/2021,Lazio,AS Roma,40,AS Roma,2702,False,1729,Henrikh Mkhitaryan,37151,M,79,Pepe Reina,78,Lazio,1610,14.7,40.9,15,22,0,assisted,weakFoot,0,
19,6,7,26/09/2021,Lazio,AS Roma,41,AS Roma,2702,False,1729,Roger Ibañez,888949,D,31,Pepe Reina,78,Lazio,1610,4.4,44.2,5,41,0,corner,head,1,
18,6,7,26/09/2021,Lazio,AS Roma,49,Lazio,2699,True,1610,Sergej Milinković-Savić,331447,M,78,Rui Patrício,82,AS Roma,1729,13.0,52.2,13,6,-1,set-piece,head,0,
17,6,7,26/09/2021,Lazio,AS Roma,49,Lazio,2699,True,1610,Ciro Immobile,45923,F,87,Rui Patrício,82,AS Roma,1729,6.6,41.5,8,41,-1,set-piece,weakFoot,0,
16,6,7,26/09/2021,Lazio,AS Roma,50,AS Roma,2702,False,1729,Nicolò Zaniolo,864898,F,73,Pepe Reina,78,Lazio,1610,4.6,59.9,8,55,1,assisted,head,0,
15,6,7,26/09/2021,Lazio,AS Roma,51,AS Roma,2702,False,1729,Gianluca Mancini,611210,D,44,Pepe Reina,78,Lazio,1610,7.7,50.3,7,1,1,corner,other,0,
14,6,7,26/09/2021,Lazio,AS Roma,54,AS Roma,2702,False,1729,Roger Ibañez,888949,D,31,Pepe Reina,78,Lazio,1610,9.5,54.3,9,17,1,corner,head,0,
13,6,7,26/09/2021,Lazio,AS Roma,58,AS Roma,2702,False,1729,Stephan El Shaarawy,45925,F,75,Pepe Reina,78,Lazio,1610,10.9,30.3,17,50,1,assisted,strongFoot,0,
12,6,7,26/09/2021,Lazio,AS Roma,60,Lazio,2699,True,1610,Ciro Immobile,45923,F,87,Rui Patrício,82,AS Roma,1729,19.3,46.4,19,7,-1,assisted,strongFoot,0,
11,6,7,26/09/2021,Lazio,AS Roma,63,Lazio,2699,True,1610,Felipe Anderson,152276,M,73,Rui Patrício,82,AS Roma,1729,8.8,58.3,10,32,-1,fast-break,strongFoot,1,
10,6,7,26/09/2021,Lazio,AS Roma,67,AS Roma,2702,False,1729,Nicolò Zaniolo,864898,F,73,Pepe Reina,78,Lazio,1610,13.9,71.5,20,46,0,set-piece,strongFoot,0,
9,6,7,26/09/2021,Lazio,AS Roma,69,AS Roma,2702,False,1729,Jordan Veretout,151124,M,75,Pepe Reina,78,Lazio,1610,11.5,50.0,11,0,0,penalty,strongFoot,1,
8,6,7,26/09/2021,Lazio,AS Roma,71,AS Roma,2702,False,1729,Henrikh Mkhitaryan,37151,M,79,Pepe Reina,78,Lazio,1610,12.1,69.5,17,47,1,assisted,weakFoot,0,
7,6,7,26/09/2021,Lazio,AS Roma,73,AS Roma,2702,False,1729,Nicolò Zaniolo,864898,F,73,Pepe Reina,78,Lazio,1610,9.4,70.9,17,56,1,assisted,weakFoot,0,
6,6,7,26/09/2021,Lazio,AS Roma,74,AS Roma,2702,False,1729,Roger Ibañez,888949,D,31,Pepe Reina,78,Lazio,1610,3.8,43.3,5,50,1,corner,head,0,
5,6,7,26/09/2021,Lazio,AS Roma,76,AS Roma,2702,False,1729,Henrikh Mkhitaryan,37151,M,79,Pepe Reina,78,Lazio,1610,11.9,38.7,14,32,1,assisted,weakFoot,0,
4,6,7,26/09/2021,Lazio,AS Roma,79,Lazio,2699,True,1610,Ciro Immobile,45923,F,87,Rui Patrício,82,AS Roma,1729,9.3,66.6,14,50,-1,assisted,strongFoot,0,
3,6,7,26/09/2021,Lazio,AS Roma,81,AS Roma,2702,False,1729,Eldor Shomurodov,792283,F,69,Pepe Reina,78,Lazio,1610,16.4,33.9,19,33,1,assisted,strongFoot,0,
2,6,7,26/09/2021,Lazio,AS Roma,83,Lazio,2699,True,1610,Ciro Immobile,45923,F,87,Rui Patrício,82,AS Roma,1729,7.4,58.8,9,38,-1,assisted,strongFoot,0,
1,6,7,26/09/2021,Lazio,AS Roma,87,AS Roma,2702,False,1729,Roger Ibañez,888949,D,31,Pepe Reina,78,Lazio,1610,4.6,61.4,9,59,1,set-piece,head,0,
0,6,7,26/09/2021,Lazio,AS Roma,90,Lazio,2699,True,1610,Jean Daniel Akpa-Akpro,164511,M,67,Rui Patrício,82,AS Roma,1729,9.5,43.7,10,24,-1,set-piece,weakFoot,0,
22,6,8,26/09/2021,SSC Napoli,Cagliari,11,SSC Napoli,2714,True,1744,Victor Osimhen,822471,F,79,Alessio Cragno,81,Cagliari,1372,3.8,55.0,5,41,0,assisted,strongFoot,1,
21,6,8,26/09/2021,SSC Napoli,Cagliari,19,Cagliari,2719,False,1372,Martín Cáceres,28186,D,51,David Ospina,79,SSC Napoli,1744,8.6,60.8,11,40,0,corner,weakFoot,0,
20,6,8,26/09/2021,SSC Napoli,Cagliari,20,Cagliari,2719,False,1372,Diego Godín,14933,D,48,David Ospina,79,SSC Napoli,1744,9.9,52.5,10,9,0,corner,head,0,
19,6,8,26/09/2021,SSC Napoli,Cagliari,24,SSC Napoli,2714,True,1744,Victor Osimhen,822471,F,79,Alessio Cragno,81,Cagliari,1372,18.3,70.8,23,37,0,fast-break,strongFoot,0,
18,6,8,26/09/2021,SSC Napoli,Cagliari,27,SSC Napoli,2714,True,1744,Fabián Ruiz,784655,M,77,Alessio Cragno,81,Cagliari,1372,25.8,50.9,25,1,0,assisted,strongFoot,0,
17,6,8,26/09/2021,SSC Napoli,Cagliari,29,SSC Napoli,2714,True,1744,Victor Osimhen,822471,F,79,Alessio Cragno,81,Cagliari,1372,11.2,45.4,11,15,0,set-piece,head,0,
16,6,8,26/09/2021,SSC Napoli,Cagliari,33,SSC Napoli,2714,True,1744,Lorenzo Insigne,106258,M,77,Alessio Cragno,81,Cagliari,1372,22.8,29.9,26,30,0,assisted,strongFoot,0,
15,6,8,26/09/2021,SSC Napoli,Cagliari,37,SSC Napoli,2714,True,1744,Matteo Politano,235672,M,77,Alessio Cragno,81,Cagliari,1372,12.1,70.5,18,49,0,assisted,strongFoot,0,
14,6,8,26/09/2021,SSC Napoli,Cagliari,44,SSC Napoli,2714,True,1744,Piotr Zieliński,138605,M,74,Alessio Cragno,81,Cagliari,1372,27.5,54.4,27,6,0,corner,weakFoot,0,
13,6,8,26/09/2021,SSC Napoli,Cagliari,49,Cagliari,2719,False,1372,Charalampos Lykogiannis,98212,D,67,David Ospina,79,SSC Napoli,1744,23.6,15.0,33,45,0,assisted,strongFoot,0,
12,6,8,26/09/2021,SSC Napoli,Cagliari,51,SSC Napoli,2714,True,1744,Lorenzo Insigne,106258,M,77,Alessio Cragno,81,Cagliari,1372,12.0,24.7,20,55,0,assisted,strongFoot,0,
11,6,8,26/09/2021,SSC Napoli,Cagliari,52,SSC Napoli,2714,True,1744,Matteo Politano,235672,M,77,Alessio Cragno,81,Cagliari,1372,23.0,53.9,23,6,0,corner,strongFoot,0,
10,6,8,26/09/2021,SSC Napoli,Cagliari,53,SSC Napoli,2714,True,1744,Victor Osimhen,822471,F,79,Alessio Cragno,81,Cagliari,1372,27.0,56.0,27,8,0,assisted,strongFoot,0,
9,6,8,26/09/2021,SSC Napoli,Cagliari,57,SSC Napoli,2714,True,1744,Lorenzo Insigne,106258,M,77,Alessio Cragno,81,Cagliari,1372,11.5,50.0,11,0,0,penalty,strongFoot,1,
8,6,8,26/09/2021,SSC Napoli,Cagliari,61,SSC Napoli,2714,True,1744,Lorenzo Insigne,106258,M,77,Alessio Cragno,81,Cagliari,1372,27.5,28.5,31,27,1,free-kick,strongFoot,0,
7,6,8,26/09/2021,SSC Napoli,Cagliari,62,Cagliari,2719,False,1372,Alessandro Deiola,328109,M,62,David Ospina,79,SSC Napoli,1744,12.9,43.4,13,19,-1,assisted,head,0,
6,6,8,26/09/2021,SSC Napoli,Cagliari,64,SSC Napoli,2714,True,1744,Piotr Zieliński,138605,M,74,Alessio Cragno,81,Cagliari,1372,13.8,52.8,13,7,1,assisted,weakFoot,0,
5,6,8,26/09/2021,SSC Napoli,Cagliari,70,SSC Napoli,2714,True,1744,Frank Anguissa,787941,M,62,Alessio Cragno,81,Cagliari,1372,24.4,42.5,24,11,1,assisted,weakFoot,0,
4,6,8,26/09/2021,SSC Napoli,Cagliari,77,Cagliari,2719,False,1372,Charalampos Lykogiannis,98212,D,67,David Ospina,79,SSC Napoli,1744,31.9,45.6,32,5,-1,free-kick,strongFoot,0,
3,6,8,26/09/2021,SSC Napoli,Cagliari,84,SSC Napoli,2714,True,1744,Hirving Lozano,385320,F,75,Alessio Cragno,81,Cagliari,1372,18.9,53.3,19,6,1,assisted,strongFoot,0,
2,6,8,26/09/2021,SSC Napoli,Cagliari,87,SSC Napoli,2714,True,1744,Frank Anguissa,787941,M,62,Alessio Cragno,81,Cagliari,1372,27.9,48.9,27,1,1,corner,strongFoot,0,
1,6,8,26/09/2021,SSC Napoli,Cagliari,89,Cagliari,2719,False,1372,Gastón Pereiro,311396,F,73,David Ospina,79,SSC Napoli,1744,24.9,37.1,26,19,-1,assisted,strongFoot,0,
0,6,8,26/09/2021,SSC Napoli,Cagliari,90,SSC Napoli,2714,True,1744,Andrea Petagna,295973,F,74,Alessio Cragno,81,Cagliari,1372,15.5,47.2,15,7,1,assisted,strongFoot,0,
14,6,9,27/09/2021,Venezia,Torino,11,Torino,2696,False,1434,Wilfried Singo,978285,D,39,Niki Mäenpää,67,Venezia,1396,22.3,70.0,26,31,0,assisted,weakFoot,0,
13,6,9,27/09/2021,Venezia,Torino,13,Venezia,2688,True,1396,David Okereke,831290,F,66,Vanja Milinković-Savić,70,Torino,1434,14.5,72.1,20,46,0,assisted,weakFoot,0,
12,6,9,27/09/2021,Venezia,Torino,17,Venezia,2688,True,1396,David Okereke,831290,F,66,Vanja Milinković-Savić,70,Torino,1434,6.7,47.8,6,12,0,assisted,head,0,
11,6,9,27/09/2021,Venezia,Torino,18,Venezia,2688,True,1396,Pietro Ceccaroni,373724,D,29,Vanja Milinković-Savić,70,Torino,1434,4.9,56.2,6,40,0,corner,head,0,
10,6,9,27/09/2021,Venezia,Torino,22,Torino,2696,False,1434,Antonio Sanabria,333261,F,71,Niki Mäenpää,67,Venezia,1396,19.1,53.2,19,6,0,regular,strongFoot,0,
9,6,9,27/09/2021,Venezia,Torino,31,Torino,2696,False,1434,Antonio Sanabria,333261,F,71,Niki Mäenpää,67,Venezia,1396,10.5,41.0,12,30,0,assisted,head,0,
8,6,9,27/09/2021,Venezia,Torino,39,Torino,2696,False,1434,Karol Linetty,189135,M,61,Niki Mäenpää,67,Venezia,1396,20.7,64.3,22,25,0,assisted,weakFoot,0,
7,6,9,27/09/2021,Venezia,Torino,47,Torino,2696,False,1434,Wilfried Singo,978285,D,39,Niki Mäenpää,67,Venezia,1396,11.0,75.0,20,57,0,regular,weakFoot,0,
6,6,9,27/09/2021,Venezia,Torino,48,Torino,2696,False,1434,Ricardo Rodríguez,67769,D,66,Niki Mäenpää,67,Venezia,1396,24.1,40.6,24,14,0,assisted,strongFoot,0,
5,6,9,27/09/2021,Venezia,Torino,50,Venezia,2688,True,1396,Dennis Johnsen,869275,F,59,Vanja Milinković-Savić,70,Torino,1434,6.5,55.5,7,29,0,assisted,strongFoot,0,
4,6,9,27/09/2021,Venezia,Torino,56,Torino,2696,False,1434,Josip Brekalo,357598,M,72,Niki Mäenpää,67,Venezia,1396,7.8,53.7,8,17,0,assisted,strongFoot,1,
3,6,9,27/09/2021,Venezia,Torino,73,Venezia,2688,True,1396,Mattia Aramu,187111,F,62,Vanja Milinković-Savić,70,Torino,1434,28.3,50.9,28,1,-1,free-kick,strongFoot,0,
2,6,9,27/09/2021,Venezia,Torino,78,Venezia,2688,True,1396,Mattia Aramu,187111,F,62,Vanja Milinković-Savić,70,Torino,1434,11.5,50.0,11,0,-1,penalty,strongFoot,1,
0,6,9,27/09/2021,Venezia,Torino,90,Torino,2696,False,1434,Rolando Mandragora,548178,M,63,Niki Mäenpää,67,Venezia,1396,11.8,61.8,14,34,0,fast-break,weakFoot,0,
1,6,9,27/09/2021,Venezia,Torino,90,Venezia,2688,True,1396,Pasquale Mazzocchi,377512,M,55,Vanja Milinković-Savić,70,Torino,1434,17.9,51.5,17,3,0,set-piece,strongFoot,0,
19,7,0,01/10/2021,Cagliari,Venezia,9,Cagliari,2719,True,1354,Charalampos Lykogiannis,98212,D,67,Niki Mäenpää,67,Venezia,1383,22.9,34.6,25,24,0,corner,strongFoot,0,
18,7,0,01/10/2021,Cagliari,Venezia,11,Cagliari,2719,True,1354,João Pedro Galvão,123208,F,77,Niki Mäenpää,67,Venezia,1383,26.4,52.4,26,3,0,regular,strongFoot,0,
17,7,0,01/10/2021,Cagliari,Venezia,15,Cagliari,2719,True,1354,Alessandro Deiola,328109,M,62,Niki Mäenpää,67,Venezia,1383,23.9,64.8,25,22,0,assisted,weakFoot,0,
16,7,0,01/10/2021,Cagliari,Venezia,17,Cagliari,2719,True,1354,Alessandro Deiola,328109,M,62,Niki Mäenpää,67,Venezia,1383,24.0,41.8,24,13,0,assisted,strongFoot,0,
15,7,0,01/10/2021,Cagliari,Venezia,19,Cagliari,2719,True,1354,Keita Baldé,317699,F,73,Niki Mäenpää,67,Venezia,1383,9.9,48.0,9,7,0,fast-break,head,1,
14,7,0,01/10/2021,Cagliari,Venezia,27,Venezia,2688,False,1383,Dennis Johnsen,869275,F,59,Alessio Cragno,81,Cagliari,1354,6.9,30.9,14,62,-1,assisted,strongFoot,0,
13,7,0,01/10/2021,Cagliari,Venezia,27,Venezia,2688,False,1383,Sofian Kiyine,862372,M,56,Alessio Cragno,81,Cagliari,1354,27.3,32.0,29,24,-1,assisted,strongFoot,0,
12,7,0,01/10/2021,Cagliari,Venezia,38,Cagliari,2719,True,1354,Răzvan Marin,279563,M,73,Niki Mäenpää,67,Venezia,1383,25.7,52.2,25,3,1,fast-break,strongFoot,0,
11,7,0,01/10/2021,Cagliari,Venezia,48,Venezia,2688,False,1383,Domen Črnigoj,232096,M,57,Alessio Cragno,81,Cagliari,1354,15.5,61.5,17,26,-1,assisted,strongFoot,0,
10,7,0,01/10/2021,Cagliari,Venezia,51,Venezia,2688,False,1383,Thomas Henry,795541,F,72,Alessio Cragno,81,Cagliari,1354,8.4,54.2,8,18,-1,assisted,head,0,
9,7,0,01/10/2021,Cagliari,Venezia,56,Venezia,2688,False,1383,Domen Črnigoj,232096,M,57,Alessio Cragno,81,Cagliari,1354,12.1,46.1,12,12,-1,regular,weakFoot,0,
8,7,0,01/10/2021,Cagliari,Venezia,64,Venezia,2688,False,1383,Gianluca Busio,896180,M,61,Alessio Cragno,81,Cagliari,1354,11.6,55.8,12,18,-1,regular,head,0,
7,7,0,01/10/2021,Cagliari,Venezia,69,Venezia,2688,False,1383,Dennis Johnsen,869275,F,59,Alessio Cragno,81,Cagliari,1354,22.6,28.9,26,32,-1,assisted,strongFoot,0,
6,7,0,01/10/2021,Cagliari,Venezia,72,Venezia,2688,False,1383,Dennis Johnsen,869275,F,59,Alessio Cragno,81,Cagliari,1354,13.2,35.5,16,36,-1,regular,strongFoot,0,
5,7,0,01/10/2021,Cagliari,Venezia,76,Cagliari,2719,True,1354,Charalampos Lykogiannis,98212,D,67,Niki Mäenpää,67,Venezia,1383,24.7,35.6,26,21,1,regular,strongFoot,0,
4,7,0,01/10/2021,Cagliari,Venezia,80,Cagliari,2719,True,1354,Gabriele Zappa,927304,D,30,Niki Mäenpää,67,Venezia,1383,20.4,64.8,22,26,1,assisted,strongFoot,0,
3,7,0,01/10/2021,Cagliari,Venezia,88,Cagliari,2719,True,1354,João Pedro Galvão,123208,F,77,Niki Mäenpää,67,Venezia,1383,9.4,66.0,14,49,1,assisted,head,0,
2,7,0,01/10/2021,Cagliari,Venezia,90,Venezia,2688,False,1383,Gianluca Busio,896180,M,61,Alessio Cragno,81,Cagliari,1354,13.3,52.2,13,6,-1,assisted,strongFoot,1,
1,7,0,01/10/2021,Cagliari,Venezia,90,Venezia,2688,False,1383,Pasquale Mazzocchi,377512,M,55,Alessio Cragno,81,Cagliari,1354,31.3,56.1,31,7,0,corner,strongFoot,0,
0,7,0,01/10/2021,Cagliari,Venezia,90,Venezia,2688,False,1383,Francesco Forte,133792,F,70,Alessio Cragno,81,Cagliari,1354,9.3,52.6,9,10,0,assisted,head,0,
27,7,1,02/10/2021,US Salernitana 1919,Genoa,4,Genoa,2713,False,1383,Abdoulaye Touré,149732,M,56,Vid Belec,73,US Salernitana 1919,1354,14.8,68.1,19,39,0,assisted,strongFoot,0,
26,7,1,02/10/2021,US Salernitana 1919,Genoa,6,Genoa,2713,False,1383,Flavio Bianchi,928779,F,64,Vid Belec,73,US Salernitana 1919,1354,12.9,69.1,18,45,0,assisted,strongFoot,0,
25,7,1,02/10/2021,US Salernitana 1919,Genoa,11,US Salernitana 1919,2710,True,1354,Stefan Strandberg,22447,D,42,Salvatore Sirigu,82,Genoa,1383,8.6,55.1,9,21,0,corner,head,0,
24,7,1,02/10/2021,US Salernitana 1919,Genoa,14,Genoa,2713,False,1383,Domenico Criscito,14251,M,60,Vid Belec,73,US Salernitana 1919,1354,25.0,34.8,27,22,0,set-piece,strongFoot,0,
23,7,1,02/10/2021,US Salernitana 1919,Genoa,18,Genoa,2713,False,1383,Nicolò Rovella,937324,M,48,Vid Belec,73,US Salernitana 1919,1354,25.2,53.4,25,5,0,assisted,weakFoot,0,
22,7,1,02/10/2021,US Salernitana 1919,Genoa,21,US Salernitana 1919,2710,True,1354,Simy,170499,F,76,Salvatore Sirigu,82,Genoa,1383,12.8,70.3,18,47,0,assisted,strongFoot,0,
21,7,1,02/10/2021,US Salernitana 1919,Genoa,24,Genoa,2713,False,1383,Flavio Bianchi,928779,F,64,Vid Belec,73,US Salernitana 1919,1354,4.9,34.6,11,64,0,assisted,weakFoot,0,
20,7,1,02/10/2021,US Salernitana 1919,Genoa,24,Genoa,2713,False,1383,Milan Badelj,39482,M,63,Vid Belec,73,US Salernitana 1919,1354,23.7,50.1,23,0,0,assisted,strongFoot,0,
19,7,1,02/10/2021,US Salernitana 1919,Genoa,30,US Salernitana 1919,2710,True,1354,Grigoris Kastanos,791566,M,57,Salvatore Sirigu,82,Genoa,1383,28.0,44.8,28,7,0,assisted,strongFoot,0,
18,7,1,02/10/2021,US Salernitana 1919,Genoa,32,US Salernitana 1919,2710,True,1354,Stefan Strandberg,22447,D,42,Salvatore Sirigu,82,Genoa,1383,10.4,56.4,11,22,0,corner,head,0,
17,7,1,02/10/2021,US Salernitana 1919,Genoa,32,US Salernitana 1919,2710,True,1354,Riccardo Gagliolo,131716,D,51,Salvatore Sirigu,82,Genoa,1383,11.5,66.6,16,44,0,corner,strongFoot,0,
16,7,1,02/10/2021,US Salernitana 1919,Genoa,34,US Salernitana 1919,2710,True,1354,Grigoris Kastanos,791566,M,57,Salvatore Sirigu,82,Genoa,1383,22.0,34.9,24,25,0,assisted,strongFoot,0,
15,7,1,02/10/2021,US Salernitana 1919,Genoa,34,US Salernitana 1919,2710,True,1354,Franck Ribéry,5712,M,73,Salvatore Sirigu,82,Genoa,1383,15.6,54.8,15,11,0,regular,strongFoot,0,
14,7,1,02/10/2021,US Salernitana 1919,Genoa,45,Genoa,2713,False,1383,Stefano Sabelli,184421,M,39,Vid Belec,73,US Salernitana 1919,1354,20.8,63.6,22,23,0,assisted,strongFoot,0,
13,7,1,02/10/2021,US Salernitana 1919,Genoa,45,Genoa,2713,False,1383,Flavio Bianchi,928779,F,64,Vid Belec,73,US Salernitana 1919,1354,15.9,51.5,15,3,0,assisted,strongFoot,0,
12,7,1,02/10/2021,US Salernitana 1919,Genoa,47,US Salernitana 1919,2710,True,1354,Francesco Di Tacchio,43830,M,48,Salvatore Sirigu,82,Genoa,1383,29.1,61.6,30,15,0,assisted,strongFoot,0,
11,7,1,02/10/2021,US Salernitana 1919,Genoa,54,Genoa,2713,False,1383,Abdoulaye Touré,149732,M,56,Vid Belec,73,US Salernitana 1919,1354,19.7,55.7,20,11,0,assisted,strongFoot,0,
10,7,1,02/10/2021,US Salernitana 1919,Genoa,63,Genoa,2713,False,1383,Yayah Kallon,967510,F,66,Vid Belec,73,US Salernitana 1919,1354,15.0,72.0,21,44,0,assisted,strongFoot,0,
9,7,1,02/10/2021,US Salernitana 1919,Genoa,66,US Salernitana 1919,2710,True,1354,Milan Đurić,76132,F,64,Salvatore Sirigu,82,Genoa,1383,3.7,59.4,7,59,0,corner,head,1,
8,7,1,02/10/2021,US Salernitana 1919,Genoa,72,US Salernitana 1919,2710,True,1354,Francesco Di Tacchio,43830,M,48,Salvatore Sirigu,82,Genoa,1383,6.8,28.5,16,65,1,assisted,strongFoot,0,
7,7,1,02/10/2021,US Salernitana 1919,Genoa,79,Genoa,2713,False,1383,Mohamed Fares,556960,D,61,Vid Belec,73,US Salernitana 1919,1354,10.4,37.3,13,39,-1,assisted,strongFoot,0,
6,7,1,02/10/2021,US Salernitana 1919,Genoa,79,Genoa,2713,False,1383,Andrea Cambiaso,917048,M,52,Vid Belec,73,US Salernitana 1919,1354,4.5,41.2,7,53,-1,regular,weakFoot,0,
5,7,1,02/10/2021,US Salernitana 1919,Genoa,82,Genoa,2713,False,1383,Paolo Ghiglione,787642,M,50,Vid Belec,73,US Salernitana 1919,1354,12.2,64.7,15,39,-1,assisted,strongFoot,0,
4,7,1,02/10/2021,US Salernitana 1919,Genoa,82,Genoa,2713,False,1383,Caleb Ekuban,309156,F,70,Vid Belec,73,US Salernitana 1919,1354,4.0,48.7,4,12,-1,assisted,weakFoot,0,
3,7,1,02/10/2021,US Salernitana 1919,Genoa,87,Genoa,2713,False,1383,Mohamed Fares,556960,D,61,Vid Belec,73,US Salernitana 1919,1354,9.2,52.4,9,10,-1,corner,strongFoot,0,
2,7,1,02/10/2021,US Salernitana 1919,Genoa,90,Genoa,2713,False,1383,Nicolò Rovella,937324,M,48,Vid Belec,73,US Salernitana 1919,1354,10.3,14.5,26,66,-1,free-kick,weakFoot,0,
1,7,1,02/10/2021,US Salernitana 1919,Genoa,90,Genoa,2713,False,1383,Mattia Bani,250547,D,18,Vid Belec,73,US Salernitana 1919,1354,9.3,50.5,9,2,-1,corner,head,0,
0,7,1,02/10/2021,US Salernitana 1919,Genoa,90,Genoa,2713,False,1383,Nikola Maksimović,68076,D,27,Vid Belec,73,US Salernitana 1919,1354,10.7,40.3,12,31,-1,corner,head,0,
22,7,2,02/10/2021,Torino,Juventus,3,Juventus,2687,False,1882,Moise Kean,835601,F,76,Vanja Milinković-Savić,70,Torino,1429,6.5,66.0,12,59,0,fast-break,strongFoot,0,
21,7,2,02/10/2021,Torino,Juventus,5,Juventus,2687,False,1882,Weston McKennie,881931,M,70,Vanja Milinković-Savić,70,Torino,1429,10.8,56.3,11,21,0,regular,strongFoot,0,
20,7,2,02/10/2021,Torino,Juventus,8,Juventus,2687,False,1882,Weston McKennie,881931,M,70,Vanja Milinković-Savić,70,Torino,1429,18.5,48.4,18,3,0,assisted,strongFoot,0,
19,7,2,02/10/2021,Torino,Juventus,9,Torino,2696,True,1429,Rolando Mandragora,548178,M,63,Wojciech Szczęsny,87,Juventus,1882,29.3,33.7,31,20,0,assisted,strongFoot,0,
18,7,2,02/10/2021,Torino,Juventus,10,Torino,2696,True,1429,Wilfried Singo,978285,D,39,Wojciech Szczęsny,87,Juventus,1882,16.2,68.4,20,37,0,regular,weakFoot,0,
17,7,2,02/10/2021,Torino,Juventus,21,Torino,2696,True,1429,Saša Lukić,371222,M,63,Wojciech Szczęsny,87,Juventus,1882,6.1,49.3,6,4,0,throw-in-set-piece,head,0,
16,7,2,02/10/2021,Torino,Juventus,26,Torino,2696,True,1429,Saša Lukić,371222,M,63,Wojciech Szczęsny,87,Juventus,1882,9.7,53.4,9,13,0,assisted,head,0,
15,7,2,02/10/2021,Torino,Juventus,35,Torino,2696,True,1429,Tommaso Pobega,928796,M,66,Wojciech Szczęsny,87,Juventus,1882,29.4,66.4,31,20,0,regular,weakFoot,0,
14,7,2,02/10/2021,Torino,Juventus,36,Torino,2696,True,1429,Josip Brekalo,357598,M,72,Wojciech Szczęsny,87,Juventus,1882,23.6,48.4,23,2,0,assisted,strongFoot,0,
13,7,2,02/10/2021,Torino,Juventus,38,Torino,2696,True,1429,Rolando Mandragora,548178,M,63,Wojciech Szczęsny,87,Juventus,1882,27.5,36.3,29,18,0,assisted,strongFoot,0,
12,7,2,02/10/2021,Torino,Juventus,41,Torino,2696,True,1429,Antonio Sanabria,333261,F,71,Wojciech Szczęsny,87,Juventus,1882,6.6,50.4,6,2,0,corner,head,0,
11,7,2,02/10/2021,Torino,Juventus,43,Torino,2696,True,1429,Wilfried Singo,978285,D,39,Wojciech Szczęsny,87,Juventus,1882,18.4,56.6,18,13,0,assisted,strongFoot,0,
10,7,2,02/10/2021,Torino,Juventus,43,Juventus,2687,False,1882,Manuel Locatelli,363860,M,71,Vanja Milinković-Savić,70,Torino,1429,13.1,58.5,14,23,0,assisted,strongFoot,0,
9,7,2,02/10/2021,Torino,Juventus,48,Juventus,2687,False,1882,Federico Bernardeschi,294597,F,71,Vanja Milinković-Savić,70,Torino,1429,20.2,73.0,25,37,0,assisted,strongFoot,0,
8,7,2,02/10/2021,Torino,Juventus,53,Juventus,2687,False,1882,Alex Sandro,84854,D,64,Vanja Milinković-Savić,70,Torino,1429,8.0,50.9,8,4,0,assisted,head,0,
7,7,2,02/10/2021,Torino,Juventus,53,Torino,2696,True,1429,Saša Lukić,371222,M,63,Wojciech Szczęsny,87,Juventus,1882,16.6,54.5,16,10,0,assisted,weakFoot,0,
6,7,2,02/10/2021,Torino,Juventus,55,Juventus,2687,False,1882,Juan Cuadrado,47743,M,74,Vanja Milinković-Savić,70,Torino,1429,22.9,59.6,23,15,0,assisted,weakFoot,0,
5,7,2,02/10/2021,Torino,Juventus,71,Juventus,2687,False,1882,Manuel Locatelli,363860,M,71,Vanja Milinković-Savić,70,Torino,1429,21.3,50.4,21,0,0,assisted,strongFoot,0,
4,7,2,02/10/2021,Torino,Juventus,72,Torino,2696,True,1429,Karol Linetty,189135,M,61,Wojciech Szczęsny,87,Juventus,1882,14.5,49.9,14,0,0,corner,weakFoot,0,
3,7,2,02/10/2021,Torino,Juventus,72,Torino,2696,True,1429,David Zima,963084,D,38,Wojciech Szczęsny,87,Juventus,1882,12.6,51.7,12,5,0,corner,strongFoot,0,
2,7,2,02/10/2021,Torino,Juventus,86,Juventus,2687,False,1882,Manuel Locatelli,363860,M,71,Vanja Milinković-Savić,70,Torino,1429,17.6,45.8,17,9,0,assisted,strongFoot,1,
1,7,2,02/10/2021,Torino,Juventus,90,Juventus,2687,False,1882,Dejan Kulusevski,928124,M,74,Vanja Milinković-Savić,70,Torino,1429,10.8,71.7,18,53,1,fast-break,strongFoot,0,
0,7,2,02/10/2021,Torino,Juventus,90,Torino,2696,True,1429,David Zima,963084,D,38,Wojciech Szczęsny,87,Juventus,1882,9.9,35.7,13,44,-1,throw-in-set-piece,head,0,
29,7,3,02/10/2021,Sassuolo,Inter,6,Inter,2697,False,1802,Nicolò Barella,363856,M,70,Andrea Consigli,81,Sassuolo,1519,14.2,48.7,14,3,0,assisted,weakFoot,0,
27,7,3,02/10/2021,Sassuolo,Inter,7,Sassuolo,2793,True,1519,Vlad Chiricheş,69295,M,63,Samir Handanović,86,Inter,1802,8.1,50.1,8,0,0,corner,head,0,
28,7,3,02/10/2021,Sassuolo,Inter,7,Sassuolo,2793,True,1519,Grégoire Defrel,148566,F,77,Samir Handanović,86,Inter,1802,13.0,35.9,16,36,0,assisted,strongFoot,0,
26,7,3,02/10/2021,Sassuolo,Inter,12,Inter,2697,False,1802,Alessandro Bastoni,826188,D,32,Andrea Consigli,81,Sassuolo,1519,7.5,53.4,7,17,0,corner,head,0,
25,7,3,02/10/2021,Sassuolo,Inter,15,Sassuolo,2793,True,1519,Mert Müldür,836683,D,48,Samir Handanović,86,Inter,1802,13.5,71.7,19,47,0,assisted,strongFoot,0,
24,7,3,02/10/2021,Sassuolo,Inter,22,Sassuolo,2793,True,1519,Domenico Berardi,253367,F,80,Samir Handanović,86,Inter,1802,11.5,50.0,11,0,0,penalty,strongFoot,1,
23,7,3,02/10/2021,Sassuolo,Inter,27,Inter,2697,False,1802,Joaquín Correa,249929,F,75,Andrea Consigli,81,Sassuolo,1519,4.6,35.1,11,65,-1,assisted,strongFoot,0,
22,7,3,02/10/2021,Sassuolo,Inter,28,Sassuolo,2793,True,1519,Maxime López,352802,M,65,Samir Handanović,86,Inter,1802,23.1,31.1,26,29,1,assisted,strongFoot,0,
21,7,3,02/10/2021,Sassuolo,Inter,31,Inter,2697,False,1802,Nicolò Barella,363856,M,70,Andrea Consigli,81,Sassuolo,1519,19.8,59.4,20,17,-1,corner,strongFoot,0,
20,7,3,02/10/2021,Sassuolo,Inter,31,Inter,2697,False,1802,Nicolò Barella,363856,M,70,Andrea Consigli,81,Sassuolo,1519,14.1,57.7,15,20,-1,corner,strongFoot,0,
19,7,3,02/10/2021,Sassuolo,Inter,37,Inter,2697,False,1802,Milan Škriniar,187205,D,41,Andrea Consigli,81,Sassuolo,1519,4.1,59.6,7,57,-1,assisted,strongFoot,0,
18,7,3,02/10/2021,Sassuolo,Inter,39,Sassuolo,2793,True,1519,Domenico Berardi,253367,F,80,Samir Handanović,86,Inter,1802,19.8,62.3,21,22,1,corner,weakFoot,0,
17,7,3,02/10/2021,Sassuolo,Inter,46,Inter,2697,False,1802,Ivan Perišić,38710,M,79,Andrea Consigli,81,Sassuolo,1519,14.5,48.9,14,2,-1,throw-in-set-piece,weakFoot,0,
16,7,3,02/10/2021,Sassuolo,Inter,49,Sassuolo,2793,True,1519,Rogério,830551,D,51,Samir Handanović,86,Inter,1802,8.0,29.5,16,60,1,assisted,strongFoot,0,
15,7,3,02/10/2021,Sassuolo,Inter,53,Sassuolo,2793,True,1519,Domenico Berardi,253367,F,80,Samir Handanović,86,Inter,1802,24.4,53.4,24,5,1,regular,strongFoot,0,
14,7,3,02/10/2021,Sassuolo,Inter,53,Sassuolo,2793,True,1519,Jérémie Boga,367056,F,72,Samir Handanović,86,Inter,1802,9.2,33.4,14,50,1,assisted,weakFoot,0,
13,7,3,02/10/2021,Sassuolo,Inter,53,Sassuolo,2793,True,1519,Filip Đuričić,69367,M,68,Samir Handanović,86,Inter,1802,8.5,45.6,9,19,1,regular,weakFoot,0,
12,7,3,02/10/2021,Sassuolo,Inter,54,Sassuolo,2793,True,1519,Rogério,830551,D,51,Samir Handanović,86,Inter,1802,10.0,29.5,17,54,1,regular,strongFoot,0,
11,7,3,02/10/2021,Sassuolo,Inter,56,Inter,2697,False,1802,Stefan de Vrij,91046,D,41,Andrea Consigli,81,Sassuolo,1519,5.3,55.7,6,36,-1,corner,head,0,
10,7,3,02/10/2021,Sassuolo,Inter,56,Inter,2697,False,1802,Marcelo Brozović,108800,M,73,Andrea Consigli,81,Sassuolo,1519,14.8,46.4,15,9,-1,corner,weakFoot,0,
9,7,3,02/10/2021,Sassuolo,Inter,58,Inter,2697,False,1802,Edin Džeko,14990,F,82,Andrea Consigli,81,Sassuolo,1519,6.4,54.8,7,27,-1,assisted,head,1,
8,7,3,02/10/2021,Sassuolo,Inter,59,Inter,2697,False,1802,Stefan de Vrij,91046,D,41,Andrea Consigli,81,Sassuolo,1519,10.3,48.9,10,4,0,corner,head,0,
7,7,3,02/10/2021,Sassuolo,Inter,61,Inter,2697,False,1802,Ivan Perišić,38710,M,79,Andrea Consigli,81,Sassuolo,1519,20.4,29.5,24,34,0,assisted,weakFoot,0,
6,7,3,02/10/2021,Sassuolo,Inter,64,Inter,2697,False,1802,Nicolò Barella,363856,M,70,Andrea Consigli,81,Sassuolo,1519,26.5,47.0,26,4,0,corner,strongFoot,0,
5,7,3,02/10/2021,Sassuolo,Inter,69,Inter,2697,False,1802,Nicolò Barella,363856,M,70,Andrea Consigli,81,Sassuolo,1519,16.5,44.2,16,13,0,regular,strongFoot,0,
4,7,3,02/10/2021,Sassuolo,Inter,78,Inter,2697,False,1802,Lautaro Martínez,823984,F,81,Andrea Consigli,81,Sassuolo,1519,11.5,50.0,11,0,0,penalty,strongFoot,1,
3,7,3,02/10/2021,Sassuolo,Inter,86,Inter,2697,False,1802,Edin Džeko,14990,F,82,Andrea Consigli,81,Sassuolo,1519,12.1,34.2,16,41,1,assisted,weakFoot,0,
2,7,3,02/10/2021,Sassuolo,Inter,87,Sassuolo,2793,True,1519,Domenico Berardi,253367,F,80,Samir Handanović,86,Inter,1802,27.3,43.9,27,8,-1,assisted,strongFoot,0,
1,7,3,02/10/2021,Sassuolo,Inter,88,Inter,2697,False,1802,Arturo Vidal,18342,M,78,Andrea Consigli,81,Sassuolo,1519,15.5,53.6,15,8,1,assisted,strongFoot,0,
0,7,3,02/10/2021,Sassuolo,Inter,90,Inter,2697,False,1802,Nicolò Barella,363856,M,70,Andrea Consigli,81,Sassuolo,1519,22.8,49.9,22,0,1,assisted,weakFoot,0,
17,7,4,03/10/2021,Bologna,Lazio,5,Bologna,2685,True,1431,Roberto Soriano,80406,M,74,Pepe Reina,78,Lazio,1620,26.2,58.5,26,12,0,corner,weakFoot,0,
16,7,4,03/10/2021,Bologna,Lazio,9,Lazio,2699,False,1620,Felipe Anderson,152276,M,73,Łukasz Skorupski,75,Bologna,1431,19.8,50.7,19,1,0,assisted,strongFoot,0,
15,7,4,03/10/2021,Bologna,Lazio,14,Bologna,2685,True,1431,Musa Barrow,916680,F,72,Pepe Reina,78,Lazio,1620,18.8,30.1,23,35,0,assisted,strongFoot,1,
14,7,4,03/10/2021,Bologna,Lazio,17,Bologna,2685,True,1431,Arthur Theate,965778,D,39,Pepe Reina,78,Lazio,1620,1.6,57.1,5,71,0,corner,head,1,
13,7,4,03/10/2021,Bologna,Lazio,19,Lazio,2699,False,1620,Sergej Milinković-Savić,331447,M,78,Łukasz Skorupski,75,Bologna,1431,17.4,65.3,20,30,-1,assisted,weakFoot,0,
12,7,4,03/10/2021,Bologna,Lazio,23,Lazio,2699,False,1620,Felipe Anderson,152276,M,73,Łukasz Skorupski,75,Bologna,1431,24.9,45.1,25,7,-1,assisted,strongFoot,0,
11,7,4,03/10/2021,Bologna,Lazio,26,Lazio,2699,False,1620,Vedat Muriqi,310874,F,74,Łukasz Skorupski,75,Bologna,1431,6.5,44.8,7,28,-1,assisted,weakFoot,0,
10,7,4,03/10/2021,Bologna,Lazio,38,Lazio,2699,False,1620,Vedat Muriqi,310874,F,74,Łukasz Skorupski,75,Bologna,1431,10.0,46.1,10,14,-1,assisted,head,0,
9,7,4,03/10/2021,Bologna,Lazio,39,Bologna,2685,True,1431,Marko Arnautović,21927,F,81,Pepe Reina,78,Lazio,1620,27.2,55.9,27,8,1,assisted,weakFoot,0,
8,7,4,03/10/2021,Bologna,Lazio,45,Bologna,2685,True,1431,Musa Barrow,916680,F,72,Pepe Reina,78,Lazio,1620,21.3,60.6,22,18,1,assisted,strongFoot,0,
7,7,4,03/10/2021,Bologna,Lazio,48,Bologna,2685,True,1431,Musa Barrow,916680,F,72,Pepe Reina,78,Lazio,1620,8.2,65.2,13,51,1,assisted,weakFoot,0,
6,7,4,03/10/2021,Bologna,Lazio,55,Lazio,2699,False,1620,Pedro,35428,F,73,Łukasz Skorupski,75,Bologna,1431,9.2,60.6,11,38,-1,assisted,weakFoot,0,
5,7,4,03/10/2021,Bologna,Lazio,58,Lazio,2699,False,1620,Vedat Muriqi,310874,F,74,Łukasz Skorupski,75,Bologna,1431,14.8,42.2,15,19,-1,assisted,strongFoot,0,
4,7,4,03/10/2021,Bologna,Lazio,59,Bologna,2685,True,1431,Marko Arnautović,21927,F,81,Pepe Reina,78,Lazio,1620,8.8,43.8,9,25,1,assisted,head,0,
3,7,4,03/10/2021,Bologna,Lazio,68,Bologna,2685,True,1431,Aaron Hickey,966869,D,49,Pepe Reina,78,Lazio,1620,15.1,35.3,18,33,1,assisted,weakFoot,1,
2,7,4,03/10/2021,Bologna,Lazio,78,Bologna,2685,True,1431,Musa Barrow,916680,F,72,Pepe Reina,78,Lazio,1620,21.9,34.8,24,25,2,assisted,weakFoot,0,
1,7,4,03/10/2021,Bologna,Lazio,83,Bologna,2685,True,1431,Adama Soumaoro,158573,D,37,Pepe Reina,78,Lazio,1620,10.8,45.4,11,16,2,corner,strongFoot,0,
0,7,4,03/10/2021,Bologna,Lazio,87,Lazio,2699,False,1620,Danilo Cataldi,317301,M,70,Łukasz Skorupski,75,Bologna,1431,23.7,75.9,29,36,-2,assisted,strongFoot,0,
17,7,5,03/10/2021,Hellas Verona,Spezia,4,Hellas Verona,2701,True,1391,Giovanni Simeone,341143,F,73,Jeroen Zoet,75,Spezia,1354,3.6,55.5,5,46,0,corner,head,1,
16,7,5,03/10/2021,Hellas Verona,Spezia,10,Spezia,2735,False,1354,Simone Bastoni,385330,M,52,Lorenzo Montipò,74,Hellas Verona,1391,19.9,38.2,21,21,0,assisted,weakFoot,0,
15,7,5,03/10/2021,Hellas Verona,Spezia,11,Spezia,2735,False,1354,Daniele Verde,605580,F,72,Lorenzo Montipò,74,Hellas Verona,1391,23.0,70.5,26,31,0,assisted,strongFoot,0,
14,7,5,03/10/2021,Hellas Verona,Spezia,15,Hellas Verona,2701,True,1391,Davide Faraoni,32040,D,70,Jeroen Zoet,75,Spezia,1354,8.0,66.8,13,54,0,assisted,strongFoot,1,
13,7,5,03/10/2021,Hellas Verona,Spezia,16,Spezia,2735,False,1354,Emmanuel Gyasi,541578,M,59,Lorenzo Montipò,74,Hellas Verona,1391,25.1,35.8,26,21,0,assisted,strongFoot,0,
12,7,5,03/10/2021,Hellas Verona,Spezia,17,Spezia,2735,False,1354,Rey Manaj,587882,F,71,Lorenzo Montipò,74,Hellas Verona,1391,9.4,48.7,9,5,0,corner,head,0,
11,7,5,03/10/2021,Hellas Verona,Spezia,17,Spezia,2735,False,1354,Rey Manaj,587882,F,71,Lorenzo Montipò,74,Hellas Verona,1391,3.2,47.2,3,30,0,corner,weakFoot,0,
10,7,5,03/10/2021,Hellas Verona,Spezia,30,Spezia,2735,False,1354,Rey Manaj,587882,F,71,Lorenzo Montipò,74,Hellas Verona,1391,9.6,39.1,12,37,0,assisted,weakFoot,0,
9,7,5,03/10/2021,Hellas Verona,Spezia,33,Hellas Verona,2701,True,1391,Gianluca Caprari,148458,F,69,Jeroen Zoet,75,Spezia,1354,24.5,41.2,25,13,0,assisted,strongFoot,0,
8,7,5,03/10/2021,Hellas Verona,Spezia,42,Hellas Verona,2701,True,1391,Gianluca Caprari,148458,F,69,Jeroen Zoet,75,Spezia,1354,18.8,46.4,18,7,0,assisted,strongFoot,1,
6,7,5,03/10/2021,Hellas Verona,Spezia,45,Spezia,2735,False,1354,Janis Antiste,963398,F,68,Lorenzo Montipò,74,Hellas Verona,1391,2.4,51.6,2,24,-1,corner,head,0,
7,7,5,03/10/2021,Hellas Verona,Spezia,45,Spezia,2735,False,1354,Daniele Verde,605580,F,72,Lorenzo Montipò,74,Hellas Verona,1391,27.2,56.6,27,9,-1,free-kick,strongFoot,0,
5,7,5,03/10/2021,Hellas Verona,Spezia,54,Spezia,2735,False,1354,Daniele Verde,605580,F,72,Lorenzo Montipò,74,Hellas Verona,1391,13.3,39.2,15,28,-1,assisted,strongFoot,0,
4,7,5,03/10/2021,Hellas Verona,Spezia,68,Spezia,2735,False,1354,Emmanuel Gyasi,541578,M,59,Lorenzo Montipò,74,Hellas Verona,1391,16.2,35.7,18,30,-1,assisted,weakFoot,0,
3,7,5,03/10/2021,Hellas Verona,Spezia,71,Hellas Verona,2701,True,1391,Daniel Bessa,301164,M,68,Jeroen Zoet,75,Spezia,1354,18.2,42.9,18,14,1,fast-break,strongFoot,1,
2,7,5,03/10/2021,Hellas Verona,Spezia,74,Spezia,2735,False,1354,M'bala Nzola,788061,F,69,Lorenzo Montipò,74,Hellas Verona,1391,13.6,42.4,14,20,-2,set-piece,strongFoot,0,
1,7,5,03/10/2021,Hellas Verona,Spezia,78,Spezia,2735,False,1354,David Strelec,918482,F,68,Lorenzo Montipò,74,Hellas Verona,1391,9.0,54.8,9,19,-2,assisted,strongFoot,0,
0,7,5,03/10/2021,Hellas Verona,Spezia,88,Hellas Verona,2701,True,1391,Adrien Tameze,139235,D,59,Jeroen Zoet,75,Spezia,1354,24.9,34.9,26,22,2,assisted,strongFoot,0,
30,7,6,03/10/2021,Sampdoria,Udinese,2,Sampdoria,2711,True,1354,Fabio Quagliarella,11621,F,83,Marco Silvestri,79,Udinese,1402,12.5,55.0,12,15,0,assisted,head,0,
29,7,6,03/10/2021,Sampdoria,Udinese,4,Sampdoria,2711,True,1354,Fabio Quagliarella,11621,F,83,Marco Silvestri,79,Udinese,1402,9.6,53.7,9,14,0,corner,strongFoot,0,
28,7,6,03/10/2021,Sampdoria,Udinese,10,Udinese,2695,False,1402,Destiny Udogie,983572,D,48,Emil Audero,78,Sampdoria,1354,11.7,27.4,19,52,0,assisted,strongFoot,0,
27,7,6,03/10/2021,Sampdoria,Udinese,11,Udinese,2695,False,1402,Jens Stryger Larsen,44848,D,60,Emil Audero,78,Sampdoria,1354,19.2,66.6,22,30,0,corner,weakFoot,0,
26,7,6,03/10/2021,Sampdoria,Udinese,11,Udinese,2695,False,1402,Roberto Pereyra,122701,M,73,Emil Audero,78,Sampdoria,1354,9.2,63.0,12,43,0,assisted,weakFoot,0,
25,7,6,03/10/2021,Sampdoria,Udinese,15,Udinese,2695,False,1402,Roberto Pereyra,122701,M,73,Emil Audero,78,Sampdoria,1354,8.1,45.2,8,21,0,assisted,weakFoot,1,
24,7,6,03/10/2021,Sampdoria,Udinese,18,Udinese,2695,False,1402,Walace,553686,M,66,Emil Audero,78,Sampdoria,1354,16.6,33.5,20,34,1,corner,weakFoot,0,
23,7,6,03/10/2021,Sampdoria,Udinese,18,Udinese,2695,False,1402,Rodrigo Becão,880207,D,32,Emil Audero,78,Sampdoria,1354,2.0,66.8,11,80,1,corner,strongFoot,0,
22,7,6,03/10/2021,Sampdoria,Udinese,24,Sampdoria,2711,True,1354,Antonio Candreva,27982,F,78,Marco Silvestri,79,Udinese,1402,12.7,48.2,12,5,-1,assisted,strongFoot,0,
20,7,6,03/10/2021,Sampdoria,Udinese,31,Sampdoria,2711,True,1354,Adrien Silva,30127,M,72,Marco Silvestri,79,Udinese,1402,23.9,42.1,24,12,0,regular,strongFoot,0,
19,7,6,03/10/2021,Sampdoria,Udinese,34,Udinese,2695,False,1402,Gerard Deulofeu,96372,F,72,Emil Audero,78,Sampdoria,1354,17.7,54.6,17,10,0,assisted,weakFoot,0,
18,7,6,03/10/2021,Sampdoria,Udinese,40,Sampdoria,2711,True,1354,Antonio Candreva,27982,F,78,Marco Silvestri,79,Udinese,1402,24.9,73.6,29,32,0,assisted,strongFoot,0,
17,7,6,03/10/2021,Sampdoria,Udinese,42,Udinese,2695,False,1402,Samir Caetano,331405,D,33,Emil Audero,78,Sampdoria,1354,7.3,51.5,7,7,0,corner,strongFoot,0,
16,7,6,03/10/2021,Sampdoria,Udinese,42,Udinese,2695,False,1402,Walace,553686,M,66,Emil Audero,78,Sampdoria,1354,8.2,67.2,14,54,0,corner,weakFoot,0,
15,7,6,03/10/2021,Sampdoria,Udinese,42,Udinese,2695,False,1402,Walace,553686,M,66,Emil Audero,78,Sampdoria,1354,22.1,56.7,22,11,0,assisted,strongFoot,0,
13,7,6,03/10/2021,Sampdoria,Udinese,43,Udinese,2695,False,1402,Beto,987489,F,73,Emil Audero,78,Sampdoria,1354,4.6,50.9,4,7,0,corner,strongFoot,1,
14,7,6,03/10/2021,Sampdoria,Udinese,43,Udinese,2695,False,1402,Samir Caetano,331405,D,33,Emil Audero,78,Sampdoria,1354,8.5,47.4,8,11,1,corner,head,0,
12,7,6,03/10/2021,Sampdoria,Udinese,48,Sampdoria,2711,True,1354,Fabio Quagliarella,11621,F,83,Marco Silvestri,79,Udinese,1402,11.5,50.0,11,0,-1,penalty,strongFoot,1,
11,7,6,03/10/2021,Sampdoria,Udinese,52,Sampdoria,2711,True,1354,Maya Yoshida,24248,D,41,Marco Silvestri,79,Udinese,1402,8.1,44.6,8,24,0,set-piece,head,0,
10,7,6,03/10/2021,Sampdoria,Udinese,55,Sampdoria,2711,True,1354,Fabio Quagliarella,11621,F,83,Marco Silvestri,79,Udinese,1402,10.6,69.0,16,50,0,regular,strongFoot,0,
9,7,6,03/10/2021,Sampdoria,Udinese,59,Udinese,2695,False,1402,Tolgay Arslan,71203,M,68,Emil Audero,78,Sampdoria,1354,18.4,57.9,19,16,0,assisted,strongFoot,0,
8,7,6,03/10/2021,Sampdoria,Udinese,66,Sampdoria,2711,True,1354,Fabio Quagliarella,11621,F,83,Marco Silvestri,79,Udinese,1402,8.0,34.7,13,52,0,corner,strongFoot,0,
7,7,6,03/10/2021,Sampdoria,Udinese,67,Sampdoria,2711,True,1354,Fabio Quagliarella,11621,F,83,Marco Silvestri,79,Udinese,1402,9.2,71.0,16,57,0,corner,weakFoot,0,
6,7,6,03/10/2021,Sampdoria,Udinese,69,Sampdoria,2711,True,1354,Antonio Candreva,27982,F,78,Marco Silvestri,79,Udinese,1402,24.8,69.2,28,27,0,assisted,strongFoot,1,
5,7,6,03/10/2021,Sampdoria,Udinese,74,Udinese,2695,False,1402,Jens Stryger Larsen,44848,D,60,Emil Audero,78,Sampdoria,1354,21.3,34.0,23,27,-1,assisted,weakFoot,0,
4,7,6,03/10/2021,Sampdoria,Udinese,78,Udinese,2695,False,1402,Beto,987489,F,73,Emil Audero,78,Sampdoria,1354,14.5,65.8,18,36,-1,assisted,weakFoot,0,
3,7,6,03/10/2021,Sampdoria,Udinese,82,Udinese,2695,False,1402,Bram Nuytinck,70930,D,40,Emil Audero,78,Sampdoria,1354,4.1,56.9,6,48,-1,corner,head,0,
2,7,6,03/10/2021,Sampdoria,Udinese,82,Udinese,2695,False,1402,Fernando Forestieri,27792,F,70,Emil Audero,78,Sampdoria,1354,1.0,46.7,2,65,-1,corner,strongFoot,1,
1,7,6,03/10/2021,Sampdoria,Udinese,87,Udinese,2695,False,1402,Tolgay Arslan,71203,M,68,Emil Audero,78,Sampdoria,1354,26.1,35.9,27,20,0,set-piece,strongFoot,0,
0,7,6,03/10/2021,Sampdoria,Udinese,90,Sampdoria,2711,True,1354,Kristoffer Askildsen,954855,M,42,Marco Silvestri,79,Udinese,1402,25.2,52.9,25,4,0,set-piece,strongFoot,0,
28,7,7,03/10/2021,AS Roma,Empoli,2,AS Roma,2702,True,1729,Lorenzo Pellegrini,555540,F,73,Guglielmo Vicario,71,Empoli,1519,11.1,48.2,11,6,0,regular,strongFoot,0,
27,7,7,03/10/2021,AS Roma,Empoli,6,Empoli,2705,False,1519,Andrea Pinamonti,826198,F,70,Rui Patrício,82,AS Roma,1729,5.0,58.5,7,49,0,assisted,head,0,
26,7,7,03/10/2021,AS Roma,Empoli,7,AS Roma,2702,True,1729,Henrikh Mkhitaryan,37151,M,79,Guglielmo Vicario,71,Empoli,1519,15.7,51.5,15,3,0,assisted,weakFoot,0,
25,7,7,03/10/2021,AS Roma,Empoli,11,Empoli,2705,False,1519,Andrea Pinamonti,826198,F,70,Rui Patrício,82,AS Roma,1729,7.1,36.9,11,51,0,assisted,strongFoot,0,
24,7,7,03/10/2021,AS Roma,Empoli,15,Empoli,2705,False,1519,Andrea Pinamonti,826198,F,70,Rui Patrício,82,AS Roma,1729,23.2,51.1,23,1,0,regular,strongFoot,0,
23,7,7,03/10/2021,AS Roma,Empoli,16,Empoli,2705,False,1519,Filippo Bandinelli,812332,M,66,Rui Patrício,82,AS Roma,1729,8.5,50.7,8,3,0,corner,weakFoot,0,
22,7,7,03/10/2021,AS Roma,Empoli,19,AS Roma,2702,True,1729,Ebrima Darboe,1002902,M,45,Guglielmo Vicario,71,Empoli,1519,16.4,56.5,16,15,0,regular,strongFoot,0,
21,7,7,03/10/2021,AS Roma,Empoli,21,Empoli,2705,False,1519,Federico Di Francesco,320979,M,69,Rui Patrício,82,AS Roma,1729,32.3,56.6,32,7,0,corner,strongFoot,0,
20,7,7,03/10/2021,AS Roma,Empoli,25,AS Roma,2702,True,1729,Tammy Abraham,610766,F,77,Guglielmo Vicario,71,Empoli,1519,19.9,51.1,19,2,0,assisted,strongFoot,0,
19,7,7,03/10/2021,AS Roma,Empoli,27,Empoli,2705,False,1519,Filippo Bandinelli,812332,M,66,Rui Patrício,82,AS Roma,1729,8.8,47.8,8,9,0,assisted,head,0,
18,7,7,03/10/2021,AS Roma,Empoli,29,AS Roma,2702,True,1729,Henrikh Mkhitaryan,37151,M,79,Guglielmo Vicario,71,Empoli,1519,5.0,32.8,12,66,0,assisted,weakFoot,0,
17,7,7,03/10/2021,AS Roma,Empoli,34,AS Roma,2702,True,1729,Nicolò Zaniolo,864898,F,73,Guglielmo Vicario,71,Empoli,1519,19.9,64.9,22,26,0,assisted,strongFoot,0,
16,7,7,03/10/2021,AS Roma,Empoli,38,AS Roma,2702,True,1729,Lorenzo Pellegrini,555540,F,73,Guglielmo Vicario,71,Empoli,1519,14.8,50.7,14,1,0,assisted,head,0,
15,7,7,03/10/2021,AS Roma,Empoli,38,Empoli,2705,False,1519,Leonardo Mancuso,250931,F,71,Rui Patrício,82,AS Roma,1729,20.2,73.8,25,38,0,assisted,strongFoot,0,
14,7,7,03/10/2021,AS Roma,Empoli,41,AS Roma,2702,True,1729,Lorenzo Pellegrini,555540,F,73,Guglielmo Vicario,71,Empoli,1519,25.2,36.1,26,20,0,free-kick,strongFoot,0,
13,7,7,03/10/2021,AS Roma,Empoli,42,AS Roma,2702,True,1729,Lorenzo Pellegrini,555540,F,73,Guglielmo Vicario,71,Empoli,1519,14.9,52.8,15,7,0,assisted,strongFoot,1,
12,7,7,03/10/2021,AS Roma,Empoli,45,AS Roma,2702,True,1729,Tammy Abraham,610766,F,77,Guglielmo Vicario,71,Empoli,1519,27.6,32.8,29,22,1,free-kick,strongFoot,0,
11,7,7,03/10/2021,AS Roma,Empoli,48,AS Roma,2702,True,1729,Tammy Abraham,610766,F,77,Guglielmo Vicario,71,Empoli,1519,13.7,71.9,20,47,1,regular,strongFoot,0,
10,7,7,03/10/2021,AS Roma,Empoli,48,AS Roma,2702,True,1729,Henrikh Mkhitaryan,37151,M,79,Guglielmo Vicario,71,Empoli,1519,6.0,37.3,10,55,1,regular,weakFoot,1,
9,7,7,03/10/2021,AS Roma,Empoli,52,AS Roma,2702,True,1729,Tammy Abraham,610766,F,77,Guglielmo Vicario,71,Empoli,1519,13.1,63.9,16,35,2,assisted,strongFoot,0,
8,7,7,03/10/2021,AS Roma,Empoli,62,AS Roma,2702,True,1729,Lorenzo Pellegrini,555540,F,73,Guglielmo Vicario,71,Empoli,1519,8.9,41.9,10,31,2,assisted,head,0,
7,7,7,03/10/2021,AS Roma,Empoli,65,Empoli,2705,False,1519,Federico Di Francesco,320979,M,69,Rui Patrício,82,AS Roma,1729,25.8,52.4,25,3,-2,corner,strongFoot,0,
6,7,7,03/10/2021,AS Roma,Empoli,68,Empoli,2705,False,1519,Leonardo Mancuso,250931,F,71,Rui Patrício,82,AS Roma,1729,12.8,54.4,13,13,-2,assisted,strongFoot,0,
5,7,7,03/10/2021,AS Roma,Empoli,70,AS Roma,2702,True,1729,Lorenzo Pellegrini,555540,F,73,Guglielmo Vicario,71,Empoli,1519,14.1,36.3,16,33,2,assisted,strongFoot,0,
4,7,7,03/10/2021,AS Roma,Empoli,72,AS Roma,2702,True,1729,Tammy Abraham,610766,F,77,Guglielmo Vicario,71,Empoli,1519,9.3,36.3,13,45,2,assisted,weakFoot,0,
3,7,7,03/10/2021,AS Roma,Empoli,72,AS Roma,2702,True,1729,Tammy Abraham,610766,F,77,Guglielmo Vicario,71,Empoli,1519,3.4,45.4,4,42,2,corner,head,0,
2,7,7,03/10/2021,AS Roma,Empoli,74,Empoli,2705,False,1519,Samuele Ricci,930189,M,43,Rui Patrício,82,AS Roma,1729,27.8,25.8,32,30,-2,assisted,strongFoot,0,
1,7,7,03/10/2021,AS Roma,Empoli,77,AS Roma,2702,True,1729,Gianluca Mancini,611210,D,44,Guglielmo Vicario,71,Empoli,1519,8.5,51.2,8,5,2,corner,head,0,
0,7,7,03/10/2021,AS Roma,Empoli,88,Empoli,2705,False,1519,Patrick Cutrone,795044,F,71,Rui Patrício,82,AS Roma,1729,10.4,56.7,11,23,-2,assisted,head,0,
21,7,8,03/10/2021,Fiorentina,SSC Napoli,9,Fiorentina,2693,True,1470,Giacomo Bonaventura,36784,M,75,David Ospina,79,SSC Napoli,1731,18.5,58.1,19,16,0,assisted,strongFoot,0,
20,7,8,03/10/2021,Fiorentina,SSC Napoli,18,Fiorentina,2693,True,1470,Erick Pulgar,590262,M,61,David Ospina,79,SSC Napoli,1731,22.9,36.7,24,21,0,assisted,strongFoot,0,
19,7,8,03/10/2021,Fiorentina,SSC Napoli,22,SSC Napoli,2714,False,1731,Frank Anguissa,787941,M,62,Bartłomiej Drągowski,77,Fiorentina,1470,7.3,56.4,8,30,0,corner,head,0,
18,7,8,03/10/2021,Fiorentina,SSC Napoli,26,Fiorentina,2693,True,1470,Nikola Milenković,836168,D,45,David Ospina,79,SSC Napoli,1731,9.6,44.7,10,20,0,corner,head,0,
17,7,8,03/10/2021,Fiorentina,SSC Napoli,28,Fiorentina,2693,True,1470,Lucas Martínez Quarta,795297,D,55,David Ospina,79,SSC Napoli,1731,7.8,48.9,7,5,0,corner,strongFoot,1,
16,7,8,03/10/2021,Fiorentina,SSC Napoli,34,SSC Napoli,2714,False,1731,Hirving Lozano,385320,F,75,Bartłomiej Drągowski,77,Fiorentina,1470,10.0,69.7,16,53,0,assisted,strongFoot,0,
15,7,8,03/10/2021,Fiorentina,SSC Napoli,38,SSC Napoli,2714,False,1731,Lorenzo Insigne,106258,M,77,Bartłomiej Drągowski,77,Fiorentina,1470,11.5,50.0,11,0,0,penalty,strongFoot,0,
14,7,8,03/10/2021,Fiorentina,SSC Napoli,38,SSC Napoli,2714,False,1731,Lorenzo Insigne,106258,M,77,Bartłomiej Drągowski,77,Fiorentina,1470,2.0,48.9,2,20,0,set-piece,head,0,
13,7,8,03/10/2021,Fiorentina,SSC Napoli,38,SSC Napoli,2714,False,1731,Hirving Lozano,385320,F,75,Bartłomiej Drągowski,77,Fiorentina,1470,3.1,60.8,7,67,0,set-piece,strongFoot,1,
12,7,8,03/10/2021,Fiorentina,SSC Napoli,43,SSC Napoli,2714,False,1731,Lorenzo Insigne,106258,M,77,Bartłomiej Drągowski,77,Fiorentina,1470,20.5,27.0,25,37,1,assisted,strongFoot,0,
11,7,8,03/10/2021,Fiorentina,SSC Napoli,45,SSC Napoli,2714,False,1731,Victor Osimhen,822471,F,79,Bartłomiej Drągowski,77,Fiorentina,1470,10.4,46.2,10,13,1,assisted,strongFoot,0,
10,7,8,03/10/2021,Fiorentina,SSC Napoli,47,Fiorentina,2693,True,1470,Dušan Vlahović,832208,F,77,David Ospina,79,SSC Napoli,1731,10.7,68.6,16,49,-1,corner,strongFoot,0,
9,7,8,03/10/2021,Fiorentina,SSC Napoli,50,SSC Napoli,2714,False,1731,Amir Rrahmani,332155,D,50,Bartłomiej Drągowski,77,Fiorentina,1470,6.8,44.3,7,29,1,set-piece,head,1,
8,7,8,03/10/2021,Fiorentina,SSC Napoli,52,SSC Napoli,2714,False,1731,Victor Osimhen,822471,F,79,Bartłomiej Drągowski,77,Fiorentina,1470,9.3,64.9,13,47,2,assisted,strongFoot,0,
7,7,8,03/10/2021,Fiorentina,SSC Napoli,55,Fiorentina,2693,True,1470,Nikola Milenković,836168,D,45,David Ospina,79,SSC Napoli,1731,10.3,54.8,10,17,-2,corner,head,0,
6,7,8,03/10/2021,Fiorentina,SSC Napoli,56,Fiorentina,2693,True,1470,Álvaro Odriozola,353250,D,53,David Ospina,79,SSC Napoli,1731,20.5,57.7,21,14,-2,corner,strongFoot,0,
5,7,8,03/10/2021,Fiorentina,SSC Napoli,61,Fiorentina,2693,True,1470,Riccardo Sottil,893640,F,61,David Ospina,79,SSC Napoli,1731,12.4,67.8,17,44,-2,regular,strongFoot,0,
4,7,8,03/10/2021,Fiorentina,SSC Napoli,69,SSC Napoli,2714,False,1731,Frank Anguissa,787941,M,62,Bartłomiej Drągowski,77,Fiorentina,1470,19.6,68.1,23,32,2,assisted,strongFoot,0,
3,7,8,03/10/2021,Fiorentina,SSC Napoli,73,SSC Napoli,2714,False,1731,Mário Rui,99546,D,48,Bartłomiej Drągowski,77,Fiorentina,1470,26.0,20.0,33,38,2,free-kick,strongFoot,0,
2,7,8,03/10/2021,Fiorentina,SSC Napoli,74,SSC Napoli,2714,False,1731,Matteo Politano,235672,M,77,Bartłomiej Drągowski,77,Fiorentina,1470,18.1,67.4,21,33,2,assisted,strongFoot,0,
1,7,8,03/10/2021,Fiorentina,SSC Napoli,79,Fiorentina,2693,True,1470,Youssef Maleh,849274,M,66,David Ospina,79,SSC Napoli,1731,23.4,58.8,24,14,-2,corner,strongFoot,0,
0,7,8,03/10/2021,Fiorentina,SSC Napoli,90,Fiorentina,2693,True,1470,Dušan Vlahović,832208,F,77,David Ospina,79,SSC Napoli,1731,12.4,70.3,18,48,-2,set-piece,strongFoot,0,
29,7,9,03/10/2021,Atalanta,AC Milan,1,AC Milan,2692,False,1715,Davide Calabria,318607,D,50,Juan Musso,81,Atalanta,1771,11.4,49.7,11,1,0,assisted,strongFoot,0,
28,7,9,03/10/2021,Atalanta,AC Milan,1,AC Milan,2692,False,1715,Davide Calabria,318607,D,50,Juan Musso,81,Atalanta,1771,5.0,45.4,5,32,0,regular,weakFoot,1,
27,7,9,03/10/2021,Atalanta,AC Milan,6,AC Milan,2692,False,1715,Brahim Díaz,835485,M,67,Juan Musso,81,Atalanta,1771,17.9,43.0,18,14,0,fast-break,weakFoot,0,
26,7,9,03/10/2021,Atalanta,AC Milan,9,Atalanta,2686,True,1771,Davide Zappacosta,132318,M,65,Mike Maignan,84,AC Milan,1715,18.8,62.0,20,23,0,corner,strongFoot,0,
25,7,9,03/10/2021,Atalanta,AC Milan,9,Atalanta,2686,True,1771,Marten de Roon,100389,M,68,Mike Maignan,84,AC Milan,1715,15.5,51.9,15,4,0,corner,strongFoot,0,
24,7,9,03/10/2021,Atalanta,AC Milan,11,AC Milan,2692,False,1715,Ante Rebić,152769,M,82,Juan Musso,81,Atalanta,1771,7.9,27.2,17,62,0,assisted,strongFoot,0,
23,7,9,03/10/2021,Atalanta,AC Milan,14,Atalanta,2686,True,1771,Duván Zapata,38162,F,81,Mike Maignan,84,AC Milan,1715,11.8,30.7,17,48,0,assisted,strongFoot,0,
22,7,9,03/10/2021,Atalanta,AC Milan,14,Atalanta,2686,True,1771,Ruslan Malinovskyi,195850,M,79,Mike Maignan,84,AC Milan,1715,7.4,46.4,7,18,0,regular,strongFoot,0,
21,7,9,03/10/2021,Atalanta,AC Milan,18,Atalanta,2686,True,1771,Ruslan Malinovskyi,195850,M,79,Mike Maignan,84,AC Milan,1715,14.0,51.1,14,3,0,assisted,strongFoot,0,
20,7,9,03/10/2021,Atalanta,AC Milan,18,AC Milan,2692,False,1715,Brahim Díaz,835485,M,67,Juan Musso,81,Atalanta,1771,16.3,43.8,16,14,0,assisted,weakFoot,0,
19,7,9,03/10/2021,Atalanta,AC Milan,19,Atalanta,2686,True,1771,Joakim Mæhle,842364,D,55,Mike Maignan,84,AC Milan,1715,22.2,31.3,25,29,0,assisted,strongFoot,0,
18,7,9,03/10/2021,Atalanta,AC Milan,19,Atalanta,2686,True,1771,Davide Zappacosta,132318,M,65,Mike Maignan,84,AC Milan,1715,15.6,63.6,18,30,0,assisted,weakFoot,0,
17,7,9,03/10/2021,Atalanta,AC Milan,20,Atalanta,2686,True,1771,Duván Zapata,38162,F,81,Mike Maignan,84,AC Milan,1715,6.3,54.1,6,23,0,corner,head,0,
16,7,9,03/10/2021,Atalanta,AC Milan,21,Atalanta,2686,True,1771,Matteo Pessina,350210,M,69,Mike Maignan,84,AC Milan,1715,4.5,61.2,8,59,0,regular,weakFoot,0,
15,7,9,03/10/2021,Atalanta,AC Milan,42,AC Milan,2692,False,1715,Sandro Tonali,892673,M,65,Juan Musso,81,Atalanta,1771,16.2,53.4,16,8,0,regular,strongFoot,1,
14,7,9,03/10/2021,Atalanta,AC Milan,45,AC Milan,2692,False,1715,Franck Kessié,359226,M,73,Juan Musso,81,Atalanta,1771,20.8,40.9,21,16,1,assisted,strongFoot,0,
13,7,9,03/10/2021,Atalanta,AC Milan,45,AC Milan,2692,False,1715,Alexis Saelemaekers,901891,M,65,Juan Musso,81,Atalanta,1771,22.9,54.2,23,7,1,assisted,weakFoot,0,
12,7,9,03/10/2021,Atalanta,AC Milan,46,Atalanta,2686,True,1771,José Luis Palomino,79680,D,32,Mike Maignan,84,AC Milan,1715,10.6,64.0,14,41,-1,corner,head,0,
11,7,9,03/10/2021,Atalanta,AC Milan,53,Atalanta,2686,True,1771,Ruslan Malinovskyi,195850,M,79,Mike Maignan,84,AC Milan,1715,28.6,66.8,30,21,-1,free-kick,strongFoot,0,
10,7,9,03/10/2021,Atalanta,AC Milan,59,AC Milan,2692,False,1715,Alexis Saelemaekers,901891,M,65,Juan Musso,81,Atalanta,1771,4.4,51.1,4,9,1,assisted,head,0,
9,7,9,03/10/2021,Atalanta,AC Milan,62,AC Milan,2692,False,1715,Davide Calabria,318607,D,50,Juan Musso,81,Atalanta,1771,20.4,53.6,20,6,1,regular,weakFoot,0,
8,7,9,03/10/2021,Atalanta,AC Milan,69,AC Milan,2692,False,1715,Rafael Leão,851284,F,72,Juan Musso,81,Atalanta,1771,27.5,38.2,28,16,1,assisted,strongFoot,0,
7,7,9,03/10/2021,Atalanta,AC Milan,71,Atalanta,2686,True,1771,Giuseppe Pezzella,814589,M,51,Mike Maignan,84,AC Milan,1715,20.5,35.4,22,25,-1,assisted,weakFoot,0,
6,7,9,03/10/2021,Atalanta,AC Milan,78,AC Milan,2692,False,1715,Rafael Leão,851284,F,72,Juan Musso,81,Atalanta,1771,15.2,40.3,16,23,1,fast-break,strongFoot,1,
5,7,9,03/10/2021,Atalanta,AC Milan,82,Atalanta,2686,True,1771,Josip Iličić,41270,F,85,Mike Maignan,84,AC Milan,1715,21.4,58.2,22,14,-2,assisted,strongFoot,0,
4,7,9,03/10/2021,Atalanta,AC Milan,82,Atalanta,2686,True,1771,Luis Muriel,119242,F,83,Mike Maignan,84,AC Milan,1715,14.8,33.0,18,37,-2,assisted,strongFoot,0,
3,7,9,03/10/2021,Atalanta,AC Milan,82,Atalanta,2686,True,1771,Davide Zappacosta,132318,M,65,Mike Maignan,84,AC Milan,1715,18.9,61.4,20,22,-2,assisted,strongFoot,0,
2,7,9,03/10/2021,Atalanta,AC Milan,86,Atalanta,2686,True,1771,Duván Zapata,38162,F,81,Mike Maignan,84,AC Milan,1715,11.5,50.0,11,0,-2,penalty,strongFoot,1,
1,7,9,03/10/2021,Atalanta,AC Milan,90,AC Milan,2692,False,1715,Fodé Ballo-Touré,788170,D,50,Juan Musso,81,Atalanta,1771,3.5,61.2,8,65,1,corner,strongFoot,0,
0,7,9,03/10/2021,Atalanta,AC Milan,90,Atalanta,2686,True,1771,Mario Pašalić,190437,M,74,Mike Maignan,84,AC Milan,1715,4.6,46.8,5,25,-1,assisted,strongFoot,1,
32,8,0,16/10/2021,Spezia,US Salernitana 1919,6,Spezia,2735,True,1354,Emmanuel Gyasi,541578,M,59,Vid Belec,73,US Salernitana 1919,1354,11.1,33.8,15,44,0,assisted,strongFoot,0,
31,8,0,16/10/2021,Spezia,US Salernitana 1919,12,Spezia,2735,True,1354,Eddie Salcedo,893643,F,61,Vid Belec,73,US Salernitana 1919,1354,20.8,41.5,21,15,0,assisted,strongFoot,0,
30,8,0,16/10/2021,Spezia,US Salernitana 1919,15,Spezia,2735,True,1354,Janis Antiste,963398,F,68,Vid Belec,73,US Salernitana 1919,1354,9.4,50.4,9,1,0,corner,strongFoot,0,
29,8,0,16/10/2021,Spezia,US Salernitana 1919,16,US Salernitana 1919,2710,False,1354,Grigoris Kastanos,791566,M,57,Ivan Provedel,74,Spezia,1354,19.2,35.5,21,27,0,assisted,strongFoot,0,
28,8,0,16/10/2021,Spezia,US Salernitana 1919,25,US Salernitana 1919,2710,False,1354,Simy,170499,F,76,Ivan Provedel,74,Spezia,1354,17.6,36.6,19,27,0,assisted,strongFoot,0,
27,8,0,16/10/2021,Spezia,US Salernitana 1919,26,Spezia,2735,True,1354,Eddie Salcedo,893643,F,61,Vid Belec,73,US Salernitana 1919,1354,15.5,68.1,19,38,0,assisted,strongFoot,0,
26,8,0,16/10/2021,Spezia,US Salernitana 1919,27,Spezia,2735,True,1354,Eddie Salcedo,893643,F,61,Vid Belec,73,US Salernitana 1919,1354,4.0,48.0,4,18,0,assisted,head,0,
25,8,0,16/10/2021,Spezia,US Salernitana 1919,27,Spezia,2735,True,1354,Giulio Maggiore,848185,M,58,Vid Belec,73,US Salernitana 1919,1354,9.9,43.1,10,25,0,regular,strongFoot,0,
24,8,0,16/10/2021,Spezia,US Salernitana 1919,29,US Salernitana 1919,2710,False,1354,Mamadou Coulibaly,874481,M,58,Ivan Provedel,74,Spezia,1354,19.1,51.9,19,3,0,regular,weakFoot,0,
23,8,0,16/10/2021,Spezia,US Salernitana 1919,29,US Salernitana 1919,2710,False,1354,Simy,170499,F,76,Ivan Provedel,74,Spezia,1354,20.9,48.8,20,2,0,assisted,strongFoot,0,
22,8,0,16/10/2021,Spezia,US Salernitana 1919,29,US Salernitana 1919,2710,False,1354,Wajdi Kechrida,880061,D,32,Ivan Provedel,74,Spezia,1354,14.2,68.4,18,41,0,regular,strongFoot,0,
21,8,0,16/10/2021,Spezia,US Salernitana 1919,32,US Salernitana 1919,2710,False,1354,Grigoris Kastanos,791566,M,57,Ivan Provedel,74,Spezia,1354,12.2,34.2,16,41,0,assisted,strongFoot,0,
20,8,0,16/10/2021,Spezia,US Salernitana 1919,38,US Salernitana 1919,2710,False,1354,Simy,170499,F,76,Ivan Provedel,74,Spezia,1354,12.4,55.5,12,16,0,assisted,strongFoot,0,
19,8,0,16/10/2021,Spezia,US Salernitana 1919,39,US Salernitana 1919,2710,False,1354,Simy,170499,F,76,Ivan Provedel,74,Spezia,1354,5.5,53.2,5,21,0,assisted,strongFoot,1,
18,8,0,16/10/2021,Spezia,US Salernitana 1919,45,US Salernitana 1919,2710,False,1354,Grigoris Kastanos,791566,M,57,Ivan Provedel,74,Spezia,1354,15.7,32.5,19,37,1,assisted,strongFoot,0,
17,8,0,16/10/2021,Spezia,US Salernitana 1919,51,Spezia,2735,True,1354,David Strelec,918482,F,68,Vid Belec,73,US Salernitana 1919,1354,13.4,56.5,14,18,-1,assisted,strongFoot,1,
16,8,0,16/10/2021,Spezia,US Salernitana 1919,55,Spezia,2735,True,1354,Janis Antiste,963398,F,68,Vid Belec,73,US Salernitana 1919,1354,2.5,39.4,7,70,0,assisted,other,0,
14,8,0,16/10/2021,Spezia,US Salernitana 1919,58,Spezia,2735,True,1354,Eddie Salcedo,893643,F,61,Vid Belec,73,US Salernitana 1919,1354,14.1,53.3,14,9,0,regular,strongFoot,0,
15,8,0,16/10/2021,Spezia,US Salernitana 1919,58,Spezia,2735,True,1354,M'bala Nzola,788061,F,69,Vid Belec,73,US Salernitana 1919,1354,18.7,67.6,22,32,0,assisted,strongFoot,0,
13,8,0,16/10/2021,Spezia,US Salernitana 1919,64,US Salernitana 1919,2710,False,1354,Grigoris Kastanos,791566,M,57,Ivan Provedel,74,Spezia,1354,17.8,54.0,18,8,0,assisted,weakFoot,0,
12,8,0,16/10/2021,Spezia,US Salernitana 1919,65,US Salernitana 1919,2710,False,1354,Grigoris Kastanos,791566,M,57,Ivan Provedel,74,Spezia,1354,16.5,32.8,20,35,0,regular,weakFoot,0,
11,8,0,16/10/2021,Spezia,US Salernitana 1919,65,US Salernitana 1919,2710,False,1354,Grigoris Kastanos,791566,M,57,Ivan Provedel,74,Spezia,1354,11.2,36.1,14,40,0,regular,strongFoot,0,
10,8,0,16/10/2021,Spezia,US Salernitana 1919,67,Spezia,2735,True,1354,Eddie Salcedo,893643,F,61,Vid Belec,73,US Salernitana 1919,1354,12.4,63.0,15,35,0,assisted,strongFoot,0,
9,8,0,16/10/2021,Spezia,US Salernitana 1919,67,Spezia,2735,True,1354,Viktor Kovalenko,287659,M,71,Vid Belec,73,US Salernitana 1919,1354,21.3,75.6,27,39,0,regular,strongFoot,0,
8,8,0,16/10/2021,Spezia,US Salernitana 1919,69,Spezia,2735,True,1354,Rey Manaj,587882,F,71,Vid Belec,73,US Salernitana 1919,1354,21.4,31.0,24,31,0,assisted,weakFoot,0,
7,8,0,16/10/2021,Spezia,US Salernitana 1919,71,Spezia,2735,True,1354,Giulio Maggiore,848185,M,58,Vid Belec,73,US Salernitana 1919,1354,12.8,34.9,16,38,0,assisted,weakFoot,0,
6,8,0,16/10/2021,Spezia,US Salernitana 1919,71,Spezia,2735,True,1354,Eddie Salcedo,893643,F,61,Vid Belec,73,US Salernitana 1919,1354,7.4,52.4,7,12,0,corner,head,0,
5,8,0,16/10/2021,Spezia,US Salernitana 1919,73,US Salernitana 1919,2710,False,1354,Joel Obi,79403,M,66,Ivan Provedel,74,Spezia,1354,14.9,52.7,15,7,0,set-piece,strongFoot,0,
4,8,0,16/10/2021,Spezia,US Salernitana 1919,76,Spezia,2735,True,1354,Viktor Kovalenko,287659,M,71,Vid Belec,73,US Salernitana 1919,1354,21.2,38.2,22,20,0,assisted,strongFoot,1,
3,8,0,16/10/2021,Spezia,US Salernitana 1919,79,Spezia,2735,True,1354,Rey Manaj,587882,F,71,Vid Belec,73,US Salernitana 1919,1354,29.8,32.2,32,22,1,free-kick,weakFoot,0,
2,8,0,16/10/2021,Spezia,US Salernitana 1919,90,US Salernitana 1919,2710,False,1354,Cedric Gondo,812207,F,61,Ivan Provedel,74,Spezia,1354,17.5,74.2,24,43,-1,assisted,weakFoot,0,
1,8,0,16/10/2021,Spezia,US Salernitana 1919,90,Spezia,2735,True,1354,Janis Antiste,963398,F,68,Vid Belec,73,US Salernitana 1919,1354,6.9,64.4,11,54,1,fast-break,weakFoot,0,
0,8,0,16/10/2021,Spezia,US Salernitana 1919,90,US Salernitana 1919,2710,False,1354,Cedric Gondo,812207,F,61,Ivan Provedel,74,Spezia,1354,9.4,30.1,16,55,-1,throw-in-set-piece,head,0,
30,8,1,16/10/2021,Lazio,Inter,2,Inter,2697,False,1802,Edin Džeko,14990,F,82,Pepe Reina,78,Lazio,1620,7.8,55.5,8,25,0,assisted,head,0,
29,8,1,16/10/2021,Lazio,Inter,4,Lazio,2699,True,1620,Sergej Milinković-Savić,331447,M,78,Samir Handanović,86,Inter,1802,27.9,62.5,29,16,0,free-kick,strongFoot,0,
28,8,1,16/10/2021,Lazio,Inter,8,Inter,2697,False,1802,Stefan de Vrij,91046,D,41,Pepe Reina,78,Lazio,1620,4.8,46.6,5,25,0,corner,head,0,
27,8,1,16/10/2021,Lazio,Inter,10,Lazio,2699,True,1620,Pedro,35428,F,73,Samir Handanović,86,Inter,1802,8.0,59.4,10,38,0,assisted,weakFoot,0,
26,8,1,16/10/2021,Lazio,Inter,10,Lazio,2699,True,1620,Lucas Leiva,27234,M,64,Samir Handanović,86,Inter,1802,19.9,63.9,22,25,0,regular,strongFoot,0,
25,8,1,16/10/2021,Lazio,Inter,12,Inter,2697,False,1802,Ivan Perišić,38710,M,79,Pepe Reina,78,Lazio,1620,11.5,50.0,11,0,0,penalty,weakFoot,1,
24,8,1,16/10/2021,Lazio,Inter,20,Lazio,2699,True,1620,Toma Bašić,798002,M,63,Samir Handanović,86,Inter,1802,10.8,58.8,12,28,-1,assisted,head,0,
23,8,1,16/10/2021,Lazio,Inter,24,Lazio,2699,True,1620,Toma Bašić,798002,M,63,Samir Handanović,86,Inter,1802,12.5,56.3,13,18,-1,assisted,weakFoot,0,
22,8,1,16/10/2021,Lazio,Inter,25,Lazio,2699,True,1620,Sergej Milinković-Savić,331447,M,78,Samir Handanović,86,Inter,1802,3.8,39.0,8,63,-1,corner,head,0,
21,8,1,16/10/2021,Lazio,Inter,31,Inter,2697,False,1802,Nicolò Barella,363856,M,70,Pepe Reina,78,Lazio,1620,15.7,73.0,22,44,1,assisted,weakFoot,0,
20,8,1,16/10/2021,Lazio,Inter,32,Inter,2697,False,1802,Edin Džeko,14990,F,82,Pepe Reina,78,Lazio,1620,7.5,55.7,8,27,1,assisted,head,0,
19,8,1,16/10/2021,Lazio,Inter,33,Lazio,2699,True,1620,Ciro Immobile,45923,F,87,Samir Handanović,86,Inter,1802,8.6,50.6,8,2,-1,corner,head,0,
18,8,1,16/10/2021,Lazio,Inter,34,Inter,2697,False,1802,Ivan Perišić,38710,M,79,Pepe Reina,78,Lazio,1620,26.1,50.5,26,0,1,assisted,weakFoot,0,
17,8,1,16/10/2021,Lazio,Inter,35,Lazio,2699,True,1620,Felipe Anderson,152276,M,73,Samir Handanović,86,Inter,1802,22.1,49.7,22,0,-1,regular,weakFoot,0,
16,8,1,16/10/2021,Lazio,Inter,40,Lazio,2699,True,1620,Toma Bašić,798002,M,63,Samir Handanović,86,Inter,1802,26.4,39.4,27,15,-1,assisted,strongFoot,0,
15,8,1,16/10/2021,Lazio,Inter,43,Lazio,2699,True,1620,Pedro,35428,F,73,Samir Handanović,86,Inter,1802,21.9,65.3,24,25,-1,assisted,weakFoot,0,
14,8,1,16/10/2021,Lazio,Inter,51,Inter,2697,False,1802,Matteo Darmian,19352,D,57,Pepe Reina,78,Lazio,1620,14.2,52.8,14,7,1,assisted,head,0,
13,8,1,16/10/2021,Lazio,Inter,52,Lazio,2699,True,1620,Ciro Immobile,45923,F,87,Samir Handanović,86,Inter,1802,13.7,30.1,19,44,-1,assisted,strongFoot,0,
12,8,1,16/10/2021,Lazio,Inter,60,Lazio,2699,True,1620,Sergej Milinković-Savić,331447,M,78,Samir Handanović,86,Inter,1802,24.4,64.3,26,21,-1,assisted,strongFoot,0,
11,8,1,16/10/2021,Lazio,Inter,62,Lazio,2699,True,1620,Patric,217784,D,51,Samir Handanović,86,Inter,1802,9.3,57.9,10,30,-1,corner,head,0,
10,8,1,16/10/2021,Lazio,Inter,64,Lazio,2699,True,1620,Ciro Immobile,45923,F,87,Samir Handanović,86,Inter,1802,11.5,50.0,11,0,-1,penalty,strongFoot,1,
9,8,1,16/10/2021,Lazio,Inter,72,Lazio,2699,True,1620,Pedro,35428,F,73,Samir Handanović,86,Inter,1802,10.4,30.5,16,51,0,assisted,weakFoot,0,
8,8,1,16/10/2021,Lazio,Inter,73,Inter,2697,False,1802,Federico Dimarco,284361,M,60,Pepe Reina,78,Lazio,1620,12.9,33.6,17,40,0,assisted,strongFoot,0,
7,8,1,16/10/2021,Lazio,Inter,77,Inter,2697,False,1802,Federico Dimarco,284361,M,60,Pepe Reina,78,Lazio,1620,19.5,54.8,19,9,0,regular,strongFoot,0,
6,8,1,16/10/2021,Lazio,Inter,77,Inter,2697,False,1802,Nicolò Barella,363856,M,70,Pepe Reina,78,Lazio,1620,19.8,37.5,21,23,0,regular,strongFoot,0,
5,8,1,16/10/2021,Lazio,Inter,81,Inter,2697,False,1802,Lautaro Martínez,823984,F,81,Pepe Reina,78,Lazio,1620,23.1,53.2,23,5,0,assisted,strongFoot,0,
4,8,1,16/10/2021,Lazio,Inter,81,Lazio,2699,True,1620,Ciro Immobile,45923,F,87,Samir Handanović,86,Inter,1802,10.0,38.8,12,37,0,assisted,weakFoot,0,
3,8,1,16/10/2021,Lazio,Inter,81,Lazio,2699,True,1620,Felipe Anderson,152276,M,73,Samir Handanović,86,Inter,1802,7.7,53.6,8,17,0,regular,weakFoot,1,
2,8,1,16/10/2021,Lazio,Inter,90,Lazio,2699,True,1620,Ciro Immobile,45923,F,87,Samir Handanović,86,Inter,1802,14.8,28.3,20,44,1,assisted,strongFoot,0,
1,8,1,16/10/2021,Lazio,Inter,90,Lazio,2699,True,1620,Sergej Milinković-Savić,331447,M,78,Samir Handanović,86,Inter,1802,7.3,48.9,7,5,1,set-piece,head,1,
0,8,1,16/10/2021,Lazio,Inter,90,Inter,2697,False,1802,Stefan de Vrij,91046,D,41,Pepe Reina,78,Lazio,1620,13.4,65.8,17,38,-2,regular,strongFoot,0,
27,8,2,16/10/2021,AC Milan,Hellas Verona,3,Hellas Verona,2701,False,1391,Ivan Ilić,877371,M,63,Ciprian Tătărușanu,77,AC Milan,1715,14.2,65.8,17,37,0,assisted,strongFoot,0,
26,8,2,16/10/2021,AC Milan,Hellas Verona,7,Hellas Verona,2701,False,1391,Gianluca Caprari,148458,F,69,Ciprian Tătărușanu,77,AC Milan,1715,13.0,51.8,13,5,0,assisted,strongFoot,1,
25,8,2,16/10/2021,AC Milan,Hellas Verona,9,AC Milan,2692,True,1715,Daniel Maldini,970928,F,51,Lorenzo Montipò,74,Hellas Verona,1391,11.2,57.3,12,23,-1,assisted,strongFoot,0,
24,8,2,16/10/2021,AC Milan,Hellas Verona,15,Hellas Verona,2701,False,1391,Nikola Kalinić,31273,F,73,Ciprian Tătărușanu,77,AC Milan,1715,4.3,45.4,5,36,1,assisted,strongFoot,0,
23,8,2,16/10/2021,AC Milan,Hellas Verona,24,Hellas Verona,2701,False,1391,Antonín Barák,330705,M,74,Ciprian Tătărușanu,77,AC Milan,1715,11.5,50.0,11,0,1,penalty,strongFoot,1,
22,8,2,16/10/2021,AC Milan,Hellas Verona,27,AC Milan,2692,True,1715,Davide Calabria,318607,D,50,Lorenzo Montipò,74,Hellas Verona,1391,19.9,53.9,20,7,-2,assisted,strongFoot,0,
21,8,2,16/10/2021,AC Milan,Hellas Verona,30,AC Milan,2692,True,1715,Alexis Saelemaekers,901891,M,65,Lorenzo Montipò,74,Hellas Verona,1391,20.4,37.1,22,23,-2,assisted,strongFoot,0,
20,8,2,16/10/2021,AC Milan,Hellas Verona,31,AC Milan,2692,True,1715,Ante Rebić,152769,M,82,Lorenzo Montipò,74,Hellas Verona,1391,26.4,56.3,26,9,-2,assisted,strongFoot,0,
19,8,2,16/10/2021,AC Milan,Hellas Verona,41,AC Milan,2692,True,1715,Fodé Ballo-Touré,788170,D,50,Lorenzo Montipò,74,Hellas Verona,1391,18.7,25.3,25,41,-2,corner,strongFoot,0,
18,8,2,16/10/2021,AC Milan,Hellas Verona,45,AC Milan,2692,True,1715,Rafael Leão,851284,F,72,Lorenzo Montipò,74,Hellas Verona,1391,26.6,43.1,27,10,-2,assisted,weakFoot,0,
17,8,2,16/10/2021,AC Milan,Hellas Verona,45,AC Milan,2692,True,1715,Rafael Leão,851284,F,72,Lorenzo Montipò,74,Hellas Verona,1391,10.9,51.8,10,6,-2,set-piece,head,0,
16,8,2,16/10/2021,AC Milan,Hellas Verona,46,Hellas Verona,2701,False,1391,Davide Faraoni,32040,D,70,Ciprian Tătărușanu,77,AC Milan,1715,22.4,66.2,24,26,2,assisted,strongFoot,0,
15,8,2,16/10/2021,AC Milan,Hellas Verona,51,AC Milan,2692,True,1715,Davide Calabria,318607,D,50,Lorenzo Montipò,74,Hellas Verona,1391,18.4,71.5,23,38,-2,assisted,weakFoot,0,
14,8,2,16/10/2021,AC Milan,Hellas Verona,55,AC Milan,2692,True,1715,Davide Calabria,318607,D,50,Lorenzo Montipò,74,Hellas Verona,1391,15.7,53.2,15,7,-2,assisted,weakFoot,0,
13,8,2,16/10/2021,AC Milan,Hellas Verona,56,AC Milan,2692,True,1715,Rafael Leão,851284,F,72,Lorenzo Montipò,74,Hellas Verona,1391,13.1,32.2,17,42,-2,assisted,weakFoot,0,
12,8,2,16/10/2021,AC Milan,Hellas Verona,58,AC Milan,2692,True,1715,Davide Calabria,318607,D,50,Lorenzo Montipò,74,Hellas Verona,1391,26.4,51.5,26,2,-2,corner,strongFoot,0,
11,8,2,16/10/2021,AC Milan,Hellas Verona,59,AC Milan,2692,True,1715,Olivier Giroud,39070,F,79,Lorenzo Montipò,74,Hellas Verona,1391,7.1,49.9,7,0,-2,corner,head,1,
10,8,2,16/10/2021,AC Milan,Hellas Verona,64,AC Milan,2692,True,1715,Olivier Giroud,39070,F,79,Lorenzo Montipò,74,Hellas Verona,1391,8.9,47.0,9,12,-1,assisted,head,0,
9,8,2,16/10/2021,AC Milan,Hellas Verona,69,Hellas Verona,2701,False,1391,Antonín Barák,330705,M,74,Ciprian Tătărușanu,77,AC Milan,1715,14.3,42.8,15,18,1,regular,strongFoot,0,
8,8,2,16/10/2021,AC Milan,Hellas Verona,69,AC Milan,2692,True,1715,Rafael Leão,851284,F,72,Lorenzo Montipò,74,Hellas Verona,1391,14.4,31.9,18,40,-1,assisted,strongFoot,0,
7,8,2,16/10/2021,AC Milan,Hellas Verona,73,AC Milan,2692,True,1715,Franck Kessié,359226,M,73,Lorenzo Montipò,74,Hellas Verona,1391,21.9,54.2,22,7,-1,regular,strongFoot,0,
6,8,2,16/10/2021,AC Milan,Hellas Verona,76,AC Milan,2692,True,1715,Franck Kessié,359226,M,73,Lorenzo Montipò,74,Hellas Verona,1391,11.5,50.0,11,0,-1,penalty,strongFoot,1,
5,8,2,16/10/2021,AC Milan,Hellas Verona,78,AC Milan,2692,True,1715,Koray Günter,138165,D,31,Lorenzo Montipò,74,Hellas Verona,1391,4.7,51.5,4,12,0,regular,strongFoot,1,
4,8,2,16/10/2021,AC Milan,Hellas Verona,81,Hellas Verona,2701,False,1391,Antonín Barák,330705,M,74,Ciprian Tătărușanu,77,AC Milan,1715,5.0,65.3,11,64,-1,corner,strongFoot,0,
3,8,2,16/10/2021,AC Milan,Hellas Verona,81,Hellas Verona,2701,False,1391,Davide Faraoni,32040,D,70,Ciprian Tătărușanu,77,AC Milan,1715,9.5,55.4,10,21,-1,corner,head,0,
2,8,2,16/10/2021,AC Milan,Hellas Verona,85,AC Milan,2692,True,1715,Zlatan Ibrahimović,2089,F,86,Lorenzo Montipò,74,Hellas Verona,1391,15.4,38.6,17,26,1,fast-break,weakFoot,0,
1,8,2,16/10/2021,AC Milan,Hellas Verona,90,Hellas Verona,2701,False,1391,Giovanni Simeone,341143,F,73,Ciprian Tătărușanu,77,AC Milan,1715,5.3,61.6,9,56,-1,corner,head,0,
0,8,2,16/10/2021,AC Milan,Hellas Verona,90,Hellas Verona,2701,False,1391,Matteo Cancellieri,1017649,F,61,Ciprian Tătărușanu,77,AC Milan,1715,18.7,28.4,23,38,-1,regular,strongFoot,0,
28,8,3,17/10/2021,Cagliari,Sampdoria,2,Cagliari,2719,True,1354,Martín Cáceres,28186,D,51,Emil Audero,78,Sampdoria,1354,13.0,69.7,18,45,0,corner,strongFoot,0,
27,8,3,17/10/2021,Cagliari,Sampdoria,3,Cagliari,2719,True,1354,Răzvan Marin,279563,M,73,Emil Audero,78,Sampdoria,1354,21.8,67.8,24,29,0,corner,strongFoot,0,
26,8,3,17/10/2021,Cagliari,Sampdoria,4,Cagliari,2719,True,1354,Dalbert,385386,D,56,Emil Audero,78,Sampdoria,1354,11.5,38.6,13,33,0,regular,strongFoot,0,
25,8,3,17/10/2021,Cagliari,Sampdoria,4,Cagliari,2719,True,1354,João Pedro Galvão,123208,F,77,Emil Audero,78,Sampdoria,1354,2.0,57.1,5,67,0,assisted,head,1,
24,8,3,17/10/2021,Cagliari,Sampdoria,12,Sampdoria,2711,False,1354,Antonio Candreva,27982,F,78,Alessio Cragno,81,Cagliari,1354,15.1,39.6,16,25,-1,fast-break,strongFoot,0,
23,8,3,17/10/2021,Cagliari,Sampdoria,15,Sampdoria,2711,False,1354,Adrien Silva,30127,M,72,Alessio Cragno,81,Cagliari,1354,22.6,53.0,22,5,-1,corner,strongFoot,0,
22,8,3,17/10/2021,Cagliari,Sampdoria,21,Sampdoria,2711,False,1354,Manolo Gabbiadini,53816,F,78,Alessio Cragno,81,Cagliari,1354,19.8,61.6,21,21,-1,assisted,weakFoot,0,
21,8,3,17/10/2021,Cagliari,Sampdoria,21,Sampdoria,2711,False,1354,Fabio Quagliarella,11621,F,83,Alessio Cragno,81,Cagliari,1354,20.1,47.4,20,5,-1,assisted,strongFoot,0,
20,8,3,17/10/2021,Cagliari,Sampdoria,26,Sampdoria,2711,False,1354,Omar Colley,238408,D,31,Alessio Cragno,81,Cagliari,1354,8.8,36.9,12,45,-1,corner,head,0,
19,8,3,17/10/2021,Cagliari,Sampdoria,28,Sampdoria,2711,False,1354,Fabio Quagliarella,11621,F,83,Alessio Cragno,81,Cagliari,1354,11.7,47.2,11,9,-1,assisted,head,0,
18,8,3,17/10/2021,Cagliari,Sampdoria,37,Sampdoria,2711,False,1354,Kristoffer Askildsen,954855,M,50,Alessio Cragno,81,Cagliari,1354,5.4,59.6,8,50,-1,corner,head,0,
17,8,3,17/10/2021,Cagliari,Sampdoria,46,Cagliari,2719,True,1354,Răzvan Marin,279563,M,73,Emil Audero,78,Sampdoria,1354,13.8,68.4,18,42,1,assisted,weakFoot,0,
16,8,3,17/10/2021,Cagliari,Sampdoria,48,Sampdoria,2711,False,1354,Manolo Gabbiadini,53816,F,78,Alessio Cragno,81,Cagliari,1354,5.7,41.7,8,44,-1,assisted,strongFoot,0,
15,8,3,17/10/2021,Cagliari,Sampdoria,53,Cagliari,2719,True,1354,Nahitan Nández,589620,M,66,Emil Audero,78,Sampdoria,1354,29.8,71.3,33,25,1,assisted,strongFoot,0,
14,8,3,17/10/2021,Cagliari,Sampdoria,56,Sampdoria,2711,False,1354,Adrien Silva,30127,M,72,Alessio Cragno,81,Cagliari,1354,25.6,46.2,25,5,-1,regular,strongFoot,0,
13,8,3,17/10/2021,Cagliari,Sampdoria,56,Sampdoria,2711,False,1354,Fabio Quagliarella,11621,F,83,Alessio Cragno,81,Cagliari,1354,9.3,54.8,9,19,-1,assisted,head,0,
12,8,3,17/10/2021,Cagliari,Sampdoria,63,Cagliari,2719,True,1354,Keita Baldé,317699,F,73,Emil Audero,78,Sampdoria,1354,14.1,48.9,14,3,1,regular,strongFoot,0,
11,8,3,17/10/2021,Cagliari,Sampdoria,64,Cagliari,2719,True,1354,Răzvan Marin,279563,M,73,Emil Audero,78,Sampdoria,1354,22.4,37.7,23,20,1,assisted,strongFoot,0,
10,8,3,17/10/2021,Cagliari,Sampdoria,65,Cagliari,2719,True,1354,Keita Baldé,317699,F,73,Emil Audero,78,Sampdoria,1354,4.9,40.9,7,51,1,assisted,strongFoot,0,
9,8,3,17/10/2021,Cagliari,Sampdoria,66,Cagliari,2719,True,1354,Alessandro Deiola,328109,M,62,Emil Audero,78,Sampdoria,1354,28.3,39.2,29,14,1,assisted,strongFoot,0,
8,8,3,17/10/2021,Cagliari,Sampdoria,72,Sampdoria,2711,False,1354,Valerio Verre,139267,M,73,Alessio Cragno,81,Cagliari,1354,18.2,31.6,22,34,-1,corner,weakFoot,0,
7,8,3,17/10/2021,Cagliari,Sampdoria,74,Cagliari,2719,True,1354,Martín Cáceres,28186,D,51,Emil Audero,78,Sampdoria,1354,19.1,53.8,19,7,1,set-piece,strongFoot,1,
6,8,3,17/10/2021,Cagliari,Sampdoria,79,Sampdoria,2711,False,1354,Omar Colley,238408,D,31,Alessio Cragno,81,Cagliari,1354,8.1,61.6,11,44,-2,corner,head,0,
5,8,3,17/10/2021,Cagliari,Sampdoria,82,Sampdoria,2711,False,1354,Morten Thorsby,280991,M,60,Alessio Cragno,81,Cagliari,1354,7.7,49.9,7,0,-2,corner,head,1,
4,8,3,17/10/2021,Cagliari,Sampdoria,84,Sampdoria,2711,False,1354,Fabio Quagliarella,11621,F,83,Alessio Cragno,81,Cagliari,1354,28.5,50.1,28,0,-1,regular,strongFoot,0,
3,8,3,17/10/2021,Cagliari,Sampdoria,89,Sampdoria,2711,False,1354,Omar Colley,238408,D,31,Alessio Cragno,81,Cagliari,1354,4.4,47.2,4,23,-1,assisted,head,0,
2,8,3,17/10/2021,Cagliari,Sampdoria,90,Sampdoria,2711,False,1354,Francesco Caputo,43905,F,78,Alessio Cragno,81,Cagliari,1354,8.1,49.9,8,0,-1,assisted,strongFoot,0,
1,8,3,17/10/2021,Cagliari,Sampdoria,90,Cagliari,2719,True,1354,João Pedro Galvão,123208,F,77,Emil Audero,78,Sampdoria,1354,9.8,55.9,10,22,1,assisted,strongFoot,1,
0,8,3,17/10/2021,Cagliari,Sampdoria,90,Sampdoria,2711,False,1354,Valerio Verre,139267,M,73,Alessio Cragno,81,Cagliari,1354,50.4,50.9,50,0,-2,regular,weakFoot,0,
34,8,4,17/10/2021,Empoli,Atalanta,4,Atalanta,2686,False,1771,Luis Muriel,119242,F,83,Guglielmo Vicario,71,Empoli,1519,13.2,55.5,13,15,0,assisted,strongFoot,0,
33,8,4,17/10/2021,Empoli,Atalanta,5,Atalanta,2686,False,1771,Mario Pašalić,190437,M,74,Guglielmo Vicario,71,Empoli,1519,7.6,58.8,9,38,0,corner,head,0,
32,8,4,17/10/2021,Empoli,Atalanta,7,Empoli,2705,True,1519,Liam Henderson,287573,M,59,Juan Musso,81,Atalanta,1771,13.1,48.1,13,5,0,assisted,strongFoot,0,
31,8,4,17/10/2021,Empoli,Atalanta,9,Atalanta,2686,False,1771,Joakim Mæhle,842364,D,55,Guglielmo Vicario,71,Empoli,1519,24.4,47.5,24,3,0,assisted,strongFoot,0,
30,8,4,17/10/2021,Empoli,Atalanta,10,Atalanta,2686,False,1771,Davide Zappacosta,132318,M,65,Guglielmo Vicario,71,Empoli,1519,18.4,53.8,18,7,0,corner,strongFoot,0,
29,8,4,17/10/2021,Empoli,Atalanta,11,Atalanta,2686,False,1771,Josip Iličić,41270,F,85,Guglielmo Vicario,71,Empoli,1519,7.5,56.9,8,32,0,assisted,weakFoot,1,
28,8,4,17/10/2021,Empoli,Atalanta,16,Atalanta,2686,False,1771,Mario Pašalić,190437,M,74,Guglielmo Vicario,71,Empoli,1519,7.4,46.1,7,19,1,assisted,strongFoot,0,
27,8,4,17/10/2021,Empoli,Atalanta,19,Atalanta,2686,False,1771,Luis Muriel,119242,F,83,Guglielmo Vicario,71,Empoli,1519,4.7,32.4,12,68,1,assisted,weakFoot,0,
26,8,4,17/10/2021,Empoli,Atalanta,20,Atalanta,2686,False,1771,Luis Muriel,119242,F,83,Guglielmo Vicario,71,Empoli,1519,14.9,17.9,26,55,1,corner,strongFoot,0,
25,8,4,17/10/2021,Empoli,Atalanta,26,Atalanta,2686,False,1771,Josip Iličić,41270,F,85,Guglielmo Vicario,71,Empoli,1519,16.9,61.6,18,25,1,assisted,strongFoot,1,
24,8,4,17/10/2021,Empoli,Atalanta,29,Atalanta,2686,False,1771,Teun Koopmeiners,803033,M,71,Guglielmo Vicario,71,Empoli,1519,19.9,46.7,20,6,2,assisted,strongFoot,0,
23,8,4,17/10/2021,Empoli,Atalanta,30,Empoli,2705,True,1519,Federico Di Francesco,320979,M,69,Juan Musso,81,Atalanta,1771,13.9,64.9,17,36,-2,assisted,strongFoot,1,
22,8,4,17/10/2021,Empoli,Atalanta,33,Empoli,2705,True,1519,Liam Henderson,287573,M,59,Juan Musso,81,Atalanta,1771,22.4,63.9,24,22,-1,assisted,strongFoot,0,
21,8,4,17/10/2021,Empoli,Atalanta,42,Atalanta,2686,False,1771,Luis Muriel,119242,F,83,Guglielmo Vicario,71,Empoli,1519,8.6,42.2,10,31,1,assisted,strongFoot,0,
20,8,4,17/10/2021,Empoli,Atalanta,45,Atalanta,2686,False,1771,Luis Muriel,119242,F,83,Guglielmo Vicario,71,Empoli,1519,5.1,43.3,6,41,1,assisted,strongFoot,0,
19,8,4,17/10/2021,Empoli,Atalanta,45,Empoli,2705,True,1519,Leo Štulac,142860,M,61,Juan Musso,81,Atalanta,1771,21.2,71.1,25,34,-1,free-kick,strongFoot,0,
18,8,4,17/10/2021,Empoli,Atalanta,47,Atalanta,2686,False,1771,José Luis Palomino,79680,D,32,Guglielmo Vicario,71,Empoli,1519,8.2,39.5,10,41,1,regular,strongFoot,0,
17,8,4,17/10/2021,Empoli,Atalanta,49,Atalanta,2686,False,1771,Mattia Viti,1009268,D,34,Guglielmo Vicario,71,Empoli,1519,2.4,49.4,2,9,1,regular,strongFoot,1,
16,8,4,17/10/2021,Empoli,Atalanta,56,Atalanta,2686,False,1771,Duván Zapata,38162,F,81,Guglielmo Vicario,71,Empoli,1519,18.3,36.3,20,26,2,assisted,strongFoot,0,
15,8,4,17/10/2021,Empoli,Atalanta,65,Atalanta,2686,False,1771,Teun Koopmeiners,803033,M,71,Guglielmo Vicario,71,Empoli,1519,19.4,47.0,19,6,2,assisted,strongFoot,0,
14,8,4,17/10/2021,Empoli,Atalanta,68,Atalanta,2686,False,1771,Josip Iličić,41270,F,85,Guglielmo Vicario,71,Empoli,1519,11.5,50.0,11,0,2,penalty,strongFoot,0,
13,8,4,17/10/2021,Empoli,Atalanta,74,Atalanta,2686,False,1771,Duván Zapata,38162,F,81,Guglielmo Vicario,71,Empoli,1519,61.7,38.6,62,7,2,regular,strongFoot,0,
12,8,4,17/10/2021,Empoli,Atalanta,78,Atalanta,2686,False,1771,Davide Zappacosta,132318,M,65,Guglielmo Vicario,71,Empoli,1519,9.6,75.3,19,60,2,regular,strongFoot,0,
11,8,4,17/10/2021,Empoli,Atalanta,78,Atalanta,2686,False,1771,Ruslan Malinovskyi,195850,M,79,Guglielmo Vicario,71,Empoli,1519,8.3,52.5,8,11,2,regular,head,0,
10,8,4,17/10/2021,Empoli,Atalanta,78,Atalanta,2686,False,1771,Mario Pašalić,190437,M,74,Guglielmo Vicario,71,Empoli,1519,7.7,59.1,9,38,2,corner,head,0,
9,8,4,17/10/2021,Empoli,Atalanta,79,Empoli,2705,True,1519,Patrick Cutrone,795044,F,71,Juan Musso,81,Atalanta,1771,16.7,54.0,16,9,-2,regular,weakFoot,0,
8,8,4,17/10/2021,Empoli,Atalanta,82,Empoli,2705,True,1519,Filippo Bandinelli,812332,M,66,Juan Musso,81,Atalanta,1771,19.5,47.8,19,4,-2,set-piece,strongFoot,0,
7,8,4,17/10/2021,Empoli,Atalanta,84,Empoli,2705,True,1519,Patrick Cutrone,795044,F,71,Juan Musso,81,Atalanta,1771,14.7,34.9,17,34,-2,assisted,strongFoot,0,
6,8,4,17/10/2021,Empoli,Atalanta,85,Atalanta,2686,False,1771,Duván Zapata,38162,F,81,Guglielmo Vicario,71,Empoli,1519,7.5,37.6,11,48,2,assisted,weakFoot,0,
5,8,4,17/10/2021,Empoli,Atalanta,86,Empoli,2705,True,1519,Patrick Cutrone,795044,F,71,Juan Musso,81,Atalanta,1771,10.3,29.2,17,53,-2,corner,weakFoot,0,
4,8,4,17/10/2021,Empoli,Atalanta,89,Empoli,2705,True,1519,Fabiano Parisi,972886,D,60,Juan Musso,81,Atalanta,1771,19.9,40.2,20,18,-2,corner,strongFoot,0,
3,8,4,17/10/2021,Empoli,Atalanta,89,Empoli,2705,True,1519,Fabiano Parisi,972886,D,60,Juan Musso,81,Atalanta,1771,18.7,45.6,18,9,-2,corner,strongFoot,0,
2,8,4,17/10/2021,Empoli,Atalanta,89,Atalanta,2686,False,1771,Duván Zapata,38162,F,81,Guglielmo Vicario,71,Empoli,1519,4.4,50.1,4,0,2,fast-break,strongFoot,1,
1,8,4,17/10/2021,Empoli,Atalanta,90,Empoli,2705,True,1519,Andrea Pinamonti,826198,F,70,Juan Musso,81,Atalanta,1771,6.7,71.7,16,65,-3,assisted,strongFoot,0,
0,8,4,17/10/2021,Empoli,Atalanta,90,Empoli,2705,True,1519,Filippo Bandinelli,812332,M,66,Juan Musso,81,Atalanta,1771,14.6,42.7,15,18,-3,corner,strongFoot,0,
33,8,5,17/10/2021,Genoa,Sassuolo,2,Sassuolo,2793,False,1519,Gianluca Scamacca,807301,F,74,Salvatore Sirigu,82,Genoa,1383,23.2,55.5,23,9,0,assisted,strongFoot,0,
32,8,5,17/10/2021,Genoa,Sassuolo,3,Sassuolo,2793,False,1519,Davide Frattesi,835600,M,67,Salvatore Sirigu,82,Genoa,1383,8.7,44.8,9,22,0,assisted,head,0,
31,8,5,17/10/2021,Genoa,Sassuolo,4,Genoa,2713,True,1383,Mattia Destro,100570,F,75,Andrea Consigli,81,Sassuolo,1519,11.7,51.5,11,4,0,assisted,strongFoot,0,
30,8,5,17/10/2021,Genoa,Sassuolo,8,Sassuolo,2793,False,1519,Gian Marco Ferrari,170887,D,26,Salvatore Sirigu,82,Genoa,1383,11.0,53.0,11,10,0,corner,strongFoot,0,
29,8,5,17/10/2021,Genoa,Sassuolo,15,Sassuolo,2793,False,1519,Giacomo Raspadori,865651,F,72,Salvatore Sirigu,82,Genoa,1383,16.9,49.5,16,1,0,regular,weakFoot,0,
28,8,5,17/10/2021,Genoa,Sassuolo,17,Sassuolo,2793,False,1519,Gianluca Scamacca,807301,F,74,Salvatore Sirigu,82,Genoa,1383,10.7,43.9,11,21,0,regular,strongFoot,1,
27,8,5,17/10/2021,Genoa,Sassuolo,20,Sassuolo,2793,False,1519,Gianluca Scamacca,807301,F,74,Salvatore Sirigu,82,Genoa,1383,2.8,44.5,4,53,1,regular,strongFoot,1,
26,8,5,17/10/2021,Genoa,Sassuolo,26,Genoa,2713,True,1383,Mohamed Fares,556960,D,61,Andrea Consigli,81,Sassuolo,1519,18.0,32.1,21,34,-2,assisted,strongFoot,0,
25,8,5,17/10/2021,Genoa,Sassuolo,27,Genoa,2713,True,1383,Mattia Destro,100570,F,75,Andrea Consigli,81,Sassuolo,1519,9.2,58.7,10,32,-2,assisted,head,1,
24,8,5,17/10/2021,Genoa,Sassuolo,29,Genoa,2713,True,1383,Mattia Destro,100570,F,75,Andrea Consigli,81,Sassuolo,1519,20.9,64.7,23,25,-1,assisted,strongFoot,0,
23,8,5,17/10/2021,Genoa,Sassuolo,31,Sassuolo,2793,False,1519,Giacomo Raspadori,865651,F,72,Salvatore Sirigu,82,Genoa,1383,4.7,40.4,8,54,1,assisted,weakFoot,0,
22,8,5,17/10/2021,Genoa,Sassuolo,36,Sassuolo,2793,False,1519,Domenico Berardi,253367,F,80,Salvatore Sirigu,82,Genoa,1383,15.2,58.5,16,20,1,assisted,strongFoot,0,
21,8,5,17/10/2021,Genoa,Sassuolo,39,Genoa,2713,True,1383,Goran Pandev,2695,F,78,Andrea Consigli,81,Sassuolo,1519,10.9,32.3,16,47,-1,assisted,strongFoot,0,
20,8,5,17/10/2021,Genoa,Sassuolo,44,Sassuolo,2793,False,1519,Filip Đuričić,69367,M,68,Salvatore Sirigu,82,Genoa,1383,6.1,35.9,11,57,1,assisted,weakFoot,0,
19,8,5,17/10/2021,Genoa,Sassuolo,45,Sassuolo,2793,False,1519,Davide Frattesi,835600,M,67,Salvatore Sirigu,82,Genoa,1383,26.7,37.3,28,17,1,assisted,strongFoot,0,
18,8,5,17/10/2021,Genoa,Sassuolo,48,Sassuolo,2793,False,1519,Filip Đuričić,69367,M,68,Salvatore Sirigu,82,Genoa,1383,13.4,36.8,16,33,1,assisted,weakFoot,0,
17,8,5,17/10/2021,Genoa,Sassuolo,49,Sassuolo,2793,False,1519,Gianluca Scamacca,807301,F,74,Salvatore Sirigu,82,Genoa,1383,4.1,52.8,4,24,1,assisted,strongFoot,0,
16,8,5,17/10/2021,Genoa,Sassuolo,56,Genoa,2713,True,1383,Abdoulaye Touré,149732,M,56,Andrea Consigli,81,Sassuolo,1519,14.2,45.6,14,11,-1,set-piece,head,0,
15,8,5,17/10/2021,Genoa,Sassuolo,58,Genoa,2713,True,1383,Mattia Destro,100570,F,75,Andrea Consigli,81,Sassuolo,1519,13.4,49.3,13,2,-1,assisted,strongFoot,0,
14,8,5,17/10/2021,Genoa,Sassuolo,60,Genoa,2713,True,1383,Caleb Ekuban,309156,F,70,Andrea Consigli,81,Sassuolo,1519,14.0,50.7,14,1,-1,assisted,strongFoot,0,
13,8,5,17/10/2021,Genoa,Sassuolo,64,Sassuolo,2793,False,1519,Davide Frattesi,835600,M,67,Salvatore Sirigu,82,Genoa,1383,22.4,63.1,24,21,1,regular,strongFoot,0,
12,8,5,17/10/2021,Genoa,Sassuolo,65,Sassuolo,2793,False,1519,Domenico Berardi,253367,F,80,Salvatore Sirigu,82,Genoa,1383,22.9,71.9,27,33,1,assisted,strongFoot,0,
11,8,5,17/10/2021,Genoa,Sassuolo,72,Genoa,2713,True,1383,Mohamed Fares,556960,D,61,Andrea Consigli,81,Sassuolo,1519,14.4,35.3,17,34,-1,assisted,strongFoot,0,
10,8,5,17/10/2021,Genoa,Sassuolo,72,Genoa,2713,True,1383,Caleb Ekuban,309156,F,70,Andrea Consigli,81,Sassuolo,1519,10.0,28.1,17,56,-1,regular,weakFoot,0,
9,8,5,17/10/2021,Genoa,Sassuolo,72,Genoa,2713,True,1383,Mattia Destro,100570,F,75,Andrea Consigli,81,Sassuolo,1519,6.7,45.6,7,24,-1,regular,weakFoot,0,
8,8,5,17/10/2021,Genoa,Sassuolo,72,Genoa,2713,True,1383,Mohamed Fares,556960,D,61,Andrea Consigli,81,Sassuolo,1519,13.2,41.9,14,22,-1,regular,weakFoot,0,
7,8,5,17/10/2021,Genoa,Sassuolo,77,Genoa,2713,True,1383,Yayah Kallon,967510,F,66,Andrea Consigli,81,Sassuolo,1519,14.1,67.2,18,39,-1,regular,strongFoot,0,
6,8,5,17/10/2021,Genoa,Sassuolo,77,Genoa,2713,True,1383,Caleb Ekuban,309156,F,70,Andrea Consigli,81,Sassuolo,1519,11.2,35.2,15,41,-1,regular,strongFoot,0,
5,8,5,17/10/2021,Genoa,Sassuolo,84,Genoa,2713,True,1383,Valon Behrami,11654,M,63,Andrea Consigli,81,Sassuolo,1519,11.7,43.0,12,22,-1,assisted,weakFoot,0,
4,8,5,17/10/2021,Genoa,Sassuolo,84,Genoa,2713,True,1383,Caleb Ekuban,309156,F,70,Andrea Consigli,81,Sassuolo,1519,9.9,32.5,15,50,-1,regular,strongFoot,0,
3,8,5,17/10/2021,Genoa,Sassuolo,86,Sassuolo,2793,False,1519,Georgios Kyriakopoulos,377302,D,47,Salvatore Sirigu,82,Genoa,1383,27.8,44.5,28,7,1,assisted,strongFoot,0,
2,8,5,17/10/2021,Genoa,Sassuolo,89,Genoa,2713,True,1383,Johan Vásquez,889785,D,31,Andrea Consigli,81,Sassuolo,1519,7.3,52.8,7,14,-1,corner,head,1,
1,8,5,17/10/2021,Genoa,Sassuolo,90,Genoa,2713,True,1383,Domenico Criscito,14251,M,60,Andrea Consigli,81,Sassuolo,1519,25.2,36.1,26,20,0,corner,strongFoot,0,
0,8,5,17/10/2021,Genoa,Sassuolo,90,Genoa,2713,True,1383,Felipe Caicedo,18841,F,77,Andrea Consigli,81,Sassuolo,1519,8.7,44.7,9,22,0,corner,head,0,
33,8,6,17/10/2021,Udinese,Bologna,6,Bologna,2685,False,1431,Lorenzo De Silvestri,14718,D,66,Marco Silvestri,79,Udinese,1402,14.0,47.6,14,6,0,assisted,strongFoot,0,
32,8,6,17/10/2021,Udinese,Bologna,11,Udinese,2695,True,1402,Jean Victor Makengo,802138,F,66,Łukasz Skorupski,75,Bologna,1431,23.9,36.9,25,20,0,assisted,weakFoot,0,
31,8,6,17/10/2021,Udinese,Bologna,11,Udinese,2695,True,1402,Rodrigo Becão,880207,D,32,Łukasz Skorupski,75,Bologna,1431,25.2,54.2,25,6,0,regular,strongFoot,0,
30,8,6,17/10/2021,Udinese,Bologna,12,Bologna,2685,False,1431,Marko Arnautović,21927,F,81,Marco Silvestri,79,Udinese,1402,18.1,56.5,18,13,0,assisted,weakFoot,0,
29,8,6,17/10/2021,Udinese,Bologna,13,Bologna,2685,False,1431,Adama Soumaoro,158573,D,37,Marco Silvestri,79,Udinese,1402,9.1,53.1,9,13,0,corner,head,0,
28,8,6,17/10/2021,Udinese,Bologna,14,Bologna,2685,False,1431,Musa Barrow,916680,F,72,Marco Silvestri,79,Udinese,1402,21.2,35.5,23,24,0,fast-break,strongFoot,0,
27,8,6,17/10/2021,Udinese,Bologna,15,Bologna,2685,False,1431,Mattias Svanberg,796987,M,65,Marco Silvestri,79,Udinese,1402,15.1,56.3,15,15,0,corner,strongFoot,0,
26,8,6,17/10/2021,Udinese,Bologna,28,Udinese,2695,True,1402,Walace,553686,M,66,Łukasz Skorupski,75,Bologna,1431,23.3,56.6,23,10,0,regular,strongFoot,0,
25,8,6,17/10/2021,Udinese,Bologna,29,Bologna,2685,False,1431,Roberto Soriano,80406,M,74,Marco Silvestri,79,Udinese,1402,23.3,69.1,26,29,0,assisted,weakFoot,0,
24,8,6,17/10/2021,Udinese,Bologna,29,Bologna,2685,False,1431,Mattias Svanberg,796987,M,65,Marco Silvestri,79,Udinese,1402,17.8,51.5,17,3,0,regular,strongFoot,0,
23,8,6,17/10/2021,Udinese,Bologna,36,Udinese,2695,True,1402,Beto,987489,F,73,Łukasz Skorupski,75,Bologna,1431,10.2,66.8,15,48,0,regular,weakFoot,0,
22,8,6,17/10/2021,Udinese,Bologna,41,Bologna,2685,False,1431,Roberto Soriano,80406,M,74,Marco Silvestri,79,Udinese,1402,7.0,53.8,7,20,0,assisted,weakFoot,0,
21,8,6,17/10/2021,Udinese,Bologna,42,Bologna,2685,False,1431,Mattias Svanberg,796987,M,65,Marco Silvestri,79,Udinese,1402,13.3,42.2,14,21,0,assisted,head,0,
20,8,6,17/10/2021,Udinese,Bologna,45,Bologna,2685,False,1431,Musa Barrow,916680,F,72,Marco Silvestri,79,Udinese,1402,24.3,32.2,27,26,0,free-kick,strongFoot,0,
19,8,6,17/10/2021,Udinese,Bologna,51,Udinese,2695,True,1402,Gerard Deulofeu,96372,F,72,Łukasz Skorupski,75,Bologna,1431,2.6,68.0,12,78,0,assisted,strongFoot,0,
18,8,6,17/10/2021,Udinese,Bologna,51,Udinese,2695,True,1402,Destiny Udogie,983572,D,48,Łukasz Skorupski,75,Bologna,1431,8.6,30.9,15,56,0,assisted,strongFoot,0,
17,8,6,17/10/2021,Udinese,Bologna,52,Bologna,2685,False,1431,Roberto Soriano,80406,M,74,Marco Silvestri,79,Udinese,1402,24.8,64.3,26,21,0,assisted,weakFoot,0,
16,8,6,17/10/2021,Udinese,Bologna,53,Bologna,2685,False,1431,Aaron Hickey,966869,D,49,Marco Silvestri,79,Udinese,1402,27.2,29.5,30,27,0,assisted,weakFoot,0,
15,8,6,17/10/2021,Udinese,Bologna,55,Bologna,2685,False,1431,Musa Barrow,916680,F,72,Marco Silvestri,79,Udinese,1402,18.8,48.2,18,3,0,assisted,weakFoot,0,
14,8,6,17/10/2021,Udinese,Bologna,57,Udinese,2695,True,1402,Jens Stryger Larsen,44848,D,60,Łukasz Skorupski,75,Bologna,1431,6.9,47.8,7,12,0,assisted,head,0,
13,8,6,17/10/2021,Udinese,Bologna,58,Udinese,2695,True,1402,Bram Nuytinck,70930,D,40,Łukasz Skorupski,75,Bologna,1431,6.8,44.0,7,30,0,set-piece,head,0,
12,8,6,17/10/2021,Udinese,Bologna,59,Bologna,2685,False,1431,Kingsley Michael,822468,M,63,Marco Silvestri,79,Udinese,1402,31.1,35.5,32,17,0,assisted,strongFoot,0,
11,8,6,17/10/2021,Udinese,Bologna,60,Bologna,2685,False,1431,Arthur Theate,965778,D,39,Marco Silvestri,79,Udinese,1402,31.3,32.6,33,20,0,assisted,strongFoot,0,
10,8,6,17/10/2021,Udinese,Bologna,64,Bologna,2685,False,1431,Adama Soumaoro,158573,D,37,Marco Silvestri,79,Udinese,1402,7.9,57.5,9,32,0,corner,strongFoot,0,
9,8,6,17/10/2021,Udinese,Bologna,65,Bologna,2685,False,1431,Marko Arnautović,21927,F,81,Marco Silvestri,79,Udinese,1402,3.4,30.4,13,75,0,assisted,weakFoot,0,
8,8,6,17/10/2021,Udinese,Bologna,66,Bologna,2685,False,1431,Marko Arnautović,21927,F,81,Marco Silvestri,79,Udinese,1402,11.7,66.7,16,44,0,assisted,weakFoot,0,
7,8,6,17/10/2021,Udinese,Bologna,67,Bologna,2685,False,1431,Musa Barrow,916680,F,72,Marco Silvestri,79,Udinese,1402,3.8,64.0,10,68,0,corner,strongFoot,1,
6,8,6,17/10/2021,Udinese,Bologna,77,Bologna,2685,False,1431,Musa Barrow,916680,F,72,Marco Silvestri,79,Udinese,1402,18.1,55.2,18,11,1,assisted,strongFoot,0,
5,8,6,17/10/2021,Udinese,Bologna,79,Bologna,2685,False,1431,Musa Barrow,916680,F,72,Marco Silvestri,79,Udinese,1402,19.0,53.7,19,7,1,assisted,strongFoot,0,
4,8,6,17/10/2021,Udinese,Bologna,80,Udinese,2695,True,1402,Beto,987489,F,73,Łukasz Skorupski,75,Bologna,1431,8.3,48.5,8,7,-1,assisted,head,0,
3,8,6,17/10/2021,Udinese,Bologna,82,Udinese,2695,True,1402,Beto,987489,F,73,Łukasz Skorupski,75,Bologna,1431,4.3,44.9,5,38,-1,set-piece,head,1,
2,8,6,17/10/2021,Udinese,Bologna,88,Bologna,2685,False,1431,Marko Arnautović,21927,F,81,Marco Silvestri,79,Udinese,1402,21.6,60.9,22,18,0,assisted,weakFoot,0,
1,8,6,17/10/2021,Udinese,Bologna,90,Bologna,2685,False,1431,Emanuel Vignato,862373,F,60,Marco Silvestri,79,Udinese,1402,22.4,59.6,23,16,0,assisted,strongFoot,0,
0,8,6,17/10/2021,Udinese,Bologna,90,Bologna,2685,False,1431,Lorenzo De Silvestri,14718,D,66,Marco Silvestri,79,Udinese,1402,9.2,43.1,10,27,0,corner,weakFoot,0,
20,8,7,17/10/2021,SSC Napoli,Torino,5,SSC Napoli,2714,True,1731,Kalidou Koulibaly,126071,D,26,Vanja Milinković-Savić,70,Torino,1429,12.7,69.3,18,45,0,set-piece,head,0,
19,8,7,17/10/2021,SSC Napoli,Torino,10,SSC Napoli,2714,True,1731,Victor Osimhen,822471,F,79,Vanja Milinković-Savić,70,Torino,1429,26.1,40.0,26,14,0,assisted,strongFoot,0,
18,8,7,17/10/2021,SSC Napoli,Torino,11,SSC Napoli,2714,True,1731,Lorenzo Insigne,106258,M,77,Vanja Milinković-Savić,70,Torino,1429,12.6,56.5,13,19,0,regular,strongFoot,0,
17,8,7,17/10/2021,SSC Napoli,Torino,16,Torino,2696,False,1429,Bremer,885197,D,35,David Ospina,79,SSC Napoli,1731,8.7,49.3,8,3,0,corner,head,0,
16,8,7,17/10/2021,SSC Napoli,Torino,17,SSC Napoli,2714,True,1731,Matteo Politano,235672,M,77,Vanja Milinković-Savić,70,Torino,1429,17.4,74.4,24,43,0,assisted,strongFoot,0,
15,8,7,17/10/2021,SSC Napoli,Torino,20,SSC Napoli,2714,True,1731,Victor Osimhen,822471,F,79,Vanja Milinković-Savić,70,Torino,1429,8.6,44.5,9,23,0,assisted,head,0,
14,8,7,17/10/2021,SSC Napoli,Torino,27,SSC Napoli,2714,True,1731,Lorenzo Insigne,106258,M,77,Vanja Milinković-Savić,70,Torino,1429,11.5,50.0,11,0,0,penalty,strongFoot,0,
13,8,7,17/10/2021,SSC Napoli,Torino,29,Torino,2696,False,1429,Josip Brekalo,357598,M,72,David Ospina,79,SSC Napoli,1731,15.1,25.4,22,47,0,assisted,weakFoot,0,
12,8,7,17/10/2021,SSC Napoli,Torino,30,Torino,2696,False,1429,Antonio Sanabria,333261,F,71,David Ospina,79,SSC Napoli,1731,11.5,46.9,11,10,0,corner,head,0,
11,8,7,17/10/2021,SSC Napoli,Torino,42,SSC Napoli,2714,True,1731,Lorenzo Insigne,106258,M,77,Vanja Milinković-Savić,70,Torino,1429,20.7,37.1,22,22,0,assisted,strongFoot,0,
10,8,7,17/10/2021,SSC Napoli,Torino,43,Torino,2696,False,1429,Antonio Sanabria,333261,F,71,David Ospina,79,SSC Napoli,1731,29.3,58.3,29,10,0,assisted,strongFoot,0,
9,8,7,17/10/2021,SSC Napoli,Torino,45,Torino,2696,False,1429,Antonio Sanabria,333261,F,71,David Ospina,79,SSC Napoli,1731,17.7,61.6,19,24,0,fast-break,strongFoot,0,
8,8,7,17/10/2021,SSC Napoli,Torino,54,Torino,2696,False,1429,Karol Linetty,189135,M,61,David Ospina,79,SSC Napoli,1731,18.5,36.1,20,27,0,assisted,weakFoot,0,
7,8,7,17/10/2021,SSC Napoli,Torino,63,SSC Napoli,2714,True,1731,Hirving Lozano,385320,F,75,Vanja Milinković-Savić,70,Torino,1429,14.5,65.8,18,36,0,assisted,strongFoot,0,
6,8,7,17/10/2021,SSC Napoli,Torino,63,SSC Napoli,2714,True,1731,Frank Anguissa,787941,M,62,Vanja Milinković-Savić,70,Torino,1429,20.2,46.4,20,6,0,regular,weakFoot,0,
5,8,7,17/10/2021,SSC Napoli,Torino,65,Torino,2696,False,1429,Josip Brekalo,357598,M,72,David Ospina,79,SSC Napoli,1731,7.1,62.7,11,50,0,assisted,strongFoot,0,
4,8,7,17/10/2021,SSC Napoli,Torino,70,Torino,2696,False,1429,Josip Brekalo,357598,M,72,David Ospina,79,SSC Napoli,1731,8.7,39.0,11,40,0,assisted,weakFoot,0,
3,8,7,17/10/2021,SSC Napoli,Torino,76,Torino,2696,False,1429,Ola Aina,800417,D,59,David Ospina,79,SSC Napoli,1731,13.8,38.2,15,30,0,assisted,strongFoot,0,
2,8,7,17/10/2021,SSC Napoli,Torino,81,SSC Napoli,2714,True,1731,Victor Osimhen,822471,F,79,Vanja Milinković-Savić,70,Torino,1429,6.1,50.5,6,3,0,assisted,head,1,
1,8,7,17/10/2021,SSC Napoli,Torino,84,Torino,2696,False,1429,Saša Lukić,371222,M,63,David Ospina,79,SSC Napoli,1731,22.8,29.9,26,30,-1,free-kick,strongFoot,0,
0,8,7,17/10/2021,SSC Napoli,Torino,89,Torino,2696,False,1429,Tommaso Pobega,928796,M,66,David Ospina,79,SSC Napoli,1731,25.4,38.6,26,16,-1,assisted,weakFoot,0,
20,8,8,17/10/2021,Juventus,AS Roma,5,AS Roma,2702,False,1729,Tammy Abraham,610766,F,77,Wojciech Szczęsny,87,Juventus,1882,20.7,53.4,20,6,0,regular,strongFoot,0,
18,8,8,17/10/2021,Juventus,AS Roma,6,AS Roma,2702,False,1729,Roger Ibañez,888949,D,31,Wojciech Szczęsny,87,Juventus,1882,4.6,48.7,4,10,0,set-piece,strongFoot,0,
19,8,8,17/10/2021,Juventus,AS Roma,6,AS Roma,2702,False,1729,Gianluca Mancini,611210,D,44,Wojciech Szczęsny,87,Juventus,1882,3.0,37.7,8,70,0,set-piece,head,0,
17,8,8,17/10/2021,Juventus,AS Roma,8,AS Roma,2702,False,1729,Lorenzo Pellegrini,555540,F,73,Wojciech Szczęsny,87,Juventus,1882,20.9,46.0,21,7,0,assisted,strongFoot,0,
16,8,8,17/10/2021,Juventus,AS Roma,11,AS Roma,2702,False,1729,Nicolò Zaniolo,864898,F,73,Wojciech Szczęsny,87,Juventus,1882,28.9,44.3,29,7,0,assisted,strongFoot,0,
15,8,8,17/10/2021,Juventus,AS Roma,16,Juventus,2687,True,1882,Rodrigo Bentancur,791190,M,61,Rui Patrício,82,AS Roma,1729,6.0,53.4,6,21,0,assisted,head,0,
14,8,8,17/10/2021,Juventus,AS Roma,16,Juventus,2687,True,1882,Moise Kean,835601,F,76,Rui Patrício,82,AS Roma,1729,5.1,54.8,6,32,0,assisted,head,1,
13,8,8,17/10/2021,Juventus,AS Roma,31,AS Roma,2702,False,1729,Stephan El Shaarawy,45925,F,75,Wojciech Szczęsny,87,Juventus,1882,26.5,42.3,27,11,0,assisted,strongFoot,0,
12,8,8,17/10/2021,Juventus,AS Roma,37,AS Roma,2702,False,1729,Tammy Abraham,610766,F,77,Wojciech Szczęsny,87,Juventus,1882,9.0,57.5,10,29,0,assisted,head,0,
11,8,8,17/10/2021,Juventus,AS Roma,44,AS Roma,2702,False,1729,Jordan Veretout,151124,M,75,Wojciech Szczęsny,87,Juventus,1882,11.5,50.0,11,0,0,penalty,strongFoot,0,
10,8,8,17/10/2021,Juventus,AS Roma,44,AS Roma,2702,False,1729,Gianluca Mancini,611210,D,44,Wojciech Szczęsny,87,Juventus,1882,3.4,63.1,9,69,0,set-piece,strongFoot,0,
8,8,8,17/10/2021,Juventus,AS Roma,48,Juventus,2687,True,1882,Moise Kean,835601,F,76,Rui Patrício,82,AS Roma,1729,4.3,54.4,5,34,0,regular,strongFoot,0,
9,8,8,17/10/2021,Juventus,AS Roma,48,Juventus,2687,True,1882,Federico Bernardeschi,294597,F,71,Rui Patrício,82,AS Roma,1729,10.5,45.0,11,17,0,assisted,strongFoot,0,
7,8,8,17/10/2021,Juventus,AS Roma,50,AS Roma,2702,False,1729,Lorenzo Pellegrini,555540,F,73,Wojciech Szczęsny,87,Juventus,1882,19.4,69.4,23,34,0,set-piece,strongFoot,0,
6,8,8,17/10/2021,Juventus,AS Roma,51,Juventus,2687,True,1882,Mattia De Sciglio,137667,D,45,Rui Patrício,82,AS Roma,1729,9.1,26.0,18,60,0,assisted,strongFoot,0,
5,8,8,17/10/2021,Juventus,AS Roma,53,AS Roma,2702,False,1729,Henrikh Mkhitaryan,37151,M,79,Wojciech Szczęsny,87,Juventus,1882,10.3,48.7,10,4,0,assisted,weakFoot,0,
4,8,8,17/10/2021,Juventus,AS Roma,63,Juventus,2687,True,1882,Federico Bernardeschi,294597,F,71,Rui Patrício,82,AS Roma,1729,28.3,40.4,29,12,0,assisted,strongFoot,0,
3,8,8,17/10/2021,Juventus,AS Roma,66,AS Roma,2702,False,1729,Jordan Veretout,151124,M,75,Wojciech Szczęsny,87,Juventus,1882,24.4,40.4,25,14,0,assisted,strongFoot,0,
2,8,8,17/10/2021,Juventus,AS Roma,73,AS Roma,2702,False,1729,Matías Viña,875295,D,61,Wojciech Szczęsny,87,Juventus,1882,9.1,43.9,10,24,0,assisted,strongFoot,0,
1,8,8,17/10/2021,Juventus,AS Roma,83,AS Roma,2702,False,1729,Bryan Cristante,186855,M,71,Wojciech Szczęsny,87,Juventus,1882,22.8,62.0,24,19,0,regular,strongFoot,0,
0,8,8,17/10/2021,Juventus,AS Roma,90,AS Roma,2702,False,1729,Bryan Cristante,186855,M,71,Wojciech Szczęsny,87,Juventus,1882,13.1,56.3,13,18,0,set-piece,head,0,
12,8,9,18/10/2021,Venezia,Fiorentina,20,Fiorentina,2693,False,1470,Dušan Vlahović,832208,F,77,Sergio Romero,79,Venezia,1383,15.1,44.3,15,14,0,assisted,strongFoot,0,
13,8,9,18/10/2021,Venezia,Fiorentina,20,Fiorentina,2693,False,1470,Giacomo Bonaventura,36784,M,75,Sergio Romero,79,Venezia,1383,25.2,52.5,25,3,0,assisted,weakFoot,0,
11,8,9,18/10/2021,Venezia,Fiorentina,22,Fiorentina,2693,False,1470,Giacomo Bonaventura,36784,M,75,Sergio Romero,79,Venezia,1383,19.0,63.4,21,25,0,assisted,strongFoot,0,
10,8,9,18/10/2021,Venezia,Fiorentina,27,Venezia,2688,True,1383,Gianluca Busio,896180,M,61,Pietro Terracciano,71,Fiorentina,1470,12.6,44.5,13,16,0,assisted,weakFoot,0,
9,8,9,18/10/2021,Venezia,Fiorentina,36,Venezia,2688,True,1383,Mattia Aramu,187111,F,62,Pietro Terracciano,71,Fiorentina,1470,7.5,48.8,7,6,0,assisted,strongFoot,1,
8,8,9,18/10/2021,Venezia,Fiorentina,50,Fiorentina,2693,False,1470,Giacomo Bonaventura,36784,M,75,Sergio Romero,79,Venezia,1383,27.9,49.1,27,1,0,set-piece,strongFoot,0,
7,8,9,18/10/2021,Venezia,Fiorentina,63,Fiorentina,2693,False,1470,Lucas Torreira,754794,M,66,Sergio Romero,79,Venezia,1383,26.9,56.0,27,8,0,free-kick,strongFoot,0,
6,8,9,18/10/2021,Venezia,Fiorentina,66,Venezia,2688,True,1383,Pietro Ceccaroni,373724,D,29,Pietro Terracciano,71,Fiorentina,1470,14.4,34.6,17,36,0,set-piece,strongFoot,0,
5,8,9,18/10/2021,Venezia,Fiorentina,75,Fiorentina,2693,False,1470,Alfred Duncan,232224,M,62,Sergio Romero,79,Venezia,1383,25.0,42.5,25,11,0,assisted,strongFoot,0,
4,8,9,18/10/2021,Venezia,Fiorentina,79,Venezia,2688,True,1383,David Okereke,831290,F,66,Pietro Terracciano,71,Fiorentina,1470,14.6,45.2,14,12,0,regular,weakFoot,0,
3,8,9,18/10/2021,Venezia,Fiorentina,84,Fiorentina,2693,False,1470,Nicolás González,901325,M,70,Sergio Romero,79,Venezia,1383,7.8,49.7,7,1,0,corner,head,0,
2,8,9,18/10/2021,Venezia,Fiorentina,86,Fiorentina,2693,False,1470,Dušan Vlahović,832208,F,77,Sergio Romero,79,Venezia,1383,8.4,36.1,12,48,0,assisted,strongFoot,0,
1,8,9,18/10/2021,Venezia,Fiorentina,87,Fiorentina,2693,False,1470,Lucas Torreira,754794,M,66,Sergio Romero,79,Venezia,1383,6.9,34.8,12,56,0,corner,head,0,
0,8,9,18/10/2021,Venezia,Fiorentina,90,Fiorentina,2693,False,1470,Dušan Vlahović,832208,F,77,Sergio Romero,79,Venezia,1383,24.4,67.0,26,25,0,regular,strongFoot,0,
30,9,0,22/10/2021,Torino,Genoa,3,Torino,2696,True,1425,Antonio Sanabria,333261,F,71,Salvatore Sirigu,82,Genoa,1386,15.4,63.9,18,31,0,regular,strongFoot,0,
29,9,0,22/10/2021,Torino,Genoa,4,Genoa,2713,False,1386,Caleb Ekuban,309156,F,70,Vanja Milinković-Savić,70,Torino,1425,20.9,62.0,22,21,0,fast-break,strongFoot,0,
28,9,0,22/10/2021,Torino,Genoa,7,Torino,2696,True,1425,Cristian Ansaldi,43476,D,63,Salvatore Sirigu,82,Genoa,1386,25.6,42.7,26,10,0,assisted,weakFoot,0,
27,9,0,22/10/2021,Torino,Genoa,7,Torino,2696,True,1425,Josip Brekalo,357598,M,72,Salvatore Sirigu,82,Genoa,1386,14.0,24.1,22,51,0,regular,weakFoot,0,
26,9,0,22/10/2021,Torino,Genoa,8,Torino,2696,True,1425,Antonio Sanabria,333261,F,71,Salvatore Sirigu,82,Genoa,1386,12.8,45.0,13,14,0,corner,head,0,
25,9,0,22/10/2021,Torino,Genoa,9,Torino,2696,True,1425,Koffi Djidji,158235,D,31,Salvatore Sirigu,82,Genoa,1386,28.8,63.6,30,17,0,assisted,strongFoot,0,
24,9,0,22/10/2021,Torino,Genoa,14,Torino,2696,True,1425,Antonio Sanabria,333261,F,71,Salvatore Sirigu,82,Genoa,1386,3.5,56.0,5,49,0,assisted,head,1,
23,9,0,22/10/2021,Torino,Genoa,30,Torino,2696,True,1425,Karol Linetty,189135,M,61,Salvatore Sirigu,82,Genoa,1386,15.5,44.8,15,12,1,assisted,weakFoot,0,
22,9,0,22/10/2021,Torino,Genoa,31,Torino,2696,True,1425,Tommaso Pobega,928796,M,66,Salvatore Sirigu,82,Genoa,1386,10.2,41.5,11,29,1,assisted,weakFoot,1,
21,9,0,22/10/2021,Torino,Genoa,33,Genoa,2713,False,1386,Mattia Destro,100570,F,75,Vanja Milinković-Savić,70,Torino,1425,9.7,54.9,10,18,-2,assisted,strongFoot,0,
20,9,0,22/10/2021,Torino,Genoa,40,Genoa,2713,False,1386,Caleb Ekuban,309156,F,70,Vanja Milinković-Savić,70,Torino,1425,9.8,61.7,12,39,-2,set-piece,head,0,
19,9,0,22/10/2021,Torino,Genoa,41,Torino,2696,True,1425,Saša Lukić,371222,M,63,Salvatore Sirigu,82,Genoa,1386,25.8,50.3,25,0,2,assisted,strongFoot,0,
18,9,0,22/10/2021,Torino,Genoa,42,Genoa,2713,False,1386,Paolo Ghiglione,787642,M,50,Vanja Milinković-Savić,70,Torino,1425,19.9,72.1,24,37,-2,assisted,strongFoot,0,
17,9,0,22/10/2021,Torino,Genoa,43,Torino,2696,True,1425,Antonio Sanabria,333261,F,71,Salvatore Sirigu,82,Genoa,1386,14.1,51.8,14,4,2,assisted,head,0,
16,9,0,22/10/2021,Torino,Genoa,48,Genoa,2713,False,1386,Mohamed Fares,556960,D,61,Vanja Milinković-Savić,70,Torino,1425,7.1,51.2,7,6,-2,corner,other,0,
15,9,0,22/10/2021,Torino,Genoa,49,Genoa,2713,False,1386,Mattia Destro,100570,F,75,Vanja Milinković-Savić,70,Torino,1425,14.4,41.7,15,21,-2,regular,weakFoot,0,
14,9,0,22/10/2021,Torino,Genoa,52,Genoa,2713,False,1386,Caleb Ekuban,309156,F,70,Vanja Milinković-Savić,70,Torino,1425,6.7,54.5,7,24,-2,corner,head,0,
13,9,0,22/10/2021,Torino,Genoa,57,Torino,2696,True,1425,Saša Lukić,371222,M,63,Salvatore Sirigu,82,Genoa,1386,25.1,52.7,25,4,2,set-piece,strongFoot,0,
12,9,0,22/10/2021,Torino,Genoa,61,Genoa,2713,False,1386,Mattia Destro,100570,F,75,Vanja Milinković-Savić,70,Torino,1425,2.7,59.5,7,67,-2,assisted,head,0,
11,9,0,22/10/2021,Torino,Genoa,65,Torino,2696,True,1425,Andrea Belotti,220223,F,81,Salvatore Sirigu,82,Genoa,1386,18.8,53.0,18,6,2,free-kick,strongFoot,0,
10,9,0,22/10/2021,Torino,Genoa,66,Genoa,2713,False,1386,Pablo Galdames,386230,M,60,Vanja Milinković-Savić,70,Torino,1425,25.2,51.1,25,1,-2,assisted,strongFoot,0,
9,9,0,22/10/2021,Torino,Genoa,68,Torino,2696,True,1425,Josip Brekalo,357598,M,72,Salvatore Sirigu,82,Genoa,1386,9.5,60.8,12,37,2,assisted,strongFoot,0,
8,9,0,22/10/2021,Torino,Genoa,69,Genoa,2713,False,1386,Mattia Destro,100570,F,75,Vanja Milinković-Savić,70,Torino,1425,9.8,50.9,9,3,-2,assisted,strongFoot,1,
7,9,0,22/10/2021,Torino,Genoa,77,Torino,2696,True,1425,Josip Brekalo,357598,M,72,Salvatore Sirigu,82,Genoa,1386,3.7,54.2,4,37,1,assisted,strongFoot,1,
6,9,0,22/10/2021,Torino,Genoa,79,Torino,2696,True,1425,Alessandro Buongiorno,870263,D,43,Salvatore Sirigu,82,Genoa,1386,7.7,53.3,8,16,2,set-piece,head,0,
5,9,0,22/10/2021,Torino,Genoa,79,Torino,2696,True,1425,Alessandro Buongiorno,870263,D,43,Salvatore Sirigu,82,Genoa,1386,6.0,52.8,6,17,2,set-piece,head,0,
4,9,0,22/10/2021,Torino,Genoa,80,Genoa,2713,False,1386,Felipe Caicedo,18841,F,77,Vanja Milinković-Savić,70,Torino,1425,3.6,50.6,3,6,-2,assisted,strongFoot,1,
3,9,0,22/10/2021,Torino,Genoa,84,Torino,2696,True,1425,Mërgim Vojvoda,798147,D,49,Salvatore Sirigu,82,Genoa,1386,26.1,63.5,27,19,1,assisted,strongFoot,0,
2,9,0,22/10/2021,Torino,Genoa,87,Genoa,2713,False,1386,Nicolò Rovella,937324,M,48,Vanja Milinković-Savić,70,Torino,1425,29.3,41.9,29,10,-1,free-kick,weakFoot,0,
1,9,0,22/10/2021,Torino,Genoa,89,Genoa,2713,False,1386,Pablo Galdames,386230,M,60,Vanja Milinković-Savić,70,Torino,1425,19.8,34.6,22,27,-1,assisted,strongFoot,0,
0,9,0,22/10/2021,Torino,Genoa,90,Genoa,2713,False,1386,Andrea Cambiaso,917048,M,52,Vanja Milinković-Savić,70,Torino,1425,27.1,38.3,28,16,-1,set-piece,weakFoot,0,
24,9,1,22/10/2021,Sampdoria,Spezia,6,Sampdoria,2711,True,1366,Francesco Caputo,43905,F,78,Ivan Provedel,74,Spezia,1366,7.8,41.2,9,37,0,regular,head,0,
23,9,1,22/10/2021,Sampdoria,Spezia,13,Spezia,2735,False,1366,Eddie Salcedo,893643,F,61,Emil Audero,78,Sampdoria,1366,8.2,74.3,18,63,0,assisted,strongFoot,0,
22,9,1,22/10/2021,Sampdoria,Spezia,15,Sampdoria,2711,True,1366,Emmanuel Gyasi,541578,M,59,Ivan Provedel,74,Spezia,1366,8.1,51.5,8,7,0,set-piece,head,1,
21,9,1,22/10/2021,Sampdoria,Spezia,16,Spezia,2735,False,1366,David Strelec,918482,F,63,Emil Audero,78,Sampdoria,1366,16.0,64.8,18,32,-1,assisted,strongFoot,0,
20,9,1,22/10/2021,Sampdoria,Spezia,21,Spezia,2735,False,1366,Simone Bastoni,385330,M,52,Emil Audero,78,Sampdoria,1366,26.8,29.6,30,27,-1,assisted,strongFoot,0,
19,9,1,22/10/2021,Sampdoria,Spezia,27,Spezia,2735,False,1366,Emmanuel Gyasi,541578,M,59,Emil Audero,78,Sampdoria,1366,13.2,29.5,19,46,-1,assisted,strongFoot,0,
18,9,1,22/10/2021,Sampdoria,Spezia,27,Spezia,2735,False,1366,Salvador Ferrer,958521,D,34,Emil Audero,78,Sampdoria,1366,21.1,57.0,21,12,-1,regular,strongFoot,0,
17,9,1,22/10/2021,Sampdoria,Spezia,30,Spezia,2735,False,1366,Emmanuel Gyasi,541578,M,59,Emil Audero,78,Sampdoria,1366,5.7,44.7,6,32,-1,assisted,weakFoot,0,
16,9,1,22/10/2021,Sampdoria,Spezia,32,Sampdoria,2711,True,1366,Francesco Caputo,43905,F,78,Ivan Provedel,74,Spezia,1366,9.8,43.6,10,23,1,assisted,weakFoot,0,
15,9,1,22/10/2021,Sampdoria,Spezia,36,Sampdoria,2711,True,1366,Antonio Candreva,27982,F,78,Ivan Provedel,74,Spezia,1366,13.4,39.8,15,27,1,assisted,strongFoot,1,
14,9,1,22/10/2021,Sampdoria,Spezia,38,Spezia,2735,False,1366,Eddie Salcedo,893643,F,61,Emil Audero,78,Sampdoria,1366,12.3,36.2,15,37,-2,assisted,strongFoot,0,
13,9,1,22/10/2021,Sampdoria,Spezia,45,Spezia,2735,False,1366,Eddie Salcedo,893643,F,61,Emil Audero,78,Sampdoria,1366,8.1,57.6,9,32,-2,assisted,strongFoot,0,
12,9,1,22/10/2021,Sampdoria,Spezia,49,Spezia,2735,False,1366,Dimitrios Nikolaou,788185,D,36,Emil Audero,78,Sampdoria,1366,23.8,60.5,24,16,-2,corner,strongFoot,0,
11,9,1,22/10/2021,Sampdoria,Spezia,55,Sampdoria,2711,True,1366,Manolo Gabbiadini,53816,F,78,Ivan Provedel,74,Spezia,1366,43.1,37.9,43,10,2,assisted,strongFoot,0,
10,9,1,22/10/2021,Sampdoria,Spezia,61,Sampdoria,2711,True,1366,Manolo Gabbiadini,53816,F,78,Ivan Provedel,74,Spezia,1366,16.0,55.5,16,13,2,fast-break,weakFoot,0,
9,9,1,22/10/2021,Sampdoria,Spezia,66,Spezia,2735,False,1366,Daniele Verde,605580,F,72,Emil Audero,78,Sampdoria,1366,14.7,31.1,19,41,-2,assisted,weakFoot,0,
8,9,1,22/10/2021,Sampdoria,Spezia,66,Spezia,2735,False,1366,Giulio Maggiore,848185,M,58,Emil Audero,78,Sampdoria,1366,15.0,76.2,23,49,-2,assisted,strongFoot,0,
7,9,1,22/10/2021,Sampdoria,Spezia,72,Spezia,2735,False,1366,Daniele Verde,605580,F,72,Emil Audero,78,Sampdoria,1366,19.0,26.8,24,39,-2,assisted,strongFoot,0,
6,9,1,22/10/2021,Sampdoria,Spezia,74,Sampdoria,2711,True,1366,Bartosz Bereszyński,109461,D,55,Ivan Provedel,74,Spezia,1366,10.4,61.6,13,37,2,assisted,strongFoot,0,
5,9,1,22/10/2021,Sampdoria,Spezia,74,Sampdoria,2711,True,1366,Antonio Candreva,27982,F,78,Ivan Provedel,74,Spezia,1366,10.5,37.9,13,38,2,regular,weakFoot,0,
4,9,1,22/10/2021,Sampdoria,Spezia,75,Spezia,2735,False,1366,Eddie Salcedo,893643,F,61,Emil Audero,78,Sampdoria,1366,17.4,35.3,20,29,-2,corner,strongFoot,0,
3,9,1,22/10/2021,Sampdoria,Spezia,85,Spezia,2735,False,1366,Salvador Ferrer,958521,D,34,Emil Audero,78,Sampdoria,1366,14.9,57.9,15,19,-2,regular,strongFoot,0,
2,9,1,22/10/2021,Sampdoria,Spezia,86,Spezia,2735,False,1366,Salvador Ferrer,958521,D,34,Emil Audero,78,Sampdoria,1366,18.4,57.2,19,14,-2,regular,strongFoot,0,
1,9,1,22/10/2021,Sampdoria,Spezia,90,Spezia,2735,False,1366,Suf Podgoreanu,1010062,M,64,Emil Audero,78,Sampdoria,1366,22.9,36.9,24,21,-2,assisted,strongFoot,0,
0,9,1,22/10/2021,Sampdoria,Spezia,90,Spezia,2735,False,1366,Daniele Verde,605580,F,72,Emil Audero,78,Sampdoria,1366,15.8,23.9,23,48,-2,regular,strongFoot,1,
23,9,2,23/10/2021,US Salernitana 1919,Empoli,2,Empoli,2705,False,1517,Andrea Pinamonti,826198,F,70,Vid Belec,73,US Salernitana 1919,1366,14.5,35.6,17,34,0,assisted,weakFoot,1,
22,9,2,23/10/2021,US Salernitana 1919,Empoli,11,Empoli,2705,False,1517,Patrick Cutrone,795044,F,71,Vid Belec,73,US Salernitana 1919,1366,6.8,60.3,9,45,0,assisted,strongFoot,1,
20,9,2,23/10/2021,US Salernitana 1919,Empoli,15,Empoli,2705,False,1517,Nicolas Haas,587126,M,57,Vid Belec,73,US Salernitana 1919,1366,24.5,64.5,26,21,2,assisted,strongFoot,0,
19,9,2,23/10/2021,US Salernitana 1919,Empoli,16,Empoli,2705,False,1517,Andrea Pinamonti,826198,F,70,Vid Belec,73,US Salernitana 1919,1366,3.9,52.6,4,24,2,assisted,weakFoot,0,
18,9,2,23/10/2021,US Salernitana 1919,Empoli,17,Empoli,2705,False,1517,Patrick Cutrone,795044,F,71,Vid Belec,73,US Salernitana 1919,1366,1.7,60.3,7,76,2,regular,strongFoot,0,
17,9,2,23/10/2021,US Salernitana 1919,Empoli,23,US Salernitana 1919,2710,True,1366,Cedric Gondo,812207,F,63,Guglielmo Vicario,72,Empoli,1517,9.5,33.0,14,50,-2,assisted,strongFoot,0,
16,9,2,23/10/2021,US Salernitana 1919,Empoli,30,US Salernitana 1919,2710,True,1366,Simy,170499,F,76,Guglielmo Vicario,72,Empoli,1517,14.8,57.3,15,18,-2,assisted,strongFoot,0,
15,9,2,23/10/2021,US Salernitana 1919,Empoli,31,Empoli,2705,False,1517,Patrick Cutrone,795044,F,71,Vid Belec,73,US Salernitana 1919,1366,14.8,27.2,21,46,2,assisted,strongFoot,0,
14,9,2,23/10/2021,US Salernitana 1919,Empoli,36,US Salernitana 1919,2710,True,1366,Cedric Gondo,812207,F,63,Guglielmo Vicario,72,Empoli,1517,4.4,29.8,14,72,-2,throw-in-set-piece,weakFoot,0,
13,9,2,23/10/2021,US Salernitana 1919,Empoli,40,Empoli,2705,False,1517,Andrea Pinamonti,826198,F,70,Vid Belec,73,US Salernitana 1919,1366,21.6,55.9,21,10,2,assisted,strongFoot,0,
12,9,2,23/10/2021,US Salernitana 1919,Empoli,41,US Salernitana 1919,2710,True,1366,Grigoris Kastanos,791566,M,57,Guglielmo Vicario,72,Empoli,1517,26.1,48.5,26,2,-2,assisted,strongFoot,0,
11,9,2,23/10/2021,US Salernitana 1919,Empoli,41,Empoli,2705,False,1517,Patrick Cutrone,795044,F,71,Vid Belec,73,US Salernitana 1919,1366,3.7,58.5,6,57,2,assisted,strongFoot,0,
10,9,2,23/10/2021,US Salernitana 1919,Empoli,42,US Salernitana 1919,2710,True,1366,Ramzi Aya,787959,D,44,Guglielmo Vicario,72,Empoli,1517,20.4,68.8,24,32,-2,assisted,strongFoot,0,
9,9,2,23/10/2021,US Salernitana 1919,Empoli,45,Empoli,2705,False,1517,Andrea Pinamonti,826198,F,70,Vid Belec,73,US Salernitana 1919,1366,11.5,50.0,11,0,2,penalty,strongFoot,1,
8,9,2,23/10/2021,US Salernitana 1919,Empoli,48,US Salernitana 1919,2710,True,1366,Luca Ranieri,893998,D,33,Guglielmo Vicario,72,Empoli,1517,7.0,46.4,7,19,-3,assisted,strongFoot,1,
7,9,2,23/10/2021,US Salernitana 1919,Empoli,49,Empoli,2705,False,1517,Andrea Pinamonti,826198,F,70,Vid Belec,73,US Salernitana 1919,1366,23.9,39.0,25,17,2,assisted,strongFoot,0,
6,9,2,23/10/2021,US Salernitana 1919,Empoli,55,US Salernitana 1919,2710,True,1366,Stefan Strandberg,22447,D,42,Guglielmo Vicario,72,Empoli,1517,1.6,43.5,4,70,-2,corner,head,0,
5,9,2,23/10/2021,US Salernitana 1919,Empoli,55,US Salernitana 1919,2710,True,1366,Grigoris Kastanos,791566,M,57,Guglielmo Vicario,72,Empoli,1517,6.5,68.5,14,62,-2,corner,weakFoot,0,
4,9,2,23/10/2021,US Salernitana 1919,Empoli,55,US Salernitana 1919,2710,True,1366,Ardian Ismajli,840414,D,27,Guglielmo Vicario,72,Empoli,1517,2.1,47.6,2,37,-2,corner,other,1,
3,9,2,23/10/2021,US Salernitana 1919,Empoli,65,US Salernitana 1919,2710,True,1366,Simy,170499,F,76,Guglielmo Vicario,72,Empoli,1517,8.0,48.2,8,8,-1,corner,head,0,
2,9,2,23/10/2021,US Salernitana 1919,Empoli,85,US Salernitana 1919,2710,True,1366,Francesco Di Tacchio,43830,M,48,Guglielmo Vicario,72,Empoli,1517,22.7,43.6,23,10,-1,regular,strongFoot,0,
1,9,2,23/10/2021,US Salernitana 1919,Empoli,90,US Salernitana 1919,2710,True,1366,Milan Đurić,76132,F,64,Guglielmo Vicario,72,Empoli,1517,2.6,57.0,5,61,-1,assisted,head,0,
0,9,2,23/10/2021,US Salernitana 1919,Empoli,90,US Salernitana 1919,2710,True,1366,Milan Đurić,76132,F,64,Guglielmo Vicario,72,Empoli,1517,8.5,50.7,8,3,-1,assisted,head,0,
22,9,3,23/10/2021,Sassuolo,Venezia,9,Venezia,2688,False,1386,Tyronne Ebuehi,580512,D,38,Andrea Consigli,81,Sassuolo,1517,14.6,57.0,15,18,0,assisted,strongFoot,0,
21,9,3,23/10/2021,Sassuolo,Venezia,11,Sassuolo,2793,True,1517,Domenico Berardi,253367,F,80,Sergio Romero,73,Venezia,1386,29.0,58.5,29,11,0,free-kick,strongFoot,0,
20,9,3,23/10/2021,Sassuolo,Venezia,23,Venezia,2688,False,1386,Sofian Kiyine,862372,M,56,Andrea Consigli,81,Sassuolo,1517,30.1,56.1,30,7,0,assisted,strongFoot,0,
19,9,3,23/10/2021,Sassuolo,Venezia,25,Venezia,2688,False,1386,Domen Črnigoj,232096,M,57,Andrea Consigli,81,Sassuolo,1517,18.5,55.7,18,11,0,assisted,weakFoot,0,
18,9,3,23/10/2021,Sassuolo,Venezia,28,Venezia,2688,False,1386,Thomas Henry,795541,F,72,Andrea Consigli,81,Sassuolo,1517,2.0,57.9,5,69,0,assisted,head,0,
17,9,3,23/10/2021,Sassuolo,Venezia,32,Venezia,2688,False,1386,David Okereke,831290,F,66,Andrea Consigli,81,Sassuolo,1517,12.5,29.4,18,48,0,assisted,strongFoot,1,
16,9,3,23/10/2021,Sassuolo,Venezia,34,Sassuolo,2793,True,1517,Giacomo Raspadori,865651,F,72,Sergio Romero,73,Venezia,1386,13.9,49.4,13,1,-1,regular,weakFoot,0,
15,9,3,23/10/2021,Sassuolo,Venezia,37,Sassuolo,2793,True,1517,Domenico Berardi,253367,F,80,Sergio Romero,73,Venezia,1386,15.1,47.0,15,7,-1,assisted,strongFoot,1,
14,9,3,23/10/2021,Sassuolo,Venezia,41,Sassuolo,2793,True,1517,Domenico Berardi,253367,F,80,Sergio Romero,73,Venezia,1386,4.8,50.2,4,1,0,assisted,strongFoot,0,
13,9,3,23/10/2021,Sassuolo,Venezia,42,Sassuolo,2793,True,1517,Giacomo Raspadori,865651,F,72,Sergio Romero,73,Venezia,1386,9.7,37.4,12,41,0,assisted,weakFoot,0,
12,9,3,23/10/2021,Sassuolo,Venezia,44,Venezia,2688,False,1386,David Okereke,831290,F,66,Andrea Consigli,81,Sassuolo,1517,12.5,39.4,14,29,0,regular,strongFoot,0,
11,9,3,23/10/2021,Sassuolo,Venezia,50,Sassuolo,2793,True,1517,Gianluca Scamacca,807301,F,74,Sergio Romero,73,Venezia,1386,3.7,35.1,10,69,0,set-piece,weakFoot,0,
10,9,3,23/10/2021,Sassuolo,Venezia,50,Sassuolo,2793,True,1517,Thomas Henry,795541,F,72,Sergio Romero,73,Venezia,1386,1.7,42.5,5,71,0,corner,head,1,
9,9,3,23/10/2021,Sassuolo,Venezia,56,Sassuolo,2793,True,1517,Rogério,830551,D,51,Sergio Romero,73,Venezia,1386,12.2,61.0,14,31,1,corner,strongFoot,0,
8,9,3,23/10/2021,Sassuolo,Venezia,59,Sassuolo,2793,True,1517,Gianluca Scamacca,807301,F,74,Sergio Romero,73,Venezia,1386,11.4,51.6,11,5,1,assisted,strongFoot,0,
7,9,3,23/10/2021,Sassuolo,Venezia,64,Sassuolo,2793,True,1517,Domenico Berardi,253367,F,80,Sergio Romero,73,Venezia,1386,11.5,56.1,12,19,1,assisted,strongFoot,0,
6,9,3,23/10/2021,Sassuolo,Venezia,65,Sassuolo,2793,True,1517,Vlad Chiricheş,69295,M,63,Sergio Romero,73,Venezia,1386,8.2,45.8,8,19,1,corner,head,0,
5,9,3,23/10/2021,Sassuolo,Venezia,67,Sassuolo,2793,True,1517,Davide Frattesi,835600,M,67,Sergio Romero,73,Venezia,1386,10.8,47.9,10,7,1,assisted,weakFoot,1,
4,9,3,23/10/2021,Sassuolo,Venezia,74,Sassuolo,2793,True,1517,Domenico Berardi,253367,F,80,Sergio Romero,73,Venezia,1386,14.2,41.3,15,22,2,assisted,strongFoot,0,
3,9,3,23/10/2021,Sassuolo,Venezia,84,Sassuolo,2793,True,1517,Mert Müldür,836683,D,48,Sergio Romero,73,Venezia,1386,13.5,31.0,18,43,2,assisted,strongFoot,0,
2,9,3,23/10/2021,Sassuolo,Venezia,88,Sassuolo,2793,True,1517,Mert Müldür,836683,D,48,Sergio Romero,73,Venezia,1386,7.1,34.6,12,55,2,fast-break,strongFoot,0,
1,9,3,23/10/2021,Sassuolo,Venezia,90,Venezia,2688,False,1386,Pietro Ceccaroni,373724,D,29,Andrea Consigli,81,Sassuolo,1517,3.9,58.8,7,56,-2,corner,head,0,
0,9,3,23/10/2021,Sassuolo,Venezia,90,Venezia,2688,False,1386,Dor Peretz,186953,M,52,Andrea Consigli,81,Sassuolo,1517,23.5,44.0,23,9,-2,corner,weakFoot,0,
24,9,4,23/10/2021,Bologna,AC Milan,4,Bologna,2685,True,1430,Lorenzo De Silvestri,14718,D,66,Ciprian Tătărușanu,77,AC Milan,1698,12.8,67.4,17,42,0,regular,strongFoot,0,
23,9,4,23/10/2021,Bologna,AC Milan,6,Bologna,2685,True,1430,Aaron Hickey,966869,D,49,Ciprian Tătărușanu,77,AC Milan,1698,26.9,43.9,27,8,0,regular,weakFoot,0,
22,9,4,23/10/2021,Bologna,AC Milan,13,Bologna,2685,True,1430,Marko Arnautović,21927,F,81,Ciprian Tătărușanu,77,AC Milan,1698,3.6,42.7,6,54,0,corner,head,0,
21,9,4,23/10/2021,Bologna,AC Milan,15,AC Milan,2692,False,1698,Rafael Leão,851284,F,72,Łukasz Skorupski,75,Bologna,1430,13.2,68.4,18,43,0,regular,weakFoot,0,
20,9,4,23/10/2021,Bologna,AC Milan,16,AC Milan,2692,False,1698,Rafael Leão,851284,F,72,Łukasz Skorupski,75,Bologna,1430,7.7,26.0,18,64,0,fast-break,weakFoot,1,
19,9,4,23/10/2021,Bologna,AC Milan,23,AC Milan,2692,False,1698,Zlatan Ibrahimović,2089,F,86,Łukasz Skorupski,75,Bologna,1430,21.1,42.4,21,13,1,free-kick,weakFoot,0,
18,9,4,23/10/2021,Bologna,AC Milan,27,AC Milan,2692,False,1698,Zlatan Ibrahimović,2089,F,86,Łukasz Skorupski,75,Bologna,1430,6.4,52.1,6,12,1,assisted,head,0,
17,9,4,23/10/2021,Bologna,AC Milan,28,Bologna,2685,True,1430,Aaron Hickey,966869,D,49,Ciprian Tătărușanu,77,AC Milan,1698,18.2,30.5,22,36,-1,assisted,weakFoot,0,
16,9,4,23/10/2021,Bologna,AC Milan,32,Bologna,2685,True,1430,Marko Arnautović,21927,F,81,Ciprian Tătărușanu,77,AC Milan,1698,7.0,41.1,9,40,-1,assisted,head,0,
15,9,4,23/10/2021,Bologna,AC Milan,35,AC Milan,2692,False,1698,Samu Castillejo,188405,M,68,Łukasz Skorupski,75,Bologna,1430,7.8,66.8,13,55,1,regular,weakFoot,0,
14,9,4,23/10/2021,Bologna,AC Milan,35,AC Milan,2692,False,1698,Davide Calabria,318607,D,50,Łukasz Skorupski,75,Bologna,1430,14.0,56.3,14,17,1,regular,strongFoot,1,
13,9,4,23/10/2021,Bologna,AC Milan,41,AC Milan,2692,False,1698,Davide Calabria,318607,D,50,Łukasz Skorupski,75,Bologna,1430,10.8,64.5,14,42,2,assisted,weakFoot,0,
11,9,4,23/10/2021,Bologna,AC Milan,52,Bologna,2685,True,1430,Musa Barrow,916680,F,72,Ciprian Tătărușanu,77,AC Milan,1698,12.5,61.6,14,32,-1,assisted,strongFoot,1,
10,9,4,23/10/2021,Bologna,AC Milan,61,AC Milan,2692,False,1698,Davide Calabria,318607,D,50,Łukasz Skorupski,75,Bologna,1430,19.1,51.1,19,2,0,set-piece,strongFoot,0,
9,9,4,23/10/2021,Bologna,AC Milan,75,AC Milan,2692,False,1698,Zlatan Ibrahimović,2089,F,86,Łukasz Skorupski,75,Bologna,1430,23.5,63.9,25,21,0,assisted,weakFoot,0,
8,9,4,23/10/2021,Bologna,AC Milan,76,AC Milan,2692,False,1698,Olivier Giroud,39070,F,79,Łukasz Skorupski,75,Bologna,1430,9.8,54.6,10,17,0,assisted,head,0,
7,9,4,23/10/2021,Bologna,AC Milan,76,AC Milan,2692,False,1698,Ismaël Bennacer,823733,M,67,Łukasz Skorupski,75,Bologna,1430,20.9,33.2,23,28,0,assisted,strongFoot,0,
6,9,4,23/10/2021,Bologna,AC Milan,78,Bologna,2685,True,1430,Marko Arnautović,21927,F,81,Ciprian Tătărușanu,77,AC Milan,1698,3.7,36.1,10,68,0,assisted,weakFoot,0,
5,9,4,23/10/2021,Bologna,AC Milan,79,Bologna,2685,True,1430,Arthur Theate,965778,D,39,Ciprian Tătărușanu,77,AC Milan,1698,7.0,54.8,7,24,0,corner,head,0,
4,9,4,23/10/2021,Bologna,AC Milan,80,AC Milan,2692,False,1698,Davide Calabria,318607,D,50,Łukasz Skorupski,75,Bologna,1430,17.8,50.9,17,1,0,assisted,strongFoot,0,
3,9,4,23/10/2021,Bologna,AC Milan,82,AC Milan,2692,False,1698,Tiemoué Bakayoko,149735,M,46,Łukasz Skorupski,75,Bologna,1430,23.7,40.6,24,15,0,assisted,strongFoot,0,
2,9,4,23/10/2021,Bologna,AC Milan,84,AC Milan,2692,False,1698,Ismaël Bennacer,823733,M,67,Łukasz Skorupski,75,Bologna,1430,19.1,50.9,19,1,0,regular,strongFoot,1,
1,9,4,23/10/2021,Bologna,AC Milan,88,Bologna,2685,True,1430,Federico Santander,46972,F,69,Ciprian Tătărușanu,77,AC Milan,1698,17.4,50.7,17,1,-1,set-piece,head,0,
0,9,4,23/10/2021,Bologna,AC Milan,90,AC Milan,2692,False,1698,Zlatan Ibrahimović,2089,F,86,Łukasz Skorupski,75,Bologna,1430,18.3,42.7,18,15,1,assisted,weakFoot,1,
16,9,5,24/10/2021,Atalanta,Udinese,8,Udinese,2695,False,1403,Ignacio Pussetto,340509,F,72,Juan Musso,81,Atalanta,1775,15.3,28.7,21,43,0,assisted,strongFoot,0,
15,9,5,24/10/2021,Atalanta,Udinese,16,Udinese,2695,False,1403,Destiny Udogie,983572,D,48,Juan Musso,81,Atalanta,1775,11.2,41.0,12,28,0,assisted,head,0,
14,9,5,24/10/2021,Atalanta,Udinese,22,Udinese,2695,False,1403,Beto,987489,F,73,Juan Musso,81,Atalanta,1775,11.4,32.4,16,46,0,fast-break,weakFoot,0,
13,9,5,24/10/2021,Atalanta,Udinese,22,Udinese,2695,False,1403,Nahuel Molina,831799,D,63,Juan Musso,81,Atalanta,1775,2.7,60.2,7,68,0,fast-break,strongFoot,0,
12,9,5,24/10/2021,Atalanta,Udinese,26,Udinese,2695,False,1403,Samir Caetano,331405,D,33,Juan Musso,81,Atalanta,1775,10.5,38.1,13,37,0,corner,head,0,
11,9,5,24/10/2021,Atalanta,Udinese,27,Udinese,2695,False,1403,Beto,987489,F,73,Juan Musso,81,Atalanta,1775,20.4,69.4,24,32,0,assisted,weakFoot,0,
10,9,5,24/10/2021,Atalanta,Udinese,35,Udinese,2695,False,1403,Nahuel Molina,831799,D,63,Juan Musso,81,Atalanta,1775,14.6,73.2,21,47,0,assisted,strongFoot,0,
9,9,5,24/10/2021,Atalanta,Udinese,39,Atalanta,2686,True,1775,Josip Iličić,41270,F,85,Marco Silvestri,79,Udinese,1403,9.2,53.4,9,14,0,assisted,strongFoot,0,
8,9,5,24/10/2021,Atalanta,Udinese,40,Atalanta,2686,True,1775,Mario Pašalić,190437,M,74,Marco Silvestri,79,Udinese,1403,10.2,33.4,15,47,0,assisted,strongFoot,0,
7,9,5,24/10/2021,Atalanta,Udinese,48,Atalanta,2686,True,1775,Josip Iličić,41270,F,85,Marco Silvestri,79,Udinese,1403,24.1,55.0,24,8,0,assisted,strongFoot,0,
6,9,5,24/10/2021,Atalanta,Udinese,51,Atalanta,2686,True,1775,Duván Zapata,38162,F,81,Marco Silvestri,79,Udinese,1403,14.0,33.0,18,39,0,assisted,weakFoot,0,
5,9,5,24/10/2021,Atalanta,Udinese,56,Atalanta,2686,True,1775,Ruslan Malinovskyi,195850,M,79,Marco Silvestri,79,Udinese,1403,24.7,35.4,26,21,0,assisted,strongFoot,1,
4,9,5,24/10/2021,Atalanta,Udinese,61,Atalanta,2686,True,1775,Ruslan Malinovskyi,195850,M,79,Marco Silvestri,79,Udinese,1403,28.0,66.3,30,21,1,set-piece,strongFoot,0,
3,9,5,24/10/2021,Atalanta,Udinese,72,Atalanta,2686,True,1775,Aleksey Miranchuk,324353,M,69,Marco Silvestri,79,Udinese,1403,19.2,47.0,19,6,1,assisted,strongFoot,0,
2,9,5,24/10/2021,Atalanta,Udinese,78,Atalanta,2686,True,1775,Ruslan Malinovskyi,195850,M,79,Marco Silvestri,79,Udinese,1403,9.7,74.8,19,60,1,regular,strongFoot,0,
1,9,5,24/10/2021,Atalanta,Udinese,81,Udinese,2695,False,1403,Walace,553686,M,66,Juan Musso,81,Atalanta,1775,24.4,28.8,28,30,-1,assisted,strongFoot,0,
0,9,5,24/10/2021,Atalanta,Udinese,90,Udinese,2695,False,1403,Beto,987489,F,73,Juan Musso,81,Atalanta,1775,4.1,59.5,7,57,-1,corner,head,1,
23,9,6,24/10/2021,Fiorentina,Cagliari,1,Fiorentina,2693,True,1455,Riccardo Saponara,126236,M,66,Alessio Cragno,81,Cagliari,1366,38.6,22.5,42,25,0,regular,strongFoot,0,
22,9,6,24/10/2021,Fiorentina,Cagliari,2,Cagliari,2719,False,1366,Nahitan Nández,589620,M,66,Pietro Terracciano,71,Fiorentina,1455,28.6,42.4,29,10,0,regular,strongFoot,0,
21,9,6,24/10/2021,Fiorentina,Cagliari,10,Fiorentina,2693,True,1455,Nicolás González,901325,M,70,Alessio Cragno,81,Cagliari,1366,9.6,64.0,13,44,0,assisted,weakFoot,0,
20,9,6,24/10/2021,Fiorentina,Cagliari,15,Fiorentina,2693,True,1455,Lucas Martínez Quarta,795297,D,55,Alessio Cragno,81,Cagliari,1366,10.0,52.1,10,8,0,set-piece,head,0,
19,9,6,24/10/2021,Fiorentina,Cagliari,18,Fiorentina,2693,True,1455,Nicolás González,901325,M,70,Alessio Cragno,81,Cagliari,1366,9.1,45.8,9,17,0,corner,head,0,
18,9,6,24/10/2021,Fiorentina,Cagliari,21,Fiorentina,2693,True,1455,Cristiano Biraghi,122848,D,64,Alessio Cragno,81,Cagliari,1366,11.5,50.0,11,0,0,penalty,strongFoot,1,
17,9,6,24/10/2021,Fiorentina,Cagliari,30,Fiorentina,2693,True,1455,Riccardo Saponara,126236,M,66,Alessio Cragno,81,Cagliari,1366,19.3,50.9,19,1,1,assisted,strongFoot,0,
16,9,6,24/10/2021,Fiorentina,Cagliari,32,Fiorentina,2693,True,1455,Nicolás González,901325,M,70,Alessio Cragno,81,Cagliari,1366,10.1,52.6,10,9,1,assisted,head,0,
15,9,6,24/10/2021,Fiorentina,Cagliari,35,Fiorentina,2693,True,1455,Giacomo Bonaventura,36784,M,75,Alessio Cragno,81,Cagliari,1366,29.9,60.6,30,13,1,assisted,strongFoot,0,
14,9,6,24/10/2021,Fiorentina,Cagliari,37,Cagliari,2719,False,1366,Nahitan Nández,589620,M,66,Pietro Terracciano,71,Fiorentina,1455,11.6,45.4,12,15,-1,assisted,head,0,
13,9,6,24/10/2021,Fiorentina,Cagliari,37,Fiorentina,2693,True,1455,Riccardo Saponara,126236,M,66,Alessio Cragno,81,Cagliari,1366,16.5,26.8,22,43,1,assisted,strongFoot,0,
12,9,6,24/10/2021,Fiorentina,Cagliari,39,Fiorentina,2693,True,1455,Youssef Maleh,849274,M,66,Alessio Cragno,81,Cagliari,1366,22.7,38.9,23,18,1,assisted,strongFoot,0,
11,9,6,24/10/2021,Fiorentina,Cagliari,40,Fiorentina,2693,True,1455,Lucas Martínez Quarta,795297,D,55,Alessio Cragno,81,Cagliari,1366,15.5,52.4,15,6,1,corner,head,0,
10,9,6,24/10/2021,Fiorentina,Cagliari,42,Fiorentina,2693,True,1455,Nicolás González,901325,M,70,Alessio Cragno,81,Cagliari,1366,6.1,53.9,6,23,1,fast-break,strongFoot,1,
9,9,6,24/10/2021,Fiorentina,Cagliari,45,Fiorentina,2693,True,1455,Youssef Maleh,849274,M,66,Alessio Cragno,81,Cagliari,1366,27.0,45.2,27,6,2,assisted,strongFoot,0,
8,9,6,24/10/2021,Fiorentina,Cagliari,49,Fiorentina,2693,True,1455,Dušan Vlahović,832208,F,77,Alessio Cragno,81,Cagliari,1366,25.6,53.9,25,5,2,free-kick,strongFoot,1,
7,9,6,24/10/2021,Fiorentina,Cagliari,50,Cagliari,2719,False,1366,João Pedro Galvão,123208,F,77,Pietro Terracciano,71,Fiorentina,1455,16.5,55.8,16,13,-3,assisted,strongFoot,0,
6,9,6,24/10/2021,Fiorentina,Cagliari,52,Fiorentina,2693,True,1455,Dušan Vlahović,832208,F,77,Alessio Cragno,81,Cagliari,1366,27.8,56.4,28,8,3,assisted,strongFoot,0,
5,9,6,24/10/2021,Fiorentina,Cagliari,57,Fiorentina,2693,True,1455,Dušan Vlahović,832208,F,77,Alessio Cragno,81,Cagliari,1366,25.4,59.7,26,14,3,free-kick,strongFoot,0,
4,9,6,24/10/2021,Fiorentina,Cagliari,71,Fiorentina,2693,True,1455,Dušan Vlahović,832208,F,77,Alessio Cragno,81,Cagliari,1366,19.6,52.7,19,5,3,assisted,strongFoot,0,
3,9,6,24/10/2021,Fiorentina,Cagliari,72,Fiorentina,2693,True,1455,Dušan Vlahović,832208,F,77,Alessio Cragno,81,Cagliari,1366,11.7,53.0,11,9,3,assisted,strongFoot,0,
2,9,6,24/10/2021,Fiorentina,Cagliari,72,Fiorentina,2693,True,1455,Dušan Vlahović,832208,F,77,Alessio Cragno,81,Cagliari,1366,10.7,52.4,10,8,3,regular,strongFoot,0,
1,9,6,24/10/2021,Fiorentina,Cagliari,85,Fiorentina,2693,True,1455,José Callejón,40965,F,76,Alessio Cragno,81,Cagliari,1366,7.5,43.1,8,32,3,assisted,head,0,
0,9,6,24/10/2021,Fiorentina,Cagliari,87,Fiorentina,2693,True,1455,Nicolás González,901325,M,70,Alessio Cragno,81,Cagliari,1366,8.5,53.0,8,13,3,corner,head,0,
24,9,7,24/10/2021,Hellas Verona,Lazio,4,Hellas Verona,2701,True,1386,Gianluca Caprari,148458,F,69,Pepe Reina,78,Lazio,1633,6.7,56.1,7,31,0,assisted,strongFoot,0,
23,9,7,24/10/2021,Hellas Verona,Lazio,11,Lazio,2699,False,1633,Sergej Milinković-Savić,331447,M,78,Lorenzo Montipò,74,Hellas Verona,1386,26.5,45.4,26,6,0,free-kick,strongFoot,0,
22,9,7,24/10/2021,Hellas Verona,Lazio,12,Hellas Verona,2701,True,1386,Ivan Ilić,877371,M,63,Pepe Reina,78,Lazio,1633,11.4,47.8,11,7,0,assisted,weakFoot,0,
21,9,7,24/10/2021,Hellas Verona,Lazio,14,Hellas Verona,2701,True,1386,Gianluca Caprari,148458,F,69,Pepe Reina,78,Lazio,1633,11.7,34.0,15,42,0,assisted,strongFoot,0,
20,9,7,24/10/2021,Hellas Verona,Lazio,16,Hellas Verona,2701,True,1386,Antonín Barák,330705,M,74,Pepe Reina,78,Lazio,1633,7.7,54.2,8,20,0,set-piece,head,0,
19,9,7,24/10/2021,Hellas Verona,Lazio,20,Hellas Verona,2701,True,1386,Ivan Ilić,877371,M,63,Pepe Reina,78,Lazio,1633,6.7,55.7,7,30,0,assisted,head,0,
18,9,7,24/10/2021,Hellas Verona,Lazio,24,Hellas Verona,2701,True,1386,Antonín Barák,330705,M,74,Pepe Reina,78,Lazio,1633,6.1,50.1,6,0,0,assisted,weakFoot,0,
17,9,7,24/10/2021,Hellas Verona,Lazio,25,Hellas Verona,2701,True,1386,Gianluca Caprari,148458,F,69,Pepe Reina,78,Lazio,1633,46.2,27.0,48,18,0,regular,strongFoot,0,
16,9,7,24/10/2021,Hellas Verona,Lazio,26,Hellas Verona,2701,True,1386,Antonín Barák,330705,M,74,Pepe Reina,78,Lazio,1633,8.7,48.0,8,8,0,assisted,weakFoot,0,
15,9,7,24/10/2021,Hellas Verona,Lazio,28,Hellas Verona,2701,True,1386,Miguel Veloso,6557,M,70,Pepe Reina,78,Lazio,1633,14.8,74.5,22,48,0,regular,strongFoot,0,
14,9,7,24/10/2021,Hellas Verona,Lazio,30,Hellas Verona,2701,True,1386,Giovanni Simeone,341143,F,73,Pepe Reina,78,Lazio,1633,10.0,49.5,10,1,0,assisted,strongFoot,1,
13,9,7,24/10/2021,Hellas Verona,Lazio,33,Hellas Verona,2701,True,1386,Gianluca Caprari,148458,F,69,Pepe Reina,78,Lazio,1633,14.2,49.7,14,0,1,assisted,strongFoot,0,
12,9,7,24/10/2021,Hellas Verona,Lazio,36,Hellas Verona,2701,True,1386,Giovanni Simeone,341143,F,73,Pepe Reina,78,Lazio,1633,19.6,36.6,21,24,1,assisted,strongFoot,1,
11,9,7,24/10/2021,Hellas Verona,Lazio,41,Lazio,2699,False,1633,Ciro Immobile,45923,F,87,Lorenzo Montipò,74,Hellas Verona,1386,15.4,69.9,20,41,-2,regular,strongFoot,0,
10,9,7,24/10/2021,Hellas Verona,Lazio,46,Lazio,2699,False,1633,Ciro Immobile,45923,F,87,Lorenzo Montipò,74,Hellas Verona,1386,10.5,35.5,14,43,-2,assisted,strongFoot,1,
9,9,7,24/10/2021,Hellas Verona,Lazio,51,Lazio,2699,False,1633,Felipe Anderson,152276,M,73,Lorenzo Montipò,74,Hellas Verona,1386,1.4,58.8,6,76,-1,assisted,strongFoot,0,
8,9,7,24/10/2021,Hellas Verona,Lazio,62,Hellas Verona,2701,True,1386,Giovanni Simeone,341143,F,73,Pepe Reina,78,Lazio,1633,6.4,63.1,10,54,1,assisted,strongFoot,1,
7,9,7,24/10/2021,Hellas Verona,Lazio,72,Lazio,2699,False,1633,Sergej Milinković-Savić,331447,M,78,Lorenzo Montipò,74,Hellas Verona,1386,3.8,43.3,5,50,-2,corner,head,0,
6,9,7,24/10/2021,Hellas Verona,Lazio,73,Lazio,2699,False,1633,Felipe Anderson,152276,M,73,Lorenzo Montipò,74,Hellas Verona,1386,20.7,34.7,23,26,-2,corner,strongFoot,0,
5,9,7,24/10/2021,Hellas Verona,Lazio,73,Lazio,2699,False,1633,Patric,217784,D,51,Lorenzo Montipò,74,Hellas Verona,1386,9.5,44.8,10,20,-2,corner,head,0,
4,9,7,24/10/2021,Hellas Verona,Lazio,74,Lazio,2699,False,1633,Luis Alberto,111416,M,75,Lorenzo Montipò,74,Hellas Verona,1386,25.1,26.7,29,32,-2,set-piece,strongFoot,0,
3,9,7,24/10/2021,Hellas Verona,Lazio,79,Hellas Verona,2701,True,1386,Darko Lazović,41157,M,67,Pepe Reina,78,Lazio,1633,15.0,30.6,19,41,2,assisted,weakFoot,0,
2,9,7,24/10/2021,Hellas Verona,Lazio,84,Hellas Verona,2701,True,1386,Paweł Dawidowicz,288321,M,45,Pepe Reina,78,Lazio,1633,8.8,40.4,10,36,2,corner,strongFoot,0,
1,9,7,24/10/2021,Hellas Verona,Lazio,90,Lazio,2699,False,1633,Manuel Lazzari,273405,D,60,Lorenzo Montipò,74,Hellas Verona,1386,4.7,64.9,11,65,-2,regular,strongFoot,0,
0,9,7,24/10/2021,Hellas Verona,Lazio,90,Hellas Verona,2701,True,1386,Giovanni Simeone,341143,F,73,Pepe Reina,78,Lazio,1633,9.5,46.8,9,12,2,assisted,head,1,
23,9,8,24/10/2021,AS Roma,SSC Napoli,7,AS Roma,2702,True,1722,Lorenzo Pellegrini,555540,F,73,David Ospina,79,SSC Napoli,1736,15.7,52.2,15,5,0,assisted,strongFoot,0,
22,9,8,24/10/2021,AS Roma,SSC Napoli,8,AS Roma,2702,True,1722,Nicolò Zaniolo,864898,F,73,David Ospina,79,SSC Napoli,1736,3.4,58.8,6,60,0,corner,head,0,
21,9,8,24/10/2021,AS Roma,SSC Napoli,14,SSC Napoli,2714,False,1736,Victor Osimhen,822471,F,79,Rui Patrício,82,AS Roma,1722,10.0,51.8,10,6,0,assisted,weakFoot,0,
20,9,8,24/10/2021,AS Roma,SSC Napoli,20,SSC Napoli,2714,False,1736,Matteo Politano,235672,M,77,Rui Patrício,82,AS Roma,1722,12.5,81.8,24,59,0,free-kick,strongFoot,0,
19,9,8,24/10/2021,AS Roma,SSC Napoli,27,AS Roma,2702,True,1722,Tammy Abraham,610766,F,77,David Ospina,79,SSC Napoli,1736,14.0,47.8,14,6,0,assisted,strongFoot,0,
18,9,8,24/10/2021,AS Roma,SSC Napoli,32,SSC Napoli,2714,False,1736,Piotr Zieliński,138605,M,74,Rui Patrício,82,AS Roma,1722,28.6,47.4,28,3,0,assisted,weakFoot,0,
17,9,8,24/10/2021,AS Roma,SSC Napoli,33,AS Roma,2702,True,1722,Tammy Abraham,610766,F,77,David Ospina,79,SSC Napoli,1736,4.7,55.9,6,40,0,assisted,strongFoot,0,
16,9,8,24/10/2021,AS Roma,SSC Napoli,42,SSC Napoli,2714,False,1736,Lorenzo Insigne,106258,M,77,Rui Patrício,82,AS Roma,1722,15.2,39.6,16,24,0,assisted,strongFoot,0,
15,9,8,24/10/2021,AS Roma,SSC Napoli,42,AS Roma,2702,True,1722,Lorenzo Pellegrini,555540,F,73,David Ospina,79,SSC Napoli,1736,25.9,48.0,25,3,0,assisted,strongFoot,0,
14,9,8,24/10/2021,AS Roma,SSC Napoli,45,SSC Napoli,2714,False,1736,Fabián Ruiz,784655,M,77,Rui Patrício,82,AS Roma,1722,24.4,31.0,27,27,0,assisted,strongFoot,0,
13,9,8,24/10/2021,AS Roma,SSC Napoli,45,SSC Napoli,2714,False,1736,Lorenzo Insigne,106258,M,77,Rui Patrício,82,AS Roma,1722,16.8,30.7,21,37,0,assisted,strongFoot,0,
12,9,8,24/10/2021,AS Roma,SSC Napoli,60,SSC Napoli,2714,False,1736,Victor Osimhen,822471,F,79,Rui Patrício,82,AS Roma,1722,3.6,54.6,4,40,0,regular,strongFoot,0,
11,9,8,24/10/2021,AS Roma,SSC Napoli,60,SSC Napoli,2714,False,1736,Mário Rui,99546,D,48,Rui Patrício,82,AS Roma,1722,6.3,38.0,10,52,0,regular,strongFoot,0,
10,9,8,24/10/2021,AS Roma,SSC Napoli,62,SSC Napoli,2714,False,1736,Victor Osimhen,822471,F,79,Rui Patrício,82,AS Roma,1722,7.4,56.1,8,29,0,corner,head,0,
9,9,8,24/10/2021,AS Roma,SSC Napoli,65,AS Roma,2702,True,1722,Henrikh Mkhitaryan,37151,M,79,David Ospina,79,SSC Napoli,1736,25.1,49.5,25,0,0,regular,weakFoot,0,
8,9,8,24/10/2021,AS Roma,SSC Napoli,66,AS Roma,2702,True,1722,Lorenzo Pellegrini,555540,F,73,David Ospina,79,SSC Napoli,1736,9.4,64.3,13,45,0,assisted,strongFoot,0,
7,9,8,24/10/2021,AS Roma,SSC Napoli,70,AS Roma,2702,True,1722,Lorenzo Pellegrini,555540,F,73,David Ospina,79,SSC Napoli,1736,7.1,69.3,14,61,0,assisted,strongFoot,0,
6,9,8,24/10/2021,AS Roma,SSC Napoli,72,AS Roma,2702,True,1722,Gianluca Mancini,611210,D,44,David Ospina,79,SSC Napoli,1736,6.4,46.8,6,18,0,set-piece,head,0,
5,9,8,24/10/2021,AS Roma,SSC Napoli,73,SSC Napoli,2714,False,1736,Victor Osimhen,822471,F,79,Rui Patrício,82,AS Roma,1722,25.4,50.7,25,1,0,assisted,strongFoot,0,
4,9,8,24/10/2021,AS Roma,SSC Napoli,78,AS Roma,2702,True,1722,Bryan Cristante,186855,M,71,David Ospina,79,SSC Napoli,1736,28.9,53.8,29,5,0,assisted,strongFoot,0,
3,9,8,24/10/2021,AS Roma,SSC Napoli,83,SSC Napoli,2714,False,1736,Eljif Elmas,838232,M,68,Rui Patrício,82,AS Roma,1722,22.2,27.7,26,34,0,assisted,strongFoot,0,
2,9,8,24/10/2021,AS Roma,SSC Napoli,84,AS Roma,2702,True,1722,Nicolò Zaniolo,864898,F,73,David Ospina,79,SSC Napoli,1736,17.8,60.8,19,22,0,assisted,strongFoot,0,
1,9,8,24/10/2021,AS Roma,SSC Napoli,89,AS Roma,2702,True,1722,Roger Ibañez,888949,D,31,David Ospina,79,SSC Napoli,1736,9.0,50.4,9,1,0,corner,head,0,
0,9,8,24/10/2021,AS Roma,SSC Napoli,90,AS Roma,2702,True,1722,Stephan El Shaarawy,45925,F,75,David Ospina,79,SSC Napoli,1736,21.8,36.3,23,23,0,fast-break,strongFoot,0,
25,9,9,24/10/2021,Inter,Juventus,4,Inter,2697,True,1807,Milan Škriniar,187205,D,41,Wojciech Szczęsny,87,Juventus,1889,8.2,44.6,8,24,0,corner,head,0,
23,9,9,24/10/2021,Inter,Juventus,7,Juventus,2687,False,1889,Alex Sandro,84854,D,64,Samir Handanović,86,Inter,1807,4.7,52.1,4,16,0,set-piece,weakFoot,0,
24,9,9,24/10/2021,Inter,Juventus,7,Juventus,2687,False,1889,Álvaro Morata,125407,F,79,Samir Handanović,86,Inter,1807,15.5,33.2,19,36,0,set-piece,strongFoot,0,
22,9,9,24/10/2021,Inter,Juventus,12,Juventus,2687,False,1889,Danilo,124992,D,67,Samir Handanović,86,Inter,1807,29.3,56.1,29,8,0,set-piece,strongFoot,0,
21,9,9,24/10/2021,Inter,Juventus,17,Inter,2697,True,1807,Hakan Çalhanoğlu,135700,M,77,Wojciech Szczęsny,87,Juventus,1889,26.1,60.4,27,15,0,assisted,strongFoot,0,
20,9,9,24/10/2021,Inter,Juventus,17,Inter,2697,True,1807,Edin Džeko,14990,F,82,Wojciech Szczęsny,87,Juventus,1889,9.1,45.4,9,18,0,regular,weakFoot,1,
19,9,9,24/10/2021,Inter,Juventus,23,Juventus,2687,False,1889,Juan Cuadrado,47743,M,74,Samir Handanović,86,Inter,1807,30.3,75.3,34,29,0,regular,strongFoot,0,
18,9,9,24/10/2021,Inter,Juventus,24,Juventus,2687,False,1889,Giorgio Chiellini,2009,D,47,Samir Handanović,86,Inter,1807,10.3,50.3,10,1,0,corner,head,0,
17,9,9,24/10/2021,Inter,Juventus,24,Juventus,2687,False,1889,Alex Sandro,84854,D,64,Samir Handanović,86,Inter,1807,8.4,30.5,15,57,0,corner,strongFoot,0,
16,9,9,24/10/2021,Inter,Juventus,25,Juventus,2687,False,1889,Dejan Kulusevski,928124,M,74,Samir Handanović,86,Inter,1807,24.4,39.4,25,16,0,assisted,strongFoot,0,
15,9,9,24/10/2021,Inter,Juventus,29,Inter,2697,True,1807,Edin Džeko,14990,F,82,Wojciech Szczęsny,87,Juventus,1889,15.4,50.9,15,2,0,assisted,head,0,
14,9,9,24/10/2021,Inter,Juventus,36,Inter,2697,True,1807,Ivan Perišić,38710,M,79,Wojciech Szczęsny,87,Juventus,1889,16.4,25.0,23,46,0,corner,weakFoot,0,
13,9,9,24/10/2021,Inter,Juventus,42,Juventus,2687,False,1889,Leonardo Bonucci,15444,D,58,Samir Handanović,86,Inter,1807,3.0,39.2,7,67,0,set-piece,weakFoot,0,
12,9,9,24/10/2021,Inter,Juventus,45,Inter,2697,True,1807,Edin Džeko,14990,F,82,Wojciech Szczęsny,87,Juventus,1889,9.6,41.5,11,31,0,corner,head,0,
11,9,9,24/10/2021,Inter,Juventus,58,Inter,2697,True,1807,Hakan Çalhanoğlu,135700,M,77,Wojciech Szczęsny,87,Juventus,1889,26.4,67.4,28,24,0,assisted,strongFoot,0,
10,9,9,24/10/2021,Inter,Juventus,60,Inter,2697,True,1807,Edin Džeko,14990,F,82,Wojciech Szczęsny,87,Juventus,1889,10.6,51.0,10,3,0,assisted,head,0,
9,9,9,24/10/2021,Inter,Juventus,62,Juventus,2687,False,1889,Leonardo Bonucci,15444,D,58,Samir Handanović,86,Inter,1807,9.6,49.3,9,2,0,throw-in-set-piece,strongFoot,0,
8,9,9,24/10/2021,Inter,Juventus,63,Inter,2697,True,1807,Ivan Perišić,38710,M,79,Wojciech Szczęsny,87,Juventus,1889,14.3,30.5,19,42,0,fast-break,weakFoot,0,
7,9,9,24/10/2021,Inter,Juventus,64,Juventus,2687,False,1889,Álvaro Morata,125407,F,79,Samir Handanović,86,Inter,1807,9.1,65.5,13,49,0,assisted,head,0,
6,9,9,24/10/2021,Inter,Juventus,65,Inter,2697,True,1807,Matteo Darmian,19352,D,57,Wojciech Szczęsny,87,Juventus,1889,22.6,71.1,26,32,0,assisted,strongFoot,0,
5,9,9,24/10/2021,Inter,Juventus,68,Juventus,2687,False,1889,Alex Sandro,84854,D,64,Samir Handanović,86,Inter,1807,22.8,23.9,28,37,0,assisted,strongFoot,0,
4,9,9,24/10/2021,Inter,Juventus,70,Juventus,2687,False,1889,Paulo Dybala,256219,F,85,Samir Handanović,86,Inter,1807,22.9,53.4,23,5,0,assisted,strongFoot,0,
3,9,9,24/10/2021,Inter,Juventus,71,Juventus,2687,False,1889,Paulo Dybala,256219,F,85,Samir Handanović,86,Inter,1807,25.0,78.1,31,37,0,free-kick,strongFoot,0,
2,9,9,24/10/2021,Inter,Juventus,73,Juventus,2687,False,1889,Paulo Dybala,256219,F,85,Samir Handanović,86,Inter,1807,21.8,40.6,22,16,0,throw-in-set-piece,strongFoot,0,
1,9,9,24/10/2021,Inter,Juventus,82,Juventus,2687,False,1889,Weston McKennie,881931,M,70,Samir Handanović,86,Inter,1807,25.2,47.9,25,3,0,assisted,strongFoot,0,
0,9,9,24/10/2021,Inter,Juventus,89,Juventus,2687,False,1889,Paulo Dybala,256219,F,85,Samir Handanović,86,Inter,1807,11.5,50.0,11,0,0,penalty,strongFoot,1,
22,10,0,26/10/2021,Spezia,Genoa,12,Spezia,2735,True,1358,Ivan Provedel,308182,G,74,Salvatore Sirigu,82,Genoa,1375,59.4,37.8,59,7,0,regular,strongFoot,0,
21,10,0,26/10/2021,Spezia,Genoa,21,Spezia,2735,True,1358,Emmanuel Gyasi,541578,M,59,Salvatore Sirigu,82,Genoa,1375,13.0,29.1,19,47,0,regular,strongFoot,0,
20,10,0,26/10/2021,Spezia,Genoa,26,Genoa,2713,False,1375,Andrea Masiello,17814,D,37,Ivan Provedel,74,Spezia,1358,10.4,70.1,17,52,0,set-piece,strongFoot,0,
19,10,0,26/10/2021,Spezia,Genoa,28,Genoa,2713,False,1375,Caleb Ekuban,309156,F,70,Ivan Provedel,74,Spezia,1358,10.1,30.9,16,52,0,assisted,weakFoot,0,
18,10,0,26/10/2021,Spezia,Genoa,38,Spezia,2735,True,1358,Simone Bastoni,385330,M,52,Salvatore Sirigu,82,Genoa,1375,24.8,59.1,25,14,0,set-piece,weakFoot,0,
17,10,0,26/10/2021,Spezia,Genoa,45,Genoa,2713,False,1375,Mattia Destro,100570,F,75,Ivan Provedel,74,Spezia,1358,19.5,40.6,20,18,0,assisted,strongFoot,0,
16,10,0,26/10/2021,Spezia,Genoa,50,Genoa,2713,False,1375,Yayah Kallon,967510,F,66,Ivan Provedel,74,Spezia,1358,15.7,49.3,15,1,0,assisted,strongFoot,0,
15,10,0,26/10/2021,Spezia,Genoa,50,Genoa,2713,False,1375,Mattia Destro,100570,F,75,Ivan Provedel,74,Spezia,1358,15.7,52.1,15,5,0,assisted,strongFoot,0,
14,10,0,26/10/2021,Spezia,Genoa,56,Genoa,2713,False,1375,Domenico Criscito,14251,M,60,Ivan Provedel,74,Spezia,1358,21.4,31.2,24,30,0,set-piece,strongFoot,0,
13,10,0,26/10/2021,Spezia,Genoa,58,Spezia,2735,True,1358,Emmanuel Gyasi,541578,M,59,Salvatore Sirigu,82,Genoa,1375,9.0,33.7,14,50,0,assisted,weakFoot,0,
12,10,0,26/10/2021,Spezia,Genoa,59,Spezia,2735,True,1358,Viktor Kovalenko,287659,M,71,Salvatore Sirigu,82,Genoa,1375,15.4,54.6,15,11,0,assisted,strongFoot,0,
11,10,0,26/10/2021,Spezia,Genoa,64,Spezia,2735,True,1358,Emmanuel Gyasi,541578,M,59,Salvatore Sirigu,82,Genoa,1375,3.2,50.4,3,4,0,assisted,strongFoot,0,
9,10,0,26/10/2021,Spezia,Genoa,66,Spezia,2735,True,1358,Ebrima Colley,928106,F,64,Salvatore Sirigu,82,Genoa,1375,22.6,47.4,22,4,0,set-piece,strongFoot,0,
8,10,0,26/10/2021,Spezia,Genoa,66,Spezia,2735,True,1358,Salvatore Sirigu,18954,G,14,Salvatore Sirigu,82,Genoa,1375,1.8,48.6,2,27,0,set-piece,other,1,
10,10,0,26/10/2021,Spezia,Genoa,66,Spezia,2735,True,1358,Eddie Salcedo,893643,F,61,Salvatore Sirigu,82,Genoa,1375,21.8,36.3,23,23,1,free-kick,strongFoot,0,
7,10,0,26/10/2021,Spezia,Genoa,74,Genoa,2713,False,1375,Felipe Caicedo,18841,F,77,Ivan Provedel,74,Spezia,1358,13.5,52.7,13,7,-1,assisted,head,0,
6,10,0,26/10/2021,Spezia,Genoa,77,Spezia,2735,True,1358,M'bala Nzola,788061,F,69,Salvatore Sirigu,82,Genoa,1375,11.0,66.8,15,46,1,assisted,strongFoot,0,
5,10,0,26/10/2021,Spezia,Genoa,82,Spezia,2735,True,1358,Ebrima Colley,928106,F,64,Salvatore Sirigu,82,Genoa,1375,11.0,62.0,13,36,1,fast-break,strongFoot,0,
4,10,0,26/10/2021,Spezia,Genoa,84,Spezia,2735,True,1358,M'bala Nzola,788061,F,69,Salvatore Sirigu,82,Genoa,1375,10.9,57.6,12,25,1,assisted,weakFoot,0,
3,10,0,26/10/2021,Spezia,Genoa,86,Genoa,2713,False,1375,Domenico Criscito,14251,M,60,Ivan Provedel,74,Spezia,1358,11.5,50.0,11,0,-1,penalty,strongFoot,1,
2,10,0,26/10/2021,Spezia,Genoa,87,Spezia,2735,True,1358,Viktor Kovalenko,287659,M,71,Salvatore Sirigu,82,Genoa,1375,22.7,46.1,22,6,0,assisted,strongFoot,0,
1,10,0,26/10/2021,Spezia,Genoa,88,Genoa,2713,False,1375,Mattia Destro,100570,F,75,Ivan Provedel,74,Spezia,1358,28.4,42.1,28,10,0,regular,strongFoot,0,
0,10,0,26/10/2021,Spezia,Genoa,90,Spezia,2735,True,1358,M'bala Nzola,788061,F,69,Salvatore Sirigu,82,Genoa,1375,7.4,51.2,7,6,0,assisted,head,0,
28,10,1,26/10/2021,Venezia,US Salernitana 1919,4,US Salernitana 1919,2710,False,1358,Grigoris Kastanos,791566,M,57,Sergio Romero,73,Venezia,1375,22.5,27.7,27,33,0,assisted,weakFoot,0,
27,10,1,26/10/2021,Venezia,US Salernitana 1919,6,Venezia,2688,True,1375,Mattia Aramu,187111,F,62,Vid Belec,73,US Salernitana 1919,1358,18.2,83.2,28,51,0,free-kick,strongFoot,0,
26,10,1,26/10/2021,Venezia,US Salernitana 1919,7,US Salernitana 1919,2710,False,1358,Franck Ribéry,5712,M,73,Sergio Romero,73,Venezia,1375,9.9,46.4,10,13,0,regular,head,0,
25,10,1,26/10/2021,Venezia,US Salernitana 1919,7,US Salernitana 1919,2710,False,1358,Grigoris Kastanos,791566,M,57,Sergio Romero,73,Venezia,1375,8.7,41.8,10,32,0,assisted,weakFoot,0,
24,10,1,26/10/2021,Venezia,US Salernitana 1919,12,US Salernitana 1919,2710,False,1358,Francesco Di Tacchio,43830,M,48,Sergio Romero,73,Venezia,1375,24.2,29.7,27,29,0,regular,strongFoot,0,
23,10,1,26/10/2021,Venezia,US Salernitana 1919,14,Venezia,2688,True,1375,Mattia Aramu,187111,F,62,Vid Belec,73,US Salernitana 1919,1358,11.6,44.3,12,18,0,assisted,strongFoot,1,
22,10,1,26/10/2021,Venezia,US Salernitana 1919,21,US Salernitana 1919,2710,False,1358,Federico Bonazzoli,284363,F,67,Sergio Romero,73,Venezia,1375,3.0,68.0,12,76,-1,assisted,weakFoot,0,
21,10,1,26/10/2021,Venezia,US Salernitana 1919,22,US Salernitana 1919,2710,False,1358,Federico Bonazzoli,284363,F,67,Sergio Romero,73,Venezia,1375,18.2,63.5,20,26,-1,corner,strongFoot,0,
20,10,1,26/10/2021,Venezia,US Salernitana 1919,22,US Salernitana 1919,2710,False,1358,Francesco Di Tacchio,43830,M,48,Sergio Romero,73,Venezia,1375,9.8,67.8,15,51,-1,corner,weakFoot,0,
19,10,1,26/10/2021,Venezia,US Salernitana 1919,25,Venezia,2688,True,1375,David Okereke,831290,F,66,Vid Belec,73,US Salernitana 1919,1358,19.6,36.7,21,24,1,assisted,strongFoot,0,
18,10,1,26/10/2021,Venezia,US Salernitana 1919,28,US Salernitana 1919,2710,False,1358,Federico Bonazzoli,284363,F,67,Sergio Romero,73,Venezia,1375,17.8,51.0,17,2,-1,assisted,strongFoot,0,
17,10,1,26/10/2021,Venezia,US Salernitana 1919,35,US Salernitana 1919,2710,False,1358,Milan Đurić,76132,F,64,Sergio Romero,73,Venezia,1375,7.5,43.5,8,30,-1,set-piece,head,0,
16,10,1,26/10/2021,Venezia,US Salernitana 1919,37,US Salernitana 1919,2710,False,1358,Franck Ribéry,5712,M,73,Sergio Romero,73,Venezia,1375,21.1,57.2,21,13,-1,assisted,strongFoot,0,
15,10,1,26/10/2021,Venezia,US Salernitana 1919,41,Venezia,2688,True,1375,Domen Črnigoj,232096,M,57,Vid Belec,73,US Salernitana 1919,1358,14.1,74.7,21,49,1,assisted,strongFoot,0,
14,10,1,26/10/2021,Venezia,US Salernitana 1919,43,US Salernitana 1919,2710,False,1358,Francesco Di Tacchio,43830,M,48,Sergio Romero,73,Venezia,1375,26.1,39.1,27,15,-1,regular,strongFoot,0,
13,10,1,26/10/2021,Venezia,US Salernitana 1919,44,Venezia,2688,True,1375,David Okereke,831290,F,66,Vid Belec,73,US Salernitana 1919,1358,19.2,45.1,19,9,1,fast-break,strongFoot,0,
12,10,1,26/10/2021,Venezia,US Salernitana 1919,45,US Salernitana 1919,2710,False,1358,Milan Đurić,76132,F,64,Sergio Romero,73,Venezia,1375,15.0,47.6,15,6,-1,assisted,strongFoot,0,
11,10,1,26/10/2021,Venezia,US Salernitana 1919,51,US Salernitana 1919,2710,False,1358,Federico Bonazzoli,284363,F,67,Sergio Romero,73,Venezia,1375,14.4,28.3,20,45,-1,assisted,strongFoot,0,
10,10,1,26/10/2021,Venezia,US Salernitana 1919,53,Venezia,2688,True,1375,Gianluca Busio,896180,M,61,Vid Belec,73,US Salernitana 1919,1358,20.1,56.7,20,12,1,regular,weakFoot,0,
9,10,1,26/10/2021,Venezia,US Salernitana 1919,54,US Salernitana 1919,2710,False,1358,Franck Ribéry,5712,M,73,Sergio Romero,73,Venezia,1375,3.1,61.3,8,68,-1,regular,strongFoot,0,
8,10,1,26/10/2021,Venezia,US Salernitana 1919,61,US Salernitana 1919,2710,False,1358,Federico Bonazzoli,284363,F,67,Sergio Romero,73,Venezia,1375,14.1,61.9,16,29,-1,assisted,strongFoot,1,
7,10,1,26/10/2021,Venezia,US Salernitana 1919,70,US Salernitana 1919,2710,False,1358,Stefan Strandberg,22447,D,42,Sergio Romero,73,Venezia,1375,26.5,51.8,26,2,0,free-kick,strongFoot,0,
6,10,1,26/10/2021,Venezia,US Salernitana 1919,78,Venezia,2688,True,1375,Michael Svoboda,888340,D,40,Vid Belec,73,US Salernitana 1919,1358,7.9,48.2,7,8,0,set-piece,head,0,
5,10,1,26/10/2021,Venezia,US Salernitana 1919,80,US Salernitana 1919,2710,False,1358,Cedric Gondo,812207,F,63,Sergio Romero,73,Venezia,1375,8.7,42.2,10,31,0,assisted,strongFoot,0,
4,10,1,26/10/2021,Venezia,US Salernitana 1919,84,Venezia,2688,True,1375,Michael Svoboda,888340,D,40,Vid Belec,73,US Salernitana 1919,1358,8.2,50.1,8,0,0,corner,strongFoot,0,
3,10,1,26/10/2021,Venezia,US Salernitana 1919,86,US Salernitana 1919,2710,False,1358,Francesco Di Tacchio,43830,M,48,Sergio Romero,73,Venezia,1375,26.6,31.2,29,25,0,regular,strongFoot,0,
2,10,1,26/10/2021,Venezia,US Salernitana 1919,89,US Salernitana 1919,2710,False,1358,Cedric Gondo,812207,F,63,Sergio Romero,73,Venezia,1375,11.2,63.9,14,40,0,assisted,strongFoot,0,
1,10,1,26/10/2021,Venezia,US Salernitana 1919,90,US Salernitana 1919,2710,False,1358,Nadir Zortea,928104,D,34,Sergio Romero,73,Venezia,1375,23.5,61.2,24,17,0,assisted,strongFoot,0,
0,10,1,26/10/2021,Venezia,US Salernitana 1919,90,US Salernitana 1919,2710,False,1358,Andrea Schiavone,98075,M,67,Sergio Romero,73,Venezia,1375,9.5,49.0,9,4,0,assisted,strongFoot,1,
21,10,2,26/10/2021,AC Milan,Torino,5,Torino,2696,False,1429,Tommaso Pobega,928796,M,66,Ciprian Tătărușanu,77,AC Milan,1709,24.9,50.1,24,0,0,assisted,weakFoot,0,
19,10,2,26/10/2021,AC Milan,Torino,14,AC Milan,2692,True,1709,Olivier Giroud,39070,F,79,Vanja Milinković-Savić,32,Torino,1429,2.0,46.9,2,46,0,corner,strongFoot,1,
20,10,2,26/10/2021,AC Milan,Torino,14,AC Milan,2692,True,1709,Rade Krunić,155449,M,71,Vanja Milinković-Savić,32,Torino,1429,7.2,57.5,8,35,1,corner,head,0,
18,10,2,26/10/2021,AC Milan,Torino,18,Torino,2696,False,1429,Tommaso Pobega,928796,M,66,Ciprian Tătărușanu,77,AC Milan,1709,13.6,58.7,14,23,-1,set-piece,head,0,
17,10,2,26/10/2021,AC Milan,Torino,20,AC Milan,2692,True,1709,Sandro Tonali,892673,M,66,Vanja Milinković-Savić,32,Torino,1429,24.5,30.8,27,28,1,regular,strongFoot,0,
16,10,2,26/10/2021,AC Milan,Torino,22,Torino,2696,False,1429,Wilfried Singo,978285,D,39,Ciprian Tătărușanu,77,AC Milan,1709,16.5,64.2,19,30,-1,assisted,weakFoot,0,
15,10,2,26/10/2021,AC Milan,Torino,25,AC Milan,2692,True,1709,Alexis Saelemaekers,901891,M,65,Vanja Milinković-Savić,32,Torino,1429,3.8,59.6,7,59,1,assisted,strongFoot,0,
14,10,2,26/10/2021,AC Milan,Torino,29,AC Milan,2692,True,1709,Rafael Leão,851284,F,72,Vanja Milinković-Savić,32,Torino,1429,26.1,47.8,26,3,1,assisted,weakFoot,0,
13,10,2,26/10/2021,AC Milan,Torino,36,AC Milan,2692,True,1709,Rafael Leão,851284,F,72,Vanja Milinković-Savić,32,Torino,1429,26.1,73.2,30,31,1,assisted,strongFoot,0,
12,10,2,26/10/2021,AC Milan,Torino,41,AC Milan,2692,True,1709,Alexis Saelemaekers,901891,M,65,Vanja Milinković-Savić,32,Torino,1429,29.1,50.0,29,0,1,set-piece,weakFoot,0,
11,10,2,26/10/2021,AC Milan,Torino,45,AC Milan,2692,True,1709,Rade Krunić,155449,M,71,Vanja Milinković-Savić,32,Torino,1429,13.0,46.0,13,11,1,set-piece,head,0,
10,10,2,26/10/2021,AC Milan,Torino,49,Torino,2696,False,1429,Tommaso Pobega,928796,M,66,Ciprian Tătărușanu,77,AC Milan,1709,9.7,46.1,10,15,-1,corner,head,0,
9,10,2,26/10/2021,AC Milan,Torino,53,Torino,2696,False,1429,Andrea Belotti,220223,F,81,Ciprian Tătărușanu,77,AC Milan,1709,9.2,66.0,14,49,-1,assisted,strongFoot,0,
8,10,2,26/10/2021,AC Milan,Torino,59,Torino,2696,False,1429,Saša Lukić,371222,M,63,Ciprian Tătărușanu,77,AC Milan,1709,30.9,62.3,32,15,-1,assisted,strongFoot,0,
7,10,2,26/10/2021,AC Milan,Torino,73,AC Milan,2692,True,1709,Alexis Saelemaekers,901891,M,65,Vanja Milinković-Savić,32,Torino,1429,29.9,43.1,30,8,1,assisted,strongFoot,0,
6,10,2,26/10/2021,AC Milan,Torino,76,Torino,2696,False,1429,Antonio Sanabria,333261,F,71,Ciprian Tătărușanu,77,AC Milan,1709,10.4,35.2,14,44,-1,assisted,weakFoot,0,
5,10,2,26/10/2021,AC Milan,Torino,80,Torino,2696,False,1429,Antonio Sanabria,333261,F,71,Ciprian Tătărușanu,77,AC Milan,1709,10.5,28.5,17,54,-1,assisted,weakFoot,0,
4,10,2,26/10/2021,AC Milan,Torino,81,Torino,2696,False,1429,Tommaso Pobega,928796,M,66,Ciprian Tătărușanu,77,AC Milan,1709,11.0,47.0,11,10,-1,corner,head,0,
3,10,2,26/10/2021,AC Milan,Torino,82,AC Milan,2692,True,1709,Theo Hernández,788027,D,70,Vanja Milinković-Savić,32,Torino,1429,20.7,27.7,25,36,1,assisted,strongFoot,0,
2,10,2,26/10/2021,AC Milan,Torino,85,Torino,2696,False,1429,Dennis Praet,135647,M,72,Ciprian Tătărușanu,77,AC Milan,1709,15.5,32.1,19,38,-1,assisted,strongFoot,0,
1,10,2,26/10/2021,AC Milan,Torino,90,Torino,2696,False,1429,Saša Lukić,371222,M,63,Ciprian Tătărușanu,77,AC Milan,1709,26.4,52.7,26,3,-1,assisted,strongFoot,0,
0,10,2,26/10/2021,AC Milan,Torino,90,Torino,2696,False,1429,Vanja Milinković-Savić,356160,G,32,Ciprian Tătărușanu,77,AC Milan,1709,8.4,54.5,8,20,-1,corner,head,0,
21,10,3,27/10/2021,Juventus,Sassuolo,3,Juventus,2687,True,1899,Federico Chiesa,845386,F,80,Andrea Consigli,81,Sassuolo,1521,9.8,65.8,14,47,0,assisted,strongFoot,0,
20,10,3,27/10/2021,Juventus,Sassuolo,8,Juventus,2687,True,1899,Danilo,124992,D,67,Andrea Consigli,81,Sassuolo,1521,25.5,48.0,25,3,0,corner,strongFoot,0,
19,10,3,27/10/2021,Juventus,Sassuolo,18,Sassuolo,2793,False,1521,Domenico Berardi,253367,F,80,Mattia Perin,80,Juventus,1899,19.5,65.5,22,28,0,assisted,strongFoot,0,
18,10,3,27/10/2021,Juventus,Sassuolo,21,Juventus,2687,True,1899,Adrien Rabiot,250737,M,73,Andrea Consigli,81,Sassuolo,1521,14.2,55.8,14,15,0,assisted,weakFoot,0,
17,10,3,27/10/2021,Juventus,Sassuolo,21,Juventus,2687,True,1899,Manuel Locatelli,363860,M,71,Andrea Consigli,81,Sassuolo,1521,18.6,47.6,18,5,0,regular,strongFoot,0,
16,10,3,27/10/2021,Juventus,Sassuolo,34,Sassuolo,2793,False,1521,Hamed Junior Traorè,892924,M,66,Mattia Perin,80,Juventus,1899,25.8,34.2,27,22,0,regular,strongFoot,0,
15,10,3,27/10/2021,Juventus,Sassuolo,35,Sassuolo,2793,False,1521,Giacomo Raspadori,865651,F,72,Mattia Perin,80,Juventus,1899,6.8,34.2,12,57,0,assisted,weakFoot,0,
14,10,3,27/10/2021,Juventus,Sassuolo,37,Juventus,2687,True,1899,Paulo Dybala,256219,F,85,Andrea Consigli,81,Sassuolo,1521,20.4,54.0,20,7,0,regular,strongFoot,0,
13,10,3,27/10/2021,Juventus,Sassuolo,41,Juventus,2687,True,1899,Federico Chiesa,845386,F,80,Andrea Consigli,81,Sassuolo,1521,8.1,58.3,9,34,0,assisted,strongFoot,0,
12,10,3,27/10/2021,Juventus,Sassuolo,44,Sassuolo,2793,False,1521,Davide Frattesi,835600,M,67,Mattia Perin,80,Juventus,1899,8.1,63.9,12,49,0,assisted,strongFoot,1,
11,10,3,27/10/2021,Juventus,Sassuolo,55,Juventus,2687,True,1899,Alex Sandro,84854,D,64,Andrea Consigli,81,Sassuolo,1521,9.2,45.5,9,18,-1,set-piece,head,0,
10,10,3,27/10/2021,Juventus,Sassuolo,57,Sassuolo,2793,False,1521,Giacomo Raspadori,865651,F,72,Mattia Perin,80,Juventus,1899,15.4,53.1,15,7,1,assisted,weakFoot,0,
9,10,3,27/10/2021,Juventus,Sassuolo,58,Juventus,2687,True,1899,Juan Cuadrado,47743,M,74,Andrea Consigli,81,Sassuolo,1521,11.7,70.5,18,49,-1,assisted,strongFoot,0,
8,10,3,27/10/2021,Juventus,Sassuolo,59,Juventus,2687,True,1899,Paulo Dybala,256219,F,85,Andrea Consigli,81,Sassuolo,1521,12.8,39.8,14,28,-1,assisted,strongFoot,0,
7,10,3,27/10/2021,Juventus,Sassuolo,59,Juventus,2687,True,1899,Federico Chiesa,845386,F,80,Andrea Consigli,81,Sassuolo,1521,7.5,53.6,7,18,-1,assisted,head,0,
6,10,3,27/10/2021,Juventus,Sassuolo,70,Sassuolo,2793,False,1521,Gianluca Scamacca,807301,F,74,Mattia Perin,80,Juventus,1899,20.4,45.4,20,8,1,assisted,strongFoot,0,
5,10,3,27/10/2021,Juventus,Sassuolo,71,Juventus,2687,True,1899,Kaio Jorge,954888,F,68,Andrea Consigli,81,Sassuolo,1521,5.8,44.8,6,31,-1,assisted,strongFoot,0,
4,10,3,27/10/2021,Juventus,Sassuolo,73,Juventus,2687,True,1899,Manuel Locatelli,363860,M,71,Andrea Consigli,81,Sassuolo,1521,21.1,37.1,22,22,-1,assisted,strongFoot,0,
3,10,3,27/10/2021,Juventus,Sassuolo,76,Juventus,2687,True,1899,Weston McKennie,881931,M,70,Andrea Consigli,81,Sassuolo,1521,7.9,52.4,8,11,-1,set-piece,head,1,
2,10,3,27/10/2021,Juventus,Sassuolo,84,Juventus,2687,True,1899,Federico Chiesa,845386,F,80,Andrea Consigli,81,Sassuolo,1521,12.8,33.5,17,41,0,throw-in-set-piece,strongFoot,0,
1,10,3,27/10/2021,Juventus,Sassuolo,90,Sassuolo,2793,False,1521,Matheus Henrique,912786,M,59,Mattia Perin,80,Juventus,1899,19.3,47.9,19,4,0,regular,strongFoot,0,
0,10,3,27/10/2021,Juventus,Sassuolo,90,Sassuolo,2793,False,1521,Maxime López,352802,M,65,Mattia Perin,80,Juventus,1899,12.2,38.4,14,32,0,fast-break,strongFoot,1,
21,10,4,27/10/2021,Sampdoria,Atalanta,4,Atalanta,2686,False,1743,Duván Zapata,38162,F,81,Emil Audero,78,Sampdoria,1358,12.4,64.1,15,37,0,regular,strongFoot,0,
20,10,4,27/10/2021,Sampdoria,Atalanta,6,Atalanta,2686,False,1743,Joakim Mæhle,842364,D,55,Emil Audero,78,Sampdoria,1358,8.7,52.8,8,12,0,assisted,head,0,
19,10,4,27/10/2021,Sampdoria,Atalanta,10,Sampdoria,2711,True,1358,Francesco Caputo,43905,F,78,Juan Musso,81,Atalanta,1743,12.8,38.3,15,31,0,assisted,weakFoot,1,
17,10,4,27/10/2021,Sampdoria,Atalanta,18,Sampdoria,2711,True,1358,Manolo Gabbiadini,53816,F,78,Juan Musso,81,Atalanta,1743,19.2,67.6,22,31,-1,assisted,strongFoot,0,
16,10,4,27/10/2021,Sampdoria,Atalanta,21,Atalanta,2686,False,1743,Duván Zapata,38162,F,81,Emil Audero,78,Sampdoria,1358,7.5,54.8,8,23,1,assisted,head,1,
15,10,4,27/10/2021,Sampdoria,Atalanta,27,Atalanta,2686,False,1743,Mario Pašalić,190437,M,74,Emil Audero,78,Sampdoria,1358,8.1,48.1,8,9,2,assisted,head,0,
14,10,4,27/10/2021,Sampdoria,Atalanta,31,Atalanta,2686,False,1743,Duván Zapata,38162,F,81,Emil Audero,78,Sampdoria,1358,9.0,56.3,9,25,2,regular,head,0,
13,10,4,27/10/2021,Sampdoria,Atalanta,36,Sampdoria,2711,True,1358,Francesco Caputo,43905,F,78,Juan Musso,81,Atalanta,1743,10.8,57.8,12,26,-2,assisted,strongFoot,0,
12,10,4,27/10/2021,Sampdoria,Atalanta,45,Atalanta,2686,False,1743,Ruslan Malinovskyi,195850,M,79,Emil Audero,78,Sampdoria,1358,18.4,67.8,22,33,2,assisted,strongFoot,0,
11,10,4,27/10/2021,Sampdoria,Atalanta,50,Sampdoria,2711,True,1358,Francesco Caputo,43905,F,78,Juan Musso,81,Atalanta,1743,7.3,37.6,11,49,-2,assisted,weakFoot,0,
10,10,4,27/10/2021,Sampdoria,Atalanta,51,Atalanta,2686,False,1743,Ruslan Malinovskyi,195850,M,79,Emil Audero,78,Sampdoria,1358,19.2,67.6,22,31,2,assisted,strongFoot,0,
9,10,4,27/10/2021,Sampdoria,Atalanta,58,Sampdoria,2711,True,1358,Manolo Gabbiadini,53816,F,78,Juan Musso,81,Atalanta,1743,20.5,75.6,26,40,-2,assisted,strongFoot,0,
8,10,4,27/10/2021,Sampdoria,Atalanta,67,Sampdoria,2711,True,1358,Fabio Quagliarella,11621,F,83,Juan Musso,81,Atalanta,1743,10.1,41.5,11,29,-2,assisted,strongFoot,0,
7,10,4,27/10/2021,Sampdoria,Atalanta,67,Atalanta,2686,False,1743,Ruslan Malinovskyi,195850,M,79,Emil Audero,78,Sampdoria,1358,9.9,32.2,15,50,2,assisted,strongFoot,0,
6,10,4,27/10/2021,Sampdoria,Atalanta,75,Sampdoria,2711,True,1358,Riccardo Ciervo,1019953,M,55,Juan Musso,81,Atalanta,1743,21.9,27.3,26,35,-2,assisted,strongFoot,0,
5,10,4,27/10/2021,Sampdoria,Atalanta,78,Sampdoria,2711,True,1358,Antonio Candreva,27982,F,78,Juan Musso,81,Atalanta,1743,19.9,32.2,23,31,-2,assisted,strongFoot,0,
4,10,4,27/10/2021,Sampdoria,Atalanta,80,Atalanta,2686,False,1743,Duván Zapata,38162,F,81,Emil Audero,78,Sampdoria,1358,12.0,55.3,12,16,2,assisted,strongFoot,0,
3,10,4,27/10/2021,Sampdoria,Atalanta,81,Atalanta,2686,False,1743,Josip Iličić,41270,F,85,Emil Audero,78,Sampdoria,1358,25.4,62.3,26,18,2,assisted,strongFoot,0,
2,10,4,27/10/2021,Sampdoria,Atalanta,83,Atalanta,2686,False,1743,Duván Zapata,38162,F,81,Emil Audero,78,Sampdoria,1358,12.3,30.6,18,47,2,fast-break,strongFoot,0,
1,10,4,27/10/2021,Sampdoria,Atalanta,90,Atalanta,2686,False,1743,Roberto Piccoli,958982,F,66,Emil Audero,78,Sampdoria,1358,11.9,52.4,12,7,2,fast-break,strongFoot,0,
0,10,4,27/10/2021,Sampdoria,Atalanta,90,Atalanta,2686,False,1743,Josip Iličić,41270,F,85,Emil Audero,78,Sampdoria,1358,2.3,70.3,13,80,2,assisted,strongFoot,1,
20,10,5,27/10/2021,Udinese,Hellas Verona,3,Udinese,2695,True,1408,Isaac Success,359640,F,66,Lorenzo Montipò,74,Hellas Verona,1401,15.1,50.1,15,0,0,assisted,strongFoot,1,
19,10,5,27/10/2021,Udinese,Hellas Verona,23,Udinese,2695,True,1408,Walace,553686,M,66,Lorenzo Montipò,74,Hellas Verona,1401,22.5,63.9,24,22,0,assisted,strongFoot,0,
18,10,5,27/10/2021,Udinese,Hellas Verona,24,Udinese,2695,True,1408,Bram Nuytinck,70930,D,40,Lorenzo Montipò,74,Hellas Verona,1401,7.0,56.7,8,33,0,corner,head,0,
17,10,5,27/10/2021,Udinese,Hellas Verona,24,Udinese,2695,True,1408,Bram Nuytinck,70930,D,40,Lorenzo Montipò,74,Hellas Verona,1401,8.0,57.3,9,31,0,corner,head,0,
16,10,5,27/10/2021,Udinese,Hellas Verona,26,Udinese,2695,True,1408,Walace,553686,M,66,Lorenzo Montipò,74,Hellas Verona,1401,24.1,49.5,24,0,0,set-piece,strongFoot,0,
15,10,5,27/10/2021,Udinese,Hellas Verona,26,Udinese,2695,True,1408,Isaac Success,359640,F,66,Lorenzo Montipò,74,Hellas Verona,1401,7.3,40.7,9,40,0,set-piece,head,0,
14,10,5,27/10/2021,Udinese,Hellas Verona,27,Udinese,2695,True,1408,Walace,553686,M,66,Lorenzo Montipò,74,Hellas Verona,1401,22.2,53.8,22,6,0,assisted,weakFoot,0,
13,10,5,27/10/2021,Udinese,Hellas Verona,27,Udinese,2695,True,1408,Bram Nuytinck,70930,D,40,Lorenzo Montipò,74,Hellas Verona,1401,4.3,43.3,6,46,0,corner,head,0,
12,10,5,27/10/2021,Udinese,Hellas Verona,33,Udinese,2695,True,1408,Beto,987489,F,73,Lorenzo Montipò,74,Hellas Verona,1401,6.8,49.1,6,5,0,corner,head,0,
11,10,5,27/10/2021,Udinese,Hellas Verona,33,Udinese,2695,True,1408,Nahuel Molina,831799,D,63,Lorenzo Montipò,74,Hellas Verona,1401,9.0,27.7,17,59,0,corner,strongFoot,0,
10,10,5,27/10/2021,Udinese,Hellas Verona,42,Udinese,2695,True,1408,Beto,987489,F,73,Lorenzo Montipò,74,Hellas Verona,1401,5.3,31.8,13,66,0,regular,strongFoot,0,
9,10,5,27/10/2021,Udinese,Hellas Verona,50,Udinese,2695,True,1408,Beto,987489,F,73,Lorenzo Montipò,74,Hellas Verona,1401,10.0,58.5,11,30,0,regular,strongFoot,0,
8,10,5,27/10/2021,Udinese,Hellas Verona,55,Hellas Verona,2701,False,1401,Miguel Veloso,6557,M,70,Marco Silvestri,79,Udinese,1408,27.3,45.6,27,6,0,assisted,weakFoot,0,
7,10,5,27/10/2021,Udinese,Hellas Verona,57,Hellas Verona,2701,False,1401,Darko Lazović,41157,M,67,Marco Silvestri,79,Udinese,1408,13.1,27.7,20,49,0,assisted,weakFoot,0,
6,10,5,27/10/2021,Udinese,Hellas Verona,60,Udinese,2695,True,1408,Nahuel Molina,831799,D,63,Lorenzo Montipò,74,Hellas Verona,1401,11.0,55.7,11,19,0,assisted,strongFoot,0,
5,10,5,27/10/2021,Udinese,Hellas Verona,61,Udinese,2695,True,1408,Tolgay Arslan,71203,M,68,Lorenzo Montipò,74,Hellas Verona,1401,28.6,57.1,29,9,0,corner,weakFoot,0,
4,10,5,27/10/2021,Udinese,Hellas Verona,71,Hellas Verona,2701,False,1401,Giovanni Simeone,341143,F,73,Marco Silvestri,79,Udinese,1408,21.9,32.4,24,28,0,assisted,strongFoot,0,
3,10,5,27/10/2021,Udinese,Hellas Verona,76,Udinese,2695,True,1408,Roberto Pereyra,122701,M,73,Lorenzo Montipò,74,Hellas Verona,1401,23.4,43.5,23,10,0,assisted,weakFoot,0,
2,10,5,27/10/2021,Udinese,Hellas Verona,83,Hellas Verona,2701,False,1401,Antonín Barák,330705,M,74,Marco Silvestri,79,Udinese,1408,11.5,50.0,11,0,0,penalty,strongFoot,1,
1,10,5,27/10/2021,Udinese,Hellas Verona,89,Udinese,2695,True,1408,Lazar Samardžić,980624,M,60,Lorenzo Montipò,74,Hellas Verona,1401,34.5,34.9,35,16,-1,free-kick,strongFoot,0,
0,10,5,27/10/2021,Udinese,Hellas Verona,90,Hellas Verona,2701,False,1401,Giovanni Simeone,341143,F,73,Marco Silvestri,79,Udinese,1408,7.0,75.0,18,67,1,regular,strongFoot,0,
28,10,6,27/10/2021,Cagliari,AS Roma,2,AS Roma,2702,False,1709,Lorenzo Pellegrini,555540,F,73,Alessio Cragno,81,Cagliari,1358,20.2,60.6,21,19,0,assisted,strongFoot,0,
26,10,6,27/10/2021,Cagliari,AS Roma,5,AS Roma,2702,False,1709,Nicolò Zaniolo,864898,F,73,Alessio Cragno,81,Cagliari,1358,0.59999999999999,34.0,10,86,0,corner,head,0,
27,10,6,27/10/2021,Cagliari,AS Roma,5,AS Roma,2702,False,1709,Bryan Cristante,186855,M,71,Alessio Cragno,81,Cagliari,1358,7.1,60.4,10,44,0,corner,head,0,
25,10,6,27/10/2021,Cagliari,AS Roma,8,Cagliari,2719,True,1358,Raoul Bellanova,826185,M,30,Rui Patrício,82,AS Roma,1709,6.8,71.1,15,64,0,assisted,strongFoot,0,
24,10,6,27/10/2021,Cagliari,AS Roma,15,AS Roma,2702,False,1709,Bryan Cristante,186855,M,71,Alessio Cragno,81,Cagliari,1358,2.8,42.5,5,61,0,corner,head,0,
23,10,6,27/10/2021,Cagliari,AS Roma,17,AS Roma,2702,False,1709,Nicolò Zaniolo,864898,F,73,Alessio Cragno,81,Cagliari,1358,13.0,57.5,13,21,0,regular,strongFoot,0,
22,10,6,27/10/2021,Cagliari,AS Roma,25,AS Roma,2702,False,1709,Bryan Cristante,186855,M,71,Alessio Cragno,81,Cagliari,1358,9.1,48.2,9,7,0,set-piece,head,0,
21,10,6,27/10/2021,Cagliari,AS Roma,33,AS Roma,2702,False,1709,Tammy Abraham,610766,F,77,Alessio Cragno,81,Cagliari,1358,2.6,40.1,7,68,0,assisted,head,0,
20,10,6,27/10/2021,Cagliari,AS Roma,45,AS Roma,2702,False,1709,Nicolò Zaniolo,864898,F,73,Alessio Cragno,81,Cagliari,1358,25.2,70.5,28,28,0,assisted,strongFoot,0,
19,10,6,27/10/2021,Cagliari,AS Roma,52,Cagliari,2719,True,1358,Leonardo Pavoletti,132704,F,72,Rui Patrício,82,AS Roma,1709,4.0,51.5,4,14,0,assisted,strongFoot,1,
18,10,6,27/10/2021,Cagliari,AS Roma,55,Cagliari,2719,True,1358,João Pedro Galvão,123208,F,77,Rui Patrício,82,AS Roma,1709,8.5,35.9,12,48,1,set-piece,head,0,
17,10,6,27/10/2021,Cagliari,AS Roma,56,AS Roma,2702,False,1709,Lorenzo Pellegrini,555540,F,73,Alessio Cragno,81,Cagliari,1358,23.8,50.5,23,0,-1,assisted,strongFoot,0,
16,10,6,27/10/2021,Cagliari,AS Roma,56,AS Roma,2702,False,1709,Nicolò Zaniolo,864898,F,73,Alessio Cragno,81,Cagliari,1358,9.1,56.3,10,25,-1,assisted,head,0,
15,10,6,27/10/2021,Cagliari,AS Roma,56,AS Roma,2702,False,1709,Stephan El Shaarawy,45925,F,75,Alessio Cragno,81,Cagliari,1358,5.7,32.4,13,64,-1,regular,strongFoot,0,
14,10,6,27/10/2021,Cagliari,AS Roma,56,AS Roma,2702,False,1709,Tammy Abraham,610766,F,77,Alessio Cragno,81,Cagliari,1358,4.3,50.1,4,0,-1,assisted,head,0,
13,10,6,27/10/2021,Cagliari,AS Roma,59,Cagliari,2719,True,1358,Leonardo Pavoletti,132704,F,72,Rui Patrício,82,AS Roma,1709,10.7,45.8,11,14,1,assisted,weakFoot,0,
12,10,6,27/10/2021,Cagliari,AS Roma,61,AS Roma,2702,False,1709,Felix Afena-Gyan,1108921,F,69,Alessio Cragno,81,Cagliari,1358,9.1,53.7,9,15,-1,set-piece,strongFoot,0,
11,10,6,27/10/2021,Cagliari,AS Roma,61,AS Roma,2702,False,1709,Lorenzo Pellegrini,555540,F,73,Alessio Cragno,81,Cagliari,1358,6.7,43.4,8,33,-1,corner,head,0,
10,10,6,27/10/2021,Cagliari,AS Roma,63,AS Roma,2702,False,1709,Nicolò Zaniolo,864898,F,73,Alessio Cragno,81,Cagliari,1358,6.7,52.8,6,15,-1,assisted,head,0,
9,10,6,27/10/2021,Cagliari,AS Roma,67,AS Roma,2702,False,1709,Lorenzo Pellegrini,555540,F,73,Alessio Cragno,81,Cagliari,1358,4.0,42.5,6,51,-1,assisted,strongFoot,0,
8,10,6,27/10/2021,Cagliari,AS Roma,69,AS Roma,2702,False,1709,Bryan Cristante,186855,M,71,Alessio Cragno,81,Cagliari,1358,8.8,62.0,12,42,-1,corner,head,0,
7,10,6,27/10/2021,Cagliari,AS Roma,69,AS Roma,2702,False,1709,Gianluca Mancini,611210,D,44,Alessio Cragno,81,Cagliari,1358,7.3,46.4,7,18,-1,corner,strongFoot,0,
6,10,6,27/10/2021,Cagliari,AS Roma,70,Cagliari,2719,True,1358,Leonardo Pavoletti,132704,F,72,Rui Patrício,82,AS Roma,1709,8.4,57.8,9,32,1,assisted,head,0,
5,10,6,27/10/2021,Cagliari,AS Roma,71,AS Roma,2702,False,1709,Roger Ibañez,888949,D,31,Alessio Cragno,81,Cagliari,1358,11.9,49.7,11,0,-1,corner,head,1,
4,10,6,27/10/2021,Cagliari,AS Roma,73,AS Roma,2702,False,1709,Nicolò Zaniolo,864898,F,73,Alessio Cragno,81,Cagliari,1358,21.2,52.9,21,5,0,assisted,strongFoot,0,
3,10,6,27/10/2021,Cagliari,AS Roma,76,Cagliari,2719,True,1358,Răzvan Marin,279563,M,73,Rui Patrício,82,AS Roma,1709,17.4,23.7,24,45,0,set-piece,weakFoot,0,
2,10,6,27/10/2021,Cagliari,AS Roma,78,AS Roma,2702,False,1709,Lorenzo Pellegrini,555540,F,73,Alessio Cragno,81,Cagliari,1358,22.3,69.9,26,31,0,free-kick,strongFoot,1,
1,10,6,27/10/2021,Cagliari,AS Roma,90,Cagliari,2719,True,1358,Gabriele Zappa,927304,D,30,Rui Patrício,82,AS Roma,1709,27.2,72.8,31,29,-1,assisted,strongFoot,0,
0,10,6,27/10/2021,Cagliari,AS Roma,90,AS Roma,2702,False,1709,Lorenzo Pellegrini,555540,F,73,Alessio Cragno,81,Cagliari,1358,28.8,33.8,30,20,1,regular,strongFoot,0,
29,10,7,27/10/2021,Empoli,Inter,2,Empoli,2705,True,1521,Patrick Cutrone,795044,F,71,Samir Handanović,86,Inter,1809,9.0,63.5,12,45,0,corner,head,0,
28,10,7,27/10/2021,Empoli,Inter,4,Inter,2697,False,1809,Federico Dimarco,284361,M,60,Guglielmo Vicario,72,Empoli,1521,13.8,38.8,15,28,0,regular,strongFoot,0,
27,10,7,27/10/2021,Empoli,Inter,8,Inter,2697,False,1809,Danilo D'Ambrosio,107936,D,55,Guglielmo Vicario,72,Empoli,1521,4.7,33.1,12,67,0,corner,head,0,
26,10,7,27/10/2021,Empoli,Inter,9,Inter,2697,False,1809,Nicolò Barella,363856,M,70,Guglielmo Vicario,72,Empoli,1521,9.9,78.8,21,63,0,assisted,strongFoot,0,
25,10,7,27/10/2021,Empoli,Inter,13,Empoli,2705,True,1521,Samuele Ricci,930189,M,43,Samir Handanović,86,Inter,1809,22.3,58.4,23,14,0,assisted,strongFoot,0,
24,10,7,27/10/2021,Empoli,Inter,13,Empoli,2705,True,1521,Petar Stojanović,227082,M,49,Samir Handanović,86,Inter,1809,25.2,75.4,30,34,0,assisted,strongFoot,0,
23,10,7,27/10/2021,Empoli,Inter,19,Empoli,2705,True,1521,Sebastiano Luperto,352736,D,54,Samir Handanović,86,Inter,1809,10.4,54.1,10,15,0,corner,strongFoot,0,
22,10,7,27/10/2021,Empoli,Inter,23,Inter,2697,False,1809,Federico Dimarco,284361,M,60,Guglielmo Vicario,72,Empoli,1521,25.2,59.6,26,14,0,set-piece,strongFoot,0,
21,10,7,27/10/2021,Empoli,Inter,23,Inter,2697,False,1809,Lautaro Martínez,823984,F,81,Guglielmo Vicario,72,Empoli,1521,18.2,46.4,18,7,0,corner,strongFoot,0,
20,10,7,27/10/2021,Empoli,Inter,34,Inter,2697,False,1809,Danilo D'Ambrosio,107936,D,55,Guglielmo Vicario,72,Empoli,1521,8.0,53.4,8,16,0,assisted,head,1,
19,10,7,27/10/2021,Empoli,Inter,45,Inter,2697,False,1809,Alexis Sánchez,34120,F,76,Guglielmo Vicario,72,Empoli,1521,12.2,35.6,15,38,1,assisted,strongFoot,0,
18,10,7,27/10/2021,Empoli,Inter,45,Inter,2697,False,1809,Lautaro Martínez,823984,F,81,Guglielmo Vicario,72,Empoli,1521,10.9,51.2,10,4,1,assisted,head,0,
17,10,7,27/10/2021,Empoli,Inter,48,Inter,2697,False,1809,Alexis Sánchez,34120,F,76,Guglielmo Vicario,72,Empoli,1521,9.9,46.7,10,12,1,assisted,head,0,
16,10,7,27/10/2021,Empoli,Inter,51,Empoli,2705,True,1521,Patrick Cutrone,795044,F,71,Samir Handanović,86,Inter,1809,12.8,46.4,13,10,-1,assisted,head,0,
15,10,7,27/10/2021,Empoli,Inter,55,Inter,2697,False,1809,Matteo Darmian,19352,D,57,Guglielmo Vicario,72,Empoli,1521,9.8,54.5,10,17,1,assisted,weakFoot,0,
14,10,7,27/10/2021,Empoli,Inter,58,Inter,2697,False,1809,Roberto Gagliardini,287057,M,62,Guglielmo Vicario,72,Empoli,1521,3.7,47.8,3,22,1,assisted,head,0,
13,10,7,27/10/2021,Empoli,Inter,60,Empoli,2705,True,1521,Andrea Pinamonti,826198,F,70,Samir Handanović,86,Inter,1809,18.0,34.7,20,30,-1,free-kick,strongFoot,0,
12,10,7,27/10/2021,Empoli,Inter,63,Inter,2697,False,1809,Lautaro Martínez,823984,F,81,Guglielmo Vicario,72,Empoli,1521,7.7,50.0,7,0,1,assisted,head,0,
11,10,7,27/10/2021,Empoli,Inter,64,Inter,2697,False,1809,Roberto Gagliardini,287057,M,62,Guglielmo Vicario,72,Empoli,1521,33.1,36.7,34,15,1,assisted,strongFoot,0,
10,10,7,27/10/2021,Empoli,Inter,65,Inter,2697,False,1809,Marcelo Brozović,108800,M,73,Guglielmo Vicario,72,Empoli,1521,13.6,38.2,15,30,1,corner,weakFoot,0,
9,10,7,27/10/2021,Empoli,Inter,66,Inter,2697,False,1809,Federico Dimarco,284361,M,60,Guglielmo Vicario,72,Empoli,1521,5.5,44.9,6,32,1,assisted,strongFoot,1,
8,10,7,27/10/2021,Empoli,Inter,76,Empoli,2705,True,1521,Leonardo Mancuso,250931,F,71,Samir Handanović,86,Inter,1809,17.8,57.7,18,16,-2,set-piece,strongFoot,0,
7,10,7,27/10/2021,Empoli,Inter,80,Empoli,2705,True,1521,Ardian Ismajli,840414,D,27,Samir Handanović,86,Inter,1809,10.1,59.7,12,33,-2,set-piece,head,0,
6,10,7,27/10/2021,Empoli,Inter,81,Inter,2697,False,1809,Nicolò Barella,363856,M,70,Guglielmo Vicario,72,Empoli,1521,23.1,71.0,27,31,2,assisted,strongFoot,0,
5,10,7,27/10/2021,Empoli,Inter,83,Inter,2697,False,1809,Lautaro Martínez,823984,F,81,Guglielmo Vicario,72,Empoli,1521,14.0,34.7,17,36,2,regular,strongFoot,0,
4,10,7,27/10/2021,Empoli,Inter,83,Inter,2697,False,1809,Federico Dimarco,284361,M,60,Guglielmo Vicario,72,Empoli,1521,15.2,39.7,16,24,2,regular,strongFoot,0,
3,10,7,27/10/2021,Empoli,Inter,87,Empoli,2705,True,1521,Fabiano Parisi,972886,D,60,Samir Handanović,86,Inter,1809,13.7,33.6,17,39,-2,regular,strongFoot,0,
2,10,7,27/10/2021,Empoli,Inter,90,Inter,2697,False,1809,Aleksandar Kolarov,26097,D,73,Guglielmo Vicario,72,Empoli,1521,32.9,34.3,34,17,2,assisted,strongFoot,0,
1,10,7,27/10/2021,Empoli,Inter,90,Inter,2697,False,1809,Joaquín Correa,249929,F,75,Guglielmo Vicario,72,Empoli,1521,12.7,40.1,14,27,2,regular,strongFoot,0,
0,10,7,27/10/2021,Empoli,Inter,90,Inter,2697,False,1809,Matías Vecino,158615,M,70,Guglielmo Vicario,72,Empoli,1521,6.9,47.4,7,14,2,assisted,head,0,
13,10,8,27/10/2021,Lazio,Fiorentina,12,Lazio,2699,True,1615,Ciro Immobile,45923,F,87,Pietro Terracciano,71,Fiorentina,1463,6.6,28.9,15,65,0,assisted,weakFoot,0,
12,10,8,27/10/2021,Lazio,Fiorentina,21,Fiorentina,2693,False,1463,Dušan Vlahović,832208,F,77,Pepe Reina,78,Lazio,1615,7.4,56.4,8,30,0,assisted,head,0,
11,10,8,27/10/2021,Lazio,Fiorentina,23,Fiorentina,2693,False,1463,Lucas Martínez Quarta,795297,D,55,Pepe Reina,78,Lazio,1615,7.0,58.2,8,38,0,corner,head,0,
10,10,8,27/10/2021,Lazio,Fiorentina,27,Fiorentina,2693,False,1463,Dušan Vlahović,832208,F,77,Pepe Reina,78,Lazio,1615,15.0,70.6,20,43,0,corner,strongFoot,0,
9,10,8,27/10/2021,Lazio,Fiorentina,29,Fiorentina,2693,False,1463,Lucas Martínez Quarta,795297,D,55,Pepe Reina,78,Lazio,1615,8.3,39.2,11,41,0,corner,head,0,
8,10,8,27/10/2021,Lazio,Fiorentina,34,Lazio,2699,True,1615,Ciro Immobile,45923,F,87,Pietro Terracciano,71,Fiorentina,1463,5.7,53.6,6,23,0,assisted,head,0,
7,10,8,27/10/2021,Lazio,Fiorentina,42,Lazio,2699,True,1615,Manuel Lazzari,273405,D,60,Pietro Terracciano,71,Fiorentina,1463,24.5,57.4,25,11,0,assisted,weakFoot,0,
6,10,8,27/10/2021,Lazio,Fiorentina,48,Lazio,2699,True,1615,Sergej Milinković-Savić,331447,M,78,Pietro Terracciano,71,Fiorentina,1463,9.6,49.1,9,3,0,set-piece,head,0,
4,10,8,27/10/2021,Lazio,Fiorentina,50,Fiorentina,2693,False,1463,Lucas Torreira,754794,M,66,Pepe Reina,78,Lazio,1615,16.7,50.1,16,0,0,regular,strongFoot,0,
5,10,8,27/10/2021,Lazio,Fiorentina,50,Fiorentina,2693,False,1463,Dušan Vlahović,832208,F,77,Pepe Reina,78,Lazio,1615,7.4,47.2,7,14,0,assisted,head,0,
3,10,8,27/10/2021,Lazio,Fiorentina,52,Lazio,2699,True,1615,Pedro,35428,F,73,Pietro Terracciano,71,Fiorentina,1463,10.7,33.6,15,46,0,assisted,weakFoot,1,
2,10,8,27/10/2021,Lazio,Fiorentina,62,Fiorentina,2693,False,1463,Lucas Martínez Quarta,795297,D,55,Pepe Reina,78,Lazio,1615,4.5,59.7,7,55,-1,set-piece,head,0,
1,10,8,27/10/2021,Lazio,Fiorentina,86,Fiorentina,2693,False,1463,Dušan Vlahović,832208,F,77,Pepe Reina,78,Lazio,1615,9.7,24.6,19,60,-1,assisted,strongFoot,0,
0,10,8,27/10/2021,Lazio,Fiorentina,90,Fiorentina,2693,False,1463,Riccardo Sottil,893640,F,61,Pepe Reina,78,Lazio,1615,21.8,55.1,22,9,-1,assisted,weakFoot,0,
25,10,9,28/10/2021,SSC Napoli,Bologna,10,SSC Napoli,2714,True,1745,Eljif Elmas,838232,M,68,Łukasz Skorupski,75,Bologna,1425,12.4,41.5,13,24,0,assisted,strongFoot,0,
24,10,9,28/10/2021,SSC Napoli,Bologna,10,SSC Napoli,2714,True,1745,Mário Rui,99546,D,48,Łukasz Skorupski,75,Bologna,1425,15.7,40.4,17,22,0,regular,strongFoot,0,
23,10,9,28/10/2021,SSC Napoli,Bologna,15,SSC Napoli,2714,True,1745,Lorenzo Insigne,106258,M,77,Łukasz Skorupski,75,Bologna,1425,12.7,36.3,15,36,0,fast-break,weakFoot,0,
22,10,9,28/10/2021,SSC Napoli,Bologna,16,SSC Napoli,2714,True,1745,Lorenzo Insigne,106258,M,77,Łukasz Skorupski,75,Bologna,1425,18.8,27.6,24,39,0,corner,strongFoot,0,
21,10,9,28/10/2021,SSC Napoli,Bologna,17,Bologna,2685,False,1425,Nicolás Domínguez,871765,M,65,David Ospina,79,SSC Napoli,1745,29.9,43.7,30,8,0,regular,strongFoot,0,
20,10,9,28/10/2021,SSC Napoli,Bologna,18,SSC Napoli,2714,True,1745,Fabián Ruiz,784655,M,77,Łukasz Skorupski,75,Bologna,1425,24.0,49.2,24,1,0,assisted,strongFoot,1,
19,10,9,28/10/2021,SSC Napoli,Bologna,23,SSC Napoli,2714,True,1745,Victor Osimhen,822471,F,79,Łukasz Skorupski,75,Bologna,1425,14.4,64.5,17,34,0,assisted,strongFoot,0,
18,10,9,28/10/2021,SSC Napoli,Bologna,25,SSC Napoli,2714,True,1745,Frank Anguissa,787941,M,62,Łukasz Skorupski,75,Bologna,1425,25.3,31.8,28,26,0,assisted,strongFoot,0,
17,10,9,28/10/2021,SSC Napoli,Bologna,29,Bologna,2685,False,1425,Arthur Theate,965778,D,39,David Ospina,79,SSC Napoli,1745,13.8,28.1,20,47,0,set-piece,strongFoot,0,
16,10,9,28/10/2021,SSC Napoli,Bologna,34,SSC Napoli,2714,True,1745,Mário Rui,99546,D,48,Łukasz Skorupski,75,Bologna,1425,2.8,33.6,11,75,0,assisted,strongFoot,0,
15,10,9,28/10/2021,SSC Napoli,Bologna,41,SSC Napoli,2714,True,1745,Lorenzo Insigne,106258,M,77,Łukasz Skorupski,75,Bologna,1425,11.5,50.0,11,0,0,penalty,strongFoot,1,
14,10,9,28/10/2021,SSC Napoli,Bologna,53,Bologna,2685,False,1425,Musa Barrow,916680,F,72,David Ospina,79,SSC Napoli,1745,10.2,29.7,17,53,-1,assisted,strongFoot,0,
13,10,9,28/10/2021,SSC Napoli,Bologna,58,SSC Napoli,2714,True,1745,Victor Osimhen,822471,F,79,Łukasz Skorupski,75,Bologna,1425,20.7,63.5,22,23,1,assisted,strongFoot,0,
12,10,9,28/10/2021,SSC Napoli,Bologna,59,SSC Napoli,2714,True,1745,Giovanni Di Lorenzo,153257,D,65,Łukasz Skorupski,75,Bologna,1425,11.2,71.8,18,52,1,assisted,weakFoot,0,
11,10,9,28/10/2021,SSC Napoli,Bologna,62,SSC Napoli,2714,True,1745,Lorenzo Insigne,106258,M,77,Łukasz Skorupski,75,Bologna,1425,11.5,50.0,11,0,1,penalty,strongFoot,1,
10,10,9,28/10/2021,SSC Napoli,Bologna,64,Bologna,2685,False,1425,Mattias Svanberg,796987,M,65,David Ospina,79,SSC Napoli,1745,26.5,61.2,27,16,-2,assisted,strongFoot,0,
9,10,9,28/10/2021,SSC Napoli,Bologna,73,SSC Napoli,2714,True,1745,Frank Anguissa,787941,M,62,Łukasz Skorupski,75,Bologna,1425,30.3,54.2,30,5,2,assisted,strongFoot,0,
8,10,9,28/10/2021,SSC Napoli,Bologna,74,SSC Napoli,2714,True,1745,Victor Osimhen,822471,F,79,Łukasz Skorupski,75,Bologna,1425,15.5,42.5,16,18,2,assisted,strongFoot,0,
7,10,9,28/10/2021,SSC Napoli,Bologna,76,Bologna,2685,False,1425,Riccardo Orsolini,793645,M,70,David Ospina,79,SSC Napoli,1745,11.0,72.6,18,54,-2,assisted,strongFoot,0,
6,10,9,28/10/2021,SSC Napoli,Bologna,80,SSC Napoli,2714,True,1745,Fabián Ruiz,784655,M,77,Łukasz Skorupski,75,Bologna,1425,23.5,44.2,23,9,2,assisted,strongFoot,0,
5,10,9,28/10/2021,SSC Napoli,Bologna,83,SSC Napoli,2714,True,1745,Victor Osimhen,822471,F,79,Łukasz Skorupski,75,Bologna,1425,9.9,49.1,9,3,2,assisted,head,0,
4,10,9,28/10/2021,SSC Napoli,Bologna,85,Bologna,2685,False,1425,Riccardo Orsolini,793645,M,70,David Ospina,79,SSC Napoli,1745,18.7,77.3,26,44,-2,free-kick,strongFoot,0,
3,10,9,28/10/2021,SSC Napoli,Bologna,85,Bologna,2685,False,1425,Nicola Sansone,100580,F,72,David Ospina,79,SSC Napoli,1745,24.5,61.2,25,17,-2,corner,strongFoot,0,
2,10,9,28/10/2021,SSC Napoli,Bologna,86,SSC Napoli,2714,True,1745,Dries Mertens,32493,M,80,Łukasz Skorupski,75,Bologna,1425,13.4,30.1,19,45,2,assisted,strongFoot,0,
1,10,9,28/10/2021,SSC Napoli,Bologna,87,SSC Napoli,2714,True,1745,Victor Osimhen,822471,F,79,Łukasz Skorupski,75,Bologna,1425,8.4,54.9,9,21,2,corner,head,0,
0,10,9,28/10/2021,SSC Napoli,Bologna,89,Bologna,2685,False,1425,Nicola Sansone,100580,F,72,David Ospina,79,SSC Napoli,1745,15.5,55.5,15,13,-2,assisted,strongFoot,0,
24,11,0,30/10/2021,Atalanta,Lazio,9,Atalanta,2686,True,1743,Duván Zapata,38162,F,81,Pepe Reina,78,Lazio,1615,9.2,31.3,15,54,0,assisted,strongFoot,0,
23,11,0,30/10/2021,Atalanta,Lazio,10,Atalanta,2686,True,1743,Merih Demiral,806968,D,40,Pepe Reina,78,Lazio,1615,8.6,48.2,8,8,0,corner,head,0,
22,11,0,30/10/2021,Atalanta,Lazio,18,Lazio,2699,False,1615,Ciro Immobile,45923,F,87,Juan Musso,81,Atalanta,1743,11.5,55.0,11,16,0,regular,strongFoot,0,
21,11,0,30/10/2021,Atalanta,Lazio,18,Lazio,2699,False,1615,Pedro,35428,F,73,Juan Musso,81,Atalanta,1743,13.4,44.7,13,15,0,regular,weakFoot,1,
20,11,0,30/10/2021,Atalanta,Lazio,27,Atalanta,2686,True,1743,Josip Iličić,41270,F,85,Pepe Reina,78,Lazio,1615,17.9,65.1,20,29,-1,assisted,weakFoot,0,
19,11,0,30/10/2021,Atalanta,Lazio,34,Lazio,2699,False,1615,Felipe Anderson,152276,M,73,Juan Musso,81,Atalanta,1743,14.5,42.9,15,18,1,corner,strongFoot,0,
18,11,0,30/10/2021,Atalanta,Lazio,45,Lazio,2699,False,1615,Ciro Immobile,45923,F,87,Juan Musso,81,Atalanta,1743,13.9,65.4,17,36,1,corner,strongFoot,0,
17,11,0,30/10/2021,Atalanta,Lazio,45,Lazio,2699,False,1615,Ciro Immobile,45923,F,87,Juan Musso,81,Atalanta,1743,20.1,68.8,23,32,1,corner,weakFoot,0,
16,11,0,30/10/2021,Atalanta,Lazio,45,Atalanta,2686,True,1743,Duván Zapata,38162,F,81,Pepe Reina,78,Lazio,1615,6.1,67.4,13,62,-1,assisted,strongFoot,1,
15,11,0,30/10/2021,Atalanta,Lazio,50,Atalanta,2686,True,1743,Remo Freuler,115516,M,70,Pepe Reina,78,Lazio,1615,26.4,62.6,27,17,0,assisted,strongFoot,0,
14,11,0,30/10/2021,Atalanta,Lazio,55,Lazio,2699,False,1615,Ciro Immobile,45923,F,87,Juan Musso,81,Atalanta,1743,12.4,46.0,12,12,0,set-piece,weakFoot,0,
13,11,0,30/10/2021,Atalanta,Lazio,55,Atalanta,2686,True,1743,Davide Zappacosta,132318,M,65,Pepe Reina,78,Lazio,1615,15.5,68.4,19,38,0,assisted,weakFoot,0,
12,11,0,30/10/2021,Atalanta,Lazio,56,Atalanta,2686,True,1743,Matteo Lovato,982601,D,30,Pepe Reina,78,Lazio,1615,4.9,39.0,8,56,0,corner,head,0,
11,11,0,30/10/2021,Atalanta,Lazio,59,Atalanta,2686,True,1743,Davide Zappacosta,132318,M,65,Pepe Reina,78,Lazio,1615,10.0,69.8,16,53,0,assisted,strongFoot,0,
10,11,0,30/10/2021,Atalanta,Lazio,65,Atalanta,2686,True,1743,Teun Koopmeiners,803033,M,71,Pepe Reina,78,Lazio,1615,7.0,42.2,8,37,0,corner,head,0,
9,11,0,30/10/2021,Atalanta,Lazio,70,Atalanta,2686,True,1743,Ruslan Malinovskyi,195850,M,79,Pepe Reina,78,Lazio,1615,29.3,51.5,29,1,0,free-kick,strongFoot,0,
8,11,0,30/10/2021,Atalanta,Lazio,71,Atalanta,2686,True,1743,Luis Muriel,119242,F,83,Pepe Reina,78,Lazio,1615,12.4,53.9,12,12,0,corner,weakFoot,0,
7,11,0,30/10/2021,Atalanta,Lazio,74,Lazio,2699,False,1615,Ciro Immobile,45923,F,87,Juan Musso,81,Atalanta,1743,7.4,51.6,7,8,0,assisted,strongFoot,1,
6,11,0,30/10/2021,Atalanta,Lazio,80,Atalanta,2686,True,1743,Joakim Mæhle,842364,D,55,Pepe Reina,78,Lazio,1615,19.2,33.0,22,31,-1,assisted,strongFoot,0,
5,11,0,30/10/2021,Atalanta,Lazio,82,Atalanta,2686,True,1743,Joakim Mæhle,842364,D,55,Pepe Reina,78,Lazio,1615,23.7,35.3,25,22,-1,set-piece,strongFoot,0,
4,11,0,30/10/2021,Atalanta,Lazio,82,Lazio,2699,False,1615,Raúl Moro,980383,M,51,Juan Musso,81,Atalanta,1743,11.2,34.6,15,43,1,fast-break,weakFoot,0,
3,11,0,30/10/2021,Atalanta,Lazio,85,Atalanta,2686,True,1743,Luis Muriel,119242,F,83,Pepe Reina,78,Lazio,1615,17.7,44.7,18,11,-1,assisted,strongFoot,0,
2,11,0,30/10/2021,Atalanta,Lazio,90,Atalanta,2686,True,1743,Ruslan Malinovskyi,195850,M,79,Pepe Reina,78,Lazio,1615,8.2,67.0,14,54,-1,assisted,weakFoot,0,
1,11,0,30/10/2021,Atalanta,Lazio,90,Atalanta,2686,True,1743,Merih Demiral,806968,D,40,Pepe Reina,78,Lazio,1615,14.5,54.3,14,11,-1,assisted,head,0,
0,11,0,30/10/2021,Atalanta,Lazio,90,Atalanta,2686,True,1743,Marten de Roon,100389,M,68,Pepe Reina,78,Lazio,1615,8.7,42.7,10,29,-1,assisted,strongFoot,1,
26,11,1,30/10/2021,Hellas Verona,Juventus,7,Hellas Verona,2701,True,1401,Darko Lazović,41157,M,67,Wojciech Szczęsny,87,Juventus,1899,3.9,35.2,10,68,0,regular,weakFoot,0,
25,11,1,30/10/2021,Hellas Verona,Juventus,8,Juventus,2687,False,1899,Álvaro Morata,125407,F,79,Lorenzo Montipò,74,Hellas Verona,1401,1.8,55.7,4,65,0,regular,strongFoot,0,
24,11,1,30/10/2021,Hellas Verona,Juventus,9,Hellas Verona,2701,True,1401,Giovanni Simeone,341143,F,73,Wojciech Szczęsny,87,Juventus,1899,20.3,58.7,21,16,0,assisted,strongFoot,0,
23,11,1,30/10/2021,Hellas Verona,Juventus,10,Hellas Verona,2701,True,1401,Gianluca Caprari,148458,F,69,Wojciech Szczęsny,87,Juventus,1899,15.0,48.4,15,4,0,assisted,strongFoot,0,
22,11,1,30/10/2021,Hellas Verona,Juventus,10,Hellas Verona,2701,True,1401,Antonín Barák,330705,M,74,Wojciech Szczęsny,87,Juventus,1899,10.7,62.9,13,39,0,regular,weakFoot,0,
21,11,1,30/10/2021,Hellas Verona,Juventus,11,Hellas Verona,2701,True,1401,Giovanni Simeone,341143,F,73,Wojciech Szczęsny,87,Juventus,1899,6.1,43.1,7,37,0,regular,strongFoot,1,
20,11,1,30/10/2021,Hellas Verona,Juventus,14,Hellas Verona,2701,True,1401,Giovanni Simeone,341143,F,73,Wojciech Szczęsny,87,Juventus,1899,20.9,27.0,26,36,1,assisted,strongFoot,1,
19,11,1,30/10/2021,Hellas Verona,Juventus,16,Juventus,2687,False,1899,Paulo Dybala,256219,F,85,Lorenzo Montipò,74,Hellas Verona,1401,18.8,47.5,18,5,-2,assisted,weakFoot,0,
18,11,1,30/10/2021,Hellas Verona,Juventus,25,Hellas Verona,2701,True,1401,Davide Faraoni,32040,D,71,Wojciech Szczęsny,87,Juventus,1899,16.7,73.2,22,43,2,assisted,strongFoot,0,
17,11,1,30/10/2021,Hellas Verona,Juventus,35,Juventus,2687,False,1899,Paulo Dybala,256219,F,85,Lorenzo Montipò,74,Hellas Verona,1401,9.8,31.0,16,52,-2,assisted,strongFoot,0,
16,11,1,30/10/2021,Hellas Verona,Juventus,36,Juventus,2687,False,1899,Paulo Dybala,256219,F,85,Lorenzo Montipò,74,Hellas Verona,1401,14.8,46.2,15,9,-2,assisted,head,0,
15,11,1,30/10/2021,Hellas Verona,Juventus,40,Juventus,2687,False,1899,Alex Sandro,84854,D,64,Lorenzo Montipò,74,Hellas Verona,1401,7.2,27.7,16,64,-2,assisted,strongFoot,0,
14,11,1,30/10/2021,Hellas Verona,Juventus,43,Juventus,2687,False,1899,Paulo Dybala,256219,F,85,Lorenzo Montipò,74,Hellas Verona,1401,43.6,30.5,45,16,-2,assisted,strongFoot,0,
13,11,1,30/10/2021,Hellas Verona,Juventus,44,Juventus,2687,False,1899,Paulo Dybala,256219,F,85,Lorenzo Montipò,74,Hellas Verona,1401,14.0,66.6,17,38,-2,assisted,strongFoot,0,
12,11,1,30/10/2021,Hellas Verona,Juventus,48,Juventus,2687,False,1899,Paulo Dybala,256219,F,85,Lorenzo Montipò,74,Hellas Verona,1401,19.9,61.8,21,21,-2,assisted,strongFoot,0,
11,11,1,30/10/2021,Hellas Verona,Juventus,51,Hellas Verona,2701,True,1401,Giovanni Simeone,341143,F,73,Wojciech Szczęsny,87,Juventus,1899,18.5,74.4,24,41,2,fast-break,strongFoot,0,
10,11,1,30/10/2021,Hellas Verona,Juventus,53,Juventus,2687,False,1899,Paulo Dybala,256219,F,85,Lorenzo Montipò,74,Hellas Verona,1401,21.4,63.3,23,22,-2,assisted,strongFoot,0,
9,11,1,30/10/2021,Hellas Verona,Juventus,54,Juventus,2687,False,1899,Juan Cuadrado,47743,M,74,Lorenzo Montipò,74,Hellas Verona,1401,24.5,65.5,26,23,-2,regular,strongFoot,0,
8,11,1,30/10/2021,Hellas Verona,Juventus,58,Juventus,2687,False,1899,Weston McKennie,881931,M,70,Lorenzo Montipò,74,Hellas Verona,1401,2.0,39.0,7,75,-2,set-piece,strongFoot,0,
7,11,1,30/10/2021,Hellas Verona,Juventus,64,Hellas Verona,2701,True,1401,Gianluca Caprari,148458,F,69,Wojciech Szczęsny,87,Juventus,1899,19.8,36.9,21,24,2,assisted,strongFoot,0,
6,11,1,30/10/2021,Hellas Verona,Juventus,80,Juventus,2687,False,1899,Weston McKennie,881931,M,70,Lorenzo Montipò,74,Hellas Verona,1401,15.0,52.8,15,7,-2,assisted,strongFoot,1,
5,11,1,30/10/2021,Hellas Verona,Juventus,82,Juventus,2687,False,1899,Álvaro Morata,125407,F,79,Lorenzo Montipò,74,Hellas Verona,1401,5.4,32.2,13,65,-1,assisted,weakFoot,0,
4,11,1,30/10/2021,Hellas Verona,Juventus,83,Hellas Verona,2701,True,1401,Nikola Kalinić,31273,F,73,Wojciech Szczęsny,87,Juventus,1899,12.4,35.9,15,37,1,assisted,weakFoot,0,
3,11,1,30/10/2021,Hellas Verona,Juventus,89,Juventus,2687,False,1899,Federico Bernardeschi,294597,F,71,Lorenzo Montipò,74,Hellas Verona,1401,9.4,61.8,12,40,-1,assisted,strongFoot,0,
2,11,1,30/10/2021,Hellas Verona,Juventus,90,Juventus,2687,False,1899,Paulo Dybala,256219,F,85,Lorenzo Montipò,74,Hellas Verona,1401,23.6,46.9,23,5,-1,assisted,strongFoot,0,
1,11,1,30/10/2021,Hellas Verona,Juventus,90,Hellas Verona,2701,True,1401,Gianluca Caprari,148458,F,69,Wojciech Szczęsny,87,Juventus,1899,13.2,32.6,17,41,1,assisted,strongFoot,0,
0,11,1,30/10/2021,Hellas Verona,Juventus,90,Hellas Verona,2701,True,1401,Antonín Barák,330705,M,74,Wojciech Szczęsny,87,Juventus,1899,16.1,43.1,16,16,1,assisted,strongFoot,0,
20,11,2,30/10/2021,Torino,Sampdoria,17,Torino,2696,True,1429,Dennis Praet,135647,M,72,Emil Audero,78,Sampdoria,1358,5.6,48.7,5,8,0,assisted,strongFoot,0,
19,11,2,30/10/2021,Torino,Sampdoria,17,Torino,2696,True,1429,Dennis Praet,135647,M,72,Emil Audero,78,Sampdoria,1358,2.7,47.2,3,35,0,regular,strongFoot,1,
18,11,2,30/10/2021,Torino,Sampdoria,37,Sampdoria,2711,False,1358,Morten Thorsby,280991,M,60,Vanja Milinković-Savić,32,Torino,1429,10.1,46.7,10,12,-1,assisted,head,0,
17,11,2,30/10/2021,Torino,Sampdoria,39,Sampdoria,2711,False,1358,Morten Thorsby,280991,M,60,Vanja Milinković-Savić,32,Torino,1429,14.9,48.4,14,4,-1,assisted,strongFoot,0,
16,11,2,30/10/2021,Torino,Sampdoria,40,Torino,2696,True,1429,Karol Linetty,189135,M,61,Emil Audero,78,Sampdoria,1358,11.0,54.9,11,16,1,assisted,strongFoot,0,
15,11,2,30/10/2021,Torino,Sampdoria,47,Sampdoria,2711,False,1358,Jeff Chabot,863271,D,27,Vanja Milinković-Savić,32,Torino,1429,11.4,45.4,11,15,-1,corner,head,0,
14,11,2,30/10/2021,Torino,Sampdoria,51,Sampdoria,2711,False,1358,Fabio Quagliarella,11621,F,83,Vanja Milinković-Savić,32,Torino,1429,30.0,40.6,30,12,-1,free-kick,strongFoot,0,
13,11,2,30/10/2021,Torino,Sampdoria,52,Torino,2696,True,1429,Wilfried Singo,978285,D,39,Emil Audero,78,Sampdoria,1358,10.5,65.5,14,45,1,fast-break,strongFoot,1,
12,11,2,30/10/2021,Torino,Sampdoria,55,Torino,2696,True,1429,Mërgim Vojvoda,798147,D,49,Emil Audero,78,Sampdoria,1358,18.9,66.2,21,30,2,set-piece,strongFoot,0,
11,11,2,30/10/2021,Torino,Sampdoria,57,Torino,2696,True,1429,Andrea Belotti,220223,F,81,Emil Audero,78,Sampdoria,1358,18.7,52.1,18,4,2,assisted,strongFoot,0,
10,11,2,30/10/2021,Torino,Sampdoria,60,Torino,2696,True,1429,Karol Linetty,189135,M,61,Emil Audero,78,Sampdoria,1358,7.1,33.4,13,57,2,assisted,weakFoot,0,
9,11,2,30/10/2021,Torino,Sampdoria,65,Torino,2696,True,1429,Mërgim Vojvoda,798147,D,49,Emil Audero,78,Sampdoria,1358,15.0,66.5,18,36,2,fast-break,strongFoot,0,
8,11,2,30/10/2021,Torino,Sampdoria,69,Torino,2696,True,1429,Karol Linetty,189135,M,61,Emil Audero,78,Sampdoria,1358,27.8,42.3,28,10,2,assisted,strongFoot,0,
7,11,2,30/10/2021,Torino,Sampdoria,69,Sampdoria,2711,False,1358,Manolo Gabbiadini,53816,F,78,Vanja Milinković-Savić,32,Torino,1429,10.7,59.7,12,31,-2,assisted,strongFoot,0,
6,11,2,30/10/2021,Torino,Sampdoria,71,Torino,2696,True,1429,Andrea Belotti,220223,F,81,Emil Audero,78,Sampdoria,1358,22.6,56.3,23,10,2,assisted,strongFoot,0,
5,11,2,30/10/2021,Torino,Sampdoria,71,Torino,2696,True,1429,Andrea Belotti,220223,F,81,Emil Audero,78,Sampdoria,1358,9.8,46.4,10,14,2,corner,strongFoot,0,
4,11,2,30/10/2021,Torino,Sampdoria,71,Torino,2696,True,1429,Bremer,885197,D,35,Emil Audero,78,Sampdoria,1358,2.4,52.2,2,31,2,corner,strongFoot,0,
3,11,2,30/10/2021,Torino,Sampdoria,76,Torino,2696,True,1429,Koffi Djidji,158235,D,31,Emil Audero,78,Sampdoria,1358,10.8,46.2,11,13,2,set-piece,head,0,
2,11,2,30/10/2021,Torino,Sampdoria,77,Torino,2696,True,1429,Dennis Praet,135647,M,72,Emil Audero,78,Sampdoria,1358,10.1,41.6,11,29,2,assisted,weakFoot,0,
1,11,2,30/10/2021,Torino,Sampdoria,79,Torino,2696,True,1429,Tommaso Pobega,928796,M,66,Emil Audero,78,Sampdoria,1358,18.3,30.4,22,36,2,assisted,weakFoot,0,
0,11,2,30/10/2021,Torino,Sampdoria,90,Torino,2696,True,1429,Andrea Belotti,220223,F,81,Emil Audero,78,Sampdoria,1358,8.6,68.0,14,54,2,assisted,strongFoot,1,
23,11,3,31/10/2021,Inter,Udinese,5,Udinese,2695,False,1408,Jens Stryger Larsen,44848,D,60,Samir Handanović,86,Inter,1809,13.1,47.8,13,6,0,regular,weakFoot,0,
22,11,3,31/10/2021,Inter,Udinese,9,Inter,2697,True,1809,Nicolò Barella,363856,M,70,Marco Silvestri,79,Udinese,1408,25.5,76.5,31,35,0,assisted,strongFoot,0,
21,11,3,31/10/2021,Inter,Udinese,13,Inter,2697,True,1809,Nicolò Barella,363856,M,70,Marco Silvestri,79,Udinese,1408,12.8,45.6,13,13,0,fast-break,strongFoot,0,
20,11,3,31/10/2021,Inter,Udinese,15,Inter,2697,True,1809,Nicolò Barella,363856,M,70,Marco Silvestri,79,Udinese,1408,20.2,38.0,21,21,0,set-piece,strongFoot,0,
19,11,3,31/10/2021,Inter,Udinese,17,Inter,2697,True,1809,Nicolò Barella,363856,M,70,Marco Silvestri,79,Udinese,1408,27.6,43.1,27,9,0,assisted,strongFoot,0,
18,11,3,31/10/2021,Inter,Udinese,21,Inter,2697,True,1809,Andrea Ranocchia,49518,D,32,Marco Silvestri,79,Udinese,1408,5.5,50.3,5,2,0,corner,head,0,
17,11,3,31/10/2021,Inter,Udinese,26,Inter,2697,True,1809,Nicolò Barella,363856,M,70,Marco Silvestri,79,Udinese,1408,12.0,55.9,12,18,0,throw-in-set-piece,strongFoot,0,
16,11,3,31/10/2021,Inter,Udinese,35,Inter,2697,True,1809,Nicolò Barella,363856,M,70,Marco Silvestri,79,Udinese,1408,20.2,57.5,20,14,0,corner,strongFoot,0,
15,11,3,31/10/2021,Inter,Udinese,40,Inter,2697,True,1809,Nicolò Barella,363856,M,70,Marco Silvestri,79,Udinese,1408,10.1,45.2,10,17,0,regular,weakFoot,0,
14,11,3,31/10/2021,Inter,Udinese,41,Udinese,2695,False,1408,Nahuel Molina,831799,D,63,Samir Handanović,86,Inter,1809,25.6,47.8,25,3,0,assisted,weakFoot,0,
13,11,3,31/10/2021,Inter,Udinese,43,Udinese,2695,False,1408,Jens Stryger Larsen,44848,D,60,Samir Handanović,86,Inter,1809,7.1,79.1,21,70,0,assisted,weakFoot,0,
12,11,3,31/10/2021,Inter,Udinese,50,Inter,2697,True,1809,Marcelo Brozović,108800,M,73,Marco Silvestri,79,Udinese,1408,22.6,59.0,23,15,0,assisted,weakFoot,0,
11,11,3,31/10/2021,Inter,Udinese,60,Inter,2697,True,1809,Joaquín Correa,249929,F,75,Marco Silvestri,79,Udinese,1408,12.8,45.0,13,14,0,assisted,strongFoot,1,
10,11,3,31/10/2021,Inter,Udinese,67,Udinese,2695,False,1408,Jean Victor Makengo,802138,F,66,Samir Handanović,86,Inter,1809,18.9,25.2,25,41,-1,assisted,strongFoot,0,
9,11,3,31/10/2021,Inter,Udinese,68,Inter,2697,True,1809,Edin Džeko,14990,F,82,Marco Silvestri,79,Udinese,1408,7.5,50.1,7,0,1,regular,weakFoot,0,
8,11,3,31/10/2021,Inter,Udinese,68,Inter,2697,True,1809,Denzel Dumfries,759520,M,58,Marco Silvestri,79,Udinese,1408,4.7,55.9,6,40,1,regular,strongFoot,0,
7,11,3,31/10/2021,Inter,Udinese,68,Inter,2697,True,1809,Joaquín Correa,249929,F,75,Marco Silvestri,79,Udinese,1408,14.5,49.5,14,1,1,assisted,strongFoot,1,
6,11,3,31/10/2021,Inter,Udinese,73,Inter,2697,True,1809,Arturo Vidal,18342,M,78,Marco Silvestri,79,Udinese,1408,20.4,50.3,20,0,2,assisted,strongFoot,0,
5,11,3,31/10/2021,Inter,Udinese,75,Inter,2697,True,1809,Alexis Sánchez,34120,F,76,Marco Silvestri,79,Udinese,1408,16.8,55.0,17,11,2,assisted,strongFoot,0,
4,11,3,31/10/2021,Inter,Udinese,79,Udinese,2695,False,1408,Roberto Pereyra,122701,M,73,Samir Handanović,86,Inter,1809,24.4,43.3,24,10,-2,assisted,weakFoot,0,
3,11,3,31/10/2021,Inter,Udinese,81,Udinese,2695,False,1408,Gerard Deulofeu,96372,F,72,Samir Handanović,86,Inter,1809,6.7,69.9,15,63,-2,set-piece,strongFoot,0,
2,11,3,31/10/2021,Inter,Udinese,87,Udinese,2695,False,1408,Tolgay Arslan,71203,M,68,Samir Handanović,86,Inter,1809,12.0,31.6,17,46,-2,assisted,strongFoot,0,
1,11,3,31/10/2021,Inter,Udinese,87,Udinese,2695,False,1408,Tolgay Arslan,71203,M,68,Samir Handanović,86,Inter,1809,6.1,28.7,15,67,-2,regular,weakFoot,0,
0,11,3,31/10/2021,Inter,Udinese,90,Udinese,2695,False,1408,Gerard Deulofeu,96372,F,72,Samir Handanović,86,Inter,1809,18.5,36.1,20,27,-2,assisted,strongFoot,0,
29,11,4,31/10/2021,Fiorentina,Spezia,1,Spezia,2735,False,1358,Giulio Maggiore,848185,M,58,Pietro Terracciano,71,Fiorentina,1463,28.3,41.0,28,12,0,regular,strongFoot,0,
28,11,4,31/10/2021,Fiorentina,Spezia,2,Fiorentina,2693,True,1463,Riccardo Sottil,893640,F,61,Ivan Provedel,74,Spezia,1358,10.5,68.4,16,49,0,assisted,weakFoot,0,
27,11,4,31/10/2021,Fiorentina,Spezia,6,Fiorentina,2693,True,1463,Giacomo Bonaventura,36784,M,75,Ivan Provedel,74,Spezia,1358,19.2,47.0,19,6,0,assisted,weakFoot,0,
26,11,4,31/10/2021,Fiorentina,Spezia,7,Fiorentina,2693,True,1463,Riccardo Saponara,126236,M,66,Ivan Provedel,74,Spezia,1358,15.0,31.6,19,39,0,regular,strongFoot,0,
25,11,4,31/10/2021,Fiorentina,Spezia,16,Spezia,2735,False,1358,Eddie Salcedo,893643,F,61,Pietro Terracciano,71,Fiorentina,1463,13.0,67.2,17,41,0,assisted,strongFoot,0,
24,11,4,31/10/2021,Fiorentina,Spezia,18,Fiorentina,2693,True,1463,Riccardo Sottil,893640,F,61,Ivan Provedel,74,Spezia,1358,11.2,69.0,17,49,0,assisted,weakFoot,0,
23,11,4,31/10/2021,Fiorentina,Spezia,18,Fiorentina,2693,True,1463,Gaetano Castrovilli,587628,M,64,Ivan Provedel,74,Spezia,1358,14.7,36.1,17,32,0,regular,strongFoot,0,
22,11,4,31/10/2021,Fiorentina,Spezia,23,Fiorentina,2693,True,1463,Cristiano Biraghi,122848,D,64,Ivan Provedel,74,Spezia,1358,25.8,29.3,29,28,0,free-kick,strongFoot,0,
21,11,4,31/10/2021,Fiorentina,Spezia,25,Fiorentina,2693,True,1463,Riccardo Saponara,126236,M,66,Ivan Provedel,74,Spezia,1358,18.5,51.5,18,3,0,assisted,strongFoot,0,
20,11,4,31/10/2021,Fiorentina,Spezia,26,Fiorentina,2693,True,1463,Nikola Milenković,836168,D,45,Ivan Provedel,74,Spezia,1358,11.5,44.3,12,18,0,corner,head,0,
19,11,4,31/10/2021,Fiorentina,Spezia,31,Fiorentina,2693,True,1463,Riccardo Saponara,126236,M,66,Ivan Provedel,74,Spezia,1358,12.7,35.5,16,37,0,assisted,weakFoot,0,
18,11,4,31/10/2021,Fiorentina,Spezia,31,Fiorentina,2693,True,1463,Riccardo Sottil,893640,F,61,Ivan Provedel,74,Spezia,1358,7.4,46.0,7,20,0,corner,head,0,
17,11,4,31/10/2021,Fiorentina,Spezia,33,Fiorentina,2693,True,1463,Dušan Vlahović,832208,F,77,Ivan Provedel,74,Spezia,1358,13.8,42.9,14,19,0,assisted,strongFoot,0,
16,11,4,31/10/2021,Fiorentina,Spezia,34,Spezia,2735,False,1358,Emmanuel Gyasi,541578,M,59,Pietro Terracciano,71,Fiorentina,1463,23.1,38.8,24,18,0,assisted,weakFoot,0,
15,11,4,31/10/2021,Fiorentina,Spezia,36,Fiorentina,2693,True,1463,Riccardo Saponara,126236,M,66,Ivan Provedel,74,Spezia,1358,19.2,49.7,19,0,0,assisted,strongFoot,0,
14,11,4,31/10/2021,Fiorentina,Spezia,36,Fiorentina,2693,True,1463,Riccardo Sottil,893640,F,61,Ivan Provedel,74,Spezia,1358,10.2,64.9,14,44,0,regular,strongFoot,0,
13,11,4,31/10/2021,Fiorentina,Spezia,36,Fiorentina,2693,True,1463,Lucas Torreira,754794,M,66,Ivan Provedel,74,Spezia,1358,17.1,43.9,17,13,0,regular,strongFoot,0,
12,11,4,31/10/2021,Fiorentina,Spezia,40,Fiorentina,2693,True,1463,Riccardo Sottil,893640,F,61,Ivan Provedel,74,Spezia,1358,7.5,67.3,13,57,0,set-piece,strongFoot,0,
11,11,4,31/10/2021,Fiorentina,Spezia,40,Fiorentina,2693,True,1463,Dušan Vlahović,832208,F,77,Ivan Provedel,74,Spezia,1358,29.2,64.3,30,18,0,assisted,strongFoot,0,
10,11,4,31/10/2021,Fiorentina,Spezia,44,Fiorentina,2693,True,1463,Dušan Vlahović,832208,F,77,Ivan Provedel,74,Spezia,1358,11.5,50.0,11,0,0,penalty,strongFoot,1,
9,11,4,31/10/2021,Fiorentina,Spezia,45,Fiorentina,2693,True,1463,Dušan Vlahović,832208,F,77,Ivan Provedel,74,Spezia,1358,18.5,74.0,24,41,1,assisted,strongFoot,0,
8,11,4,31/10/2021,Fiorentina,Spezia,55,Fiorentina,2693,True,1463,Riccardo Sottil,893640,F,61,Ivan Provedel,74,Spezia,1358,13.2,69.7,18,45,1,assisted,weakFoot,0,
7,11,4,31/10/2021,Fiorentina,Spezia,62,Fiorentina,2693,True,1463,Dušan Vlahović,832208,F,77,Ivan Provedel,74,Spezia,1358,10.0,53.0,10,11,1,assisted,strongFoot,1,
6,11,4,31/10/2021,Fiorentina,Spezia,67,Fiorentina,2693,True,1463,Álvaro Odriozola,353250,D,53,Ivan Provedel,74,Spezia,1358,7.8,43.9,8,28,2,assisted,strongFoot,0,
5,11,4,31/10/2021,Fiorentina,Spezia,74,Fiorentina,2693,True,1463,Dušan Vlahović,832208,F,77,Ivan Provedel,74,Spezia,1358,8.8,50.6,8,2,2,assisted,weakFoot,1,
4,11,4,31/10/2021,Fiorentina,Spezia,78,Fiorentina,2693,True,1463,Youssef Maleh,849274,M,66,Ivan Provedel,74,Spezia,1358,7.1,46.8,7,17,3,assisted,head,0,
3,11,4,31/10/2021,Fiorentina,Spezia,79,Fiorentina,2693,True,1463,Riccardo Saponara,126236,M,66,Ivan Provedel,74,Spezia,1358,10.7,33.8,15,45,3,assisted,strongFoot,0,
2,11,4,31/10/2021,Fiorentina,Spezia,81,Fiorentina,2693,True,1463,Youssef Maleh,849274,M,66,Ivan Provedel,74,Spezia,1358,15.8,48.2,15,4,3,assisted,strongFoot,0,
1,11,4,31/10/2021,Fiorentina,Spezia,81,Fiorentina,2693,True,1463,Cristiano Biraghi,122848,D,64,Ivan Provedel,74,Spezia,1358,5.3,26.4,16,71,3,assisted,strongFoot,0,
0,11,4,31/10/2021,Fiorentina,Spezia,84,Fiorentina,2693,True,1463,Nikola Milenković,836168,D,45,Ivan Provedel,74,Spezia,1358,28.8,67.0,31,21,3,assisted,strongFoot,0,
24,11,5,31/10/2021,Genoa,Venezia,5,Venezia,2688,False,1375,Gianluca Busio,896180,M,61,Salvatore Sirigu,82,Genoa,1375,13.4,41.0,14,24,0,corner,strongFoot,0,
22,11,5,31/10/2021,Genoa,Venezia,6,Genoa,2713,True,1375,Mattia Destro,100570,F,75,Sergio Romero,73,Venezia,1375,12.8,52.0,12,6,0,regular,strongFoot,0,
23,11,5,31/10/2021,Genoa,Venezia,6,Genoa,2713,True,1375,Domenico Criscito,14251,M,60,Sergio Romero,73,Venezia,1375,24.1,31.2,27,27,0,assisted,strongFoot,0,
21,11,5,31/10/2021,Genoa,Venezia,8,Genoa,2713,True,1375,Pablo Galdames,386230,M,60,Sergio Romero,73,Venezia,1375,17.2,45.4,17,10,0,set-piece,strongFoot,0,
20,11,5,31/10/2021,Genoa,Venezia,11,Genoa,2713,True,1375,Nicolò Rovella,937324,M,48,Sergio Romero,73,Venezia,1375,22.4,74.6,27,36,0,free-kick,weakFoot,0,
19,11,5,31/10/2021,Genoa,Venezia,11,Genoa,2713,True,1375,Johan Vásquez,889785,D,31,Sergio Romero,73,Venezia,1375,27.5,42.9,27,9,0,assisted,strongFoot,0,
18,11,5,31/10/2021,Genoa,Venezia,13,Genoa,2713,True,1375,Domenico Criscito,14251,M,60,Sergio Romero,73,Venezia,1375,19.1,24.6,25,42,0,corner,strongFoot,0,
17,11,5,31/10/2021,Genoa,Venezia,14,Genoa,2713,True,1375,Stefano Sturaro,148191,M,66,Sergio Romero,73,Venezia,1375,19.8,27.0,25,38,0,regular,strongFoot,0,
16,11,5,31/10/2021,Genoa,Venezia,22,Genoa,2713,True,1375,Stefano Sturaro,148191,M,66,Sergio Romero,73,Venezia,1375,17.5,34.2,20,31,0,assisted,strongFoot,0,
15,11,5,31/10/2021,Genoa,Venezia,28,Genoa,2713,True,1375,Domenico Criscito,14251,M,60,Sergio Romero,73,Venezia,1375,25.9,43.3,26,9,0,corner,strongFoot,0,
14,11,5,31/10/2021,Genoa,Venezia,44,Genoa,2713,True,1375,Nicolò Rovella,937324,M,48,Sergio Romero,73,Venezia,1375,25.8,40.4,26,14,0,free-kick,weakFoot,0,
13,11,5,31/10/2021,Genoa,Venezia,51,Genoa,2713,True,1375,Mattia Destro,100570,F,75,Sergio Romero,73,Venezia,1375,7.4,50.1,7,0,0,corner,head,0,
12,11,5,31/10/2021,Genoa,Venezia,52,Venezia,2688,False,1375,Mattia Caldara,362222,D,34,Salvatore Sirigu,82,Genoa,1375,3.0,49.3,3,9,0,corner,head,0,
11,11,5,31/10/2021,Genoa,Venezia,53,Venezia,2688,False,1375,Tanner Tessmann,1022084,M,46,Salvatore Sirigu,82,Genoa,1375,8.3,48.9,8,5,0,corner,strongFoot,0,
10,11,5,31/10/2021,Genoa,Venezia,56,Genoa,2713,True,1375,Felipe Caicedo,18841,F,77,Sergio Romero,73,Venezia,1375,7.1,70.5,15,63,0,assisted,weakFoot,0,
9,11,5,31/10/2021,Genoa,Venezia,62,Genoa,2713,True,1375,Milan Badelj,39482,M,63,Sergio Romero,73,Venezia,1375,20.9,35.5,23,25,0,assisted,weakFoot,0,
8,11,5,31/10/2021,Genoa,Venezia,62,Genoa,2713,True,1375,Caleb Ekuban,309156,F,70,Sergio Romero,73,Venezia,1375,12.7,52.0,12,6,0,assisted,strongFoot,0,
7,11,5,31/10/2021,Genoa,Venezia,67,Genoa,2713,True,1375,Abdoulaye Touré,149732,M,56,Sergio Romero,73,Venezia,1375,26.5,65.8,28,22,0,assisted,strongFoot,0,
6,11,5,31/10/2021,Genoa,Venezia,68,Genoa,2713,True,1375,Davide Biraschi,233252,D,34,Sergio Romero,73,Venezia,1375,29.2,62.7,30,16,0,set-piece,strongFoot,0,
5,11,5,31/10/2021,Genoa,Venezia,76,Genoa,2713,True,1375,Nicolò Rovella,937324,M,48,Sergio Romero,73,Venezia,1375,19.0,33.1,22,31,0,assisted,weakFoot,0,
4,11,5,31/10/2021,Genoa,Venezia,76,Genoa,2713,True,1375,Johan Vásquez,889785,D,31,Sergio Romero,73,Venezia,1375,10.0,29.7,17,54,0,regular,strongFoot,0,
3,11,5,31/10/2021,Genoa,Venezia,78,Genoa,2713,True,1375,Felipe Caicedo,18841,F,77,Sergio Romero,73,Venezia,1375,8.7,56.5,9,26,0,corner,head,0,
2,11,5,31/10/2021,Genoa,Venezia,82,Venezia,2688,False,1375,Mattia Caldara,362222,D,34,Salvatore Sirigu,82,Genoa,1375,8.0,44.1,8,26,0,set-piece,head,0,
1,11,5,31/10/2021,Genoa,Venezia,82,Venezia,2688,False,1375,Tanner Tessmann,1022084,M,46,Salvatore Sirigu,82,Genoa,1375,13.1,49.3,13,2,0,set-piece,strongFoot,0,
0,11,5,31/10/2021,Genoa,Venezia,86,Venezia,2688,False,1375,Sofian Kiyine,862372,M,56,Salvatore Sirigu,82,Genoa,1375,26.1,31.6,28,25,0,assisted,strongFoot,0,
29,11,6,31/10/2021,Sassuolo,Empoli,3,Empoli,2705,False,1521,Andrea Pinamonti,826198,F,70,Andrea Consigli,81,Sassuolo,1521,5.6,67.6,13,64,0,assisted,strongFoot,0,
28,11,6,31/10/2021,Sassuolo,Empoli,7,Sassuolo,2793,True,1521,Davide Frattesi,835600,M,67,Guglielmo Vicario,72,Empoli,1521,2.3,39.7,7,71,0,assisted,weakFoot,0,
27,11,6,31/10/2021,Sassuolo,Empoli,11,Sassuolo,2793,True,1521,Georgios Kyriakopoulos,377302,D,47,Guglielmo Vicario,72,Empoli,1521,30.9,34.4,32,18,0,assisted,strongFoot,0,
26,11,6,31/10/2021,Sassuolo,Empoli,13,Empoli,2705,False,1521,Liam Henderson,287573,M,59,Andrea Consigli,81,Sassuolo,1521,25.4,55.0,25,7,0,corner,weakFoot,0,
25,11,6,31/10/2021,Sassuolo,Empoli,17,Empoli,2705,False,1521,Federico Di Francesco,320979,M,69,Andrea Consigli,81,Sassuolo,1521,12.9,66.6,17,41,0,assisted,strongFoot,0,
24,11,6,31/10/2021,Sassuolo,Empoli,20,Empoli,2705,False,1521,Leo Štulac,142860,M,61,Andrea Consigli,81,Sassuolo,1521,27.1,58.8,27,12,0,regular,strongFoot,0,
23,11,6,31/10/2021,Sassuolo,Empoli,25,Sassuolo,2793,True,1521,Gian Marco Ferrari,170887,D,26,Guglielmo Vicario,72,Empoli,1521,15.0,67.5,19,38,0,set-piece,strongFoot,0,
22,11,6,31/10/2021,Sassuolo,Empoli,31,Empoli,2705,False,1521,Liam Henderson,287573,M,59,Andrea Consigli,81,Sassuolo,1521,17.8,52.1,17,4,0,regular,strongFoot,0,
21,11,6,31/10/2021,Sassuolo,Empoli,35,Sassuolo,2793,True,1521,Hamed Junior Traorè,892924,M,66,Guglielmo Vicario,72,Empoli,1521,10.9,41.9,12,26,0,fast-break,strongFoot,0,
20,11,6,31/10/2021,Sassuolo,Empoli,38,Sassuolo,2793,True,1521,Davide Frattesi,835600,M,67,Guglielmo Vicario,72,Empoli,1521,4.8,59.4,7,53,0,corner,head,0,
19,11,6,31/10/2021,Sassuolo,Empoli,43,Sassuolo,2793,True,1521,Maxime López,352802,M,65,Guglielmo Vicario,72,Empoli,1521,23.4,61.8,24,18,0,regular,strongFoot,0,
17,11,6,31/10/2021,Sassuolo,Empoli,46,Sassuolo,2793,True,1521,Giacomo Raspadori,865651,F,72,Guglielmo Vicario,72,Empoli,1521,27.3,38.8,28,15,1,assisted,weakFoot,0,
16,11,6,31/10/2021,Sassuolo,Empoli,47,Empoli,2705,False,1521,Liam Henderson,287573,M,59,Andrea Consigli,81,Sassuolo,1521,18.8,61.4,20,22,-1,assisted,strongFoot,0,
15,11,6,31/10/2021,Sassuolo,Empoli,48,Empoli,2705,False,1521,Liam Henderson,287573,M,59,Andrea Consigli,81,Sassuolo,1521,25.1,50.1,25,0,-1,regular,strongFoot,0,
14,11,6,31/10/2021,Sassuolo,Empoli,48,Sassuolo,2793,True,1521,Gianluca Scamacca,807301,F,74,Guglielmo Vicario,72,Empoli,1521,13.5,46.3,13,10,1,assisted,strongFoot,0,
13,11,6,31/10/2021,Sassuolo,Empoli,50,Empoli,2705,False,1521,Liam Henderson,287573,M,59,Andrea Consigli,81,Sassuolo,1521,8.1,35.7,12,50,-1,assisted,strongFoot,0,
12,11,6,31/10/2021,Sassuolo,Empoli,54,Sassuolo,2793,True,1521,Hamed Junior Traorè,892924,M,66,Guglielmo Vicario,72,Empoli,1521,17.0,51.8,17,4,1,assisted,strongFoot,0,
11,11,6,31/10/2021,Sassuolo,Empoli,59,Sassuolo,2793,True,1521,Gianluca Scamacca,807301,F,74,Guglielmo Vicario,72,Empoli,1521,9.8,52.2,9,8,1,assisted,strongFoot,0,
10,11,6,31/10/2021,Sassuolo,Empoli,60,Sassuolo,2793,True,1521,Domenico Berardi,253367,F,80,Guglielmo Vicario,72,Empoli,1521,13.4,79.6,24,56,1,corner,strongFoot,0,
9,11,6,31/10/2021,Sassuolo,Empoli,64,Sassuolo,2793,True,1521,Domenico Berardi,253367,F,80,Guglielmo Vicario,72,Empoli,1521,15.0,61.4,16,27,1,regular,strongFoot,0,
8,11,6,31/10/2021,Sassuolo,Empoli,68,Empoli,2705,False,1521,Andrea Pinamonti,826198,F,70,Andrea Consigli,81,Sassuolo,1521,8.6,47.9,8,9,-1,assisted,head,0,
7,11,6,31/10/2021,Sassuolo,Empoli,68,Empoli,2705,False,1521,Nicolas Haas,587126,M,57,Andrea Consigli,81,Sassuolo,1521,10.4,71.1,17,54,-1,assisted,strongFoot,0,
6,11,6,31/10/2021,Sassuolo,Empoli,72,Sassuolo,2793,True,1521,Davide Frattesi,835600,M,67,Guglielmo Vicario,72,Empoli,1521,28.5,54.0,28,5,1,assisted,strongFoot,0,
5,11,6,31/10/2021,Sassuolo,Empoli,75,Empoli,2705,False,1521,Patrick Cutrone,795044,F,71,Andrea Consigli,81,Sassuolo,1521,19.4,46.7,19,6,-1,regular,strongFoot,0,
4,11,6,31/10/2021,Sassuolo,Empoli,76,Empoli,2705,False,1521,Petar Stojanović,227082,M,49,Andrea Consigli,81,Sassuolo,1521,9.7,67.0,15,49,-1,assisted,weakFoot,0,
3,11,6,31/10/2021,Sassuolo,Empoli,78,Sassuolo,2793,True,1521,Matheus Henrique,912786,M,59,Guglielmo Vicario,72,Empoli,1521,20.8,45.5,21,8,1,assisted,strongFoot,0,
2,11,6,31/10/2021,Sassuolo,Empoli,79,Sassuolo,2793,True,1521,Jérémie Boga,367056,F,72,Guglielmo Vicario,72,Empoli,1521,11.4,30.1,17,49,1,assisted,weakFoot,0,
1,11,6,31/10/2021,Sassuolo,Empoli,83,Empoli,2705,False,1521,Andrea Pinamonti,826198,F,70,Andrea Consigli,81,Sassuolo,1521,11.5,50.0,11,0,-1,penalty,strongFoot,1,
0,11,6,31/10/2021,Sassuolo,Empoli,90,Empoli,2705,False,1521,Szymon Żurkowski,860435,F,61,Andrea Consigli,81,Sassuolo,1521,7.1,43.3,8,32,0,assisted,weakFoot,1,
26,11,7,31/10/2021,US Salernitana 1919,SSC Napoli,4,SSC Napoli,2714,False,1745,Hirving Lozano,385320,F,75,Vid Belec,73,US Salernitana 1919,1358,19.5,60.8,20,20,0,assisted,strongFoot,0,
25,11,7,31/10/2021,US Salernitana 1919,SSC Napoli,4,SSC Napoli,2714,False,1745,Matteo Politano,235672,M,77,Vid Belec,73,US Salernitana 1919,1358,21.1,66.2,23,27,0,assisted,strongFoot,0,
24,11,7,31/10/2021,US Salernitana 1919,SSC Napoli,7,SSC Napoli,2714,False,1745,Piotr Zieliński,138605,M,74,Vid Belec,73,US Salernitana 1919,1358,5.4,55.7,6,35,0,regular,weakFoot,0,
23,11,7,31/10/2021,US Salernitana 1919,SSC Napoli,10,SSC Napoli,2714,False,1745,Hirving Lozano,385320,F,75,Vid Belec,73,US Salernitana 1919,1358,5.1,45.1,6,33,0,regular,head,0,
22,11,7,31/10/2021,US Salernitana 1919,SSC Napoli,18,SSC Napoli,2714,False,1745,Piotr Zieliński,138605,M,74,Vid Belec,73,US Salernitana 1919,1358,13.2,35.2,16,37,0,assisted,weakFoot,0,
21,11,7,31/10/2021,US Salernitana 1919,SSC Napoli,32,US Salernitana 1919,2710,True,1358,Andrea Schiavone,98075,M,67,David Ospina,79,SSC Napoli,1745,12.2,43.3,13,20,0,assisted,head,0,
20,11,7,31/10/2021,US Salernitana 1919,SSC Napoli,35,SSC Napoli,2714,False,1745,Matteo Politano,235672,M,77,Vid Belec,73,US Salernitana 1919,1358,8.9,41.9,10,31,0,assisted,strongFoot,0,
19,11,7,31/10/2021,US Salernitana 1919,SSC Napoli,36,SSC Napoli,2714,False,1745,Frank Anguissa,787941,M,62,Vid Belec,73,US Salernitana 1919,1358,8.3,49.1,8,4,0,corner,weakFoot,0,
18,11,7,31/10/2021,US Salernitana 1919,SSC Napoli,38,US Salernitana 1919,2710,True,1358,Federico Bonazzoli,284363,F,67,David Ospina,79,SSC Napoli,1745,29.1,44.5,29,7,0,assisted,strongFoot,0,
17,11,7,31/10/2021,US Salernitana 1919,SSC Napoli,38,SSC Napoli,2714,False,1745,Mário Rui,99546,D,48,Vid Belec,73,US Salernitana 1919,1358,23.9,27.7,28,32,0,assisted,strongFoot,0,
16,11,7,31/10/2021,US Salernitana 1919,SSC Napoli,44,SSC Napoli,2714,False,1745,Hirving Lozano,385320,F,75,Vid Belec,73,US Salernitana 1919,1358,18.9,25.0,25,41,0,assisted,strongFoot,0,
15,11,7,31/10/2021,US Salernitana 1919,SSC Napoli,49,US Salernitana 1919,2710,True,1358,Grigoris Kastanos,791566,M,57,David Ospina,79,SSC Napoli,1745,22.9,45.8,23,7,0,set-piece,weakFoot,0,
14,11,7,31/10/2021,US Salernitana 1919,SSC Napoli,49,US Salernitana 1919,2710,True,1358,Stefan Strandberg,22447,D,42,David Ospina,79,SSC Napoli,1745,24.4,54.2,24,6,0,set-piece,strongFoot,0,
13,11,7,31/10/2021,US Salernitana 1919,SSC Napoli,59,US Salernitana 1919,2710,True,1358,Cedric Gondo,812207,F,63,David Ospina,79,SSC Napoli,1745,17.9,73.0,23,41,0,fast-break,strongFoot,0,
12,11,7,31/10/2021,US Salernitana 1919,SSC Napoli,60,US Salernitana 1919,2710,True,1358,Cedric Gondo,812207,F,63,David Ospina,79,SSC Napoli,1745,10.8,46.0,11,14,0,corner,head,0,
11,11,7,31/10/2021,US Salernitana 1919,SSC Napoli,61,SSC Napoli,2714,False,1745,Andrea Petagna,295973,F,74,Vid Belec,73,US Salernitana 1919,1358,4.8,53.0,5,23,0,assisted,head,0,
10,11,7,31/10/2021,US Salernitana 1919,SSC Napoli,61,SSC Napoli,2714,False,1745,Mário Rui,99546,D,48,Vid Belec,73,US Salernitana 1919,1358,14.7,31.6,19,40,0,regular,strongFoot,0,
9,11,7,31/10/2021,US Salernitana 1919,SSC Napoli,61,SSC Napoli,2714,False,1745,Piotr Zieliński,138605,M,74,Vid Belec,73,US Salernitana 1919,1358,9.5,59.4,11,33,0,regular,weakFoot,1,
8,11,7,31/10/2021,US Salernitana 1919,SSC Napoli,65,SSC Napoli,2714,False,1745,Fabián Ruiz,784655,M,77,Vid Belec,73,US Salernitana 1919,1358,24.1,37.7,25,19,1,regular,strongFoot,0,
7,11,7,31/10/2021,US Salernitana 1919,SSC Napoli,73,SSC Napoli,2714,False,1745,Piotr Zieliński,138605,M,74,Vid Belec,73,US Salernitana 1919,1358,13.4,37.7,15,31,1,regular,weakFoot,0,
6,11,7,31/10/2021,US Salernitana 1919,SSC Napoli,74,SSC Napoli,2714,False,1745,Eljif Elmas,838232,M,68,Vid Belec,73,US Salernitana 1919,1358,9.3,31.8,15,53,1,corner,strongFoot,0,
5,11,7,31/10/2021,US Salernitana 1919,SSC Napoli,81,US Salernitana 1919,2710,True,1358,Franck Ribéry,5712,M,73,David Ospina,79,SSC Napoli,1745,18.8,49.1,18,1,-1,free-kick,strongFoot,0,
4,11,7,31/10/2021,US Salernitana 1919,SSC Napoli,85,US Salernitana 1919,2710,True,1358,Stefan Strandberg,22447,D,42,David Ospina,79,SSC Napoli,1745,7.4,57.3,8,33,-1,corner,head,0,
3,11,7,31/10/2021,US Salernitana 1919,SSC Napoli,89,SSC Napoli,2714,False,1745,Eljif Elmas,838232,M,68,Vid Belec,73,US Salernitana 1919,1358,14.6,38.5,16,28,1,assisted,strongFoot,0,
2,11,7,31/10/2021,US Salernitana 1919,SSC Napoli,89,SSC Napoli,2714,False,1745,Fabián Ruiz,784655,M,77,Vid Belec,73,US Salernitana 1919,1358,24.5,57.9,25,12,1,regular,strongFoot,0,
1,11,7,31/10/2021,US Salernitana 1919,SSC Napoli,90,SSC Napoli,2714,False,1745,Mário Rui,99546,D,48,Vid Belec,73,US Salernitana 1919,1358,20.9,31.4,24,31,1,assisted,strongFoot,0,
0,11,7,31/10/2021,US Salernitana 1919,SSC Napoli,90,US Salernitana 1919,2710,True,1358,Riccardo Gagliolo,131716,D,51,David Ospina,79,SSC Napoli,1745,12.0,59.0,13,27,-1,set-piece,strongFoot,0,
31,11,8,31/10/2021,AS Roma,AC Milan,3,AS Roma,2702,True,1709,Lorenzo Pellegrini,555540,F,73,Ciprian Tătărușanu,77,AC Milan,1709,7.8,40.6,10,39,0,assisted,strongFoot,0,
30,11,8,31/10/2021,AS Roma,AC Milan,6,AC Milan,2692,False,1709,Franck Kessié,359226,M,73,Rui Patrício,82,AS Roma,1709,18.5,45.8,18,8,0,assisted,weakFoot,0,
29,11,8,31/10/2021,AS Roma,AC Milan,10,AC Milan,2692,False,1709,Rafael Leão,851284,F,72,Rui Patrício,82,AS Roma,1709,8.0,47.6,8,11,0,assisted,weakFoot,0,
28,11,8,31/10/2021,AS Roma,AC Milan,14,AS Roma,2702,True,1709,Lorenzo Pellegrini,555540,F,73,Ciprian Tătărușanu,77,AC Milan,1709,18.1,46.1,18,8,0,assisted,strongFoot,0,
27,11,8,31/10/2021,AS Roma,AC Milan,17,AC Milan,2692,False,1709,Zlatan Ibrahimović,2089,F,86,Rui Patrício,82,AS Roma,1709,7.8,36.1,12,50,0,assisted,weakFoot,0,
26,11,8,31/10/2021,AS Roma,AC Milan,26,AC Milan,2692,False,1709,Zlatan Ibrahimović,2089,F,86,Rui Patrício,82,AS Roma,1709,20.3,28.4,25,35,0,free-kick,weakFoot,1,
25,11,8,31/10/2021,AS Roma,AC Milan,29,AC Milan,2692,False,1709,Ismaël Bennacer,823733,M,67,Rui Patrício,82,AS Roma,1709,23.2,58.3,23,13,0,regular,weakFoot,0,
24,11,8,31/10/2021,AS Roma,AC Milan,37,AC Milan,2692,False,1709,Rafael Leão,851284,F,72,Rui Patrício,82,AS Roma,1709,9.6,54.5,10,17,0,assisted,strongFoot,0,
23,11,8,31/10/2021,AS Roma,AC Milan,42,AS Roma,2702,True,1709,Bryan Cristante,186855,M,71,Ciprian Tătărușanu,77,AC Milan,1709,9.3,63.9,13,45,0,set-piece,head,0,
22,11,8,31/10/2021,AS Roma,AC Milan,44,AS Roma,2702,True,1709,Bryan Cristante,186855,M,71,Ciprian Tătărușanu,77,AC Milan,1709,2.8,40.9,6,65,0,corner,head,0,
21,11,8,31/10/2021,AS Roma,AC Milan,45,AC Milan,2692,False,1709,Theo Hernández,788027,D,70,Rui Patrício,82,AS Roma,1709,20.7,62.9,22,22,0,free-kick,strongFoot,0,
20,11,8,31/10/2021,AS Roma,AC Milan,46,AS Roma,2702,True,1709,Lorenzo Pellegrini,555540,F,73,Ciprian Tătărușanu,77,AC Milan,1709,23.8,59.2,24,14,0,assisted,strongFoot,0,
19,11,8,31/10/2021,AS Roma,AC Milan,53,AS Roma,2702,True,1709,Tammy Abraham,610766,F,77,Ciprian Tătărușanu,77,AC Milan,1709,14.7,55.1,15,13,0,assisted,strongFoot,0,
18,11,8,31/10/2021,AS Roma,AC Milan,57,AC Milan,2692,False,1709,Franck Kessié,359226,M,73,Rui Patrício,82,AS Roma,1709,11.5,50.0,11,0,0,penalty,strongFoot,1,
17,11,8,31/10/2021,AS Roma,AC Milan,58,AS Roma,2702,True,1709,Matías Viña,875295,D,61,Ciprian Tătărușanu,77,AC Milan,1709,13.8,27.9,20,47,-1,assisted,strongFoot,0,
16,11,8,31/10/2021,AS Roma,AC Milan,63,AS Roma,2702,True,1709,Lorenzo Pellegrini,555540,F,73,Ciprian Tătărușanu,77,AC Milan,1709,2.8,66.2,11,75,-1,set-piece,head,0,
15,11,8,31/10/2021,AS Roma,AC Milan,68,AS Roma,2702,True,1709,Lorenzo Pellegrini,555540,F,73,Ciprian Tătărușanu,77,AC Milan,1709,21.6,61.4,22,19,-1,free-kick,strongFoot,0,
14,11,8,31/10/2021,AS Roma,AC Milan,70,AS Roma,2702,True,1709,Carles Pérez,794950,M,72,Ciprian Tătărușanu,77,AC Milan,1709,20.7,57.2,21,13,-1,assisted,strongFoot,0,
13,11,8,31/10/2021,AS Roma,AC Milan,73,AS Roma,2702,True,1709,Stephan El Shaarawy,45925,F,75,Ciprian Tătărușanu,77,AC Milan,1709,30.1,39.2,30,13,-1,assisted,strongFoot,0,
12,11,8,31/10/2021,AS Roma,AC Milan,79,AS Roma,2702,True,1709,Nicolò Zaniolo,864898,F,73,Ciprian Tătărușanu,77,AC Milan,1709,25.7,64.2,27,20,-1,assisted,strongFoot,0,
11,11,8,31/10/2021,AS Roma,AC Milan,82,AS Roma,2702,True,1709,Nicolò Zaniolo,864898,F,73,Ciprian Tătărușanu,77,AC Milan,1709,5.3,41.7,7,46,-1,set-piece,head,0,
10,11,8,31/10/2021,AS Roma,AC Milan,82,AS Roma,2702,True,1709,Nicolò Zaniolo,864898,F,73,Ciprian Tătărușanu,77,AC Milan,1709,4.9,64.5,11,63,-1,corner,head,0,
9,11,8,31/10/2021,AS Roma,AC Milan,84,AS Roma,2702,True,1709,Jordan Veretout,151124,M,75,Ciprian Tătărușanu,77,AC Milan,1709,23.2,25.9,28,35,-1,assisted,strongFoot,0,
8,11,8,31/10/2021,AS Roma,AC Milan,86,AS Roma,2702,True,1709,Felix Afena-Gyan,1108921,F,69,Ciprian Tătărușanu,77,AC Milan,1709,23.1,23.5,29,37,-1,assisted,strongFoot,0,
7,11,8,31/10/2021,AS Roma,AC Milan,86,AS Roma,2702,True,1709,Gianluca Mancini,611210,D,44,Ciprian Tătărușanu,77,AC Milan,1709,30.2,59.6,30,12,-1,assisted,strongFoot,0,
6,11,8,31/10/2021,AS Roma,AC Milan,88,AS Roma,2702,True,1709,Stephan El Shaarawy,45925,F,75,Ciprian Tătărușanu,77,AC Milan,1709,18.9,24.8,25,42,-1,assisted,strongFoot,0,
5,11,8,31/10/2021,AS Roma,AC Milan,90,AS Roma,2702,True,1709,Carles Pérez,794950,M,72,Ciprian Tătărușanu,77,AC Milan,1709,12.4,57.1,13,21,-1,assisted,strongFoot,0,
4,11,8,31/10/2021,AS Roma,AC Milan,90,AS Roma,2702,True,1709,Gianluca Mancini,611210,D,44,Ciprian Tătărușanu,77,AC Milan,1709,16.4,38.0,18,26,-1,regular,strongFoot,0,
3,11,8,31/10/2021,AS Roma,AC Milan,90,AS Roma,2702,True,1709,Jordan Veretout,151124,M,75,Ciprian Tătărușanu,77,AC Milan,1709,22.4,63.7,24,22,-1,corner,weakFoot,0,
2,11,8,31/10/2021,AS Roma,AC Milan,90,AS Roma,2702,True,1709,Eldor Shomurodov,792283,F,69,Ciprian Tătărușanu,77,AC Milan,1709,10.1,52.2,10,8,-1,corner,strongFoot,0,
1,11,8,31/10/2021,AS Roma,AC Milan,90,AS Roma,2702,True,1709,Stephan El Shaarawy,45925,F,75,Ciprian Tătărușanu,77,AC Milan,1709,13.1,52.4,13,7,-1,regular,strongFoot,1,
0,11,8,31/10/2021,AS Roma,AC Milan,90,AS Roma,2702,True,1709,Carles Pérez,794950,M,72,Ciprian Tătărușanu,77,AC Milan,1709,16.5,67.3,20,35,0,assisted,strongFoot,0,
16,11,9,01/11/2021,Bologna,Cagliari,4,Bologna,2685,True,1429,Nicolás Domínguez,871765,M,65,Alessio Cragno,81,Cagliari,1345,22.0,35.8,24,23,0,regular,weakFoot,0,
14,11,9,01/11/2021,Bologna,Cagliari,29,Cagliari,2719,False,1345,Gabriele Zappa,927304,D,30,Łukasz Skorupski,75,Bologna,1429,14.3,42.2,15,20,0,fast-break,strongFoot,0,
15,11,9,01/11/2021,Bologna,Cagliari,29,Bologna,2685,True,1429,Musa Barrow,916680,F,72,Alessio Cragno,81,Cagliari,1345,27.7,53.0,27,4,0,corner,strongFoot,0,
13,11,9,01/11/2021,Bologna,Cagliari,40,Cagliari,2719,False,1345,Charalampos Lykogiannis,98212,D,67,Łukasz Skorupski,75,Bologna,1429,27.8,45.4,27,6,0,free-kick,strongFoot,0,
12,11,9,01/11/2021,Bologna,Cagliari,41,Cagliari,2719,False,1345,Răzvan Marin,279563,M,73,Łukasz Skorupski,75,Bologna,1429,21.7,45.7,21,7,0,free-kick,strongFoot,0,
11,11,9,01/11/2021,Bologna,Cagliari,49,Bologna,2685,True,1429,Lorenzo De Silvestri,14718,D,66,Alessio Cragno,81,Cagliari,1345,13.2,51.8,13,5,0,assisted,strongFoot,1,
10,11,9,01/11/2021,Bologna,Cagliari,58,Bologna,2685,True,1429,Marko Arnautović,21927,F,81,Alessio Cragno,81,Cagliari,1345,14.5,60.8,16,26,0,assisted,weakFoot,0,
9,11,9,01/11/2021,Bologna,Cagliari,64,Cagliari,2719,False,1345,Leonardo Pavoletti,132704,F,72,Łukasz Skorupski,75,Bologna,1429,7.7,51.0,7,5,0,assisted,head,0,
8,11,9,01/11/2021,Bologna,Cagliari,66,Bologna,2685,True,1429,Marko Arnautović,21927,F,81,Alessio Cragno,81,Cagliari,1345,10.8,45.6,11,15,0,fast-break,weakFoot,0,
7,11,9,01/11/2021,Bologna,Cagliari,66,Bologna,2685,True,1429,Roberto Soriano,80406,M,74,Alessio Cragno,81,Cagliari,1345,19.7,47.6,19,4,0,assisted,weakFoot,0,
6,11,9,01/11/2021,Bologna,Cagliari,71,Cagliari,2719,False,1345,Martín Cáceres,28186,D,51,Łukasz Skorupski,75,Bologna,1429,29.6,50.1,29,0,0,assisted,strongFoot,0,
5,11,9,01/11/2021,Bologna,Cagliari,82,Cagliari,2719,False,1345,Răzvan Marin,279563,M,73,Łukasz Skorupski,75,Bologna,1429,19.8,69.9,23,34,0,assisted,strongFoot,0,
4,11,9,01/11/2021,Bologna,Cagliari,83,Bologna,2685,True,1429,Nicola Sansone,100580,F,72,Alessio Cragno,81,Cagliari,1345,24.4,48.7,24,2,0,regular,strongFoot,0,
3,11,9,01/11/2021,Bologna,Cagliari,89,Cagliari,2719,False,1345,Gastón Pereiro,311396,F,73,Łukasz Skorupski,75,Bologna,1429,19.0,72.4,24,38,0,assisted,strongFoot,0,
2,11,9,01/11/2021,Bologna,Cagliari,90,Cagliari,2719,False,1345,Charalampos Lykogiannis,98212,D,67,Łukasz Skorupski,75,Bologna,1429,19.1,46.6,19,6,0,set-piece,strongFoot,0,
1,11,9,01/11/2021,Bologna,Cagliari,90,Cagliari,2719,False,1345,Raoul Bellanova,826185,M,30,Łukasz Skorupski,75,Bologna,1429,21.5,62.9,23,22,0,corner,weakFoot,0,
0,11,9,01/11/2021,Bologna,Cagliari,90,Bologna,2685,True,1429,Marko Arnautović,21927,F,81,Alessio Cragno,81,Cagliari,1345,12.2,42.7,13,22,0,fast-break,weakFoot,1,
24,12,0,05/11/2021,Empoli,Genoa,3,Genoa,2713,False,1372,Felipe Caicedo,18841,F,77,Guglielmo Vicario,72,Empoli,1524,12.5,55.9,13,17,0,assisted,weakFoot,0,
23,12,0,05/11/2021,Empoli,Genoa,5,Genoa,2713,False,1372,Felipe Caicedo,18841,F,77,Guglielmo Vicario,72,Empoli,1524,15.0,29.9,20,42,0,assisted,strongFoot,0,
22,12,0,05/11/2021,Empoli,Genoa,9,Genoa,2713,False,1372,Andrea Cambiaso,917048,M,52,Guglielmo Vicario,72,Empoli,1524,19.8,41.9,20,15,0,assisted,weakFoot,0,
21,12,0,05/11/2021,Empoli,Genoa,13,Genoa,2713,False,1372,Domenico Criscito,14251,M,60,Guglielmo Vicario,72,Empoli,1524,11.5,50.0,11,0,0,penalty,strongFoot,1,
20,12,0,05/11/2021,Empoli,Genoa,18,Empoli,2705,True,1524,Andrea Pinamonti,826198,F,70,Salvatore Sirigu,82,Genoa,1372,4.7,68.8,13,69,-1,throw-in-set-piece,strongFoot,0,
19,12,0,05/11/2021,Empoli,Genoa,18,Empoli,2705,True,1524,Federico Di Francesco,320979,M,69,Salvatore Sirigu,82,Genoa,1372,8.0,62.9,11,47,-1,corner,head,0,
18,12,0,05/11/2021,Empoli,Genoa,29,Empoli,2705,True,1524,Filippo Bandinelli,812332,M,66,Salvatore Sirigu,82,Genoa,1372,8.7,29.7,16,57,-1,regular,strongFoot,0,
17,12,0,05/11/2021,Empoli,Genoa,40,Genoa,2713,False,1372,Davide Biraschi,233252,D,34,Guglielmo Vicario,72,Empoli,1524,19.8,66.0,22,28,1,regular,weakFoot,0,
16,12,0,05/11/2021,Empoli,Genoa,41,Genoa,2713,False,1372,Felipe Caicedo,18841,F,77,Guglielmo Vicario,72,Empoli,1524,9.6,46.9,9,12,1,assisted,head,0,
15,12,0,05/11/2021,Empoli,Genoa,45,Empoli,2705,True,1524,Liam Henderson,287573,M,59,Salvatore Sirigu,82,Genoa,1372,11.7,42.9,12,22,-1,assisted,head,0,
14,12,0,05/11/2021,Empoli,Genoa,47,Genoa,2713,False,1372,Felipe Caicedo,18841,F,77,Guglielmo Vicario,72,Empoli,1524,12.1,35.3,15,39,1,regular,strongFoot,0,
13,12,0,05/11/2021,Empoli,Genoa,48,Genoa,2713,False,1372,Andrea Masiello,17814,D,37,Guglielmo Vicario,72,Empoli,1524,17.5,28.7,22,39,1,corner,strongFoot,0,
12,12,0,05/11/2021,Empoli,Genoa,50,Genoa,2713,False,1372,Stefano Sturaro,148191,M,66,Guglielmo Vicario,72,Empoli,1524,26.5,46.2,26,5,1,regular,strongFoot,0,
11,12,0,05/11/2021,Empoli,Genoa,53,Empoli,2705,True,1524,Andrea Pinamonti,826198,F,70,Salvatore Sirigu,82,Genoa,1372,22.5,47.3,22,4,-1,assisted,strongFoot,0,
10,12,0,05/11/2021,Empoli,Genoa,62,Empoli,2705,True,1524,Federico Di Francesco,320979,M,69,Salvatore Sirigu,82,Genoa,1372,9.5,53.8,9,15,-1,assisted,strongFoot,1,
9,12,0,05/11/2021,Empoli,Genoa,64,Genoa,2713,False,1372,Felipe Caicedo,18841,F,77,Guglielmo Vicario,72,Empoli,1524,10.3,54.2,10,15,0,corner,head,0,
8,12,0,05/11/2021,Empoli,Genoa,65,Empoli,2705,True,1524,Andrea Pinamonti,826198,F,70,Salvatore Sirigu,82,Genoa,1372,27.3,53.6,27,5,0,regular,strongFoot,0,
7,12,0,05/11/2021,Empoli,Genoa,67,Empoli,2705,True,1524,Federico Di Francesco,320979,M,69,Salvatore Sirigu,82,Genoa,1372,18.8,35.7,21,27,0,assisted,strongFoot,0,
6,12,0,05/11/2021,Empoli,Genoa,70,Empoli,2705,True,1524,Lorenzo Tonelli,24818,D,31,Salvatore Sirigu,82,Genoa,1372,3.1,38.2,8,68,0,set-piece,strongFoot,0,
5,12,0,05/11/2021,Empoli,Genoa,71,Empoli,2705,True,1524,Szymon Żurkowski,860435,F,61,Salvatore Sirigu,82,Genoa,1372,27.2,55.7,27,8,0,assisted,weakFoot,1,
4,12,0,05/11/2021,Empoli,Genoa,77,Genoa,2713,False,1372,Paolo Ghiglione,787642,M,50,Guglielmo Vicario,72,Empoli,1524,11.8,71.1,18,50,-1,assisted,strongFoot,0,
3,12,0,05/11/2021,Empoli,Genoa,80,Genoa,2713,False,1372,Filippo Melegoni,795056,M,52,Guglielmo Vicario,72,Empoli,1524,23.6,34.7,25,23,-1,assisted,strongFoot,0,
2,12,0,05/11/2021,Empoli,Genoa,87,Genoa,2713,False,1372,Yayah Kallon,967510,F,66,Guglielmo Vicario,72,Empoli,1524,13.7,59.6,15,25,-1,set-piece,strongFoot,0,
1,12,0,05/11/2021,Empoli,Genoa,87,Genoa,2713,False,1372,Flavio Bianchi,928779,F,64,Guglielmo Vicario,72,Empoli,1524,17.8,52.2,17,4,-1,set-piece,strongFoot,0,
0,12,0,05/11/2021,Empoli,Genoa,89,Genoa,2713,False,1372,Flavio Bianchi,928779,F,64,Guglielmo Vicario,72,Empoli,1524,9.3,37.9,12,41,-1,assisted,weakFoot,1,
15,12,1,06/11/2021,Spezia,Torino,11,Spezia,2735,True,1345,Daniele Verde,605580,F,72,Vanja Milinković-Savić,70,Torino,1439,19.5,62.5,21,23,0,regular,strongFoot,0,
14,12,1,06/11/2021,Spezia,Torino,19,Torino,2696,False,1439,Wilfried Singo,978285,D,39,Ivan Provedel,74,Spezia,1345,9.7,47.2,9,11,0,assisted,head,0,
13,12,1,06/11/2021,Spezia,Torino,29,Torino,2696,False,1439,Wilfried Singo,978285,D,39,Ivan Provedel,74,Spezia,1345,11.0,68.5,16,48,0,regular,strongFoot,0,
12,12,1,06/11/2021,Spezia,Torino,32,Spezia,2735,True,1345,Emmanuel Gyasi,541578,M,59,Vanja Milinković-Savić,70,Torino,1439,22.9,50.1,22,0,0,assisted,weakFoot,0,
11,12,1,06/11/2021,Spezia,Torino,50,Spezia,2735,True,1345,M'bala Nzola,788061,F,69,Vanja Milinković-Savić,70,Torino,1439,13.1,61.8,15,31,0,regular,strongFoot,0,
10,12,1,06/11/2021,Spezia,Torino,51,Spezia,2735,True,1345,M'bala Nzola,788061,F,69,Vanja Milinković-Savić,70,Torino,1439,14.8,61.6,16,28,0,assisted,strongFoot,0,
9,12,1,06/11/2021,Spezia,Torino,58,Spezia,2735,True,1345,Jacopo Sala,100568,M,60,Vanja Milinković-Savić,70,Torino,1439,22.5,32.6,25,27,0,assisted,strongFoot,1,
8,12,1,06/11/2021,Spezia,Torino,64,Torino,2696,False,1439,Antonio Sanabria,333261,F,71,Ivan Provedel,74,Spezia,1345,9.6,63.6,13,43,-1,assisted,strongFoot,0,
6,12,1,06/11/2021,Spezia,Torino,78,Torino,2696,False,1439,Koffi Djidji,158235,D,31,Ivan Provedel,74,Spezia,1345,25.0,66.3,27,23,-1,set-piece,strongFoot,0,
7,12,1,06/11/2021,Spezia,Torino,78,Torino,2696,False,1439,Marko Pjaca,190435,F,67,Ivan Provedel,74,Spezia,1345,14.1,55.2,14,14,-1,set-piece,strongFoot,0,
5,12,1,06/11/2021,Spezia,Torino,86,Spezia,2735,True,1345,M'bala Nzola,788061,F,69,Vanja Milinković-Savić,70,Torino,1439,18.1,44.8,18,11,1,assisted,strongFoot,0,
0,12,1,06/11/2021,Spezia,Torino,90,Spezia,2735,True,1345,Rey Manaj,587882,F,71,Vanja Milinković-Savić,70,Torino,1439,3.5,30.5,13,75,1,assisted,weakFoot,0,
1,12,1,06/11/2021,Spezia,Torino,90,Torino,2696,False,1439,Armando Izzo,165583,D,33,Ivan Provedel,74,Spezia,1345,12.9,46.6,13,10,-1,corner,head,0,
2,12,1,06/11/2021,Spezia,Torino,90,Torino,2696,False,1439,Simone Zaza,48077,F,76,Ivan Provedel,74,Spezia,1345,5.6,57.2,7,41,-1,assisted,strongFoot,0,
3,12,1,06/11/2021,Spezia,Torino,90,Torino,2696,False,1439,Ola Aina,800417,D,59,Ivan Provedel,74,Spezia,1345,22.8,39.5,23,17,-1,set-piece,strongFoot,0,
4,12,1,06/11/2021,Spezia,Torino,90,Torino,2696,False,1439,Marko Pjaca,190435,F,67,Ivan Provedel,74,Spezia,1345,11.4,56.0,12,19,-1,set-piece,head,0,
18,12,2,06/11/2021,Juventus,Fiorentina,6,Fiorentina,2693,False,1463,Giacomo Bonaventura,36784,M,75,Mattia Perin,80,Juventus,1878,10.0,54.2,10,15,0,assisted,head,0,
17,12,2,06/11/2021,Juventus,Fiorentina,10,Juventus,2687,True,1878,Paulo Dybala,256219,F,85,Pietro Terracciano,71,Fiorentina,1463,10.3,40.1,12,33,0,assisted,strongFoot,0,
16,12,2,06/11/2021,Juventus,Fiorentina,14,Juventus,2687,True,1878,Paulo Dybala,256219,F,85,Pietro Terracciano,71,Fiorentina,1463,14.5,65.6,17,36,0,corner,strongFoot,0,
15,12,2,06/11/2021,Juventus,Fiorentina,14,Juventus,2687,True,1878,Matthijs de Ligt,803031,D,58,Pietro Terracciano,71,Fiorentina,1463,7.5,50.9,7,4,0,corner,head,0,
14,12,2,06/11/2021,Juventus,Fiorentina,33,Fiorentina,2693,False,1463,Riccardo Saponara,126236,M,66,Mattia Perin,80,Juventus,1878,10.3,52.4,10,9,0,assisted,strongFoot,0,
13,12,2,06/11/2021,Juventus,Fiorentina,36,Fiorentina,2693,False,1463,José Callejón,40965,F,76,Mattia Perin,80,Juventus,1878,20.4,66.4,23,28,0,corner,strongFoot,0,
12,12,2,06/11/2021,Juventus,Fiorentina,38,Fiorentina,2693,False,1463,Dušan Vlahović,832208,F,77,Mattia Perin,80,Juventus,1878,4.2,56.1,5,44,0,assisted,head,0,
11,12,2,06/11/2021,Juventus,Fiorentina,40,Fiorentina,2693,False,1463,Dušan Vlahović,832208,F,77,Mattia Perin,80,Juventus,1878,9.6,46.0,9,15,0,corner,head,0,
10,12,2,06/11/2021,Juventus,Fiorentina,43,Juventus,2687,True,1878,Matthijs de Ligt,803031,D,58,Pietro Terracciano,71,Fiorentina,1463,12.8,57.5,13,21,0,throw-in-set-piece,head,0,
9,12,2,06/11/2021,Juventus,Fiorentina,45,Fiorentina,2693,False,1463,Riccardo Saponara,126236,M,66,Mattia Perin,80,Juventus,1878,10.4,41.2,11,29,0,set-piece,head,0,
8,12,2,06/11/2021,Juventus,Fiorentina,49,Juventus,2687,True,1878,Paulo Dybala,256219,F,85,Pietro Terracciano,71,Fiorentina,1463,25.6,53.2,25,4,0,throw-in-set-piece,strongFoot,0,
7,12,2,06/11/2021,Juventus,Fiorentina,50,Juventus,2687,True,1878,Álvaro Morata,125407,F,79,Pietro Terracciano,71,Fiorentina,1463,18.2,35.1,20,29,0,regular,weakFoot,0,
6,12,2,06/11/2021,Juventus,Fiorentina,55,Juventus,2687,True,1878,Adrien Rabiot,250737,M,73,Pietro Terracciano,71,Fiorentina,1463,19.0,31.9,22,32,0,assisted,strongFoot,0,
5,12,2,06/11/2021,Juventus,Fiorentina,56,Juventus,2687,True,1878,Daniele Rugani,139273,D,40,Pietro Terracciano,71,Fiorentina,1463,9.5,62.9,12,42,0,corner,weakFoot,0,
4,12,2,06/11/2021,Juventus,Fiorentina,76,Juventus,2687,True,1878,Federico Chiesa,845386,F,80,Pietro Terracciano,71,Fiorentina,1463,6.7,72.3,16,66,0,assisted,strongFoot,0,
3,12,2,06/11/2021,Juventus,Fiorentina,80,Juventus,2687,True,1878,Federico Chiesa,845386,F,80,Pietro Terracciano,71,Fiorentina,1463,19.9,36.5,21,24,0,throw-in-set-piece,strongFoot,0,
2,12,2,06/11/2021,Juventus,Fiorentina,86,Juventus,2687,True,1878,Federico Chiesa,845386,F,80,Pietro Terracciano,71,Fiorentina,1463,12.1,48.5,12,4,0,assisted,strongFoot,0,
1,12,2,06/11/2021,Juventus,Fiorentina,90,Juventus,2687,True,1878,Juan Cuadrado,47743,M,74,Pietro Terracciano,71,Fiorentina,1463,2.1,67.8,12,80,0,assisted,strongFoot,1,
0,12,2,06/11/2021,Juventus,Fiorentina,90,Juventus,2687,True,1878,Federico Chiesa,845386,F,80,Pietro Terracciano,71,Fiorentina,1463,6.0,32.9,13,62,1,assisted,weakFoot,0,
27,12,3,06/11/2021,Cagliari,Atalanta,6,Atalanta,2686,False,1748,Mario Pašalić,190437,M,74,Alessio Cragno,81,Cagliari,1345,2.7,44.5,4,54,0,assisted,weakFoot,1,
26,12,3,06/11/2021,Cagliari,Atalanta,21,Atalanta,2686,False,1748,Mario Pašalić,190437,M,74,Alessio Cragno,81,Cagliari,1345,10.5,46.6,10,12,0,set-piece,head,0,
25,12,3,06/11/2021,Cagliari,Atalanta,23,Atalanta,2686,False,1748,Duván Zapata,38162,F,81,Alessio Cragno,81,Cagliari,1345,13.8,53.8,14,10,0,regular,strongFoot,0,
24,12,3,06/11/2021,Cagliari,Atalanta,25,Atalanta,2686,False,1748,Duván Zapata,38162,F,81,Alessio Cragno,81,Cagliari,1345,4.7,47.0,5,23,0,assisted,weakFoot,0,
23,12,3,06/11/2021,Cagliari,Atalanta,25,Atalanta,2686,False,1748,Mario Pašalić,190437,M,74,Alessio Cragno,81,Cagliari,1345,10.2,41.9,11,28,0,regular,weakFoot,0,
22,12,3,06/11/2021,Cagliari,Atalanta,26,Atalanta,2686,False,1748,José Luis Palomino,79680,D,32,Alessio Cragno,81,Cagliari,1345,7.0,52.6,7,14,0,corner,other,0,
21,12,3,06/11/2021,Cagliari,Atalanta,27,Cagliari,2719,True,1345,João Pedro Galvão,123208,F,77,Juan Musso,81,Atalanta,1748,13.2,35.3,16,37,0,fast-break,weakFoot,1,
20,12,3,06/11/2021,Cagliari,Atalanta,31,Atalanta,2686,False,1748,Davide Zappacosta,132318,M,65,Alessio Cragno,81,Cagliari,1345,12.8,76.3,21,54,-1,assisted,strongFoot,0,
19,12,3,06/11/2021,Cagliari,Atalanta,36,Atalanta,2686,False,1748,Marten de Roon,100389,M,68,Alessio Cragno,81,Cagliari,1345,14.0,56.9,14,18,-1,assisted,weakFoot,0,
18,12,3,06/11/2021,Cagliari,Atalanta,42,Atalanta,2686,False,1748,Marten de Roon,100389,M,68,Alessio Cragno,81,Cagliari,1345,7.0,43.3,8,33,-1,assisted,head,0,
17,12,3,06/11/2021,Cagliari,Atalanta,42,Atalanta,2686,False,1748,Duván Zapata,38162,F,81,Alessio Cragno,81,Cagliari,1345,6.3,50.9,6,5,-1,regular,weakFoot,0,
16,12,3,06/11/2021,Cagliari,Atalanta,43,Atalanta,2686,False,1748,Duván Zapata,38162,F,81,Alessio Cragno,81,Cagliari,1345,10.4,55.2,10,18,-1,assisted,weakFoot,1,
15,12,3,06/11/2021,Cagliari,Atalanta,46,Cagliari,2719,True,1345,Raoul Bellanova,826185,M,30,Juan Musso,81,Atalanta,1748,9.8,56.1,10,22,0,assisted,strongFoot,0,
14,12,3,06/11/2021,Cagliari,Atalanta,48,Atalanta,2686,False,1748,Ruslan Malinovskyi,195850,M,79,Alessio Cragno,81,Cagliari,1345,24.6,55.5,24,8,0,assisted,strongFoot,0,
13,12,3,06/11/2021,Cagliari,Atalanta,55,Atalanta,2686,False,1748,Davide Zappacosta,132318,M,65,Alessio Cragno,81,Cagliari,1345,11.9,68.7,17,46,0,regular,strongFoot,0,
11,12,3,06/11/2021,Cagliari,Atalanta,67,Cagliari,2719,True,1345,Răzvan Marin,279563,M,73,Juan Musso,81,Atalanta,1748,20.5,72.1,25,36,0,corner,strongFoot,0,
12,12,3,06/11/2021,Cagliari,Atalanta,67,Cagliari,2719,True,1345,Charalampos Lykogiannis,98212,D,67,Juan Musso,81,Atalanta,1748,27.2,37.7,28,17,0,free-kick,strongFoot,0,
10,12,3,06/11/2021,Cagliari,Atalanta,76,Atalanta,2686,False,1748,Josip Iličić,41270,F,85,Alessio Cragno,81,Cagliari,1345,8.6,71.4,16,59,0,assisted,strongFoot,0,
9,12,3,06/11/2021,Cagliari,Atalanta,77,Atalanta,2686,False,1748,Mario Pašalić,190437,M,74,Alessio Cragno,81,Cagliari,1345,7.5,51.6,7,8,0,corner,head,0,
8,12,3,06/11/2021,Cagliari,Atalanta,77,Cagliari,2719,True,1345,Leonardo Pavoletti,132704,F,72,Juan Musso,81,Atalanta,1748,8.3,54.0,8,18,0,assisted,strongFoot,0,
7,12,3,06/11/2021,Cagliari,Atalanta,82,Atalanta,2686,False,1748,Mario Pašalić,190437,M,74,Alessio Cragno,81,Cagliari,1345,7.9,41.9,9,34,0,assisted,strongFoot,0,
6,12,3,06/11/2021,Cagliari,Atalanta,84,Cagliari,2719,True,1345,Leonardo Pavoletti,132704,F,72,Juan Musso,81,Atalanta,1748,7.0,50.7,7,3,0,assisted,head,0,
5,12,3,06/11/2021,Cagliari,Atalanta,86,Atalanta,2686,False,1748,Marten de Roon,100389,M,68,Alessio Cragno,81,Cagliari,1345,23.6,53.8,23,6,0,corner,weakFoot,0,
4,12,3,06/11/2021,Cagliari,Atalanta,86,Atalanta,2686,False,1748,Duván Zapata,38162,F,81,Alessio Cragno,81,Cagliari,1345,11.0,31.0,16,49,0,assisted,strongFoot,0,
3,12,3,06/11/2021,Cagliari,Atalanta,87,Atalanta,2686,False,1748,Josip Iličić,41270,F,85,Alessio Cragno,81,Cagliari,1345,12.5,47.2,12,8,0,assisted,strongFoot,0,
2,12,3,06/11/2021,Cagliari,Atalanta,88,Atalanta,2686,False,1748,Josip Iličić,41270,F,85,Alessio Cragno,81,Cagliari,1345,26.1,55.8,26,8,0,free-kick,strongFoot,0,
1,12,3,06/11/2021,Cagliari,Atalanta,90,Cagliari,2719,True,1345,Alberto Grassi,186845,M,62,Juan Musso,81,Atalanta,1748,19.8,50.1,19,0,0,regular,strongFoot,0,
0,12,3,06/11/2021,Cagliari,Atalanta,90,Atalanta,2686,False,1748,Davide Zappacosta,132318,M,65,Alessio Cragno,81,Cagliari,1345,12.2,66.0,16,41,0,assisted,weakFoot,0,
39,12,4,07/11/2021,Venezia,AS Roma,3,Venezia,2688,True,1372,Mattia Caldara,362222,D,34,Rui Patrício,82,AS Roma,1703,6.1,51.5,6,9,0,set-piece,strongFoot,1,
38,12,4,07/11/2021,Venezia,AS Roma,14,Venezia,2688,True,1372,David Okereke,831290,F,66,Rui Patrício,82,AS Roma,1703,9.8,70.9,17,55,0,fast-break,strongFoot,0,
37,12,4,07/11/2021,Venezia,AS Roma,18,AS Roma,2702,False,1703,Tammy Abraham,610766,F,77,Sergio Romero,73,Venezia,1372,5.0,39.2,8,55,0,assisted,weakFoot,0,
36,12,4,07/11/2021,Venezia,AS Roma,19,AS Roma,2702,False,1703,Stephan El Shaarawy,45925,F,75,Sergio Romero,73,Venezia,1372,29.5,43.7,29,8,0,corner,strongFoot,0,
35,12,4,07/11/2021,Venezia,AS Roma,19,AS Roma,2702,False,1703,Eldor Shomurodov,792283,F,69,Sergio Romero,73,Venezia,1372,17.5,47.6,17,5,0,assisted,strongFoot,0,
34,12,4,07/11/2021,Venezia,AS Roma,22,Venezia,2688,True,1372,Sofian Kiyine,862372,M,56,Rui Patrício,82,AS Roma,1703,23.8,30.3,27,29,0,assisted,weakFoot,0,
33,12,4,07/11/2021,Venezia,AS Roma,27,AS Roma,2702,False,1703,Tammy Abraham,610766,F,77,Sergio Romero,73,Venezia,1372,6.5,64.1,11,55,0,assisted,strongFoot,0,
32,12,4,07/11/2021,Venezia,AS Roma,27,AS Roma,2702,False,1703,Stephan El Shaarawy,45925,F,75,Sergio Romero,73,Venezia,1372,9.4,36.3,13,44,0,regular,weakFoot,0,
31,12,4,07/11/2021,Venezia,AS Roma,27,AS Roma,2702,False,1703,Jordan Veretout,151124,M,75,Sergio Romero,73,Venezia,1372,8.4,44.5,9,24,0,regular,weakFoot,0,
30,12,4,07/11/2021,Venezia,AS Roma,32,AS Roma,2702,False,1703,Stephan El Shaarawy,45925,F,75,Sergio Romero,73,Venezia,1372,21.9,34.9,24,25,0,assisted,strongFoot,0,
29,12,4,07/11/2021,Venezia,AS Roma,35,AS Roma,2702,False,1703,Lorenzo Pellegrini,555540,F,73,Sergio Romero,73,Venezia,1372,14.2,68.8,19,41,0,assisted,strongFoot,0,
27,12,4,07/11/2021,Venezia,AS Roma,36,Venezia,2688,True,1372,Sofian Kiyine,862372,M,56,Rui Patrício,82,AS Roma,1703,12.0,35.1,15,40,0,assisted,strongFoot,0,
28,12,4,07/11/2021,Venezia,AS Roma,36,Venezia,2688,True,1372,David Okereke,831290,F,66,Rui Patrício,82,AS Roma,1703,7.3,33.4,13,57,0,fast-break,strongFoot,0,
26,12,4,07/11/2021,Venezia,AS Roma,43,AS Roma,2702,False,1703,Tammy Abraham,610766,F,77,Sergio Romero,73,Venezia,1372,10.0,58.1,11,28,0,assisted,head,0,
25,12,4,07/11/2021,Venezia,AS Roma,43,AS Roma,2702,False,1703,Lorenzo Pellegrini,555540,F,73,Sergio Romero,73,Venezia,1372,3.8,49.3,3,7,0,regular,strongFoot,0,
24,12,4,07/11/2021,Venezia,AS Roma,43,AS Roma,2702,False,1703,Eldor Shomurodov,792283,F,69,Sergio Romero,73,Venezia,1372,4.6,49.1,4,7,0,regular,strongFoot,1,
23,12,4,07/11/2021,Venezia,AS Roma,45,AS Roma,2702,False,1703,Tammy Abraham,610766,F,77,Sergio Romero,73,Venezia,1372,7.5,47.4,7,13,1,assisted,weakFoot,1,
22,12,4,07/11/2021,Venezia,AS Roma,48,AS Roma,2702,False,1703,Jordan Veretout,151124,M,75,Sergio Romero,73,Venezia,1372,17.1,64.7,19,30,2,set-piece,strongFoot,0,
21,12,4,07/11/2021,Venezia,AS Roma,48,AS Roma,2702,False,1703,Bryan Cristante,186855,M,71,Sergio Romero,73,Venezia,1372,6.3,49.5,6,3,2,set-piece,head,0,
20,12,4,07/11/2021,Venezia,AS Roma,48,AS Roma,2702,False,1703,Roger Ibañez,888949,D,31,Sergio Romero,73,Venezia,1372,4.0,53.2,4,28,2,set-piece,head,0,
19,12,4,07/11/2021,Venezia,AS Roma,48,AS Roma,2702,False,1703,Tammy Abraham,610766,F,77,Sergio Romero,73,Venezia,1372,17.9,54.2,18,9,2,assisted,strongFoot,0,
18,12,4,07/11/2021,Venezia,AS Roma,49,AS Roma,2702,False,1703,Marash Kumbulla,893642,D,32,Sergio Romero,73,Venezia,1372,3.6,59.0,7,59,2,corner,head,0,
17,12,4,07/11/2021,Venezia,AS Roma,50,AS Roma,2702,False,1703,Lorenzo Pellegrini,555540,F,73,Sergio Romero,73,Venezia,1372,15.1,64.9,18,33,2,assisted,strongFoot,0,
16,12,4,07/11/2021,Venezia,AS Roma,56,AS Roma,2702,False,1703,Stephan El Shaarawy,45925,F,75,Sergio Romero,73,Venezia,1372,12.7,48.2,12,5,2,assisted,strongFoot,0,
15,12,4,07/11/2021,Venezia,AS Roma,61,Venezia,2688,True,1372,Mattia Aramu,187111,F,62,Rui Patrício,82,AS Roma,1703,24.1,72.8,28,32,-2,free-kick,strongFoot,0,
14,12,4,07/11/2021,Venezia,AS Roma,61,Venezia,2688,True,1372,Sofian Kiyine,862372,M,56,Rui Patrício,82,AS Roma,1703,21.9,46.0,22,7,-2,set-piece,weakFoot,0,
13,12,4,07/11/2021,Venezia,AS Roma,65,Venezia,2688,True,1372,Mattia Aramu,187111,F,62,Rui Patrício,82,AS Roma,1703,11.5,50.0,11,0,-2,penalty,strongFoot,1,
12,12,4,07/11/2021,Venezia,AS Roma,67,AS Roma,2702,False,1703,Tammy Abraham,610766,F,77,Sergio Romero,73,Venezia,1372,8.1,49.1,8,4,1,assisted,strongFoot,0,
11,12,4,07/11/2021,Venezia,AS Roma,67,AS Roma,2702,False,1703,Carles Pérez,794950,M,72,Sergio Romero,73,Venezia,1372,14.0,45.0,14,13,1,regular,strongFoot,0,
10,12,4,07/11/2021,Venezia,AS Roma,72,AS Roma,2702,False,1703,Rick Karsdorp,363792,D,63,Sergio Romero,73,Venezia,1372,11.5,75.8,20,56,1,regular,strongFoot,0,
9,12,4,07/11/2021,Venezia,AS Roma,73,AS Roma,2702,False,1703,Tammy Abraham,610766,F,77,Sergio Romero,73,Venezia,1372,17.4,50.3,17,0,1,assisted,strongFoot,0,
8,12,4,07/11/2021,Venezia,AS Roma,74,Venezia,2688,True,1372,David Okereke,831290,F,66,Rui Patrício,82,AS Roma,1703,12.2,55.7,12,17,-1,fast-break,weakFoot,1,
7,12,4,07/11/2021,Venezia,AS Roma,83,Venezia,2688,True,1372,David Okereke,831290,F,66,Rui Patrício,82,AS Roma,1703,9.0,52.2,9,9,0,assisted,strongFoot,0,
6,12,4,07/11/2021,Venezia,AS Roma,84,Venezia,2688,True,1372,Marco Modolo,132661,D,45,Rui Patrício,82,AS Roma,1703,7.1,47.6,7,12,0,corner,head,0,
5,12,4,07/11/2021,Venezia,AS Roma,84,Venezia,2688,True,1372,David Okereke,831290,F,66,Rui Patrício,82,AS Roma,1703,5.4,54.2,6,27,0,corner,head,0,
4,12,4,07/11/2021,Venezia,AS Roma,85,AS Roma,2702,False,1703,Bryan Cristante,186855,M,71,Sergio Romero,73,Venezia,1372,3.6,62.5,9,67,0,corner,head,0,
3,12,4,07/11/2021,Venezia,AS Roma,90,Venezia,2688,True,1372,Thomas Henry,795541,F,72,Rui Patrício,82,AS Roma,1703,13.7,52.6,13,7,0,fast-break,strongFoot,0,
2,12,4,07/11/2021,Venezia,AS Roma,90,AS Roma,2702,False,1703,Bryan Cristante,186855,M,71,Sergio Romero,73,Venezia,1372,11.8,50.9,11,2,0,corner,strongFoot,0,
1,12,4,07/11/2021,Venezia,AS Roma,90,AS Roma,2702,False,1703,Carles Pérez,794950,M,72,Sergio Romero,73,Venezia,1372,14.0,48.2,14,4,0,regular,strongFoot,0,
0,12,4,07/11/2021,Venezia,AS Roma,90,AS Roma,2702,False,1703,Gianluca Mancini,611210,D,44,Sergio Romero,73,Venezia,1372,3.6,55.1,4,43,0,corner,head,0,
23,12,5,07/11/2021,Sampdoria,Bologna,13,Sampdoria,2711,True,1345,Albin Ekdal,21992,M,65,Łukasz Skorupski,75,Bologna,1429,4.3,40.4,7,56,0,corner,head,0,
22,12,5,07/11/2021,Sampdoria,Bologna,14,Sampdoria,2711,True,1345,Kristoffer Askildsen,954855,M,50,Łukasz Skorupski,75,Bologna,1429,21.7,43.7,22,11,0,corner,strongFoot,0,
21,12,5,07/11/2021,Sampdoria,Bologna,15,Bologna,2685,False,1429,Musa Barrow,916680,F,73,Emil Audero,78,Sampdoria,1345,8.6,33.4,14,52,0,assisted,weakFoot,0,
20,12,5,07/11/2021,Sampdoria,Bologna,16,Bologna,2685,False,1429,Mattias Svanberg,796987,M,65,Emil Audero,78,Sampdoria,1345,19.5,62.0,21,22,0,corner,strongFoot,0,
19,12,5,07/11/2021,Sampdoria,Bologna,20,Bologna,2685,False,1429,Marko Arnautović,21927,F,81,Emil Audero,78,Sampdoria,1345,12.4,59.0,13,26,0,fast-break,weakFoot,0,
18,12,5,07/11/2021,Sampdoria,Bologna,21,Bologna,2685,False,1429,Arthur Theate,965778,D,39,Emil Audero,78,Sampdoria,1345,8.3,39.4,10,40,0,corner,strongFoot,0,
17,12,5,07/11/2021,Sampdoria,Bologna,23,Sampdoria,2711,True,1345,Antonio Candreva,27982,F,78,Łukasz Skorupski,75,Bologna,1429,12.5,68.0,17,44,0,regular,strongFoot,0,
16,12,5,07/11/2021,Sampdoria,Bologna,24,Sampdoria,2711,True,1345,Francesco Caputo,43905,F,78,Łukasz Skorupski,75,Bologna,1429,20.4,45.1,20,9,0,assisted,strongFoot,0,
15,12,5,07/11/2021,Sampdoria,Bologna,29,Sampdoria,2711,True,1345,Antonio Candreva,27982,F,78,Łukasz Skorupski,75,Bologna,1429,10.2,67.8,15,49,0,assisted,strongFoot,0,
14,12,5,07/11/2021,Sampdoria,Bologna,36,Bologna,2685,False,1429,Roberto Soriano,80406,M,74,Emil Audero,78,Sampdoria,1345,6.2,28.9,15,66,0,assisted,weakFoot,0,
13,12,5,07/11/2021,Sampdoria,Bologna,37,Bologna,2685,False,1429,Musa Barrow,916680,F,73,Emil Audero,78,Sampdoria,1345,14.5,26.4,21,47,0,assisted,strongFoot,0,
12,12,5,07/11/2021,Sampdoria,Bologna,40,Bologna,2685,False,1429,Musa Barrow,916680,F,73,Emil Audero,78,Sampdoria,1345,19.9,68.8,23,32,0,assisted,strongFoot,0,
11,12,5,07/11/2021,Sampdoria,Bologna,45,Bologna,2685,False,1429,Roberto Soriano,80406,M,74,Emil Audero,78,Sampdoria,1345,3.7,36.9,9,67,0,regular,weakFoot,0,
10,12,5,07/11/2021,Sampdoria,Bologna,47,Bologna,2685,False,1429,Mattias Svanberg,796987,M,65,Emil Audero,78,Sampdoria,1345,14.2,45.8,14,11,0,assisted,strongFoot,1,
9,12,5,07/11/2021,Sampdoria,Bologna,49,Sampdoria,2711,True,1345,Kristoffer Askildsen,954855,M,50,Łukasz Skorupski,75,Bologna,1429,12.9,42.2,13,22,-1,assisted,strongFoot,0,
8,12,5,07/11/2021,Sampdoria,Bologna,52,Bologna,2685,False,1429,Musa Barrow,916680,F,73,Emil Audero,78,Sampdoria,1345,29.0,40.9,29,12,1,assisted,strongFoot,0,
7,12,5,07/11/2021,Sampdoria,Bologna,59,Sampdoria,2711,True,1345,Antonio Candreva,27982,F,78,Łukasz Skorupski,75,Bologna,1429,24.1,69.6,27,28,-1,assisted,weakFoot,0,
6,12,5,07/11/2021,Sampdoria,Bologna,62,Bologna,2685,False,1429,Musa Barrow,916680,F,73,Emil Audero,78,Sampdoria,1345,16.5,40.6,17,21,1,assisted,strongFoot,0,
5,12,5,07/11/2021,Sampdoria,Bologna,66,Bologna,2685,False,1429,Mattias Svanberg,796987,M,65,Emil Audero,78,Sampdoria,1345,27.6,47.4,27,3,1,assisted,strongFoot,0,
4,12,5,07/11/2021,Sampdoria,Bologna,67,Sampdoria,2711,True,1345,Tommaso Augello,596736,M,37,Łukasz Skorupski,75,Bologna,1429,11.5,32.5,16,45,-1,regular,strongFoot,0,
3,12,5,07/11/2021,Sampdoria,Bologna,77,Sampdoria,2711,True,1345,Morten Thorsby,280991,M,60,Łukasz Skorupski,75,Bologna,1429,3.7,51.4,3,14,-1,set-piece,strongFoot,1,
2,12,5,07/11/2021,Sampdoria,Bologna,78,Bologna,2685,False,1429,Marko Arnautović,21927,F,81,Emil Audero,78,Sampdoria,1345,3.6,56.1,5,49,0,assisted,head,1,
1,12,5,07/11/2021,Sampdoria,Bologna,89,Bologna,2685,False,1429,Andreas Skov Olsen,888537,M,68,Emil Audero,78,Sampdoria,1345,9.7,56.9,10,25,1,assisted,weakFoot,0,
0,12,5,07/11/2021,Sampdoria,Bologna,90,Sampdoria,2711,True,1345,Nicola Murru,148745,D,39,Łukasz Skorupski,75,Bologna,1429,14.8,27.4,21,46,-1,regular,strongFoot,0,
23,12,6,07/11/2021,Udinese,Sassuolo,8,Udinese,2695,True,1405,Gerard Deulofeu,96372,F,72,Andrea Consigli,81,Sassuolo,1524,11.6,44.0,12,19,0,assisted,weakFoot,1,
22,12,6,07/11/2021,Udinese,Sassuolo,15,Sassuolo,2793,False,1524,Domenico Berardi,253367,F,80,Marco Silvestri,79,Udinese,1405,8.0,62.9,11,47,0,regular,strongFoot,1,
21,12,6,07/11/2021,Udinese,Sassuolo,18,Udinese,2695,True,1405,Gerard Deulofeu,96372,F,72,Andrea Consigli,81,Sassuolo,1524,14.1,29.8,19,44,0,assisted,strongFoot,0,
20,12,6,07/11/2021,Udinese,Sassuolo,18,Sassuolo,2793,False,1524,Domenico Berardi,253367,F,80,Marco Silvestri,79,Udinese,1405,10.5,34.0,15,46,0,assisted,strongFoot,0,
19,12,6,07/11/2021,Udinese,Sassuolo,21,Sassuolo,2793,False,1524,Grégoire Defrel,148566,F,77,Marco Silvestri,79,Udinese,1405,13.8,44.0,14,16,0,assisted,strongFoot,0,
18,12,6,07/11/2021,Udinese,Sassuolo,26,Sassuolo,2793,False,1524,Domenico Berardi,253367,F,80,Marco Silvestri,79,Udinese,1405,13.1,57.9,14,22,0,regular,weakFoot,0,
17,12,6,07/11/2021,Udinese,Sassuolo,27,Sassuolo,2793,False,1524,Davide Frattesi,835600,M,67,Marco Silvestri,79,Udinese,1405,8.1,40.6,10,38,0,corner,head,0,
16,12,6,07/11/2021,Udinese,Sassuolo,28,Sassuolo,2793,False,1524,Davide Frattesi,835600,M,67,Marco Silvestri,79,Udinese,1405,10.3,41.6,11,29,0,assisted,weakFoot,1,
15,12,6,07/11/2021,Udinese,Sassuolo,39,Udinese,2695,True,1405,Nahuel Molina,831799,D,63,Andrea Consigli,81,Sassuolo,1524,29.9,36.1,31,17,-1,set-piece,strongFoot,0,
14,12,6,07/11/2021,Udinese,Sassuolo,39,Udinese,2695,True,1405,Davide Frattesi,835600,M,67,Andrea Consigli,81,Sassuolo,1524,17.7,46.0,17,8,-1,set-piece,strongFoot,1,
13,12,6,07/11/2021,Udinese,Sassuolo,44,Udinese,2695,True,1405,Walace,553686,M,66,Andrea Consigli,81,Sassuolo,1524,30.6,60.4,31,13,0,assisted,strongFoot,0,
12,12,6,07/11/2021,Udinese,Sassuolo,45,Udinese,2695,True,1405,Walace,553686,M,66,Andrea Consigli,81,Sassuolo,1524,18.3,44.2,18,12,0,regular,weakFoot,0,
11,12,6,07/11/2021,Udinese,Sassuolo,50,Udinese,2695,True,1405,Walace,553686,M,66,Andrea Consigli,81,Sassuolo,1524,28.8,50.3,28,0,0,regular,strongFoot,0,
10,12,6,07/11/2021,Udinese,Sassuolo,51,Udinese,2695,True,1405,Beto,987489,F,73,Andrea Consigli,81,Sassuolo,1524,6.5,55.3,7,29,0,assisted,strongFoot,1,
9,12,6,07/11/2021,Udinese,Sassuolo,64,Udinese,2695,True,1405,Beto,987489,F,73,Andrea Consigli,81,Sassuolo,1524,27.7,59.9,28,13,1,assisted,weakFoot,0,
8,12,6,07/11/2021,Udinese,Sassuolo,66,Sassuolo,2793,False,1524,Davide Frattesi,835600,M,67,Marco Silvestri,79,Udinese,1405,27.6,58.2,28,11,-1,assisted,strongFoot,0,
7,12,6,07/11/2021,Udinese,Sassuolo,68,Udinese,2695,True,1405,Beto,987489,F,73,Andrea Consigli,81,Sassuolo,1524,17.9,46.6,18,7,1,fast-break,strongFoot,0,
6,12,6,07/11/2021,Udinese,Sassuolo,71,Udinese,2695,True,1405,Gerard Deulofeu,96372,F,72,Andrea Consigli,81,Sassuolo,1524,13.9,46.3,14,10,1,assisted,strongFoot,0,
5,12,6,07/11/2021,Udinese,Sassuolo,73,Sassuolo,2793,False,1524,Gianluca Scamacca,807301,F,74,Marco Silvestri,79,Udinese,1405,22.9,52.8,22,4,-1,assisted,strongFoot,0,
4,12,6,07/11/2021,Udinese,Sassuolo,78,Udinese,2695,True,1405,Roberto Pereyra,122701,M,73,Andrea Consigli,81,Sassuolo,1524,15.6,31.3,20,39,1,assisted,weakFoot,0,
3,12,6,07/11/2021,Udinese,Sassuolo,79,Sassuolo,2793,False,1524,Gianluca Scamacca,807301,F,74,Marco Silvestri,79,Udinese,1405,25.5,64.7,27,21,-1,assisted,strongFoot,0,
2,12,6,07/11/2021,Udinese,Sassuolo,80,Udinese,2695,True,1405,Gerard Deulofeu,96372,F,72,Andrea Consigli,81,Sassuolo,1524,13.5,35.5,16,36,1,assisted,strongFoot,0,
1,12,6,07/11/2021,Udinese,Sassuolo,82,Udinese,2695,True,1405,Gerard Deulofeu,96372,F,72,Andrea Consigli,81,Sassuolo,1524,29.1,35.3,30,18,1,free-kick,strongFoot,0,
0,12,6,07/11/2021,Udinese,Sassuolo,90,Sassuolo,2793,False,1524,Gian Marco Ferrari,170887,D,26,Marco Silvestri,79,Udinese,1405,10.4,58.1,11,27,-1,assisted,head,0,
20,12,7,07/11/2021,Lazio,US Salernitana 1919,1,Lazio,2699,True,1624,Ciro Immobile,45923,F,87,Vid Belec,73,US Salernitana 1919,1345,21.9,36.7,23,22,0,assisted,strongFoot,0,
19,12,7,07/11/2021,Lazio,US Salernitana 1919,10,Lazio,2699,True,1624,Danilo Cataldi,317301,M,70,Vid Belec,73,US Salernitana 1919,1345,21.7,20.7,29,42,0,free-kick,strongFoot,0,
18,12,7,07/11/2021,Lazio,US Salernitana 1919,16,Lazio,2699,True,1624,Luis Alberto,111416,M,75,Vid Belec,73,US Salernitana 1919,1345,18.9,43.1,19,13,0,assisted,strongFoot,0,
17,12,7,07/11/2021,Lazio,US Salernitana 1919,17,Lazio,2699,True,1624,Ciro Immobile,45923,F,87,Vid Belec,73,US Salernitana 1919,1345,12.4,53.6,12,11,0,assisted,strongFoot,0,
16,12,7,07/11/2021,Lazio,US Salernitana 1919,18,Lazio,2699,True,1624,Sergej Milinković-Savić,331447,M,78,Vid Belec,73,US Salernitana 1919,1345,11.9,64.8,15,40,0,corner,strongFoot,0,
15,12,7,07/11/2021,Lazio,US Salernitana 1919,21,Lazio,2699,True,1624,Felipe Anderson,152276,M,73,Vid Belec,73,US Salernitana 1919,1345,14.7,35.5,17,33,0,assisted,strongFoot,0,
14,12,7,07/11/2021,Lazio,US Salernitana 1919,25,Lazio,2699,True,1624,Sergej Milinković-Savić,331447,M,78,Vid Belec,73,US Salernitana 1919,1345,21.1,55.9,21,10,0,assisted,strongFoot,0,
13,12,7,07/11/2021,Lazio,US Salernitana 1919,31,Lazio,2699,True,1624,Ciro Immobile,45923,F,87,Vid Belec,73,US Salernitana 1919,1345,7.7,47.6,7,11,0,assisted,head,1,
12,12,7,07/11/2021,Lazio,US Salernitana 1919,34,Lazio,2699,True,1624,Luis Alberto,111416,M,75,Vid Belec,73,US Salernitana 1919,1345,28.1,41.5,28,11,1,assisted,strongFoot,0,
11,12,7,07/11/2021,Lazio,US Salernitana 1919,36,Lazio,2699,True,1624,Pedro,35428,F,73,Vid Belec,73,US Salernitana 1919,1345,9.7,35.5,13,45,1,regular,weakFoot,1,
10,12,7,07/11/2021,Lazio,US Salernitana 1919,44,Lazio,2699,True,1624,Sergej Milinković-Savić,331447,M,78,Vid Belec,73,US Salernitana 1919,1345,24.3,50.0,24,0,2,free-kick,strongFoot,0,
8,12,7,07/11/2021,Lazio,US Salernitana 1919,47,US Salernitana 1919,2710,False,1345,Norbert Gyömbér,224456,D,31,Pepe Reina,78,Lazio,1624,10.1,46.4,10,13,-2,corner,head,0,
9,12,7,07/11/2021,Lazio,US Salernitana 1919,47,US Salernitana 1919,2710,False,1345,Milan Đurić,76132,F,64,Pepe Reina,78,Lazio,1624,7.5,46.4,7,18,-2,corner,head,0,
7,12,7,07/11/2021,Lazio,US Salernitana 1919,58,Lazio,2699,True,1624,Luis Alberto,111416,M,75,Vid Belec,73,US Salernitana 1919,1345,20.6,50.4,20,0,2,assisted,strongFoot,0,
6,12,7,07/11/2021,Lazio,US Salernitana 1919,65,US Salernitana 1919,2710,False,1345,Cedric Gondo,812207,F,63,Pepe Reina,78,Lazio,1624,12.1,56.9,12,21,-2,assisted,strongFoot,0,
5,12,7,07/11/2021,Lazio,US Salernitana 1919,66,US Salernitana 1919,2710,False,1345,Franck Ribéry,5712,M,73,Pepe Reina,78,Lazio,1624,13.8,65.1,17,36,-2,assisted,strongFoot,0,
4,12,7,07/11/2021,Lazio,US Salernitana 1919,67,Lazio,2699,True,1624,Felipe Anderson,152276,M,73,Vid Belec,73,US Salernitana 1919,1345,12.6,52.5,12,7,2,assisted,weakFoot,0,
3,12,7,07/11/2021,Lazio,US Salernitana 1919,69,Lazio,2699,True,1624,Luis Alberto,111416,M,75,Vid Belec,73,US Salernitana 1919,1345,9.4,33.0,14,50,2,assisted,strongFoot,1,
2,12,7,07/11/2021,Lazio,US Salernitana 1919,81,US Salernitana 1919,2710,False,1345,Frédéric Veseli,137775,D,40,Pepe Reina,78,Lazio,1624,19.8,72.1,24,37,-3,regular,strongFoot,0,
1,12,7,07/11/2021,Lazio,US Salernitana 1919,82,Lazio,2699,True,1624,Ciro Immobile,45923,F,87,Vid Belec,73,US Salernitana 1919,1345,12.8,67.0,17,42,3,assisted,strongFoot,0,
0,12,7,07/11/2021,Lazio,US Salernitana 1919,88,Lazio,2699,True,1624,Ciro Immobile,45923,F,87,Vid Belec,73,US Salernitana 1919,1345,10.0,36.3,13,42,3,assisted,strongFoot,0,
26,12,8,07/11/2021,SSC Napoli,Hellas Verona,9,SSC Napoli,2714,True,1752,Piotr Zieliński,138605,M,74,Lorenzo Montipò,74,Hellas Verona,1418,10.8,41.2,12,28,0,assisted,weakFoot,0,
24,12,8,07/11/2021,SSC Napoli,Hellas Verona,12,Hellas Verona,2701,False,1418,Nicolò Casale,862697,D,42,David Ospina,79,SSC Napoli,1752,7.7,36.7,11,49,0,regular,weakFoot,0,
25,12,8,07/11/2021,SSC Napoli,Hellas Verona,12,Hellas Verona,2701,False,1418,Gianluca Caprari,148458,F,69,David Ospina,79,SSC Napoli,1752,16.3,50.9,16,2,0,assisted,strongFoot,0,
23,12,8,07/11/2021,SSC Napoli,Hellas Verona,13,Hellas Verona,2701,False,1418,Giovanni Simeone,341143,F,73,David Ospina,79,SSC Napoli,1752,4.2,51.2,4,10,0,assisted,weakFoot,1,
22,12,8,07/11/2021,SSC Napoli,Hellas Verona,15,SSC Napoli,2714,True,1752,Lorenzo Insigne,106258,M,77,Lorenzo Montipò,74,Hellas Verona,1418,14.4,52.4,14,6,0,assisted,strongFoot,0,
21,12,8,07/11/2021,SSC Napoli,Hellas Verona,18,SSC Napoli,2714,True,1752,Giovanni Di Lorenzo,153257,D,65,Lorenzo Montipò,74,Hellas Verona,1418,8.5,66.3,13,52,0,set-piece,strongFoot,1,
20,12,8,07/11/2021,SSC Napoli,Hellas Verona,26,Hellas Verona,2701,False,1418,Antonín Barák,330705,M,74,David Ospina,79,SSC Napoli,1752,19.7,62.5,21,23,0,assisted,weakFoot,0,
19,12,8,07/11/2021,SSC Napoli,Hellas Verona,27,SSC Napoli,2714,True,1752,Matteo Politano,235672,M,77,Lorenzo Montipò,74,Hellas Verona,1418,1.5,57.9,5,74,0,assisted,head,0,
18,12,8,07/11/2021,SSC Napoli,Hellas Verona,28,Hellas Verona,2701,False,1418,Antonín Barák,330705,M,74,David Ospina,79,SSC Napoli,1752,12.8,66.6,17,41,0,regular,strongFoot,0,
17,12,8,07/11/2021,SSC Napoli,Hellas Verona,32,Hellas Verona,2701,False,1418,Antonín Barák,330705,M,74,David Ospina,79,SSC Napoli,1752,14.4,44.0,14,15,0,assisted,weakFoot,0,
16,12,8,07/11/2021,SSC Napoli,Hellas Verona,37,SSC Napoli,2714,True,1752,Frank Anguissa,787941,M,62,Lorenzo Montipò,74,Hellas Verona,1418,25.3,61.8,26,17,0,assisted,strongFoot,0,
15,12,8,07/11/2021,SSC Napoli,Hellas Verona,38,SSC Napoli,2714,True,1752,Victor Osimhen,822471,F,79,Lorenzo Montipò,74,Hellas Verona,1418,18.7,51.9,18,3,0,assisted,strongFoot,0,
14,12,8,07/11/2021,SSC Napoli,Hellas Verona,38,SSC Napoli,2714,True,1752,Mário Rui,99546,D,48,Lorenzo Montipò,74,Hellas Verona,1418,14.3,28.8,20,45,0,assisted,strongFoot,0,
13,12,8,07/11/2021,SSC Napoli,Hellas Verona,42,SSC Napoli,2714,True,1752,Victor Osimhen,822471,F,79,Lorenzo Montipò,74,Hellas Verona,1418,9.5,56.7,10,25,0,assisted,weakFoot,0,
12,12,8,07/11/2021,SSC Napoli,Hellas Verona,54,SSC Napoli,2714,True,1752,Matteo Politano,235672,M,77,Lorenzo Montipò,74,Hellas Verona,1418,22.1,62.7,23,21,0,assisted,strongFoot,0,
11,12,8,07/11/2021,SSC Napoli,Hellas Verona,58,Hellas Verona,2701,False,1418,Gianluca Caprari,148458,F,69,David Ospina,79,SSC Napoli,1752,22.3,58.7,23,14,0,assisted,strongFoot,0,
10,12,8,07/11/2021,SSC Napoli,Hellas Verona,60,Hellas Verona,2701,False,1418,Gianluca Caprari,148458,F,69,David Ospina,79,SSC Napoli,1752,19.0,51.9,19,3,0,regular,strongFoot,0,
9,12,8,07/11/2021,SSC Napoli,Hellas Verona,65,SSC Napoli,2714,True,1752,Hirving Lozano,385320,F,75,Lorenzo Montipò,74,Hellas Verona,1418,16.5,56.1,17,14,0,assisted,weakFoot,0,
8,12,8,07/11/2021,SSC Napoli,Hellas Verona,68,Hellas Verona,2701,False,1418,Antonín Barák,330705,M,74,David Ospina,79,SSC Napoli,1752,12.3,59.7,13,28,0,assisted,strongFoot,0,
7,12,8,07/11/2021,SSC Napoli,Hellas Verona,69,SSC Napoli,2714,True,1752,Victor Osimhen,822471,F,79,Lorenzo Montipò,74,Hellas Verona,1418,32.0,61.8,32,14,0,assisted,strongFoot,0,
6,12,8,07/11/2021,SSC Napoli,Hellas Verona,70,SSC Napoli,2714,True,1752,Lorenzo Insigne,106258,M,77,Lorenzo Montipò,74,Hellas Verona,1418,24.1,83.0,32,42,0,free-kick,strongFoot,0,
5,12,8,07/11/2021,SSC Napoli,Hellas Verona,73,SSC Napoli,2714,True,1752,Lorenzo Insigne,106258,M,77,Lorenzo Montipò,74,Hellas Verona,1418,30.5,44.3,30,7,0,free-kick,strongFoot,0,
4,12,8,07/11/2021,SSC Napoli,Hellas Verona,74,SSC Napoli,2714,True,1752,Lorenzo Insigne,106258,M,77,Lorenzo Montipò,74,Hellas Verona,1418,15.0,32.1,19,39,0,assisted,strongFoot,0,
3,12,8,07/11/2021,SSC Napoli,Hellas Verona,77,Hellas Verona,2701,False,1418,Kevin Lasagna,587962,F,69,David Ospina,79,SSC Napoli,1752,21.5,24.6,27,38,0,regular,strongFoot,0,
2,12,8,07/11/2021,SSC Napoli,Hellas Verona,83,Hellas Verona,2701,False,1418,Kevin Lasagna,587962,F,69,David Ospina,79,SSC Napoli,1752,10.7,45.8,11,14,0,assisted,head,0,
1,12,8,07/11/2021,SSC Napoli,Hellas Verona,90,SSC Napoli,2714,True,1752,Dries Mertens,32493,M,80,Lorenzo Montipò,74,Hellas Verona,1418,27.0,44.0,27,8,0,free-kick,strongFoot,0,
0,12,8,07/11/2021,SSC Napoli,Hellas Verona,90,SSC Napoli,2714,True,1752,Eljif Elmas,838232,M,68,Lorenzo Montipò,74,Hellas Verona,1418,27.3,41.8,27,11,0,assisted,strongFoot,0,
29,12,9,07/11/2021,AC Milan,Inter,4,Inter,2697,False,1815,Hakan Çalhanoğlu,135700,M,77,Ciprian Tătărușanu,77,AC Milan,1719,20.1,30.7,24,33,0,fast-break,weakFoot,0,
28,12,9,07/11/2021,AC Milan,Inter,11,Inter,2697,False,1815,Hakan Çalhanoğlu,135700,M,77,Ciprian Tătărușanu,77,AC Milan,1719,11.5,50.0,11,0,0,penalty,strongFoot,1,
27,12,9,07/11/2021,AC Milan,Inter,14,AC Milan,2692,True,1719,Rafael Leão,851284,F,72,Samir Handanović,86,Inter,1815,14.7,31.6,19,40,0,assisted,strongFoot,0,
26,12,9,07/11/2021,AC Milan,Inter,16,AC Milan,2692,True,1719,Rafael Leão,851284,F,72,Samir Handanović,86,Inter,1815,28.6,51.1,28,1,0,regular,strongFoot,0,
24,12,9,07/11/2021,AC Milan,Inter,20,Inter,2697,False,1815,Lautaro Martínez,823984,F,81,Ciprian Tătărușanu,77,AC Milan,1719,27.6,43.1,27,9,0,regular,strongFoot,0,
23,12,9,07/11/2021,AC Milan,Inter,27,Inter,2697,False,1815,Lautaro Martínez,823984,F,81,Ciprian Tătărușanu,77,AC Milan,1719,11.5,50.0,11,0,0,penalty,strongFoot,0,
22,12,9,07/11/2021,AC Milan,Inter,32,AC Milan,2692,True,1719,Sandro Tonali,892673,M,66,Samir Handanović,86,Inter,1815,26.6,39.2,27,15,0,regular,weakFoot,0,
21,12,9,07/11/2021,AC Milan,Inter,37,AC Milan,2692,True,1719,Rafael Leão,851284,F,72,Samir Handanović,86,Inter,1815,11.8,34.0,16,42,0,assisted,weakFoot,0,
20,12,9,07/11/2021,AC Milan,Inter,37,AC Milan,2692,True,1719,Rafael Leão,851284,F,72,Samir Handanović,86,Inter,1815,10.4,41.0,12,30,0,regular,strongFoot,0,
19,12,9,07/11/2021,AC Milan,Inter,44,Inter,2697,False,1815,Nicolò Barella,363856,M,70,Ciprian Tătărușanu,77,AC Milan,1719,10.3,57.3,11,25,0,assisted,strongFoot,0,
18,12,9,07/11/2021,AC Milan,Inter,44,Inter,2697,False,1815,Hakan Çalhanoğlu,135700,M,77,Ciprian Tătărușanu,77,AC Milan,1719,28.3,51.3,28,1,0,regular,strongFoot,0,
17,12,9,07/11/2021,AC Milan,Inter,45,Inter,2697,False,1815,Lautaro Martínez,823984,F,81,Ciprian Tătărușanu,77,AC Milan,1719,13.0,53.2,13,9,0,assisted,strongFoot,0,
16,12,9,07/11/2021,AC Milan,Inter,49,Inter,2697,False,1815,Edin Džeko,14990,F,82,Ciprian Tătărușanu,77,AC Milan,1719,7.5,49.7,7,1,0,set-piece,head,0,
15,12,9,07/11/2021,AC Milan,Inter,55,Inter,2697,False,1815,Lautaro Martínez,823984,F,81,Ciprian Tătărușanu,77,AC Milan,1719,20.8,67.0,23,29,0,assisted,strongFoot,0,
14,12,9,07/11/2021,AC Milan,Inter,56,Inter,2697,False,1815,Hakan Çalhanoğlu,135700,M,77,Ciprian Tătărușanu,77,AC Milan,1719,6.1,64.8,11,58,0,corner,strongFoot,0,
12,12,9,07/11/2021,AC Milan,Inter,67,AC Milan,2692,True,1719,Ante Rebić,152769,M,82,Samir Handanović,86,Inter,1815,9.8,29.1,17,55,0,assisted,weakFoot,0,
13,12,9,07/11/2021,AC Milan,Inter,67,Inter,2697,False,1815,Hakan Çalhanoğlu,135700,M,77,Ciprian Tătărușanu,77,AC Milan,1719,23.6,38.0,24,19,0,assisted,strongFoot,0,
11,12,9,07/11/2021,AC Milan,Inter,69,AC Milan,2692,True,1719,Zlatan Ibrahimović,2089,F,86,Samir Handanović,86,Inter,1815,11.1,65.8,15,44,0,corner,weakFoot,0,
10,12,9,07/11/2021,AC Milan,Inter,72,Inter,2697,False,1815,Arturo Vidal,18342,M,78,Ciprian Tătărușanu,77,AC Milan,1719,13.1,50.3,13,0,0,assisted,strongFoot,0,
9,12,9,07/11/2021,AC Milan,Inter,72,Inter,2697,False,1815,Arturo Vidal,18342,M,78,Ciprian Tătărușanu,77,AC Milan,1719,9.3,54.0,9,16,0,regular,strongFoot,0,
8,12,9,07/11/2021,AC Milan,Inter,82,AC Milan,2692,True,1719,Zlatan Ibrahimović,2089,F,86,Samir Handanović,86,Inter,1815,22.8,30.5,26,30,0,free-kick,weakFoot,0,
7,12,9,07/11/2021,AC Milan,Inter,83,AC Milan,2692,True,1719,Ismaël Bennacer,823733,M,67,Samir Handanović,86,Inter,1815,10.3,43.9,11,21,0,assisted,weakFoot,0,
6,12,9,07/11/2021,AC Milan,Inter,86,AC Milan,2692,True,1719,Ante Rebić,152769,M,82,Samir Handanović,86,Inter,1815,4.8,60.2,8,55,0,corner,strongFoot,0,
5,12,9,07/11/2021,AC Milan,Inter,86,AC Milan,2692,True,1719,Ante Rebić,152769,M,82,Samir Handanović,86,Inter,1815,8.3,53.7,8,16,0,corner,weakFoot,0,
4,12,9,07/11/2021,AC Milan,Inter,88,AC Milan,2692,True,1719,Ante Rebić,152769,M,82,Samir Handanović,86,Inter,1815,15.9,40.1,17,22,0,assisted,strongFoot,0,
3,12,9,07/11/2021,AC Milan,Inter,88,AC Milan,2692,True,1719,Davide Calabria,318607,D,50,Samir Handanović,86,Inter,1815,21.2,56.7,21,12,0,assisted,weakFoot,0,
2,12,9,07/11/2021,AC Milan,Inter,88,AC Milan,2692,True,1719,Pierre Kalulu,965330,D,34,Samir Handanović,86,Inter,1815,20.8,33.0,23,29,0,assisted,strongFoot,0,
1,12,9,07/11/2021,AC Milan,Inter,89,AC Milan,2692,True,1719,Alexis Saelemaekers,901891,M,65,Samir Handanović,86,Inter,1815,26.9,45.8,27,6,0,assisted,strongFoot,0,
0,12,9,07/11/2021,AC Milan,Inter,89,AC Milan,2692,True,1719,Franck Kessié,359226,M,73,Samir Handanović,86,Inter,1815,12.8,55.7,13,16,0,regular,weakFoot,0,
27,13,0,20/11/2021,Atalanta,Spezia,4,Atalanta,2686,True,1751,Josip Iličić,41270,F,85,Ivan Provedel,74,Spezia,1342,11.7,67.8,16,45,0,assisted,strongFoot,0,
25,13,0,20/11/2021,Atalanta,Spezia,11,Spezia,2735,False,1342,M'bala Nzola,788061,F,69,Juan Musso,81,Atalanta,1751,7.3,57.1,8,33,0,regular,strongFoot,1,
26,13,0,20/11/2021,Atalanta,Spezia,11,Spezia,2735,False,1342,Daniele Verde,605580,F,72,Juan Musso,81,Atalanta,1751,25.8,50.9,25,1,1,assisted,strongFoot,0,
24,13,0,20/11/2021,Atalanta,Spezia,13,Spezia,2735,False,1342,Giulio Maggiore,848185,M,58,Juan Musso,81,Atalanta,1751,11.2,35.1,15,42,1,regular,strongFoot,0,
23,13,0,20/11/2021,Atalanta,Spezia,18,Atalanta,2686,True,1751,Mario Pašalić,190437,M,74,Ivan Provedel,74,Spezia,1342,7.5,48.9,7,5,-1,assisted,strongFoot,1,
22,13,0,20/11/2021,Atalanta,Spezia,21,Atalanta,2686,True,1751,Joakim Mæhle,842364,D,55,Ivan Provedel,74,Spezia,1342,24.2,43.6,24,10,0,assisted,strongFoot,0,
21,13,0,20/11/2021,Atalanta,Spezia,22,Spezia,2735,False,1342,Giulio Maggiore,848185,M,58,Juan Musso,81,Atalanta,1751,25.2,45.8,25,6,0,assisted,weakFoot,0,
20,13,0,20/11/2021,Atalanta,Spezia,24,Atalanta,2686,True,1751,Duván Zapata,38162,F,81,Ivan Provedel,74,Spezia,1342,3.3,34.5,11,72,0,regular,weakFoot,0,
19,13,0,20/11/2021,Atalanta,Spezia,26,Atalanta,2686,True,1751,Davide Zappacosta,132318,M,65,Ivan Provedel,74,Spezia,1342,13.2,72.6,20,49,0,fast-break,strongFoot,0,
18,13,0,20/11/2021,Atalanta,Spezia,28,Atalanta,2686,True,1751,Teun Koopmeiners,803033,M,71,Ivan Provedel,74,Spezia,1342,24.5,47.4,24,4,0,assisted,strongFoot,0,
17,13,0,20/11/2021,Atalanta,Spezia,33,Atalanta,2686,True,1751,Joakim Mæhle,842364,D,55,Ivan Provedel,74,Spezia,1342,7.7,35.4,12,52,0,fast-break,strongFoot,0,
16,13,0,20/11/2021,Atalanta,Spezia,38,Atalanta,2686,True,1751,Duván Zapata,38162,F,81,Ivan Provedel,74,Spezia,1342,11.5,50.0,11,0,0,penalty,strongFoot,1,
15,13,0,20/11/2021,Atalanta,Spezia,41,Atalanta,2686,True,1751,Mario Pašalić,190437,M,74,Ivan Provedel,74,Spezia,1342,13.9,47.2,14,7,1,assisted,strongFoot,1,
14,13,0,20/11/2021,Atalanta,Spezia,44,Atalanta,2686,True,1751,Duván Zapata,38162,F,81,Ivan Provedel,74,Spezia,1342,11.1,33.6,15,45,2,assisted,strongFoot,0,
13,13,0,20/11/2021,Atalanta,Spezia,44,Atalanta,2686,True,1751,Duván Zapata,38162,F,81,Ivan Provedel,74,Spezia,1342,12.4,42.1,13,23,2,assisted,strongFoot,0,
12,13,0,20/11/2021,Atalanta,Spezia,54,Atalanta,2686,True,1751,Joakim Mæhle,842364,D,55,Ivan Provedel,74,Spezia,1342,14.4,42.1,15,20,2,fast-break,strongFoot,0,
11,13,0,20/11/2021,Atalanta,Spezia,62,Atalanta,2686,True,1751,Davide Zappacosta,132318,M,65,Ivan Provedel,74,Spezia,1342,8.8,69.7,16,56,2,assisted,strongFoot,0,
10,13,0,20/11/2021,Atalanta,Spezia,66,Spezia,2735,False,1342,M'bala Nzola,788061,F,69,Juan Musso,81,Atalanta,1751,11.1,70.5,17,51,-2,assisted,weakFoot,0,
9,13,0,20/11/2021,Atalanta,Spezia,69,Atalanta,2686,True,1751,Berat Djimsiti,151003,D,37,Ivan Provedel,74,Spezia,1342,26.7,46.1,26,5,2,assisted,strongFoot,0,
8,13,0,20/11/2021,Atalanta,Spezia,78,Atalanta,2686,True,1751,Duván Zapata,38162,F,81,Ivan Provedel,74,Spezia,1342,23.9,54.6,24,7,2,assisted,strongFoot,0,
7,13,0,20/11/2021,Atalanta,Spezia,82,Spezia,2735,False,1342,Giulio Maggiore,848185,M,58,Juan Musso,81,Atalanta,1751,21.8,48.0,21,3,-2,assisted,strongFoot,0,
6,13,0,20/11/2021,Atalanta,Spezia,83,Atalanta,2686,True,1751,Luis Muriel,119242,F,83,Ivan Provedel,74,Spezia,1342,13.5,48.5,13,4,2,assisted,weakFoot,1,
5,13,0,20/11/2021,Atalanta,Spezia,84,Spezia,2735,False,1342,Rey Manaj,587882,F,71,Juan Musso,81,Atalanta,1751,28.1,50.1,28,0,-3,assisted,weakFoot,0,
4,13,0,20/11/2021,Atalanta,Spezia,85,Spezia,2735,False,1342,Ebrima Colley,928106,F,64,Juan Musso,81,Atalanta,1751,23.1,51.9,23,3,-3,assisted,strongFoot,0,
3,13,0,20/11/2021,Atalanta,Spezia,87,Atalanta,2686,True,1751,Luis Muriel,119242,F,83,Ivan Provedel,74,Spezia,1342,19.1,46.9,19,6,3,regular,strongFoot,0,
2,13,0,20/11/2021,Atalanta,Spezia,89,Atalanta,2686,True,1751,Ruslan Malinovskyi,195850,M,79,Ivan Provedel,74,Spezia,1342,20.0,49.2,20,1,3,assisted,strongFoot,1,
1,13,0,20/11/2021,Atalanta,Spezia,90,Spezia,2735,False,1342,Rey Manaj,587882,F,71,Juan Musso,81,Atalanta,1751,14.7,42.1,15,20,-4,assisted,weakFoot,0,
0,13,0,20/11/2021,Atalanta,Spezia,90,Spezia,2735,False,1342,M'bala Nzola,788061,F,69,Juan Musso,81,Atalanta,1751,10.4,56.9,11,24,-4,corner,strongFoot,1,
18,13,1,20/11/2021,Lazio,Juventus,6,Lazio,2699,True,1625,Felipe Anderson,152276,M,74,Wojciech Szczęsny,87,Juventus,1881,21.5,60.8,22,18,0,assisted,strongFoot,0,
17,13,1,20/11/2021,Lazio,Juventus,8,Lazio,2699,True,1625,Manuel Lazzari,273405,D,60,Wojciech Szczęsny,87,Juventus,1881,28.1,62.3,29,16,0,regular,strongFoot,0,
16,13,1,20/11/2021,Lazio,Juventus,23,Juventus,2687,False,1881,Leonardo Bonucci,15444,D,58,Pepe Reina,78,Lazio,1625,11.5,50.0,11,0,0,penalty,strongFoot,1,
15,13,1,20/11/2021,Lazio,Juventus,34,Lazio,2699,True,1625,Sergej Milinković-Savić,331447,M,78,Wojciech Szczęsny,87,Juventus,1881,28.1,32.8,30,22,-1,free-kick,strongFoot,0,
14,13,1,20/11/2021,Lazio,Juventus,35,Lazio,2699,True,1625,Luiz Felipe,850035,D,29,Wojciech Szczęsny,87,Juventus,1881,14.3,53.0,14,8,-1,corner,strongFoot,0,
13,13,1,20/11/2021,Lazio,Juventus,36,Lazio,2699,True,1625,Sergej Milinković-Savić,331447,M,78,Wojciech Szczęsny,87,Juventus,1881,25.5,39.2,26,16,-1,corner,strongFoot,0,
12,13,1,20/11/2021,Lazio,Juventus,41,Juventus,2687,False,1881,Álvaro Morata,125407,F,79,Pepe Reina,78,Lazio,1625,8.1,42.7,9,31,1,assisted,strongFoot,0,
11,13,1,20/11/2021,Lazio,Juventus,44,Juventus,2687,False,1881,Dejan Kulusevski,928124,M,74,Pepe Reina,78,Lazio,1625,14.0,56.7,14,18,1,set-piece,strongFoot,0,
10,13,1,20/11/2021,Lazio,Juventus,48,Juventus,2687,False,1881,Dejan Kulusevski,928124,M,74,Pepe Reina,78,Lazio,1625,5.0,68.2,13,68,1,assisted,weakFoot,0,
9,13,1,20/11/2021,Lazio,Juventus,48,Juventus,2687,False,1881,Leonardo Bonucci,15444,D,58,Pepe Reina,78,Lazio,1625,3.3,49.3,3,8,1,corner,weakFoot,0,
8,13,1,20/11/2021,Lazio,Juventus,50,Lazio,2699,True,1625,Felipe Anderson,152276,M,74,Wojciech Szczęsny,87,Juventus,1881,13.0,42.7,13,20,-1,assisted,head,0,
7,13,1,20/11/2021,Lazio,Juventus,52,Lazio,2699,True,1625,Pedro,35428,F,73,Wojciech Szczęsny,87,Juventus,1881,19.9,75.6,26,41,-1,assisted,weakFoot,0,
6,13,1,20/11/2021,Lazio,Juventus,59,Lazio,2699,True,1625,Luis Alberto,111416,M,75,Wojciech Szczęsny,87,Juventus,1881,20.7,52.2,20,4,-1,assisted,strongFoot,0,
5,13,1,20/11/2021,Lazio,Juventus,75,Juventus,2687,False,1881,Moise Kean,835601,F,76,Pepe Reina,78,Lazio,1625,10.4,30.5,16,51,1,assisted,weakFoot,0,
4,13,1,20/11/2021,Lazio,Juventus,76,Juventus,2687,False,1881,Moise Kean,835601,F,76,Pepe Reina,78,Lazio,1625,7.5,55.0,8,24,1,corner,head,0,
3,13,1,20/11/2021,Lazio,Juventus,83,Juventus,2687,False,1881,Leonardo Bonucci,15444,D,58,Pepe Reina,78,Lazio,1625,11.5,50.0,11,0,1,penalty,strongFoot,1,
2,13,1,20/11/2021,Lazio,Juventus,86,Juventus,2687,False,1881,Moise Kean,835601,F,76,Pepe Reina,78,Lazio,1625,15.1,64.7,18,33,2,fast-break,strongFoot,0,
1,13,1,20/11/2021,Lazio,Juventus,88,Juventus,2687,False,1881,Adrien Rabiot,250737,M,73,Pepe Reina,78,Lazio,1625,18.5,26.4,24,40,2,assisted,strongFoot,0,
0,13,1,20/11/2021,Lazio,Juventus,89,Juventus,2687,False,1881,Moise Kean,835601,F,76,Pepe Reina,78,Lazio,1625,14.4,48.7,14,3,2,fast-break,strongFoot,0,
26,13,2,20/11/2021,Fiorentina,AC Milan,6,AC Milan,2692,False,1726,Rafael Leão,851284,F,72,Pietro Terracciano,71,Fiorentina,1460,8.3,34.7,13,51,0,assisted,weakFoot,0,
25,13,2,20/11/2021,Fiorentina,AC Milan,14,Fiorentina,2693,True,1460,Dušan Vlahović,832208,F,78,Ciprian Tătărușanu,76,AC Milan,1726,11.8,55.8,12,18,0,corner,head,0,
24,13,2,20/11/2021,Fiorentina,AC Milan,15,Fiorentina,2693,True,1460,Alfred Duncan,232224,M,62,Ciprian Tătărușanu,76,AC Milan,1726,6.9,50.8,6,4,0,corner,strongFoot,1,
23,13,2,20/11/2021,Fiorentina,AC Milan,17,Fiorentina,2693,True,1460,Dušan Vlahović,832208,F,78,Ciprian Tătărușanu,76,AC Milan,1726,12.3,48.5,12,4,1,assisted,head,0,
22,13,2,20/11/2021,Fiorentina,AC Milan,20,AC Milan,2692,False,1726,Sandro Tonali,892673,M,66,Pietro Terracciano,71,Fiorentina,1460,27.1,48.4,27,2,-1,regular,strongFoot,0,
21,13,2,20/11/2021,Fiorentina,AC Milan,21,AC Milan,2692,False,1726,Rafael Leão,851284,F,72,Pietro Terracciano,71,Fiorentina,1460,24.0,49.0,24,1,-1,assisted,strongFoot,0,
20,13,2,20/11/2021,Fiorentina,AC Milan,30,AC Milan,2692,False,1726,Rafael Leão,851284,F,72,Pietro Terracciano,71,Fiorentina,1460,19.1,36.1,21,26,-1,fast-break,strongFoot,0,
19,13,2,20/11/2021,Fiorentina,AC Milan,31,AC Milan,2692,False,1726,Sandro Tonali,892673,M,66,Pietro Terracciano,71,Fiorentina,1460,14.1,59.9,15,25,-1,assisted,weakFoot,0,
18,13,2,20/11/2021,Fiorentina,AC Milan,34,AC Milan,2692,False,1726,Zlatan Ibrahimović,2089,F,86,Pietro Terracciano,71,Fiorentina,1460,12.2,56.1,12,18,-1,assisted,weakFoot,0,
17,13,2,20/11/2021,Fiorentina,AC Milan,35,AC Milan,2692,False,1726,Rafael Leão,851284,F,72,Pietro Terracciano,71,Fiorentina,1460,9.1,34.0,14,50,-1,assisted,weakFoot,0,
16,13,2,20/11/2021,Fiorentina,AC Milan,37,Fiorentina,2693,True,1460,Giacomo Bonaventura,36784,M,75,Ciprian Tătărușanu,76,AC Milan,1726,14.4,52.2,14,5,1,regular,weakFoot,0,
15,13,2,20/11/2021,Fiorentina,AC Milan,42,AC Milan,2692,False,1726,Zlatan Ibrahimović,2089,F,86,Pietro Terracciano,71,Fiorentina,1460,6.8,45.7,7,23,-1,assisted,head,0,
14,13,2,20/11/2021,Fiorentina,AC Milan,44,AC Milan,2692,False,1726,Rafael Leão,851284,F,72,Pietro Terracciano,71,Fiorentina,1460,15.0,34.7,18,34,-1,assisted,weakFoot,0,
13,13,2,20/11/2021,Fiorentina,AC Milan,45,AC Milan,2692,False,1726,Zlatan Ibrahimović,2089,F,86,Pietro Terracciano,71,Fiorentina,1460,8.0,56.7,9,29,-1,corner,weakFoot,0,
12,13,2,20/11/2021,Fiorentina,AC Milan,45,Fiorentina,2693,True,1460,Riccardo Saponara,126236,M,66,Ciprian Tătărușanu,76,AC Milan,1726,19.9,37.1,21,23,1,assisted,strongFoot,1,
11,13,2,20/11/2021,Fiorentina,AC Milan,50,AC Milan,2692,False,1726,Zlatan Ibrahimović,2089,F,86,Pietro Terracciano,71,Fiorentina,1460,9.5,44.5,10,21,-2,assisted,weakFoot,0,
10,13,2,20/11/2021,Fiorentina,AC Milan,51,Fiorentina,2693,True,1460,José Callejón,40965,F,76,Ciprian Tătărușanu,76,AC Milan,1726,7.5,55.5,8,26,2,assisted,strongFoot,0,
9,13,2,20/11/2021,Fiorentina,AC Milan,52,AC Milan,2692,False,1726,Franck Kessié,359226,M,73,Pietro Terracciano,71,Fiorentina,1460,22.1,62.0,23,20,-2,regular,strongFoot,0,
8,13,2,20/11/2021,Fiorentina,AC Milan,53,AC Milan,2692,False,1726,Rafael Leão,851284,F,72,Pietro Terracciano,71,Fiorentina,1460,14.2,36.9,16,32,-2,assisted,strongFoot,0,
7,13,2,20/11/2021,Fiorentina,AC Milan,60,Fiorentina,2693,True,1460,Dušan Vlahović,832208,F,78,Ciprian Tătărușanu,76,AC Milan,1726,6.1,31.8,13,63,2,assisted,strongFoot,1,
6,13,2,20/11/2021,Fiorentina,AC Milan,62,AC Milan,2692,False,1726,Zlatan Ibrahimović,2089,F,86,Pietro Terracciano,71,Fiorentina,1460,9.5,35.7,13,45,-3,regular,weakFoot,1,
5,13,2,20/11/2021,Fiorentina,AC Milan,67,AC Milan,2692,False,1726,Zlatan Ibrahimović,2089,F,86,Pietro Terracciano,71,Fiorentina,1460,8.2,46.2,8,17,-2,assisted,weakFoot,1,
4,13,2,20/11/2021,Fiorentina,AC Milan,70,Fiorentina,2693,True,1460,Riccardo Saponara,126236,M,66,Ciprian Tătărușanu,76,AC Milan,1726,14.9,29.2,20,43,1,assisted,weakFoot,0,
3,13,2,20/11/2021,Fiorentina,AC Milan,85,Fiorentina,2693,True,1460,Dušan Vlahović,832208,F,78,Ciprian Tătărușanu,76,AC Milan,1726,16.2,56.7,16,15,1,assisted,strongFoot,1,
2,13,2,20/11/2021,Fiorentina,AC Milan,90,AC Milan,2692,False,1726,Simon Kjær,21535,D,55,Pietro Terracciano,71,Fiorentina,1460,12.1,43.9,12,18,-2,set-piece,head,0,
1,13,2,20/11/2021,Fiorentina,AC Milan,90,AC Milan,2692,False,1726,Zlatan Ibrahimović,2089,F,86,Pietro Terracciano,71,Fiorentina,1460,7.7,58.4,9,36,-2,assisted,head,0,
30,13,3,21/11/2021,Sassuolo,Cagliari,7,Sassuolo,2793,True,1512,Davide Frattesi,835600,M,68,Alessio Cragno,81,Cagliari,1342,10.3,59.0,11,30,0,assisted,weakFoot,0,
28,13,3,21/11/2021,Sassuolo,Cagliari,13,Sassuolo,2793,True,1512,Hamed Junior Traorè,892924,M,69,Alessio Cragno,81,Cagliari,1342,20.5,47.0,20,5,0,regular,strongFoot,0,
29,13,3,21/11/2021,Sassuolo,Cagliari,13,Sassuolo,2793,True,1512,Gianluca Scamacca,807301,F,74,Alessio Cragno,81,Cagliari,1342,7.3,46.6,7,17,0,assisted,weakFoot,0,
27,13,3,21/11/2021,Sassuolo,Cagliari,19,Cagliari,2719,False,1342,Nahitan Nández,589620,M,66,Andrea Consigli,80,Sassuolo,1512,25.4,57.5,25,11,0,corner,strongFoot,0,
26,13,3,21/11/2021,Sassuolo,Cagliari,22,Sassuolo,2793,True,1512,Gianluca Scamacca,807301,F,74,Alessio Cragno,81,Cagliari,1342,10.4,52.8,10,10,0,corner,head,0,
25,13,3,21/11/2021,Sassuolo,Cagliari,25,Sassuolo,2793,True,1512,Domenico Berardi,253367,F,80,Alessio Cragno,81,Cagliari,1342,18.9,63.7,21,26,0,corner,weakFoot,0,
24,13,3,21/11/2021,Sassuolo,Cagliari,26,Sassuolo,2793,True,1512,Gian Marco Ferrari,170887,D,27,Alessio Cragno,81,Cagliari,1342,5.7,68.2,13,65,0,set-piece,weakFoot,0,
23,13,3,21/11/2021,Sassuolo,Cagliari,26,Sassuolo,2793,True,1512,Giacomo Raspadori,865651,F,72,Alessio Cragno,81,Cagliari,1342,2.6,41.5,6,65,0,set-piece,weakFoot,0,
22,13,3,21/11/2021,Sassuolo,Cagliari,28,Cagliari,2719,False,1342,Raoul Bellanova,826185,M,30,Andrea Consigli,80,Sassuolo,1512,9.1,31.8,15,53,0,assisted,strongFoot,0,
21,13,3,21/11/2021,Sassuolo,Cagliari,31,Cagliari,2719,False,1342,Luca Ceppitelli,131108,D,34,Andrea Consigli,80,Sassuolo,1512,8.3,49.9,8,0,0,corner,head,0,
20,13,3,21/11/2021,Sassuolo,Cagliari,35,Sassuolo,2793,True,1512,Giacomo Raspadori,865651,F,72,Alessio Cragno,81,Cagliari,1342,24.4,40.8,25,14,0,free-kick,weakFoot,0,
19,13,3,21/11/2021,Sassuolo,Cagliari,35,Sassuolo,2793,True,1512,Rogério,830551,D,51,Alessio Cragno,81,Cagliari,1342,20.7,32.2,23,30,0,set-piece,weakFoot,0,
18,13,3,21/11/2021,Sassuolo,Cagliari,36,Cagliari,2719,False,1342,João Pedro Galvão,123208,F,78,Andrea Consigli,80,Sassuolo,1512,14.2,49.5,14,1,0,assisted,head,0,
17,13,3,21/11/2021,Sassuolo,Cagliari,37,Sassuolo,2793,True,1512,Gianluca Scamacca,807301,F,74,Alessio Cragno,81,Cagliari,1342,12.0,60.4,13,30,0,assisted,strongFoot,1,
16,13,3,21/11/2021,Sassuolo,Cagliari,39,Cagliari,2719,False,1342,Alberto Grassi,186845,M,62,Andrea Consigli,80,Sassuolo,1512,13.4,64.9,16,37,-1,regular,strongFoot,0,
15,13,3,21/11/2021,Sassuolo,Cagliari,39,Cagliari,2719,False,1342,Gabriele Zappa,927304,D,30,Andrea Consigli,80,Sassuolo,1512,4.4,59.8,7,56,-1,assisted,head,0,
14,13,3,21/11/2021,Sassuolo,Cagliari,39,Cagliari,2719,False,1342,João Pedro Galvão,123208,F,78,Andrea Consigli,80,Sassuolo,1512,8.4,44.7,9,23,-1,corner,head,0,
13,13,3,21/11/2021,Sassuolo,Cagliari,40,Cagliari,2719,False,1342,Keita Baldé,317699,F,73,Andrea Consigli,80,Sassuolo,1512,11.8,53.0,11,9,-1,corner,strongFoot,1,
12,13,3,21/11/2021,Sassuolo,Cagliari,47,Sassuolo,2793,True,1512,Domenico Berardi,253367,F,80,Alessio Cragno,81,Cagliari,1342,11.5,63.3,14,38,0,regular,strongFoot,0,
11,13,3,21/11/2021,Sassuolo,Cagliari,52,Sassuolo,2793,True,1512,Domenico Berardi,253367,F,80,Alessio Cragno,81,Cagliari,1342,11.5,50.0,11,0,0,penalty,strongFoot,1,
10,13,3,21/11/2021,Sassuolo,Cagliari,54,Sassuolo,2793,True,1512,Gianluca Scamacca,807301,F,74,Alessio Cragno,81,Cagliari,1342,5.6,48.9,5,7,1,corner,head,0,
9,13,3,21/11/2021,Sassuolo,Cagliari,56,Cagliari,2719,False,1342,João Pedro Galvão,123208,F,78,Andrea Consigli,80,Sassuolo,1512,11.5,50.0,11,0,-1,penalty,strongFoot,1,
8,13,3,21/11/2021,Sassuolo,Cagliari,62,Sassuolo,2793,True,1512,Hamed Junior Traorè,892924,M,69,Alessio Cragno,81,Cagliari,1342,8.5,43.7,9,26,0,assisted,strongFoot,0,
7,13,3,21/11/2021,Sassuolo,Cagliari,68,Sassuolo,2793,True,1512,Domenico Berardi,253367,F,80,Alessio Cragno,81,Cagliari,1342,24.6,67.0,27,25,0,assisted,strongFoot,0,
6,13,3,21/11/2021,Sassuolo,Cagliari,68,Sassuolo,2793,True,1512,Davide Frattesi,835600,M,68,Alessio Cragno,81,Cagliari,1342,16.0,49.9,16,0,0,assisted,strongFoot,0,
5,13,3,21/11/2021,Sassuolo,Cagliari,70,Sassuolo,2793,True,1512,Davide Frattesi,835600,M,68,Alessio Cragno,81,Cagliari,1342,22.5,55.5,22,9,0,assisted,weakFoot,0,
4,13,3,21/11/2021,Sassuolo,Cagliari,77,Sassuolo,2793,True,1512,Rogério,830551,D,51,Alessio Cragno,81,Cagliari,1342,17.1,33.2,20,33,0,assisted,strongFoot,0,
3,13,3,21/11/2021,Sassuolo,Cagliari,80,Sassuolo,2793,True,1512,Grégoire Defrel,148566,F,75,Alessio Cragno,81,Cagliari,1342,11.2,39.2,13,33,0,assisted,strongFoot,0,
2,13,3,21/11/2021,Sassuolo,Cagliari,86,Cagliari,2719,False,1342,Alessandro Deiola,328109,M,63,Andrea Consigli,80,Sassuolo,1512,19.2,31.2,23,33,0,regular,strongFoot,0,
1,13,3,21/11/2021,Sassuolo,Cagliari,89,Cagliari,2719,False,1342,João Pedro Galvão,123208,F,78,Andrea Consigli,80,Sassuolo,1512,11.8,53.2,11,10,0,assisted,weakFoot,0,
0,13,3,21/11/2021,Sassuolo,Cagliari,90,Sassuolo,2793,True,1512,Domenico Berardi,253367,F,80,Alessio Cragno,81,Cagliari,1342,26.8,57.1,27,10,0,corner,strongFoot,0,
29,13,4,21/11/2021,Bologna,Venezia,4,Bologna,2685,True,1439,Mattias Svanberg,796987,M,65,Sergio Romero,79,Venezia,1372,19.2,50.7,19,1,0,assisted,weakFoot,0,
28,13,4,21/11/2021,Bologna,Venezia,5,Bologna,2685,True,1439,Mattias Svanberg,796987,M,65,Sergio Romero,79,Venezia,1372,22.6,34.7,24,24,0,assisted,strongFoot,0,
27,13,4,21/11/2021,Bologna,Venezia,9,Bologna,2685,True,1439,Musa Barrow,916680,F,73,Sergio Romero,79,Venezia,1372,7.4,49.3,7,3,0,regular,weakFoot,0,
26,13,4,21/11/2021,Bologna,Venezia,10,Bologna,2685,True,1439,Marko Arnautović,21927,F,81,Sergio Romero,79,Venezia,1372,21.8,51.1,21,1,0,assisted,weakFoot,0,
25,13,4,21/11/2021,Bologna,Venezia,12,Bologna,2685,True,1439,Musa Barrow,916680,F,73,Sergio Romero,79,Venezia,1372,21.8,43.3,22,11,0,set-piece,strongFoot,0,
24,13,4,21/11/2021,Bologna,Venezia,14,Bologna,2685,True,1439,Adama Soumaoro,158573,D,37,Sergio Romero,79,Venezia,1372,5.1,43.5,6,40,0,corner,head,0,
23,13,4,21/11/2021,Bologna,Venezia,16,Bologna,2685,True,1439,Arthur Theate,965778,D,39,Sergio Romero,79,Venezia,1372,31.1,32.8,33,20,0,assisted,strongFoot,0,
22,13,4,21/11/2021,Bologna,Venezia,18,Venezia,2688,False,1372,Mattia Aramu,187111,F,62,Łukasz Skorupski,75,Bologna,1439,24.6,88.0,35,46,0,assisted,strongFoot,0,
21,13,4,21/11/2021,Bologna,Venezia,34,Bologna,2685,True,1439,Mattias Svanberg,796987,M,65,Sergio Romero,79,Venezia,1372,19.2,35.9,21,26,0,assisted,strongFoot,0,
20,13,4,21/11/2021,Bologna,Venezia,41,Bologna,2685,True,1439,Marko Arnautović,21927,F,81,Sergio Romero,79,Venezia,1372,15.5,65.3,18,33,0,corner,weakFoot,0,
19,13,4,21/11/2021,Bologna,Venezia,50,Bologna,2685,True,1439,Riccardo Orsolini,793645,M,70,Sergio Romero,79,Venezia,1372,7.9,67.2,14,55,0,assisted,weakFoot,0,
18,13,4,21/11/2021,Bologna,Venezia,52,Venezia,2688,False,1372,Ridgeciano Haps,250501,M,61,Łukasz Skorupski,75,Bologna,1439,26.9,26.4,31,30,0,assisted,strongFoot,0,
17,13,4,21/11/2021,Bologna,Venezia,55,Bologna,2685,True,1439,Riccardo Orsolini,793645,M,70,Sergio Romero,79,Venezia,1372,14.4,56.1,14,16,0,corner,strongFoot,0,
16,13,4,21/11/2021,Bologna,Venezia,59,Bologna,2685,True,1439,Arthur Theate,965778,D,39,Sergio Romero,79,Venezia,1372,6.6,44.6,7,29,0,corner,head,0,
15,13,4,21/11/2021,Bologna,Venezia,61,Venezia,2688,False,1372,David Okereke,831290,F,66,Łukasz Skorupski,75,Bologna,1439,8.7,46.0,9,17,0,assisted,strongFoot,1,
14,13,4,21/11/2021,Bologna,Venezia,64,Bologna,2685,True,1439,Mattias Svanberg,796987,M,65,Sergio Romero,79,Venezia,1372,20.7,55.5,21,10,-1,set-piece,strongFoot,0,
13,13,4,21/11/2021,Bologna,Venezia,64,Venezia,2688,False,1372,Tanner Tessmann,1022084,M,46,Łukasz Skorupski,75,Bologna,1439,11.7,27.9,19,52,1,regular,weakFoot,0,
12,13,4,21/11/2021,Bologna,Venezia,73,Bologna,2685,True,1439,Mattias Svanberg,796987,M,65,Sergio Romero,79,Venezia,1372,13.2,56.3,13,17,-1,corner,strongFoot,0,
11,13,4,21/11/2021,Bologna,Venezia,77,Bologna,2685,True,1439,Marko Arnautović,21927,F,81,Sergio Romero,79,Venezia,1372,23.2,49.3,23,1,-1,assisted,weakFoot,0,
10,13,4,21/11/2021,Bologna,Venezia,77,Bologna,2685,True,1439,Roberto Soriano,80406,M,74,Sergio Romero,79,Venezia,1372,7.8,40.2,10,40,-1,assisted,weakFoot,0,
9,13,4,21/11/2021,Bologna,Venezia,77,Bologna,2685,True,1439,Nicolás Domínguez,871765,M,65,Sergio Romero,79,Venezia,1372,19.8,58.5,20,16,-1,assisted,strongFoot,0,
8,13,4,21/11/2021,Bologna,Venezia,80,Bologna,2685,True,1439,Nicola Sansone,100580,F,71,Sergio Romero,79,Venezia,1372,25.6,62.7,27,18,-1,corner,weakFoot,0,
7,13,4,21/11/2021,Bologna,Venezia,80,Bologna,2685,True,1439,Mattias Svanberg,796987,M,65,Sergio Romero,79,Venezia,1372,18.0,55.8,18,12,-1,corner,strongFoot,0,
6,13,4,21/11/2021,Bologna,Venezia,81,Venezia,2688,False,1372,Thomas Henry,795541,F,72,Łukasz Skorupski,75,Bologna,1439,11.8,48.5,11,4,1,assisted,head,0,
5,13,4,21/11/2021,Bologna,Venezia,87,Bologna,2685,True,1439,Emanuel Vignato,862373,F,60,Sergio Romero,79,Venezia,1372,15.1,57.1,15,17,-1,regular,weakFoot,0,
4,13,4,21/11/2021,Bologna,Venezia,90,Venezia,2688,False,1372,Tanner Tessmann,1022084,M,46,Łukasz Skorupski,75,Bologna,1439,5.8,29.9,14,67,1,assisted,strongFoot,0,
3,13,4,21/11/2021,Bologna,Venezia,90,Bologna,2685,True,1439,Nicola Sansone,100580,F,71,Sergio Romero,79,Venezia,1372,14.7,25.8,22,48,-1,regular,strongFoot,0,
2,13,4,21/11/2021,Bologna,Venezia,90,Bologna,2685,True,1439,Nicola Sansone,100580,F,71,Sergio Romero,79,Venezia,1372,23.6,63.5,25,21,-1,assisted,strongFoot,0,
1,13,4,21/11/2021,Bologna,Venezia,90,Venezia,2688,False,1372,Sofian Kiyine,862372,M,56,Łukasz Skorupski,75,Bologna,1439,23.8,37.1,25,20,1,fast-break,strongFoot,0,
0,13,4,21/11/2021,Bologna,Venezia,90,Venezia,2688,False,1372,Thomas Henry,795541,F,72,Łukasz Skorupski,75,Bologna,1439,10.5,64.5,14,43,1,fast-break,strongFoot,0,
31,13,5,21/11/2021,US Salernitana 1919,Sampdoria,3,US Salernitana 1919,2710,True,1342,Franck Ribéry,5712,M,73,Emil Audero,78,Sampdoria,1342,23.5,29.8,27,30,0,assisted,strongFoot,0,
30,13,5,21/11/2021,US Salernitana 1919,Sampdoria,4,US Salernitana 1919,2710,True,1342,Milan Đurić,76132,F,64,Emil Audero,78,Sampdoria,1342,9.9,54.3,10,16,0,assisted,head,0,
29,13,5,21/11/2021,US Salernitana 1919,Sampdoria,10,US Salernitana 1919,2710,True,1342,Milan Đurić,76132,F,64,Emil Audero,78,Sampdoria,1342,9.7,47.2,9,11,0,corner,head,0,
28,13,5,21/11/2021,US Salernitana 1919,Sampdoria,10,Sampdoria,2711,False,1342,Fabio Quagliarella,11621,F,83,Vid Belec,73,US Salernitana 1919,1342,18.1,41.7,18,17,0,assisted,strongFoot,0,
27,13,5,21/11/2021,US Salernitana 1919,Sampdoria,10,Sampdoria,2711,False,1342,Fabio Quagliarella,11621,F,83,Vid Belec,73,US Salernitana 1919,1342,13.9,39.5,15,27,0,regular,weakFoot,0,
26,13,5,21/11/2021,US Salernitana 1919,Sampdoria,12,Sampdoria,2711,False,1342,Antonio Candreva,27982,F,78,Vid Belec,73,US Salernitana 1919,1342,14.1,55.7,14,15,0,throw-in-set-piece,strongFoot,0,
25,13,5,21/11/2021,US Salernitana 1919,Sampdoria,15,Sampdoria,2711,False,1342,Fabio Quagliarella,11621,F,83,Vid Belec,73,US Salernitana 1919,1342,13.2,66.9,17,41,0,assisted,weakFoot,0,
24,13,5,21/11/2021,US Salernitana 1919,Sampdoria,17,Sampdoria,2711,False,1342,Francesco Caputo,43905,F,78,Vid Belec,73,US Salernitana 1919,1342,12.5,53.0,12,9,0,assisted,weakFoot,0,
23,13,5,21/11/2021,US Salernitana 1919,Sampdoria,25,US Salernitana 1919,2710,True,1342,Milan Đurić,76132,F,64,Emil Audero,78,Sampdoria,1342,9.9,50.1,9,0,0,assisted,strongFoot,0,
22,13,5,21/11/2021,US Salernitana 1919,Sampdoria,28,US Salernitana 1919,2710,True,1342,Cedric Gondo,812207,F,63,Emil Audero,78,Sampdoria,1342,13.8,49.3,13,1,0,assisted,head,0,
21,13,5,21/11/2021,US Salernitana 1919,Sampdoria,36,Sampdoria,2711,False,1342,Morten Thorsby,280991,M,60,Vid Belec,73,US Salernitana 1919,1342,13.8,52.8,13,7,0,assisted,strongFoot,0,
20,13,5,21/11/2021,US Salernitana 1919,Sampdoria,36,Sampdoria,2711,False,1342,Francesco Caputo,43905,F,78,Vid Belec,73,US Salernitana 1919,1342,8.3,53.6,8,16,0,regular,head,0,
19,13,5,21/11/2021,US Salernitana 1919,Sampdoria,36,Sampdoria,2711,False,1342,Valerio Verre,139267,M,73,Vid Belec,73,US Salernitana 1919,1342,24.2,33.1,26,25,0,assisted,weakFoot,0,
18,13,5,21/11/2021,US Salernitana 1919,Sampdoria,38,Sampdoria,2711,False,1342,Francesco Caputo,43905,F,78,Vid Belec,73,US Salernitana 1919,1342,26.7,50.1,26,0,0,assisted,strongFoot,0,
16,13,5,21/11/2021,US Salernitana 1919,Sampdoria,43,Sampdoria,2711,False,1342,Antonio Candreva,27982,F,78,Vid Belec,73,US Salernitana 1919,1342,8.4,57.9,9,32,1,fast-break,strongFoot,1,
15,13,5,21/11/2021,US Salernitana 1919,Sampdoria,45,US Salernitana 1919,2710,True,1342,Grigoris Kastanos,791566,M,57,Emil Audero,78,Sampdoria,1342,14.2,35.3,17,35,-2,assisted,weakFoot,0,
13,13,5,21/11/2021,US Salernitana 1919,Sampdoria,53,US Salernitana 1919,2710,True,1342,Luca Ranieri,893998,D,33,Emil Audero,78,Sampdoria,1342,7.4,58.4,9,37,-2,corner,strongFoot,0,
14,13,5,21/11/2021,US Salernitana 1919,Sampdoria,53,US Salernitana 1919,2710,True,1342,Francesco Di Tacchio,43830,M,48,Emil Audero,78,Sampdoria,1342,27.3,62.9,28,17,-2,free-kick,strongFoot,0,
12,13,5,21/11/2021,US Salernitana 1919,Sampdoria,54,US Salernitana 1919,2710,True,1342,Riccardo Gagliolo,131716,D,51,Emil Audero,78,Sampdoria,1342,24.1,36.4,25,20,-2,corner,strongFoot,0,
11,13,5,21/11/2021,US Salernitana 1919,Sampdoria,54,US Salernitana 1919,2710,True,1342,Lassana Coulibaly,804621,M,56,Emil Audero,78,Sampdoria,1342,18.8,53.2,18,6,-2,corner,strongFoot,0,
10,13,5,21/11/2021,US Salernitana 1919,Sampdoria,58,US Salernitana 1919,2710,True,1342,Franck Ribéry,5712,M,73,Emil Audero,78,Sampdoria,1342,4.0,17.5,22,79,-2,free-kick,strongFoot,0,
9,13,5,21/11/2021,US Salernitana 1919,Sampdoria,71,Sampdoria,2711,False,1342,Radu Drăguşin,997103,D,30,Vid Belec,73,US Salernitana 1919,1342,14.2,73.1,21,47,2,assisted,strongFoot,0,
8,13,5,21/11/2021,US Salernitana 1919,Sampdoria,73,US Salernitana 1919,2710,True,1342,Milan Đurić,76132,F,64,Emil Audero,78,Sampdoria,1342,6.6,53.6,7,20,-2,assisted,head,0,
7,13,5,21/11/2021,US Salernitana 1919,Sampdoria,77,US Salernitana 1919,2710,True,1342,Simy,170499,F,76,Emil Audero,78,Sampdoria,1342,9.4,45.5,9,18,-2,corner,head,0,
6,13,5,21/11/2021,US Salernitana 1919,Sampdoria,79,US Salernitana 1919,2710,True,1342,Federico Bonazzoli,284363,F,67,Emil Audero,78,Sampdoria,1342,11.4,71.6,18,52,-2,assisted,strongFoot,0,
5,13,5,21/11/2021,US Salernitana 1919,Sampdoria,79,US Salernitana 1919,2710,True,1342,Joel Obi,79403,M,66,Emil Audero,78,Sampdoria,1342,5.7,45.5,6,28,-2,corner,head,0,
4,13,5,21/11/2021,US Salernitana 1919,Sampdoria,83,US Salernitana 1919,2710,True,1342,Wajdi Kechrida,880061,D,32,Emil Audero,78,Sampdoria,1342,11.8,54.6,12,14,-2,set-piece,strongFoot,0,
3,13,5,21/11/2021,US Salernitana 1919,Sampdoria,85,Sampdoria,2711,False,1342,Fabio Quagliarella,11621,F,83,Vid Belec,73,US Salernitana 1919,1342,38.2,31.6,40,18,2,regular,strongFoot,0,
2,13,5,21/11/2021,US Salernitana 1919,Sampdoria,90,US Salernitana 1919,2710,True,1342,Milan Đurić,76132,F,64,Emil Audero,78,Sampdoria,1342,10.6,38.3,13,36,-2,corner,head,0,
1,13,5,21/11/2021,US Salernitana 1919,Sampdoria,90,US Salernitana 1919,2710,True,1342,Norbert Gyömbér,224456,D,31,Emil Audero,78,Sampdoria,1342,12.8,43.5,13,19,-2,corner,weakFoot,0,
0,13,5,21/11/2021,US Salernitana 1919,Sampdoria,90,Sampdoria,2711,False,1342,Manolo Gabbiadini,53816,F,78,Vid Belec,73,US Salernitana 1919,1342,14.0,74.7,21,50,2,fast-break,strongFoot,0,
25,13,6,21/11/2021,Inter,SSC Napoli,7,Inter,2697,True,1830,Lautaro Martínez,823984,F,81,David Ospina,79,SSC Napoli,1755,7.2,50.1,7,0,0,assisted,head,0,
24,13,6,21/11/2021,Inter,SSC Napoli,16,Inter,2697,True,1830,Matteo Darmian,19352,D,57,David Ospina,79,SSC Napoli,1755,24.1,70.3,27,29,0,assisted,weakFoot,0,
23,13,6,21/11/2021,Inter,SSC Napoli,17,SSC Napoli,2714,False,1755,Piotr Zieliński,138605,M,74,Samir Handanović,85,Inter,1830,18.3,55.5,18,11,0,assisted,weakFoot,1,
22,13,6,21/11/2021,Inter,SSC Napoli,19,Inter,2697,True,1830,Milan Škriniar,187205,D,41,David Ospina,79,SSC Napoli,1755,6.5,46.4,6,20,0,set-piece,head,0,
21,13,6,21/11/2021,Inter,SSC Napoli,23,Inter,2697,True,1830,Nicolò Barella,363856,M,72,David Ospina,79,SSC Napoli,1755,10.8,54.3,11,15,0,assisted,strongFoot,0,
20,13,6,21/11/2021,Inter,SSC Napoli,25,Inter,2697,True,1830,Hakan Çalhanoğlu,135700,M,77,David Ospina,79,SSC Napoli,1755,11.5,50.0,11,0,0,penalty,strongFoot,1,
19,13,6,21/11/2021,Inter,SSC Napoli,27,Inter,2697,True,1830,Hakan Çalhanoğlu,135700,M,77,David Ospina,79,SSC Napoli,1755,11.5,69.4,17,48,1,assisted,strongFoot,0,
18,13,6,21/11/2021,Inter,SSC Napoli,34,SSC Napoli,2714,False,1755,Victor Osimhen,822471,F,80,Samir Handanović,85,Inter,1830,9.3,57.7,10,29,-1,assisted,strongFoot,0,
17,13,6,21/11/2021,Inter,SSC Napoli,35,Inter,2697,True,1830,Lautaro Martínez,823984,F,81,David Ospina,79,SSC Napoli,1755,17.1,43.7,17,14,1,assisted,strongFoot,0,
16,13,6,21/11/2021,Inter,SSC Napoli,39,SSC Napoli,2714,False,1755,Victor Osimhen,822471,F,80,Samir Handanović,85,Inter,1830,6.2,48.2,6,11,-1,assisted,head,0,
15,13,6,21/11/2021,Inter,SSC Napoli,43,Inter,2697,True,1830,Nicolò Barella,363856,M,72,David Ospina,79,SSC Napoli,1755,19.4,63.3,21,24,1,regular,strongFoot,0,
14,13,6,21/11/2021,Inter,SSC Napoli,43,Inter,2697,True,1830,Joaquín Correa,249929,F,75,David Ospina,79,SSC Napoli,1755,13.4,32.5,17,41,1,regular,strongFoot,0,
13,13,6,21/11/2021,Inter,SSC Napoli,43,Inter,2697,True,1830,Joaquín Correa,249929,F,75,David Ospina,79,SSC Napoli,1755,19.0,54.5,19,9,1,assisted,strongFoot,0,
12,13,6,21/11/2021,Inter,SSC Napoli,44,Inter,2697,True,1830,Ivan Perišić,38710,M,79,David Ospina,79,SSC Napoli,1755,3.1,32.2,12,75,1,corner,head,1,
10,13,6,21/11/2021,Inter,SSC Napoli,45,Inter,2697,True,1830,Lautaro Martínez,823984,F,81,David Ospina,79,SSC Napoli,1755,4.3,64.9,11,67,2,regular,weakFoot,0,
11,13,6,21/11/2021,Inter,SSC Napoli,45,Inter,2697,True,1830,Lautaro Martínez,823984,F,81,David Ospina,79,SSC Napoli,1755,5.5,63.0,10,58,2,regular,strongFoot,0,
9,13,6,21/11/2021,Inter,SSC Napoli,47,Inter,2697,True,1830,Lautaro Martínez,823984,F,81,David Ospina,79,SSC Napoli,1755,8.7,43.4,9,27,2,assisted,weakFoot,0,
8,13,6,21/11/2021,Inter,SSC Napoli,60,SSC Napoli,2714,False,1755,Fabián Ruiz,784655,M,77,Samir Handanović,85,Inter,1830,18.3,48.4,18,3,-2,assisted,strongFoot,0,
7,13,6,21/11/2021,Inter,SSC Napoli,61,Inter,2697,True,1830,Lautaro Martínez,823984,F,81,David Ospina,79,SSC Napoli,1755,13.6,67.8,18,41,2,fast-break,strongFoot,1,
6,13,6,21/11/2021,Inter,SSC Napoli,70,Inter,2697,True,1830,Ivan Perišić,38710,M,79,David Ospina,79,SSC Napoli,1755,18.9,33.2,22,31,3,assisted,weakFoot,0,
5,13,6,21/11/2021,Inter,SSC Napoli,78,SSC Napoli,2714,False,1755,Dries Mertens,32493,M,80,Samir Handanović,85,Inter,1830,24.0,57.3,24,11,-3,assisted,strongFoot,1,
4,13,6,21/11/2021,Inter,SSC Napoli,83,SSC Napoli,2714,False,1755,Dries Mertens,32493,M,80,Samir Handanović,85,Inter,1830,12.2,53.4,12,10,-2,assisted,strongFoot,0,
3,13,6,21/11/2021,Inter,SSC Napoli,84,SSC Napoli,2714,False,1755,Piotr Zieliński,138605,M,74,Samir Handanović,85,Inter,1830,19.5,53.6,19,7,-2,regular,weakFoot,0,
2,13,6,21/11/2021,Inter,SSC Napoli,86,Inter,2697,True,1830,Milan Škriniar,187205,D,41,David Ospina,79,SSC Napoli,1755,28.6,76.5,33,32,2,regular,weakFoot,0,
1,13,6,21/11/2021,Inter,SSC Napoli,90,SSC Napoli,2714,False,1755,Mário Rui,99546,D,48,Samir Handanović,85,Inter,1830,7.2,37.9,10,48,-2,assisted,head,0,
0,13,6,21/11/2021,Inter,SSC Napoli,90,SSC Napoli,2714,False,1755,Dries Mertens,32493,M,80,Samir Handanović,85,Inter,1830,9.2,41.9,10,30,-2,assisted,strongFoot,0,
19,13,7,21/11/2021,Genoa,AS Roma,4,AS Roma,2702,False,1682,Eldor Shomurodov,792283,F,70,Salvatore Sirigu,81,Genoa,1372,7.1,46.2,7,19,0,assisted,head,0,
18,13,7,21/11/2021,Genoa,AS Roma,14,AS Roma,2702,False,1682,Henrikh Mkhitaryan,37151,M,78,Salvatore Sirigu,81,Genoa,1372,17.1,48.2,17,4,0,regular,weakFoot,0,
17,13,7,21/11/2021,Genoa,AS Roma,18,AS Roma,2702,False,1682,Eldor Shomurodov,792283,F,70,Salvatore Sirigu,81,Genoa,1372,10.0,56.0,10,22,0,assisted,strongFoot,0,
16,13,7,21/11/2021,Genoa,AS Roma,24,Genoa,2713,True,1372,Caleb Ekuban,309156,F,70,Rui Patrício,82,AS Roma,1682,14.0,48.0,14,5,0,assisted,weakFoot,0,
15,13,7,21/11/2021,Genoa,AS Roma,25,AS Roma,2702,False,1682,Roger Ibañez,888949,D,31,Salvatore Sirigu,81,Genoa,1372,7.7,47.4,7,12,0,set-piece,head,0,
14,13,7,21/11/2021,Genoa,AS Roma,29,AS Roma,2702,False,1682,Eldor Shomurodov,792283,F,70,Salvatore Sirigu,81,Genoa,1372,10.0,55.5,10,20,0,fast-break,strongFoot,0,
13,13,7,21/11/2021,Genoa,AS Roma,33,AS Roma,2702,False,1682,Jordan Veretout,151124,M,75,Salvatore Sirigu,81,Genoa,1372,16.0,57.0,16,16,0,set-piece,strongFoot,0,
12,13,7,21/11/2021,Genoa,AS Roma,43,AS Roma,2702,False,1682,Henrikh Mkhitaryan,37151,M,78,Salvatore Sirigu,81,Genoa,1372,20.1,46.2,20,7,0,corner,weakFoot,0,
11,13,7,21/11/2021,Genoa,AS Roma,47,AS Roma,2702,False,1682,Eldor Shomurodov,792283,F,70,Salvatore Sirigu,81,Genoa,1372,13.4,59.0,14,24,0,assisted,strongFoot,0,
10,13,7,21/11/2021,Genoa,AS Roma,50,AS Roma,2702,False,1682,Stephan El Shaarawy,45925,F,75,Salvatore Sirigu,81,Genoa,1372,15.0,30.3,20,41,0,regular,strongFoot,0,
9,13,7,21/11/2021,Genoa,AS Roma,51,AS Roma,2702,False,1682,Henrikh Mkhitaryan,37151,M,78,Salvatore Sirigu,81,Genoa,1372,17.8,54.2,18,9,0,assisted,weakFoot,0,
8,13,7,21/11/2021,Genoa,AS Roma,51,AS Roma,2702,False,1682,Eldor Shomurodov,792283,F,70,Salvatore Sirigu,81,Genoa,1372,4.7,52.0,4,16,0,assisted,strongFoot,0,
7,13,7,21/11/2021,Genoa,AS Roma,69,AS Roma,2702,False,1682,Lorenzo Pellegrini,555540,F,74,Salvatore Sirigu,81,Genoa,1372,7.0,52.0,7,10,0,regular,strongFoot,0,
6,13,7,21/11/2021,Genoa,AS Roma,70,AS Roma,2702,False,1682,Henrikh Mkhitaryan,37151,M,78,Salvatore Sirigu,81,Genoa,1372,11.0,30.7,17,50,0,assisted,weakFoot,0,
5,13,7,21/11/2021,Genoa,AS Roma,74,AS Roma,2702,False,1682,Henrikh Mkhitaryan,37151,M,78,Salvatore Sirigu,81,Genoa,1372,18.2,56.7,18,14,0,assisted,weakFoot,0,
4,13,7,21/11/2021,Genoa,AS Roma,75,AS Roma,2702,False,1682,Felix Afena-Gyan,1108921,F,65,Salvatore Sirigu,81,Genoa,1372,9.0,40.8,10,34,0,corner,head,0,
3,13,7,21/11/2021,Genoa,AS Roma,79,AS Roma,2702,False,1682,Stephan El Shaarawy,45925,F,75,Salvatore Sirigu,81,Genoa,1372,22.9,36.3,24,22,0,set-piece,strongFoot,0,
2,13,7,21/11/2021,Genoa,AS Roma,80,AS Roma,2702,False,1682,Tammy Abraham,610766,F,77,Salvatore Sirigu,81,Genoa,1372,10.8,60.8,13,34,0,assisted,strongFoot,0,
1,13,7,21/11/2021,Genoa,AS Roma,82,AS Roma,2702,False,1682,Felix Afena-Gyan,1108921,F,65,Salvatore Sirigu,81,Genoa,1372,8.7,64.2,12,47,0,fast-break,strongFoot,1,
0,13,7,21/11/2021,Genoa,AS Roma,90,AS Roma,2702,False,1682,Felix Afena-Gyan,1108921,F,65,Salvatore Sirigu,81,Genoa,1372,25.2,30.3,28,27,1,regular,strongFoot,1,
30,13,8,22/11/2021,Hellas Verona,Empoli,2,Hellas Verona,2701,True,1424,Gianluca Caprari,148458,F,70,Guglielmo Vicario,72,Empoli,1512,24.9,38.4,26,17,0,assisted,strongFoot,0,
29,13,8,22/11/2021,Hellas Verona,Empoli,3,Hellas Verona,2701,True,1424,Adrien Tameze,139235,D,59,Guglielmo Vicario,72,Empoli,1512,14.8,68.4,19,40,0,regular,strongFoot,0,
28,13,8,22/11/2021,Hellas Verona,Empoli,5,Hellas Verona,2701,True,1424,Giovanni Simeone,341143,F,76,Guglielmo Vicario,72,Empoli,1512,13.0,55.9,13,17,0,assisted,weakFoot,0,
27,13,8,22/11/2021,Hellas Verona,Empoli,5,Hellas Verona,2701,True,1424,Antonín Barák,330705,M,74,Guglielmo Vicario,72,Empoli,1512,19.9,70.7,24,35,0,assisted,strongFoot,0,
26,13,8,22/11/2021,Hellas Verona,Empoli,15,Hellas Verona,2701,True,1424,Nicolò Casale,862697,D,45,Guglielmo Vicario,72,Empoli,1512,13.6,38.8,15,29,0,assisted,strongFoot,0,
25,13,8,22/11/2021,Hellas Verona,Empoli,17,Empoli,2705,False,1512,Liam Henderson,287573,M,59,Lorenzo Montipò,74,Hellas Verona,1424,27.6,29.1,31,27,0,assisted,strongFoot,0,
24,13,8,22/11/2021,Hellas Verona,Empoli,22,Hellas Verona,2701,True,1424,Davide Faraoni,32040,D,71,Guglielmo Vicario,72,Empoli,1512,11.3,52.4,11,8,0,set-piece,head,0,
23,13,8,22/11/2021,Hellas Verona,Empoli,23,Empoli,2705,False,1512,Andrea Pinamonti,826198,F,70,Lorenzo Montipò,74,Hellas Verona,1424,7.9,45.1,8,22,0,assisted,strongFoot,0,
22,13,8,22/11/2021,Hellas Verona,Empoli,32,Empoli,2705,False,1512,Andrea Pinamonti,826198,F,70,Lorenzo Montipò,74,Hellas Verona,1424,22.4,62.7,24,21,0,assisted,strongFoot,0,
21,13,8,22/11/2021,Hellas Verona,Empoli,41,Hellas Verona,2701,True,1424,Paweł Dawidowicz,288321,M,45,Guglielmo Vicario,72,Empoli,1512,12.2,57.3,13,22,0,set-piece,head,0,
20,13,8,22/11/2021,Hellas Verona,Empoli,41,Hellas Verona,2701,True,1424,Federico Ceccherini,139410,D,42,Guglielmo Vicario,72,Empoli,1512,25.8,41.5,26,12,0,set-piece,strongFoot,0,
19,13,8,22/11/2021,Hellas Verona,Empoli,44,Hellas Verona,2701,True,1424,Koray Günter,138165,D,31,Guglielmo Vicario,72,Empoli,1512,8.4,56.3,9,27,0,assisted,head,0,
18,13,8,22/11/2021,Hellas Verona,Empoli,45,Hellas Verona,2701,True,1424,Davide Faraoni,32040,D,71,Guglielmo Vicario,72,Empoli,1512,16.0,70.7,21,41,0,assisted,strongFoot,0,
17,13,8,22/11/2021,Hellas Verona,Empoli,49,Hellas Verona,2701,True,1424,Antonín Barák,330705,M,74,Guglielmo Vicario,72,Empoli,1512,9.8,46.0,10,15,0,assisted,head,1,
16,13,8,22/11/2021,Hellas Verona,Empoli,51,Hellas Verona,2701,True,1424,Gianluca Caprari,148458,F,70,Guglielmo Vicario,72,Empoli,1512,6.7,44.2,7,30,1,assisted,head,0,
15,13,8,22/11/2021,Hellas Verona,Empoli,59,Empoli,2705,False,1512,Samuele Ricci,930189,M,45,Lorenzo Montipò,74,Hellas Verona,1424,20.2,32.2,23,30,-1,corner,strongFoot,0,
14,13,8,22/11/2021,Hellas Verona,Empoli,60,Hellas Verona,2701,True,1424,Miguel Veloso,6557,M,70,Guglielmo Vicario,72,Empoli,1512,25.8,46.9,25,4,1,regular,strongFoot,0,
13,13,8,22/11/2021,Hellas Verona,Empoli,61,Hellas Verona,2701,True,1424,Giovanni Simeone,341143,F,76,Guglielmo Vicario,72,Empoli,1512,12.9,70.8,19,47,1,assisted,strongFoot,0,
12,13,8,22/11/2021,Hellas Verona,Empoli,62,Hellas Verona,2701,True,1424,Gianluca Caprari,148458,F,70,Guglielmo Vicario,72,Empoli,1512,18.1,48.8,18,2,1,assisted,strongFoot,0,
11,13,8,22/11/2021,Hellas Verona,Empoli,64,Hellas Verona,2701,True,1424,Gianluca Caprari,148458,F,70,Guglielmo Vicario,72,Empoli,1512,18.1,38.0,19,24,1,assisted,strongFoot,0,
10,13,8,22/11/2021,Hellas Verona,Empoli,67,Empoli,2705,False,1512,Simone Romagnoli,111487,D,39,Lorenzo Montipò,74,Hellas Verona,1424,0.8,47.2,2,67,-1,corner,strongFoot,1,
9,13,8,22/11/2021,Hellas Verona,Empoli,69,Hellas Verona,2701,True,1424,Giovanni Simeone,341143,F,76,Guglielmo Vicario,72,Empoli,1512,9.9,52.5,10,9,0,assisted,strongFoot,0,
8,13,8,22/11/2021,Hellas Verona,Empoli,70,Hellas Verona,2701,True,1424,Miguel Veloso,6557,M,70,Guglielmo Vicario,72,Empoli,1512,30.1,40.3,30,12,0,free-kick,strongFoot,0,
7,13,8,22/11/2021,Hellas Verona,Empoli,73,Empoli,2705,False,1512,Nedim Bajrami,825861,M,59,Lorenzo Montipò,74,Hellas Verona,1424,11.7,58.3,12,25,0,assisted,weakFoot,0,
6,13,8,22/11/2021,Hellas Verona,Empoli,73,Empoli,2705,False,1512,Federico Di Francesco,320979,M,69,Lorenzo Montipò,74,Hellas Verona,1424,13.5,55.0,13,14,0,regular,weakFoot,0,
5,13,8,22/11/2021,Hellas Verona,Empoli,78,Hellas Verona,2701,True,1424,Gianluca Caprari,148458,F,70,Guglielmo Vicario,72,Empoli,1512,17.9,55.0,18,10,0,assisted,strongFoot,0,
4,13,8,22/11/2021,Hellas Verona,Empoli,78,Empoli,2705,False,1512,Nedim Bajrami,825861,M,59,Lorenzo Montipò,74,Hellas Verona,1424,26.5,47.0,26,4,0,assisted,strongFoot,0,
3,13,8,22/11/2021,Hellas Verona,Empoli,79,Hellas Verona,2701,True,1424,Darko Lazović,41157,M,67,Guglielmo Vicario,72,Empoli,1512,8.7,33.6,14,52,0,assisted,weakFoot,0,
2,13,8,22/11/2021,Hellas Verona,Empoli,82,Hellas Verona,2701,True,1424,Davide Faraoni,32040,D,71,Guglielmo Vicario,72,Empoli,1512,4.7,43.7,6,42,0,set-piece,head,0,
1,13,8,22/11/2021,Hellas Verona,Empoli,90,Hellas Verona,2701,True,1424,Adrien Tameze,139235,D,59,Guglielmo Vicario,72,Empoli,1512,10.0,67.8,15,50,0,assisted,strongFoot,1,
0,13,8,22/11/2021,Hellas Verona,Empoli,90,Empoli,2705,False,1512,Andrea Pinamonti,826198,F,70,Lorenzo Montipò,74,Hellas Verona,1424,7.8,54.8,8,22,-1,assisted,head,0,
31,13,9,22/11/2021,Torino,Udinese,7,Torino,2696,True,1427,Andrea Belotti,220223,F,81,Marco Silvestri,79,Udinese,1417,9.9,46.3,10,14,0,assisted,head,0,
30,13,9,22/11/2021,Torino,Udinese,8,Torino,2696,True,1427,Josip Brekalo,357598,M,72,Marco Silvestri,79,Udinese,1417,29.3,46.9,29,4,0,assisted,strongFoot,1,
29,13,9,22/11/2021,Torino,Udinese,10,Udinese,2695,False,1417,Rodrigo Becão,880207,D,32,Vanja Milinković-Savić,72,Torino,1427,2.5,40.0,7,69,0,corner,strongFoot,0,
28,13,9,22/11/2021,Torino,Udinese,15,Udinese,2695,False,1417,Rodrigo Becão,880207,D,32,Vanja Milinković-Savić,72,Torino,1427,10.1,49.0,10,3,0,corner,head,0,
27,13,9,22/11/2021,Torino,Udinese,16,Udinese,2695,False,1417,Gerard Deulofeu,96372,F,72,Vanja Milinković-Savić,72,Torino,1427,11.6,19.4,23,60,0,corner,strongFoot,0,
26,13,9,22/11/2021,Torino,Udinese,26,Udinese,2695,False,1417,Ignacio Pussetto,340509,F,72,Vanja Milinković-Savić,72,Torino,1427,11.8,34.2,15,42,0,assisted,strongFoot,0,
25,13,9,22/11/2021,Torino,Udinese,27,Udinese,2695,False,1417,Beto,987489,F,73,Vanja Milinković-Savić,72,Torino,1427,12.1,51.8,12,5,0,corner,strongFoot,0,
24,13,9,22/11/2021,Torino,Udinese,39,Torino,2696,True,1427,Andrea Belotti,220223,F,81,Marco Silvestri,79,Udinese,1417,12.1,65.1,15,40,0,fast-break,strongFoot,0,
23,13,9,22/11/2021,Torino,Udinese,41,Torino,2696,True,1427,Mërgim Vojvoda,798147,D,49,Marco Silvestri,79,Udinese,1417,11.5,38.3,13,34,0,assisted,head,0,
22,13,9,22/11/2021,Torino,Udinese,44,Udinese,2695,False,1417,Destiny Udogie,983572,D,48,Vanja Milinković-Savić,72,Torino,1427,19.3,44.0,19,11,0,assisted,weakFoot,0,
21,13,9,22/11/2021,Torino,Udinese,47,Torino,2696,True,1427,Andrea Belotti,220223,F,81,Marco Silvestri,79,Udinese,1417,12.5,39.8,14,29,0,regular,weakFoot,0,
20,13,9,22/11/2021,Torino,Udinese,48,Torino,2696,True,1427,Andrea Belotti,220223,F,81,Marco Silvestri,79,Udinese,1417,10.0,36.4,13,42,0,corner,head,0,
19,13,9,22/11/2021,Torino,Udinese,48,Torino,2696,True,1427,Bremer,885197,D,35,Marco Silvestri,79,Udinese,1417,5.7,51.3,5,8,0,corner,weakFoot,0,
18,13,9,22/11/2021,Torino,Udinese,48,Torino,2696,True,1427,Tommaso Pobega,928796,M,67,Marco Silvestri,79,Udinese,1417,2.9,48.7,3,16,0,corner,head,0,
17,13,9,22/11/2021,Torino,Udinese,48,Torino,2696,True,1427,Bremer,885197,D,35,Marco Silvestri,79,Udinese,1417,0.7,51.8,1,60,0,corner,strongFoot,1,
16,13,9,22/11/2021,Torino,Udinese,51,Udinese,2695,False,1417,Walace,553686,M,66,Vanja Milinković-Savić,72,Torino,1427,22.3,34.8,24,24,-1,assisted,weakFoot,0,
15,13,9,22/11/2021,Torino,Udinese,52,Torino,2696,True,1427,Tommaso Pobega,928796,M,67,Marco Silvestri,79,Udinese,1417,17.7,54.6,17,10,1,assisted,weakFoot,0,
14,13,9,22/11/2021,Torino,Udinese,56,Torino,2696,True,1427,Josip Brekalo,357598,M,72,Marco Silvestri,79,Udinese,1417,21.3,68.7,24,30,1,assisted,strongFoot,0,
13,13,9,22/11/2021,Torino,Udinese,65,Udinese,2695,False,1417,Beto,987489,F,73,Vanja Milinković-Savić,72,Torino,1427,12.6,49.0,12,3,-1,assisted,strongFoot,0,
12,13,9,22/11/2021,Torino,Udinese,65,Udinese,2695,False,1417,Fernando Forestieri,27792,F,70,Vanja Milinković-Savić,72,Torino,1427,8.7,47.6,8,10,-1,regular,strongFoot,0,
11,13,9,22/11/2021,Torino,Udinese,66,Torino,2696,True,1427,Mërgim Vojvoda,798147,D,49,Marco Silvestri,79,Udinese,1417,28.4,35.1,30,19,1,assisted,strongFoot,0,
10,13,9,22/11/2021,Torino,Udinese,67,Udinese,2695,False,1417,Roberto Pereyra,122701,M,73,Vanja Milinković-Savić,72,Torino,1427,20.7,53.7,20,6,-1,assisted,weakFoot,0,
9,13,9,22/11/2021,Torino,Udinese,71,Udinese,2695,False,1417,Beto,987489,F,73,Vanja Milinković-Savić,72,Torino,1427,25.9,26.4,30,31,-1,assisted,strongFoot,0,
8,13,9,22/11/2021,Torino,Udinese,73,Torino,2696,True,1427,Bremer,885197,D,35,Marco Silvestri,79,Udinese,1417,6.0,44.7,6,30,1,set-piece,strongFoot,0,
7,13,9,22/11/2021,Torino,Udinese,75,Torino,2696,True,1427,Andrea Belotti,220223,F,81,Marco Silvestri,79,Udinese,1417,14.4,52.4,14,6,1,assisted,strongFoot,0,
6,13,9,22/11/2021,Torino,Udinese,76,Udinese,2695,False,1417,Walace,553686,M,66,Vanja Milinković-Savić,72,Torino,1427,27.6,57.6,28,10,-1,regular,strongFoot,0,
5,13,9,22/11/2021,Torino,Udinese,77,Udinese,2695,False,1417,Fernando Forestieri,27792,F,70,Vanja Milinković-Savić,72,Torino,1427,26.8,27.5,30,29,-1,free-kick,strongFoot,1,
4,13,9,22/11/2021,Torino,Udinese,83,Udinese,2695,False,1417,Tolgay Arslan,71203,M,68,Vanja Milinković-Savić,72,Torino,1427,12.1,36.6,15,36,0,assisted,strongFoot,0,
3,13,9,22/11/2021,Torino,Udinese,83,Udinese,2695,False,1417,Beto,987489,F,73,Vanja Milinković-Savić,72,Torino,1427,12.1,51.1,12,3,0,regular,strongFoot,0,
2,13,9,22/11/2021,Torino,Udinese,83,Udinese,2695,False,1417,Brandon Soppy,963211,D,37,Vanja Milinković-Savić,72,Torino,1427,8.0,65.4,13,52,0,assisted,strongFoot,0,
1,13,9,22/11/2021,Torino,Udinese,86,Udinese,2695,False,1417,Beto,987489,F,73,Vanja Milinković-Savić,72,Torino,1427,12.2,49.3,12,2,0,set-piece,head,0,
0,13,9,22/11/2021,Torino,Udinese,90,Udinese,2695,False,1417,Lazar Samardžić,980624,M,60,Vanja Milinković-Savić,72,Torino,1427,13.3,50.3,13,0,0,assisted,weakFoot,0,
26,14,0,26/11/2021,Cagliari,US Salernitana 1919,6,Cagliari,2719,True,1345,Răzvan Marin,279563,M,73,Vid Belec,73,US Salernitana 1919,1345,6.2,16.5,23,74,0,free-kick,strongFoot,0,
25,14,0,26/11/2021,Cagliari,US Salernitana 1919,15,Cagliari,2719,True,1345,João Pedro Galvão,123208,F,78,Vid Belec,73,US Salernitana 1919,1345,11.5,55.8,12,18,0,corner,head,0,
24,14,0,26/11/2021,Cagliari,US Salernitana 1919,17,Cagliari,2719,True,1345,Nahitan Nández,589620,M,66,Vid Belec,73,US Salernitana 1919,1345,22.6,54.0,22,6,0,set-piece,weakFoot,0,
23,14,0,26/11/2021,Cagliari,US Salernitana 1919,20,Cagliari,2719,True,1345,Andrea Carboni,970978,D,27,Vid Belec,73,US Salernitana 1919,1345,7.4,55.7,8,27,0,corner,head,0,
22,14,0,26/11/2021,Cagliari,US Salernitana 1919,22,Cagliari,2719,True,1345,Nahitan Nández,589620,M,66,Vid Belec,73,US Salernitana 1919,1345,12.8,70.3,18,47,0,assisted,weakFoot,0,
21,14,0,26/11/2021,Cagliari,US Salernitana 1919,25,Cagliari,2719,True,1345,Keita Baldé,317699,F,73,Vid Belec,73,US Salernitana 1919,1345,8.6,54.8,9,20,0,assisted,strongFoot,0,
20,14,0,26/11/2021,Cagliari,US Salernitana 1919,28,US Salernitana 1919,2710,False,1345,Cedric Gondo,812207,F,63,Alessio Cragno,81,Cagliari,1345,25.9,15.0,35,42,0,assisted,strongFoot,0,
19,14,0,26/11/2021,Cagliari,US Salernitana 1919,37,Cagliari,2719,True,1345,Răzvan Marin,279563,M,73,Vid Belec,73,US Salernitana 1919,1345,22.2,29.5,26,32,0,free-kick,strongFoot,0,
18,14,0,26/11/2021,Cagliari,US Salernitana 1919,41,US Salernitana 1919,2710,False,1345,Nadir Zortea,928104,D,34,Alessio Cragno,81,Cagliari,1345,19.8,32.5,23,31,0,assisted,strongFoot,0,
17,14,0,26/11/2021,Cagliari,US Salernitana 1919,41,US Salernitana 1919,2710,False,1345,Lassana Coulibaly,804621,M,56,Alessio Cragno,81,Cagliari,1345,25.2,55.0,25,7,0,regular,strongFoot,0,
16,14,0,26/11/2021,Cagliari,US Salernitana 1919,43,Cagliari,2719,True,1345,Nahitan Nández,589620,M,66,Vid Belec,73,US Salernitana 1919,1345,22.5,52.2,22,3,0,assisted,strongFoot,0,
15,14,0,26/11/2021,Cagliari,US Salernitana 1919,44,Cagliari,2719,True,1345,João Pedro Galvão,123208,F,78,Vid Belec,73,US Salernitana 1919,1345,8.5,61.7,11,43,0,assisted,strongFoot,0,
14,14,0,26/11/2021,Cagliari,US Salernitana 1919,45,Cagliari,2719,True,1345,Martín Cáceres,28186,D,51,Vid Belec,73,US Salernitana 1919,1345,12.8,43.3,13,19,0,corner,head,0,
13,14,0,26/11/2021,Cagliari,US Salernitana 1919,45,Cagliari,2719,True,1345,João Pedro Galvão,123208,F,78,Vid Belec,73,US Salernitana 1919,1345,11.8,55.7,12,18,0,corner,head,0,
12,14,0,26/11/2021,Cagliari,US Salernitana 1919,46,US Salernitana 1919,2710,False,1345,Joel Obi,79403,M,66,Alessio Cragno,81,Cagliari,1345,6.7,55.4,7,28,0,assisted,head,0,
11,14,0,26/11/2021,Cagliari,US Salernitana 1919,48,Cagliari,2719,True,1345,Keita Baldé,317699,F,73,Vid Belec,73,US Salernitana 1919,1345,17.8,46.2,17,8,0,assisted,strongFoot,0,
10,14,0,26/11/2021,Cagliari,US Salernitana 1919,48,Cagliari,2719,True,1345,João Pedro Galvão,123208,F,78,Vid Belec,73,US Salernitana 1919,1345,6.1,34.5,12,59,0,regular,weakFoot,0,
9,14,0,26/11/2021,Cagliari,US Salernitana 1919,58,Cagliari,2719,True,1345,Răzvan Marin,279563,M,73,Vid Belec,73,US Salernitana 1919,1345,21.6,55.0,21,8,0,assisted,strongFoot,0,
8,14,0,26/11/2021,Cagliari,US Salernitana 1919,59,Cagliari,2719,True,1345,João Pedro Galvão,123208,F,78,Vid Belec,73,US Salernitana 1919,1345,11.9,55.1,12,16,0,assisted,head,0,
7,14,0,26/11/2021,Cagliari,US Salernitana 1919,61,Cagliari,2719,True,1345,Leonardo Pavoletti,132704,F,72,Vid Belec,73,US Salernitana 1919,1345,5.4,53.8,5,25,0,corner,head,0,
6,14,0,26/11/2021,Cagliari,US Salernitana 1919,63,Cagliari,2719,True,1345,João Pedro Galvão,123208,F,78,Vid Belec,73,US Salernitana 1919,1345,8.0,51.3,8,6,0,assisted,head,0,
5,14,0,26/11/2021,Cagliari,US Salernitana 1919,65,US Salernitana 1919,2710,False,1345,Federico Bonazzoli,284363,F,67,Alessio Cragno,81,Cagliari,1345,28.8,45.8,28,5,0,assisted,strongFoot,0,
4,14,0,26/11/2021,Cagliari,US Salernitana 1919,66,Cagliari,2719,True,1345,João Pedro Galvão,123208,F,78,Vid Belec,73,US Salernitana 1919,1345,23.6,46.8,23,5,0,assisted,strongFoot,0,
3,14,0,26/11/2021,Cagliari,US Salernitana 1919,71,US Salernitana 1919,2710,False,1345,Luca Ranieri,893998,D,33,Alessio Cragno,81,Cagliari,1345,20.3,43.9,20,11,0,regular,strongFoot,0,
2,14,0,26/11/2021,Cagliari,US Salernitana 1919,73,Cagliari,2719,True,1345,Leonardo Pavoletti,132704,F,72,Vid Belec,73,US Salernitana 1919,1345,2.6,46.2,3,44,0,assisted,strongFoot,1,
1,14,0,26/11/2021,Cagliari,US Salernitana 1919,75,US Salernitana 1919,2710,False,1345,Francesco Di Tacchio,43830,M,48,Alessio Cragno,81,Cagliari,1345,22.7,30.9,26,29,-1,regular,strongFoot,0,
0,14,0,26/11/2021,Cagliari,US Salernitana 1919,90,US Salernitana 1919,2710,False,1345,Federico Bonazzoli,284363,F,67,Alessio Cragno,81,Cagliari,1345,10.0,59.0,11,31,-1,corner,strongFoot,1,
32,14,1,27/11/2021,Empoli,Fiorentina,3,Empoli,2705,True,1509,Patrick Cutrone,795044,F,71,Pietro Terracciano,71,Fiorentina,1475,25.2,51.9,25,2,0,regular,strongFoot,0,
30,14,1,27/11/2021,Empoli,Fiorentina,6,Fiorentina,2693,False,1475,José Callejón,40965,F,76,Guglielmo Vicario,72,Empoli,1509,8.8,66.0,13,51,0,set-piece,strongFoot,0,
31,14,1,27/11/2021,Empoli,Fiorentina,6,Fiorentina,2693,False,1475,Cristiano Biraghi,122848,D,64,Guglielmo Vicario,72,Empoli,1509,30.5,30.7,33,23,0,set-piece,strongFoot,0,
29,14,1,27/11/2021,Empoli,Fiorentina,16,Empoli,2705,True,1509,Szymon Żurkowski,860435,F,61,Pietro Terracciano,71,Fiorentina,1475,29.6,49.9,29,0,0,regular,strongFoot,0,
28,14,1,27/11/2021,Empoli,Fiorentina,19,Fiorentina,2693,False,1475,Nikola Milenković,836168,D,45,Guglielmo Vicario,72,Empoli,1509,5.5,47.0,5,20,0,corner,head,0,
27,14,1,27/11/2021,Empoli,Fiorentina,19,Empoli,2705,True,1509,Liam Henderson,287573,M,59,Pietro Terracciano,71,Fiorentina,1475,13.2,45.0,13,14,0,regular,strongFoot,0,
26,14,1,27/11/2021,Empoli,Fiorentina,22,Empoli,2705,True,1509,Patrick Cutrone,795044,F,71,Pietro Terracciano,71,Fiorentina,1475,22.2,43.3,22,11,0,fast-break,strongFoot,0,
25,14,1,27/11/2021,Empoli,Fiorentina,27,Empoli,2705,True,1509,Szymon Żurkowski,860435,F,61,Pietro Terracciano,71,Fiorentina,1475,12.1,64.9,15,39,0,assisted,strongFoot,0,
24,14,1,27/11/2021,Empoli,Fiorentina,31,Fiorentina,2693,False,1475,Riccardo Saponara,126236,M,66,Guglielmo Vicario,72,Empoli,1509,25.5,39.2,26,16,0,assisted,strongFoot,0,
23,14,1,27/11/2021,Empoli,Fiorentina,31,Fiorentina,2693,False,1475,Lucas Martínez Quarta,795297,D,55,Guglielmo Vicario,72,Empoli,1509,10.3,44.8,10,18,0,corner,strongFoot,0,
22,14,1,27/11/2021,Empoli,Fiorentina,38,Fiorentina,2693,False,1475,Giacomo Bonaventura,36784,M,75,Guglielmo Vicario,72,Empoli,1509,7.0,51.2,7,6,0,assisted,head,0,
21,14,1,27/11/2021,Empoli,Fiorentina,39,Empoli,2705,True,1509,Liam Henderson,287573,M,59,Pietro Terracciano,71,Fiorentina,1475,26.7,47.9,26,3,0,assisted,strongFoot,0,
20,14,1,27/11/2021,Empoli,Fiorentina,50,Fiorentina,2693,False,1475,Riccardo Saponara,126236,M,66,Guglielmo Vicario,72,Empoli,1509,21.5,33.2,24,27,0,assisted,strongFoot,0,
19,14,1,27/11/2021,Empoli,Fiorentina,53,Empoli,2705,True,1509,Lorenzo Tonelli,24818,D,31,Pietro Terracciano,71,Fiorentina,1475,8.4,55.0,9,22,0,corner,head,0,
18,14,1,27/11/2021,Empoli,Fiorentina,54,Fiorentina,2693,False,1475,Giacomo Bonaventura,36784,M,75,Guglielmo Vicario,72,Empoli,1509,14.7,55.7,15,14,0,assisted,strongFoot,0,
17,14,1,27/11/2021,Empoli,Fiorentina,55,Empoli,2705,True,1509,Liam Henderson,287573,M,59,Pietro Terracciano,71,Fiorentina,1475,17.9,49.4,17,1,0,assisted,strongFoot,0,
16,14,1,27/11/2021,Empoli,Fiorentina,57,Fiorentina,2693,False,1475,Dušan Vlahović,832208,F,78,Guglielmo Vicario,72,Empoli,1509,6.0,45.8,6,25,0,assisted,strongFoot,1,
14,14,1,27/11/2021,Empoli,Fiorentina,60,Empoli,2705,True,1509,Andrea Pinamonti,826198,F,70,Pietro Terracciano,71,Fiorentina,1475,8.3,37.8,11,44,-1,corner,strongFoot,0,
15,14,1,27/11/2021,Empoli,Fiorentina,60,Empoli,2705,True,1509,Lorenzo Tonelli,24818,D,31,Pietro Terracciano,71,Fiorentina,1475,9.5,44.2,10,22,-1,corner,head,0,
13,14,1,27/11/2021,Empoli,Fiorentina,62,Empoli,2705,True,1509,Federico Di Francesco,320979,M,69,Pietro Terracciano,71,Fiorentina,1475,15.4,70.1,20,41,-1,assisted,weakFoot,0,
12,14,1,27/11/2021,Empoli,Fiorentina,66,Fiorentina,2693,False,1475,Dušan Vlahović,832208,F,78,Guglielmo Vicario,72,Empoli,1509,28.6,52.7,28,3,1,free-kick,strongFoot,0,
11,14,1,27/11/2021,Empoli,Fiorentina,73,Empoli,2705,True,1509,Nicolas Haas,587126,M,57,Pietro Terracciano,71,Fiorentina,1475,2.9,41.3,6,63,-1,corner,strongFoot,0,
10,14,1,27/11/2021,Empoli,Fiorentina,73,Fiorentina,2693,False,1475,Giacomo Bonaventura,36784,M,75,Guglielmo Vicario,72,Empoli,1509,13.7,64.6,16,35,1,assisted,strongFoot,0,
9,14,1,27/11/2021,Empoli,Fiorentina,74,Fiorentina,2693,False,1475,Nikola Milenković,836168,D,45,Guglielmo Vicario,72,Empoli,1509,8.9,55.0,9,20,1,corner,head,0,
8,14,1,27/11/2021,Empoli,Fiorentina,76,Empoli,2705,True,1509,Riccardo Marchizza,792311,D,28,Pietro Terracciano,71,Fiorentina,1475,25.3,40.0,26,15,-1,assisted,strongFoot,0,
7,14,1,27/11/2021,Empoli,Fiorentina,84,Empoli,2705,True,1509,Andrea La Mantia,96649,F,67,Pietro Terracciano,71,Fiorentina,1475,3.4,47.9,3,22,-1,corner,other,0,
6,14,1,27/11/2021,Empoli,Fiorentina,87,Empoli,2705,True,1509,Filippo Bandinelli,812332,M,66,Pietro Terracciano,71,Fiorentina,1475,5.1,46.8,5,23,-1,set-piece,weakFoot,1,
5,14,1,27/11/2021,Empoli,Fiorentina,89,Empoli,2705,True,1509,Andrea Pinamonti,826198,F,70,Pietro Terracciano,71,Fiorentina,1475,8.7,47.0,8,13,0,regular,strongFoot,1,
4,14,1,27/11/2021,Empoli,Fiorentina,90,Fiorentina,2693,False,1475,Dušan Vlahović,832208,F,78,Guglielmo Vicario,72,Empoli,1509,8.9,43.0,10,28,-1,set-piece,head,0,
3,14,1,27/11/2021,Empoli,Fiorentina,90,Empoli,2705,True,1509,Andrea La Mantia,96649,F,67,Pietro Terracciano,71,Fiorentina,1475,25.1,29.9,28,28,1,fast-break,strongFoot,0,
2,14,1,27/11/2021,Empoli,Fiorentina,90,Fiorentina,2693,False,1475,Cristiano Biraghi,122848,D,64,Guglielmo Vicario,72,Empoli,1509,25.7,61.5,26,16,-1,set-piece,strongFoot,0,
1,14,1,27/11/2021,Empoli,Fiorentina,90,Fiorentina,2693,False,1475,Nikola Milenković,836168,D,45,Guglielmo Vicario,72,Empoli,1509,8.8,54.4,9,18,-1,corner,head,0,
0,14,1,27/11/2021,Empoli,Fiorentina,90,Fiorentina,2693,False,1475,Dušan Vlahović,832208,F,78,Guglielmo Vicario,72,Empoli,1509,4.7,55.9,6,40,-1,corner,other,0,
28,14,2,27/11/2021,Sampdoria,Hellas Verona,4,Hellas Verona,2701,False,1433,Antonín Barák,330705,M,74,Emil Audero,78,Sampdoria,1345,9.0,32.8,14,52,0,assisted,strongFoot,0,
27,14,2,27/11/2021,Sampdoria,Hellas Verona,8,Sampdoria,2711,True,1345,Fabio Quagliarella,11621,F,83,Lorenzo Montipò,74,Hellas Verona,1433,24.1,33.8,26,24,0,assisted,strongFoot,0,
26,14,2,27/11/2021,Sampdoria,Hellas Verona,14,Hellas Verona,2701,False,1433,Darko Lazović,41157,M,67,Emil Audero,78,Sampdoria,1345,19.5,51.8,19,3,0,corner,weakFoot,0,
25,14,2,27/11/2021,Sampdoria,Hellas Verona,27,Sampdoria,2711,True,1345,Fabio Quagliarella,11621,F,83,Lorenzo Montipò,74,Hellas Verona,1433,8.8,41.2,10,34,0,assisted,head,0,
24,14,2,27/11/2021,Sampdoria,Hellas Verona,28,Sampdoria,2711,True,1345,Antonio Candreva,27982,F,78,Lorenzo Montipò,74,Hellas Verona,1433,29.8,64.5,31,18,0,assisted,strongFoot,0,
23,14,2,27/11/2021,Sampdoria,Hellas Verona,37,Hellas Verona,2701,False,1433,Giovanni Simeone,341143,F,76,Emil Audero,78,Sampdoria,1345,5.7,41.0,8,47,0,assisted,head,0,
22,14,2,27/11/2021,Sampdoria,Hellas Verona,37,Hellas Verona,2701,False,1433,Adrien Tameze,139235,D,59,Emil Audero,78,Sampdoria,1345,22.6,61.3,23,18,0,regular,strongFoot,1,
21,14,2,27/11/2021,Sampdoria,Hellas Verona,39,Sampdoria,2711,True,1345,Maya Yoshida,24248,D,41,Lorenzo Montipò,74,Hellas Verona,1433,10.5,55.9,11,20,-1,set-piece,head,0,
20,14,2,27/11/2021,Sampdoria,Hellas Verona,44,Hellas Verona,2701,False,1433,Federico Ceccherini,139410,D,42,Emil Audero,78,Sampdoria,1345,14.2,65.8,17,37,1,set-piece,strongFoot,0,
19,14,2,27/11/2021,Sampdoria,Hellas Verona,45,Sampdoria,2711,True,1345,Francesco Caputo,43905,F,78,Lorenzo Montipò,74,Hellas Verona,1433,9.4,40.2,11,35,-1,assisted,weakFoot,0,
18,14,2,27/11/2021,Sampdoria,Hellas Verona,48,Sampdoria,2711,True,1345,Antonio Candreva,27982,F,78,Lorenzo Montipò,74,Hellas Verona,1433,12.0,69.9,18,48,-1,assisted,strongFoot,0,
17,14,2,27/11/2021,Sampdoria,Hellas Verona,48,Sampdoria,2711,True,1345,Albin Ekdal,21992,M,65,Lorenzo Montipò,74,Hellas Verona,1433,19.5,50.2,19,0,-1,regular,strongFoot,0,
16,14,2,27/11/2021,Sampdoria,Hellas Verona,49,Sampdoria,2711,True,1345,Fabio Quagliarella,11621,F,83,Lorenzo Montipò,74,Hellas Verona,1433,21.5,55.3,21,9,-1,assisted,strongFoot,0,
15,14,2,27/11/2021,Sampdoria,Hellas Verona,51,Sampdoria,2711,True,1345,Antonio Candreva,27982,F,78,Lorenzo Montipò,74,Hellas Verona,1433,3.3,65.8,11,72,-1,assisted,strongFoot,1,
14,14,2,27/11/2021,Sampdoria,Hellas Verona,55,Sampdoria,2711,True,1345,Albin Ekdal,21992,M,65,Lorenzo Montipò,74,Hellas Verona,1433,14.4,53.0,14,8,0,set-piece,head,0,
13,14,2,27/11/2021,Sampdoria,Hellas Verona,55,Sampdoria,2711,True,1345,Antonio Candreva,27982,F,78,Lorenzo Montipò,74,Hellas Verona,1433,22.5,66.8,25,26,0,set-piece,strongFoot,0,
12,14,2,27/11/2021,Sampdoria,Hellas Verona,58,Hellas Verona,2701,False,1433,Adrien Tameze,139235,D,59,Emil Audero,78,Sampdoria,1345,15.4,42.3,16,18,0,assisted,weakFoot,0,
11,14,2,27/11/2021,Sampdoria,Hellas Verona,59,Hellas Verona,2701,False,1433,Giovanni Simeone,341143,F,76,Emil Audero,78,Sampdoria,1345,24.2,58.8,24,13,0,assisted,strongFoot,0,
10,14,2,27/11/2021,Sampdoria,Hellas Verona,59,Hellas Verona,2701,False,1433,Darko Lazović,41157,M,67,Emil Audero,78,Sampdoria,1345,8.7,42.3,10,31,0,regular,head,0,
9,14,2,27/11/2021,Sampdoria,Hellas Verona,60,Sampdoria,2711,True,1345,Valerio Verre,139267,M,73,Lorenzo Montipò,74,Hellas Verona,1433,17.9,37.3,19,25,0,regular,weakFoot,0,
8,14,2,27/11/2021,Sampdoria,Hellas Verona,70,Hellas Verona,2701,False,1433,Ivan Ilić,877371,M,63,Emil Audero,78,Sampdoria,1345,14.8,37.3,17,30,0,set-piece,weakFoot,0,
7,14,2,27/11/2021,Sampdoria,Hellas Verona,77,Sampdoria,2711,True,1345,Albin Ekdal,21992,M,65,Lorenzo Montipò,74,Hellas Verona,1433,9.4,55.9,10,23,0,set-piece,head,1,
6,14,2,27/11/2021,Sampdoria,Hellas Verona,80,Hellas Verona,2701,False,1433,Darko Lazović,41157,M,67,Emil Audero,78,Sampdoria,1345,6.0,28.9,15,67,-1,assisted,weakFoot,0,
5,14,2,27/11/2021,Sampdoria,Hellas Verona,81,Hellas Verona,2701,False,1433,Miguel Veloso,6557,M,70,Emil Audero,78,Sampdoria,1345,16.7,63.3,18,28,-1,corner,weakFoot,0,
4,14,2,27/11/2021,Sampdoria,Hellas Verona,83,Hellas Verona,2701,False,1433,Darko Lazović,41157,M,67,Emil Audero,78,Sampdoria,1345,15.2,34.9,18,34,-1,assisted,weakFoot,0,
3,14,2,27/11/2021,Sampdoria,Hellas Verona,87,Hellas Verona,2701,False,1433,Kevin Lasagna,587962,F,69,Emil Audero,78,Sampdoria,1345,11.1,70.1,17,50,-1,throw-in-set-piece,strongFoot,0,
2,14,2,27/11/2021,Sampdoria,Hellas Verona,87,Hellas Verona,2701,False,1433,Davide Faraoni,32040,D,71,Emil Audero,78,Sampdoria,1345,12.2,57.7,13,23,-1,regular,weakFoot,0,
1,14,2,27/11/2021,Sampdoria,Hellas Verona,90,Sampdoria,2711,True,1345,Manolo Gabbiadini,53816,F,78,Lorenzo Montipò,74,Hellas Verona,1433,12.2,42.1,13,23,1,fast-break,strongFoot,0,
0,14,2,27/11/2021,Sampdoria,Hellas Verona,90,Sampdoria,2711,True,1345,Nicola Murru,148745,D,39,Lorenzo Montipò,74,Hellas Verona,1433,10.4,27.0,18,56,1,fast-break,strongFoot,1,
21,14,3,27/11/2021,Juventus,Atalanta,4,Atalanta,2686,False,1748,Ruslan Malinovskyi,195850,M,79,Wojciech Szczęsny,87,Juventus,1864,9.2,64.6,13,47,0,regular,weakFoot,0,
20,14,3,27/11/2021,Juventus,Atalanta,15,Atalanta,2686,False,1748,Remo Freuler,115516,M,70,Wojciech Szczęsny,87,Juventus,1864,19.7,58.2,20,15,0,assisted,weakFoot,0,
19,14,3,27/11/2021,Juventus,Atalanta,17,Juventus,2687,True,1864,Paulo Dybala,256219,F,85,Juan Musso,81,Atalanta,1748,8.7,63.9,12,47,0,assisted,strongFoot,0,
18,14,3,27/11/2021,Juventus,Atalanta,18,Juventus,2687,True,1864,Álvaro Morata,125407,F,79,Juan Musso,81,Atalanta,1748,12.1,31.0,17,46,0,assisted,strongFoot,0,
17,14,3,27/11/2021,Juventus,Atalanta,20,Juventus,2687,True,1864,Federico Chiesa,845386,F,81,Juan Musso,81,Atalanta,1748,12.4,42.8,13,21,0,fast-break,weakFoot,0,
16,14,3,27/11/2021,Juventus,Atalanta,20,Atalanta,2686,False,1748,Joakim Mæhle,842364,D,55,Wojciech Szczęsny,87,Juventus,1864,25.1,30.6,28,27,0,assisted,strongFoot,0,
15,14,3,27/11/2021,Juventus,Atalanta,28,Atalanta,2686,False,1748,Duván Zapata,38162,F,81,Wojciech Szczęsny,87,Juventus,1864,12.1,60.3,13,30,0,assisted,strongFoot,1,
14,14,3,27/11/2021,Juventus,Atalanta,34,Juventus,2687,True,1864,Weston McKennie,881931,M,70,Juan Musso,81,Atalanta,1748,13.1,41.2,14,24,-1,assisted,strongFoot,0,
13,14,3,27/11/2021,Juventus,Atalanta,34,Juventus,2687,True,1864,Paulo Dybala,256219,F,85,Juan Musso,81,Atalanta,1748,17.7,56.1,18,13,-1,assisted,strongFoot,0,
12,14,3,27/11/2021,Juventus,Atalanta,36,Juventus,2687,True,1864,Álvaro Morata,125407,F,79,Juan Musso,81,Atalanta,1748,11.7,31.2,17,47,-1,assisted,weakFoot,0,
11,14,3,27/11/2021,Juventus,Atalanta,43,Atalanta,2686,False,1748,Duván Zapata,38162,F,81,Wojciech Szczęsny,87,Juventus,1864,11.8,29.5,18,49,1,assisted,strongFoot,0,
10,14,3,27/11/2021,Juventus,Atalanta,54,Juventus,2687,True,1864,Federico Bernardeschi,294597,F,71,Juan Musso,81,Atalanta,1748,23.5,62.0,24,19,-1,assisted,strongFoot,0,
9,14,3,27/11/2021,Juventus,Atalanta,57,Juventus,2687,True,1864,Matthijs de Ligt,803031,D,58,Juan Musso,81,Atalanta,1748,27.8,53.3,27,4,-1,assisted,strongFoot,0,
8,14,3,27/11/2021,Juventus,Atalanta,60,Juventus,2687,True,1864,Federico Bernardeschi,294597,F,71,Juan Musso,81,Atalanta,1748,21.2,66.5,23,27,-1,assisted,strongFoot,0,
7,14,3,27/11/2021,Juventus,Atalanta,60,Juventus,2687,True,1864,Paulo Dybala,256219,F,85,Juan Musso,81,Atalanta,1748,10.7,34.0,15,45,-1,regular,strongFoot,0,
6,14,3,27/11/2021,Juventus,Atalanta,65,Juventus,2687,True,1864,Adrien Rabiot,250737,M,73,Juan Musso,81,Atalanta,1748,21.5,65.1,23,25,-1,assisted,strongFoot,0,
5,14,3,27/11/2021,Juventus,Atalanta,66,Juventus,2687,True,1864,Federico Bernardeschi,294597,F,71,Juan Musso,81,Atalanta,1748,15.3,57.2,16,17,-1,assisted,weakFoot,0,
4,14,3,27/11/2021,Juventus,Atalanta,71,Juventus,2687,True,1864,Leonardo Bonucci,15444,D,58,Juan Musso,81,Atalanta,1748,9.5,57.2,10,27,-1,set-piece,head,0,
3,14,3,27/11/2021,Juventus,Atalanta,74,Atalanta,2686,False,1748,Ruslan Malinovskyi,195850,M,79,Wojciech Szczęsny,87,Juventus,1864,19.5,47.8,19,4,1,regular,strongFoot,0,
2,14,3,27/11/2021,Juventus,Atalanta,74,Atalanta,2686,False,1748,Joakim Mæhle,842364,D,55,Wojciech Szczęsny,87,Juventus,1864,6.4,28.7,15,66,1,regular,weakFoot,0,
1,14,3,27/11/2021,Juventus,Atalanta,81,Juventus,2687,True,1864,Matthijs de Ligt,803031,D,58,Juan Musso,81,Atalanta,1748,7.3,66.8,13,57,-1,corner,strongFoot,0,
0,14,3,27/11/2021,Juventus,Atalanta,90,Juventus,2687,True,1864,Paulo Dybala,256219,F,85,Juan Musso,81,Atalanta,1748,19.3,68.5,23,33,-1,free-kick,strongFoot,0,
32,14,4,27/11/2021,Venezia,Inter,10,Inter,2697,False,1838,Hakan Çalhanoğlu,135700,M,77,Sergio Romero,79,Venezia,1367,10.4,37.5,13,39,0,assisted,weakFoot,0,
30,14,4,27/11/2021,Venezia,Inter,12,Inter,2697,False,1838,Marcelo Brozović,108800,M,73,Sergio Romero,79,Venezia,1367,22.6,45.5,22,7,0,assisted,weakFoot,0,
31,14,4,27/11/2021,Venezia,Inter,12,Inter,2697,False,1838,Hakan Çalhanoğlu,135700,M,77,Sergio Romero,79,Venezia,1367,27.1,54.8,27,6,0,assisted,strongFoot,0,
29,14,4,27/11/2021,Venezia,Inter,14,Inter,2697,False,1838,Edin Džeko,14990,F,83,Sergio Romero,79,Venezia,1367,10.3,26.5,19,57,0,assisted,weakFoot,0,
28,14,4,27/11/2021,Venezia,Inter,15,Inter,2697,False,1838,Alessandro Bastoni,826188,D,32,Sergio Romero,79,Venezia,1367,24.9,40.9,25,13,0,regular,strongFoot,0,
27,14,4,27/11/2021,Venezia,Inter,18,Inter,2697,False,1838,Hakan Çalhanoğlu,135700,M,77,Sergio Romero,79,Venezia,1367,19.8,34.0,22,28,0,free-kick,strongFoot,0,
26,14,4,27/11/2021,Venezia,Inter,21,Inter,2697,False,1838,Milan Škriniar,187205,D,41,Sergio Romero,79,Venezia,1367,8.2,56.7,9,29,0,corner,head,0,
25,14,4,27/11/2021,Venezia,Inter,30,Inter,2697,False,1838,Ivan Perišić,38710,M,79,Sergio Romero,79,Venezia,1367,10.0,42.1,11,28,0,assisted,head,0,
24,14,4,27/11/2021,Venezia,Inter,34,Inter,2697,False,1838,Hakan Çalhanoğlu,135700,M,77,Sergio Romero,79,Venezia,1367,25.6,47.0,25,4,0,regular,strongFoot,1,
23,14,4,27/11/2021,Venezia,Inter,37,Inter,2697,False,1838,Ivan Perišić,38710,M,79,Sergio Romero,79,Venezia,1367,4.4,34.8,11,66,1,corner,head,0,
22,14,4,27/11/2021,Venezia,Inter,39,Venezia,2688,True,1367,Mattia Aramu,187111,F,62,Samir Handanović,85,Inter,1838,25.2,18.8,32,40,-1,assisted,strongFoot,0,
21,14,4,27/11/2021,Venezia,Inter,44,Inter,2697,False,1838,Federico Dimarco,284361,M,60,Sergio Romero,79,Venezia,1367,5.1,32.1,13,67,1,assisted,strongFoot,0,
20,14,4,27/11/2021,Venezia,Inter,48,Venezia,2688,True,1367,Mattia Aramu,187111,F,62,Samir Handanović,85,Inter,1838,22.5,70.2,26,31,-1,assisted,strongFoot,0,
19,14,4,27/11/2021,Venezia,Inter,52,Venezia,2688,True,1367,Pasquale Mazzocchi,377512,M,55,Samir Handanović,85,Inter,1838,26.1,71.5,29,29,-1,assisted,strongFoot,0,
18,14,4,27/11/2021,Venezia,Inter,54,Inter,2697,False,1838,Edin Džeko,14990,F,83,Sergio Romero,79,Venezia,1367,18.1,45.8,18,8,1,fast-break,weakFoot,0,
17,14,4,27/11/2021,Venezia,Inter,59,Venezia,2688,True,1367,Mattia Aramu,187111,F,62,Samir Handanović,85,Inter,1838,23.9,42.8,24,11,-1,assisted,strongFoot,0,
16,14,4,27/11/2021,Venezia,Inter,60,Inter,2697,False,1838,Matteo Darmian,19352,D,57,Sergio Romero,79,Venezia,1367,18.3,62.1,20,24,1,assisted,weakFoot,0,
14,14,4,27/11/2021,Venezia,Inter,61,Inter,2697,False,1838,Matías Vecino,158615,M,70,Sergio Romero,79,Venezia,1367,3.9,47.1,4,26,1,corner,strongFoot,0,
15,14,4,27/11/2021,Venezia,Inter,61,Inter,2697,False,1838,Milan Škriniar,187205,D,41,Sergio Romero,79,Venezia,1367,7.7,47.3,7,13,1,corner,head,0,
13,14,4,27/11/2021,Venezia,Inter,63,Inter,2697,False,1838,Marcelo Brozović,108800,M,73,Sergio Romero,79,Venezia,1367,20.4,53.4,20,6,1,corner,weakFoot,0,
12,14,4,27/11/2021,Venezia,Inter,69,Inter,2697,False,1838,Edin Džeko,14990,F,83,Sergio Romero,79,Venezia,1367,6.6,67.6,13,61,1,assisted,weakFoot,0,
11,14,4,27/11/2021,Venezia,Inter,72,Venezia,2688,True,1367,Dennis Johnsen,869275,F,59,Samir Handanović,85,Inter,1838,13.6,66.5,17,39,-1,assisted,strongFoot,0,
10,14,4,27/11/2021,Venezia,Inter,75,Venezia,2688,True,1367,Tanner Tessmann,1022084,M,46,Samir Handanović,85,Inter,1838,17.9,43.3,18,14,-1,assisted,weakFoot,0,
9,14,4,27/11/2021,Venezia,Inter,75,Inter,2697,False,1838,Nicolò Barella,363856,M,72,Sergio Romero,79,Venezia,1367,21.4,67.0,24,28,1,fast-break,strongFoot,0,
8,14,4,27/11/2021,Venezia,Inter,79,Inter,2697,False,1838,Nicolò Barella,363856,M,72,Sergio Romero,79,Venezia,1367,21.8,26.2,27,36,1,corner,strongFoot,0,
7,14,4,27/11/2021,Venezia,Inter,79,Inter,2697,False,1838,Edin Džeko,14990,F,83,Sergio Romero,79,Venezia,1367,9.1,49.6,9,1,1,corner,head,0,
6,14,4,27/11/2021,Venezia,Inter,84,Inter,2697,False,1838,Federico Dimarco,284361,M,60,Sergio Romero,79,Venezia,1367,7.7,33.3,13,55,1,fast-break,strongFoot,0,
5,14,4,27/11/2021,Venezia,Inter,87,Inter,2697,False,1838,Lautaro Martínez,823984,F,81,Sergio Romero,79,Venezia,1367,19.5,49.4,19,1,1,assisted,strongFoot,0,
4,14,4,27/11/2021,Venezia,Inter,87,Inter,2697,False,1838,Edin Džeko,14990,F,83,Sergio Romero,79,Venezia,1367,11.5,75.3,20,56,1,regular,weakFoot,0,
3,14,4,27/11/2021,Venezia,Inter,90,Inter,2697,False,1838,Matías Vecino,158615,M,70,Sergio Romero,79,Venezia,1367,12.1,60.9,14,31,1,assisted,strongFoot,0,
2,14,4,27/11/2021,Venezia,Inter,90,Inter,2697,False,1838,Lautaro Martínez,823984,F,81,Sergio Romero,79,Venezia,1367,7.1,53.8,7,19,1,assisted,weakFoot,0,
1,14,4,27/11/2021,Venezia,Inter,90,Inter,2697,False,1838,Lautaro Martínez,823984,F,81,Sergio Romero,79,Venezia,1367,3.7,55.7,5,46,1,regular,strongFoot,0,
0,14,4,27/11/2021,Venezia,Inter,90,Inter,2697,False,1838,Lautaro Martínez,823984,F,81,Sergio Romero,79,Venezia,1367,11.5,50.0,11,0,1,penalty,strongFoot,1,
24,14,5,28/11/2021,Udinese,Genoa,2,Genoa,2713,False,1367,Milan Badelj,39482,M,63,Marco Silvestri,79,Udinese,1407,20.2,41.2,21,16,0,assisted,strongFoot,0,
23,14,5,28/11/2021,Udinese,Genoa,6,Genoa,2713,False,1367,Flavio Bianchi,928779,F,64,Marco Silvestri,79,Udinese,1407,18.1,60.0,19,20,0,regular,weakFoot,0,
22,14,5,28/11/2021,Udinese,Genoa,12,Genoa,2713,False,1367,Flavio Bianchi,928779,F,64,Marco Silvestri,79,Udinese,1407,13.5,25.6,21,50,0,regular,strongFoot,0,
21,14,5,28/11/2021,Udinese,Genoa,17,Genoa,2713,False,1367,Nicolò Rovella,937324,M,48,Marco Silvestri,79,Udinese,1407,26.2,47.8,26,3,0,free-kick,weakFoot,0,
20,14,5,28/11/2021,Udinese,Genoa,20,Udinese,2695,True,1407,Bram Nuytinck,70930,D,40,Salvatore Sirigu,81,Genoa,1367,5.6,59.4,8,48,0,corner,head,0,
19,14,5,28/11/2021,Udinese,Genoa,20,Udinese,2695,True,1407,Tolgay Arslan,71203,M,68,Salvatore Sirigu,81,Genoa,1367,16.4,42.1,17,18,0,corner,strongFoot,0,
18,14,5,28/11/2021,Udinese,Genoa,28,Udinese,2695,True,1407,Walace,553686,M,66,Salvatore Sirigu,81,Genoa,1367,12.1,78.1,22,57,0,assisted,strongFoot,0,
17,14,5,28/11/2021,Udinese,Genoa,29,Udinese,2695,True,1407,Tolgay Arslan,71203,M,68,Salvatore Sirigu,81,Genoa,1367,26.5,41.7,27,12,0,assisted,strongFoot,0,
16,14,5,28/11/2021,Udinese,Genoa,30,Udinese,2695,True,1407,Gerard Deulofeu,96372,F,72,Salvatore Sirigu,81,Genoa,1367,5.0,66.4,12,65,0,corner,strongFoot,0,
15,14,5,28/11/2021,Udinese,Genoa,30,Udinese,2695,True,1407,Rodrigo Becão,880207,D,32,Salvatore Sirigu,81,Genoa,1367,24.2,20.7,31,39,0,corner,strongFoot,0,
14,14,5,28/11/2021,Udinese,Genoa,33,Genoa,2713,False,1367,Nicolò Rovella,937324,M,48,Marco Silvestri,79,Udinese,1407,28.9,40.6,29,12,0,assisted,weakFoot,0,
13,14,5,28/11/2021,Udinese,Genoa,43,Genoa,2713,False,1367,Caleb Ekuban,309156,F,70,Marco Silvestri,79,Udinese,1407,12.4,40.2,14,28,0,assisted,strongFoot,0,
12,14,5,28/11/2021,Udinese,Genoa,45,Udinese,2695,True,1407,Tolgay Arslan,71203,M,68,Salvatore Sirigu,81,Genoa,1367,14.7,63.3,17,31,0,corner,strongFoot,0,
11,14,5,28/11/2021,Udinese,Genoa,54,Udinese,2695,True,1407,Lazar Samardžić,980624,M,60,Salvatore Sirigu,81,Genoa,1367,22.9,52.4,22,4,0,assisted,strongFoot,0,
10,14,5,28/11/2021,Udinese,Genoa,55,Udinese,2695,True,1407,Gerard Deulofeu,96372,F,72,Salvatore Sirigu,81,Genoa,1367,10.7,36.5,14,40,0,assisted,strongFoot,0,
9,14,5,28/11/2021,Udinese,Genoa,64,Genoa,2713,False,1367,Nicolò Rovella,937324,M,48,Marco Silvestri,79,Udinese,1407,15.1,63.5,17,31,0,assisted,weakFoot,0,
8,14,5,28/11/2021,Udinese,Genoa,66,Udinese,2695,True,1407,Destiny Udogie,983572,D,48,Salvatore Sirigu,81,Genoa,1367,22.2,42.3,22,13,0,assisted,weakFoot,0,
7,14,5,28/11/2021,Udinese,Genoa,66,Udinese,2695,True,1407,Destiny Udogie,983572,D,48,Salvatore Sirigu,81,Genoa,1367,14.8,49.9,14,0,0,regular,weakFoot,0,
6,14,5,28/11/2021,Udinese,Genoa,69,Udinese,2695,True,1407,Walace,553686,M,66,Salvatore Sirigu,81,Genoa,1367,25.4,41.9,25,12,0,corner,strongFoot,0,
5,14,5,28/11/2021,Udinese,Genoa,80,Udinese,2695,True,1407,Beto,987489,F,73,Salvatore Sirigu,81,Genoa,1367,8.4,62.7,12,45,0,assisted,strongFoot,0,
4,14,5,28/11/2021,Udinese,Genoa,81,Udinese,2695,True,1407,Nehuén Pérez,913401,D,25,Salvatore Sirigu,81,Genoa,1367,7.3,59.0,9,39,0,corner,head,0,
3,14,5,28/11/2021,Udinese,Genoa,83,Genoa,2713,False,1367,Paolo Ghiglione,787642,M,50,Marco Silvestri,79,Udinese,1407,24.8,62.0,26,18,0,fast-break,strongFoot,0,
2,14,5,28/11/2021,Udinese,Genoa,88,Udinese,2695,True,1407,Nehuén Pérez,913401,D,25,Salvatore Sirigu,81,Genoa,1367,3.8,47.0,4,28,0,corner,head,0,
1,14,5,28/11/2021,Udinese,Genoa,90,Udinese,2695,True,1407,Jean Victor Makengo,802138,F,66,Salvatore Sirigu,81,Genoa,1367,15.0,37.7,17,29,0,assisted,weakFoot,0,
0,14,5,28/11/2021,Udinese,Genoa,90,Udinese,2695,True,1407,Walace,553686,M,66,Salvatore Sirigu,81,Genoa,1367,25.4,51.5,25,2,0,regular,strongFoot,0,
30,14,6,28/11/2021,AC Milan,Sassuolo,5,AC Milan,2692,True,1711,Ismaël Bennacer,823733,M,67,Andrea Consigli,80,Sassuolo,1509,19.7,49.3,19,1,0,regular,strongFoot,0,
29,14,6,28/11/2021,AC Milan,Sassuolo,5,AC Milan,2692,True,1711,Tiemoué Bakayoko,149735,M,46,Andrea Consigli,80,Sassuolo,1509,22.8,49.5,22,0,0,assisted,strongFoot,0,
28,14,6,28/11/2021,AC Milan,Sassuolo,9,AC Milan,2692,True,1711,Zlatan Ibrahimović,2089,F,86,Andrea Consigli,80,Sassuolo,1509,10.0,63.9,13,43,0,assisted,weakFoot,0,
27,14,6,28/11/2021,AC Milan,Sassuolo,12,Sassuolo,2793,False,1509,Davide Frattesi,835600,M,68,Mike Maignan,84,AC Milan,1711,13.8,66.0,17,38,0,assisted,strongFoot,0,
26,14,6,28/11/2021,AC Milan,Sassuolo,13,Sassuolo,2793,False,1509,Georgios Kyriakopoulos,377302,D,47,Mike Maignan,84,AC Milan,1711,26.9,28.5,30,28,0,assisted,strongFoot,0,
25,14,6,28/11/2021,AC Milan,Sassuolo,17,Sassuolo,2793,False,1509,Gianluca Scamacca,807301,F,74,Mike Maignan,84,AC Milan,1711,8.1,63.5,12,48,0,corner,strongFoot,0,
24,14,6,28/11/2021,AC Milan,Sassuolo,21,AC Milan,2692,True,1711,Alessio Romagnoli,227864,D,40,Andrea Consigli,80,Sassuolo,1509,3.7,39.1,8,63,0,corner,head,1,
23,14,6,28/11/2021,AC Milan,Sassuolo,24,Sassuolo,2793,False,1509,Gianluca Scamacca,807301,F,74,Mike Maignan,84,AC Milan,1711,25.1,51.8,25,2,-1,assisted,strongFoot,1,
22,14,6,28/11/2021,AC Milan,Sassuolo,27,Sassuolo,2793,False,1509,Davide Frattesi,835600,M,68,Mike Maignan,84,AC Milan,1711,3.8,56.2,5,47,0,corner,head,0,
21,14,6,28/11/2021,AC Milan,Sassuolo,33,Sassuolo,2793,False,1509,Gianluca Scamacca,807301,F,74,Mike Maignan,84,AC Milan,1711,9.3,46.8,9,13,0,corner,strongFoot,0,
20,14,6,28/11/2021,AC Milan,Sassuolo,33,Sassuolo,2793,False,1509,Simon Kjær,21535,D,55,Mike Maignan,84,AC Milan,1711,2.3,50.0,2,0,0,corner,strongFoot,1,
19,14,6,28/11/2021,AC Milan,Sassuolo,36,Sassuolo,2793,False,1509,Giacomo Raspadori,865651,F,72,Mike Maignan,84,AC Milan,1711,13.4,38.4,15,30,1,assisted,weakFoot,0,
18,14,6,28/11/2021,AC Milan,Sassuolo,44,Sassuolo,2793,False,1509,Gianluca Scamacca,807301,F,74,Mike Maignan,84,AC Milan,1711,12.2,57.6,13,22,1,assisted,head,0,
17,14,6,28/11/2021,AC Milan,Sassuolo,50,Sassuolo,2793,False,1509,Domenico Berardi,253367,F,80,Mike Maignan,84,AC Milan,1711,19.9,63.9,22,25,1,assisted,strongFoot,0,
16,14,6,28/11/2021,AC Milan,Sassuolo,55,AC Milan,2692,True,1711,Rafael Leão,851284,F,72,Andrea Consigli,80,Sassuolo,1509,16.0,31.4,20,38,-1,fast-break,strongFoot,0,
15,14,6,28/11/2021,AC Milan,Sassuolo,57,AC Milan,2692,True,1711,Alexis Saelemaekers,901891,M,65,Andrea Consigli,80,Sassuolo,1509,22.2,36.9,23,21,-1,assisted,weakFoot,0,
14,14,6,28/11/2021,AC Milan,Sassuolo,61,AC Milan,2692,True,1711,Sandro Tonali,892673,M,66,Andrea Consigli,80,Sassuolo,1509,17.7,55.9,18,12,-1,regular,weakFoot,0,
13,14,6,28/11/2021,AC Milan,Sassuolo,63,AC Milan,2692,True,1711,Zlatan Ibrahimović,2089,F,86,Andrea Consigli,80,Sassuolo,1509,25.2,46.8,25,4,-1,regular,weakFoot,0,
12,14,6,28/11/2021,AC Milan,Sassuolo,65,Sassuolo,2793,False,1509,Domenico Berardi,253367,F,80,Mike Maignan,84,AC Milan,1711,24.6,56.7,25,10,1,corner,strongFoot,0,
11,14,6,28/11/2021,AC Milan,Sassuolo,66,Sassuolo,2793,False,1509,Domenico Berardi,253367,F,80,Mike Maignan,84,AC Milan,1711,4.3,61.8,9,61,1,assisted,weakFoot,1,
10,14,6,28/11/2021,AC Milan,Sassuolo,68,AC Milan,2692,True,1711,Simon Kjær,21535,D,55,Andrea Consigli,80,Sassuolo,1509,8.0,49.6,8,1,-2,corner,head,0,
9,14,6,28/11/2021,AC Milan,Sassuolo,72,Sassuolo,2793,False,1509,Kaan Ayhan,138152,D,52,Mike Maignan,84,AC Milan,1711,25.5,48.5,25,2,2,free-kick,strongFoot,0,
8,14,6,28/11/2021,AC Milan,Sassuolo,74,AC Milan,2692,True,1711,Junior Messias,888219,F,67,Andrea Consigli,80,Sassuolo,1509,13.2,38.8,15,29,-2,assisted,strongFoot,0,
6,14,6,28/11/2021,AC Milan,Sassuolo,78,Sassuolo,2793,False,1509,Domenico Berardi,253367,F,80,Mike Maignan,84,AC Milan,1711,18.8,64.5,21,27,2,free-kick,strongFoot,0,
5,14,6,28/11/2021,AC Milan,Sassuolo,83,Sassuolo,2793,False,1509,Abdou Harroui,915812,M,67,Mike Maignan,84,AC Milan,1711,20.9,61.8,22,21,2,assisted,weakFoot,0,
4,14,6,28/11/2021,AC Milan,Sassuolo,86,Sassuolo,2793,False,1509,Abdou Harroui,915812,M,67,Mike Maignan,84,AC Milan,1711,7.8,71.5,16,61,2,assisted,weakFoot,0,
3,14,6,28/11/2021,AC Milan,Sassuolo,90,AC Milan,2692,True,1711,Franck Kessié,359226,M,73,Andrea Consigli,80,Sassuolo,1509,7.1,67.1,13,58,-2,throw-in-set-piece,strongFoot,0,
2,14,6,28/11/2021,AC Milan,Sassuolo,90,AC Milan,2692,True,1711,Zlatan Ibrahimović,2089,F,86,Andrea Consigli,80,Sassuolo,1509,8.7,54.2,9,18,-2,corner,head,0,
1,14,6,28/11/2021,AC Milan,Sassuolo,90,AC Milan,2692,True,1711,Sandro Tonali,892673,M,66,Andrea Consigli,80,Sassuolo,1509,25.2,52.8,25,4,-2,assisted,strongFoot,0,
0,14,6,28/11/2021,AC Milan,Sassuolo,90,AC Milan,2692,True,1711,Franck Kessié,359226,M,73,Andrea Consigli,80,Sassuolo,1509,12.2,31.0,17,46,-2,assisted,weakFoot,0,
29,14,7,28/11/2021,Spezia,Bologna,4,Spezia,2735,True,1345,Kelvin Amian,802143,D,47,Łukasz Skorupski,75,Bologna,1425,8.8,52.0,8,8,0,corner,head,0,
28,14,7,28/11/2021,Spezia,Bologna,10,Bologna,2685,False,1425,Marko Arnautović,21927,F,81,Ivan Provedel,74,Spezia,1345,7.8,33.6,13,55,0,assisted,weakFoot,0,
27,14,7,28/11/2021,Spezia,Bologna,17,Spezia,2735,True,1345,Janis Antiste,963398,F,68,Łukasz Skorupski,75,Bologna,1425,17.1,65.5,20,31,0,assisted,strongFoot,0,
26,14,7,28/11/2021,Spezia,Bologna,18,Bologna,2685,False,1425,Musa Barrow,916680,F,73,Ivan Provedel,74,Spezia,1345,18.7,53.6,18,7,0,assisted,strongFoot,0,
25,14,7,28/11/2021,Spezia,Bologna,19,Spezia,2735,True,1345,David Strelec,918482,F,63,Łukasz Skorupski,75,Bologna,1425,8.4,32.8,14,54,0,assisted,strongFoot,0,
24,14,7,28/11/2021,Spezia,Bologna,25,Spezia,2735,True,1345,Janis Antiste,963398,F,68,Łukasz Skorupski,75,Bologna,1425,7.8,51.3,7,6,0,assisted,head,0,
23,14,7,28/11/2021,Spezia,Bologna,25,Spezia,2735,True,1345,Kelvin Amian,802143,D,47,Łukasz Skorupski,75,Bologna,1425,24.9,65.3,26,22,0,regular,strongFoot,0,
22,14,7,28/11/2021,Spezia,Bologna,26,Spezia,2735,True,1345,Viktor Kovalenko,287659,M,71,Łukasz Skorupski,75,Bologna,1425,24.9,59.0,25,13,0,fast-break,strongFoot,0,
21,14,7,28/11/2021,Spezia,Bologna,31,Spezia,2735,True,1345,Giulio Maggiore,848185,M,58,Łukasz Skorupski,75,Bologna,1425,25.4,70.9,29,29,0,assisted,strongFoot,0,
20,14,7,28/11/2021,Spezia,Bologna,31,Bologna,2685,False,1425,Riccardo Orsolini,793645,M,70,Ivan Provedel,74,Spezia,1345,22.8,67.4,25,27,0,assisted,strongFoot,0,
19,14,7,28/11/2021,Spezia,Bologna,35,Bologna,2685,False,1425,Adama Soumaoro,158573,D,37,Ivan Provedel,74,Spezia,1345,4.8,49.1,4,7,0,corner,head,0,
18,14,7,28/11/2021,Spezia,Bologna,40,Bologna,2685,False,1425,Riccardo Orsolini,793645,M,70,Ivan Provedel,74,Spezia,1345,18.9,62.5,20,24,0,assisted,strongFoot,0,
17,14,7,28/11/2021,Spezia,Bologna,44,Bologna,2685,False,1425,Musa Barrow,916680,F,73,Ivan Provedel,74,Spezia,1345,8.8,55.3,9,22,0,assisted,strongFoot,0,
16,14,7,28/11/2021,Spezia,Bologna,45,Bologna,2685,False,1425,Marko Arnautović,21927,F,81,Ivan Provedel,74,Spezia,1345,9.4,63.5,13,44,0,regular,weakFoot,0,
15,14,7,28/11/2021,Spezia,Bologna,45,Bologna,2685,False,1425,Arthur Theate,965778,D,39,Ivan Provedel,74,Spezia,1345,8.5,45.6,9,19,0,corner,weakFoot,0,
14,14,7,28/11/2021,Spezia,Bologna,56,Bologna,2685,False,1425,Riccardo Orsolini,793645,M,70,Ivan Provedel,74,Spezia,1345,6.0,73.0,16,69,0,assisted,weakFoot,0,
13,14,7,28/11/2021,Spezia,Bologna,56,Bologna,2685,False,1425,Adama Soumaoro,158573,D,37,Ivan Provedel,74,Spezia,1345,7.4,42.1,9,35,0,corner,head,0,
12,14,7,28/11/2021,Spezia,Bologna,57,Spezia,2735,True,1345,Kelvin Amian,802143,D,47,Łukasz Skorupski,75,Bologna,1425,25.8,57.1,26,10,0,assisted,weakFoot,0,
11,14,7,28/11/2021,Spezia,Bologna,57,Spezia,2735,True,1345,Kelvin Amian,802143,D,47,Łukasz Skorupski,75,Bologna,1425,7.8,53.2,8,15,0,corner,other,0,
10,14,7,28/11/2021,Spezia,Bologna,62,Bologna,2685,False,1425,Musa Barrow,916680,F,73,Ivan Provedel,74,Spezia,1345,12.8,41.0,14,25,0,assisted,strongFoot,0,
9,14,7,28/11/2021,Spezia,Bologna,63,Bologna,2685,False,1425,Musa Barrow,916680,F,73,Ivan Provedel,74,Spezia,1345,24.8,32.6,27,25,0,regular,strongFoot,0,
8,14,7,28/11/2021,Spezia,Bologna,64,Bologna,2685,False,1425,Marko Arnautović,21927,F,81,Ivan Provedel,74,Spezia,1345,18.1,52.7,18,5,0,assisted,weakFoot,0,
7,14,7,28/11/2021,Spezia,Bologna,65,Spezia,2735,True,1345,M'bala Nzola,788061,F,69,Łukasz Skorupski,75,Bologna,1425,10.4,58.2,11,28,0,assisted,strongFoot,0,
6,14,7,28/11/2021,Spezia,Bologna,66,Spezia,2735,True,1345,Giulio Maggiore,848185,M,58,Łukasz Skorupski,75,Bologna,1425,17.9,54.0,18,8,0,regular,strongFoot,0,
5,14,7,28/11/2021,Spezia,Bologna,68,Bologna,2685,False,1425,Mattias Svanberg,796987,M,65,Ivan Provedel,74,Spezia,1345,20.6,39.2,21,19,0,assisted,strongFoot,0,
4,14,7,28/11/2021,Spezia,Bologna,73,Spezia,2735,True,1345,Eddie Salcedo,893643,F,61,Łukasz Skorupski,75,Bologna,1425,9.1,66.6,14,51,0,assisted,strongFoot,0,
3,14,7,28/11/2021,Spezia,Bologna,78,Bologna,2685,False,1425,Nicola Sansone,100580,F,71,Ivan Provedel,74,Spezia,1345,19.8,33.6,22,29,0,assisted,weakFoot,0,
2,14,7,28/11/2021,Spezia,Bologna,81,Bologna,2685,False,1425,Marko Arnautović,21927,F,81,Ivan Provedel,74,Spezia,1345,25.9,47.2,25,4,0,free-kick,weakFoot,0,
1,14,7,28/11/2021,Spezia,Bologna,83,Bologna,2685,False,1425,Marko Arnautović,21927,F,81,Ivan Provedel,74,Spezia,1345,11.5,50.0,11,0,0,penalty,weakFoot,1,
0,14,7,28/11/2021,Spezia,Bologna,90,Spezia,2735,True,1345,Martin Erlić,789234,D,32,Łukasz Skorupski,75,Bologna,1425,13.8,53.1,13,8,-1,assisted,head,0,
26,14,8,28/11/2021,AS Roma,Torino,3,AS Roma,2702,True,1687,Roger Ibañez,888949,D,31,Vanja Milinković-Savić,72,Torino,1436,12.2,28.7,18,49,0,set-piece,weakFoot,0,
25,14,8,28/11/2021,AS Roma,Torino,5,Torino,2696,False,1436,Dennis Praet,135647,M,72,Rui Patrício,82,AS Roma,1687,13.1,61.6,15,31,0,corner,strongFoot,0,
24,14,8,28/11/2021,AS Roma,Torino,10,Torino,2696,False,1436,Dennis Praet,135647,M,72,Rui Patrício,82,AS Roma,1687,26.5,68.0,29,24,0,assisted,strongFoot,0,
23,14,8,28/11/2021,AS Roma,Torino,20,Torino,2696,False,1436,Dennis Praet,135647,M,72,Rui Patrício,82,AS Roma,1687,8.0,59.4,10,38,0,assisted,head,0,
22,14,8,28/11/2021,AS Roma,Torino,23,Torino,2696,False,1436,Tommaso Pobega,928796,M,67,Rui Patrício,82,AS Roma,1687,20.5,55.9,20,11,0,assisted,weakFoot,0,
21,14,8,28/11/2021,AS Roma,Torino,24,Torino,2696,False,1436,Tommaso Pobega,928796,M,67,Rui Patrício,82,AS Roma,1687,17.2,53.4,17,7,0,assisted,weakFoot,0,
20,14,8,28/11/2021,AS Roma,Torino,28,Torino,2696,False,1436,Andrea Belotti,220223,F,81,Rui Patrício,82,AS Roma,1687,11.7,42.1,12,24,0,corner,strongFoot,0,
19,14,8,28/11/2021,AS Roma,Torino,28,Torino,2696,False,1436,Alessandro Buongiorno,870263,D,43,Rui Patrício,82,AS Roma,1687,5.0,43.1,6,43,0,corner,strongFoot,0,
18,14,8,28/11/2021,AS Roma,Torino,32,AS Roma,2702,True,1687,Tammy Abraham,610766,F,77,Vanja Milinković-Savić,72,Torino,1436,13.1,48.0,13,5,0,assisted,strongFoot,1,
17,14,8,28/11/2021,AS Roma,Torino,44,Torino,2696,False,1436,Bremer,885197,D,35,Rui Patrício,82,AS Roma,1687,12.1,59.6,13,28,-1,corner,strongFoot,0,
16,14,8,28/11/2021,AS Roma,Torino,44,AS Roma,2702,True,1687,Carles Pérez,794950,M,72,Vanja Milinković-Savić,72,Torino,1436,12.5,38.2,14,32,1,fast-break,strongFoot,0,
15,14,8,28/11/2021,AS Roma,Torino,45,AS Roma,2702,True,1687,Tammy Abraham,610766,F,77,Vanja Milinković-Savić,72,Torino,1436,7.4,47.5,7,12,1,corner,head,0,
14,14,8,28/11/2021,AS Roma,Torino,45,AS Roma,2702,True,1687,Amadou Diawara,788895,M,53,Vanja Milinković-Savić,72,Torino,1436,22.2,62.9,23,21,1,corner,strongFoot,0,
13,14,8,28/11/2021,AS Roma,Torino,45,Torino,2696,False,1436,Andrea Belotti,220223,F,81,Rui Patrício,82,AS Roma,1687,15.8,51.5,15,3,-1,assisted,head,0,
12,14,8,28/11/2021,AS Roma,Torino,46,Torino,2696,False,1436,Bremer,885197,D,35,Rui Patrício,82,AS Roma,1687,12.2,48.2,12,5,-1,corner,head,0,
11,14,8,28/11/2021,AS Roma,Torino,53,Torino,2696,False,1436,Andrea Belotti,220223,F,81,Rui Patrício,82,AS Roma,1687,8.0,48.5,8,7,-1,set-piece,head,0,
10,14,8,28/11/2021,AS Roma,Torino,53,Torino,2696,False,1436,Bremer,885197,D,35,Rui Patrício,82,AS Roma,1687,7.7,51.8,7,9,-1,set-piece,weakFoot,0,
9,14,8,28/11/2021,AS Roma,Torino,53,Torino,2696,False,1436,Dennis Praet,135647,M,72,Rui Patrício,82,AS Roma,1687,17.8,53.0,17,6,-1,set-piece,strongFoot,0,
8,14,8,28/11/2021,AS Roma,Torino,55,AS Roma,2702,True,1687,Nicolò Zaniolo,864898,F,73,Vanja Milinković-Savić,72,Torino,1436,10.3,59.8,12,32,1,set-piece,weakFoot,0,
7,14,8,28/11/2021,AS Roma,Torino,55,AS Roma,2702,True,1687,Henrikh Mkhitaryan,37151,M,78,Vanja Milinković-Savić,72,Torino,1436,24.8,53.4,24,5,1,set-piece,weakFoot,0,
6,14,8,28/11/2021,AS Roma,Torino,55,Torino,2696,False,1436,Josip Brekalo,357598,M,72,Rui Patrício,82,AS Roma,1687,27.3,41.5,27,11,-1,assisted,strongFoot,0,
5,14,8,28/11/2021,AS Roma,Torino,59,Torino,2696,False,1436,Wilfried Singo,978285,D,43,Rui Patrício,82,AS Roma,1687,23.7,49.1,23,1,-1,corner,strongFoot,0,
4,14,8,28/11/2021,AS Roma,Torino,64,Torino,2696,False,1436,Josip Brekalo,357598,M,72,Rui Patrício,82,AS Roma,1687,10.8,54.6,11,16,-1,assisted,other,0,
3,14,8,28/11/2021,AS Roma,Torino,66,AS Roma,2702,True,1687,Nicolò Zaniolo,864898,F,73,Vanja Milinković-Savić,72,Torino,1436,20.4,77.9,27,42,1,regular,strongFoot,0,
2,14,8,28/11/2021,AS Roma,Torino,67,AS Roma,2702,True,1687,Stephan El Shaarawy,45925,F,75,Vanja Milinković-Savić,72,Torino,1436,10.0,31.6,16,51,1,fast-break,weakFoot,0,
1,14,8,28/11/2021,AS Roma,Torino,84,AS Roma,2702,True,1687,Nicolò Zaniolo,864898,F,73,Vanja Milinković-Savić,72,Torino,1436,13.5,31.8,18,42,1,assisted,strongFoot,0,
0,14,8,28/11/2021,AS Roma,Torino,90,Torino,2696,False,1436,Simone Zaza,48077,F,75,Rui Patrício,82,AS Roma,1687,10.4,46.2,10,13,-1,assisted,strongFoot,0,
23,14,9,28/11/2021,SSC Napoli,Lazio,7,SSC Napoli,2714,True,1746,Piotr Zieliński,138605,M,74,Pepe Reina,78,Lazio,1619,13.0,57.7,14,21,0,regular,weakFoot,1,
22,14,9,28/11/2021,SSC Napoli,Lazio,10,SSC Napoli,2714,True,1746,Dries Mertens,32493,M,80,Pepe Reina,78,Lazio,1619,13.4,47.7,13,6,0,assisted,strongFoot,1,
21,14,9,28/11/2021,SSC Napoli,Lazio,11,Lazio,2699,False,1619,Luis Alberto,111416,M,75,David Ospina,79,SSC Napoli,1746,13.4,22.7,22,54,0,assisted,strongFoot,0,
20,14,9,28/11/2021,SSC Napoli,Lazio,14,SSC Napoli,2714,True,1746,Lorenzo Insigne,106258,M,77,Pepe Reina,78,Lazio,1619,20.8,14.1,32,49,0,free-kick,strongFoot,0,
19,14,9,28/11/2021,SSC Napoli,Lazio,15,SSC Napoli,2714,True,1746,Lorenzo Insigne,106258,M,77,Pepe Reina,78,Lazio,1619,23.9,35.1,25,22,0,assisted,strongFoot,0,
18,14,9,28/11/2021,SSC Napoli,Lazio,16,SSC Napoli,2714,True,1746,Fabián Ruiz,784655,M,77,Pepe Reina,78,Lazio,1619,10.8,26.0,19,56,0,corner,strongFoot,0,
17,14,9,28/11/2021,SSC Napoli,Lazio,16,SSC Napoli,2714,True,1746,Hirving Lozano,385320,F,75,Pepe Reina,78,Lazio,1619,14.5,75.0,22,49,0,corner,strongFoot,0,
16,14,9,28/11/2021,SSC Napoli,Lazio,19,SSC Napoli,2714,True,1746,Hirving Lozano,385320,F,75,Pepe Reina,78,Lazio,1619,17.4,68.3,21,35,0,assisted,strongFoot,0,
15,14,9,28/11/2021,SSC Napoli,Lazio,21,SSC Napoli,2714,True,1746,Fabián Ruiz,784655,M,77,Pepe Reina,78,Lazio,1619,21.6,56.1,21,10,0,assisted,strongFoot,0,
14,14,9,28/11/2021,SSC Napoli,Lazio,21,Lazio,2699,False,1619,Ciro Immobile,45923,F,87,David Ospina,79,SSC Napoli,1746,4.8,30.7,13,69,0,fast-break,weakFoot,0,
13,14,9,28/11/2021,SSC Napoli,Lazio,24,SSC Napoli,2714,True,1746,Hirving Lozano,385320,F,75,Pepe Reina,78,Lazio,1619,3.0,60.6,7,67,0,regular,strongFoot,0,
12,14,9,28/11/2021,SSC Napoli,Lazio,25,Lazio,2699,False,1619,Luis Alberto,111416,M,75,David Ospina,79,SSC Napoli,1746,18.5,51.8,18,3,0,regular,strongFoot,0,
11,14,9,28/11/2021,SSC Napoli,Lazio,26,Lazio,2699,False,1619,Francesco Acerbi,126816,D,51,David Ospina,79,SSC Napoli,1746,9.3,48.8,9,5,0,corner,head,0,
10,14,9,28/11/2021,SSC Napoli,Lazio,27,SSC Napoli,2714,True,1746,Hirving Lozano,385320,F,75,Pepe Reina,78,Lazio,1619,14.0,67.9,18,41,0,assisted,strongFoot,0,
9,14,9,28/11/2021,SSC Napoli,Lazio,28,SSC Napoli,2714,True,1746,Mário Rui,99546,D,48,Pepe Reina,78,Lazio,1619,24.5,32.4,27,26,0,assisted,strongFoot,0,
8,14,9,28/11/2021,SSC Napoli,Lazio,29,SSC Napoli,2714,True,1746,Dries Mertens,32493,M,80,Pepe Reina,78,Lazio,1619,18.0,65.7,20,30,0,assisted,strongFoot,1,
7,14,9,28/11/2021,SSC Napoli,Lazio,32,Lazio,2699,False,1619,Sergej Milinković-Savić,331447,M,78,David Ospina,79,SSC Napoli,1746,23.5,51.3,23,2,-1,assisted,strongFoot,0,
6,14,9,28/11/2021,SSC Napoli,Lazio,33,Lazio,2699,False,1619,Ciro Immobile,45923,F,87,David Ospina,79,SSC Napoli,1746,9.5,33.8,14,49,-1,assisted,weakFoot,0,
5,14,9,28/11/2021,SSC Napoli,Lazio,43,SSC Napoli,2714,True,1746,Hirving Lozano,385320,F,75,Pepe Reina,78,Lazio,1619,10.1,62.5,13,40,1,assisted,strongFoot,0,
4,14,9,28/11/2021,SSC Napoli,Lazio,58,SSC Napoli,2714,True,1746,Piotr Zieliński,138605,M,74,Pepe Reina,78,Lazio,1619,18.7,51.8,18,3,1,assisted,weakFoot,0,
3,14,9,28/11/2021,SSC Napoli,Lazio,58,SSC Napoli,2714,True,1746,Mário Rui,99546,D,48,Pepe Reina,78,Lazio,1619,11.7,37.5,14,35,1,assisted,weakFoot,0,
2,14,9,28/11/2021,SSC Napoli,Lazio,69,SSC Napoli,2714,True,1746,Lorenzo Insigne,106258,M,77,Pepe Reina,78,Lazio,1619,15.3,32.1,19,38,1,fast-break,strongFoot,0,
1,14,9,28/11/2021,SSC Napoli,Lazio,77,SSC Napoli,2714,True,1746,Lorenzo Insigne,106258,M,77,Pepe Reina,78,Lazio,1619,24.0,35.1,26,22,1,assisted,strongFoot,0,
0,14,9,28/11/2021,SSC Napoli,Lazio,85,SSC Napoli,2714,True,1746,Fabián Ruiz,784655,M,77,Pepe Reina,78,Lazio,1619,27.0,68.4,29,24,1,assisted,strongFoot,1,
26,15,0,30/11/2021,Atalanta,Venezia,1,Venezia,2688,False,1368,Gianluca Busio,896180,M,61,Juan Musso,81,Atalanta,1763,29.1,36.5,30,17,0,assisted,strongFoot,0,
25,15,0,30/11/2021,Atalanta,Venezia,3,Atalanta,2686,True,1763,Mario Pašalić,190437,M,74,Sergio Romero,79,Venezia,1368,9.4,37.5,12,42,0,corner,weakFoot,0,
24,15,0,30/11/2021,Atalanta,Venezia,7,Atalanta,2686,True,1763,Josip Iličić,41270,F,85,Sergio Romero,79,Venezia,1368,14.8,68.1,19,39,0,assisted,strongFoot,0,
23,15,0,30/11/2021,Atalanta,Venezia,7,Atalanta,2686,True,1763,Mario Pašalić,190437,M,74,Sergio Romero,79,Venezia,1368,8.4,53.0,8,13,0,assisted,strongFoot,1,
22,15,0,30/11/2021,Atalanta,Venezia,12,Atalanta,2686,True,1763,Mario Pašalić,190437,M,74,Sergio Romero,79,Venezia,1368,11.2,45.8,11,14,1,assisted,weakFoot,1,
21,15,0,30/11/2021,Atalanta,Venezia,15,Atalanta,2686,True,1763,Josip Iličić,41270,F,85,Sergio Romero,79,Venezia,1368,9.0,56.9,10,27,2,regular,weakFoot,0,
20,15,0,30/11/2021,Atalanta,Venezia,18,Venezia,2688,False,1368,Sofian Kiyine,862372,M,56,Juan Musso,81,Atalanta,1763,30.5,59.4,31,11,-2,assisted,strongFoot,0,
19,15,0,30/11/2021,Atalanta,Venezia,21,Venezia,2688,False,1368,Thomas Henry,795541,F,72,Juan Musso,81,Atalanta,1763,14.8,64.7,17,34,-2,assisted,strongFoot,0,
18,15,0,30/11/2021,Atalanta,Venezia,22,Venezia,2688,False,1368,Pietro Ceccaroni,373724,D,29,Juan Musso,81,Atalanta,1763,18.5,53.2,18,6,-2,corner,weakFoot,0,
17,15,0,30/11/2021,Atalanta,Venezia,30,Atalanta,2686,True,1763,Teun Koopmeiners,803033,M,71,Sergio Romero,79,Venezia,1368,26.7,51.2,26,1,2,assisted,strongFoot,0,
16,15,0,30/11/2021,Atalanta,Venezia,34,Atalanta,2686,True,1763,Josip Iličić,41270,F,85,Sergio Romero,79,Venezia,1368,12.7,66.0,16,40,2,assisted,weakFoot,0,
15,15,0,30/11/2021,Atalanta,Venezia,40,Venezia,2688,False,1368,Tanner Tessmann,1022084,M,46,Juan Musso,81,Atalanta,1763,25.4,36.3,27,20,-2,regular,strongFoot,0,
14,15,0,30/11/2021,Atalanta,Venezia,43,Atalanta,2686,True,1763,Giuseppe Pezzella,814589,M,51,Sergio Romero,79,Venezia,1368,15.5,30.5,20,40,2,assisted,weakFoot,0,
13,15,0,30/11/2021,Atalanta,Venezia,49,Atalanta,2686,True,1763,Josip Iličić,41270,F,85,Sergio Romero,79,Venezia,1368,7.7,59.1,9,38,2,assisted,head,0,
12,15,0,30/11/2021,Atalanta,Venezia,50,Venezia,2688,False,1368,Domen Črnigoj,232096,M,57,Juan Musso,81,Atalanta,1763,21.2,64.1,23,24,-2,regular,strongFoot,0,
11,15,0,30/11/2021,Atalanta,Venezia,51,Atalanta,2686,True,1763,Mario Pašalić,190437,M,74,Sergio Romero,79,Venezia,1368,8.5,68.8,15,56,2,regular,strongFoot,0,
10,15,0,30/11/2021,Atalanta,Venezia,51,Atalanta,2686,True,1763,Mario Pašalić,190437,M,74,Sergio Romero,79,Venezia,1368,7.4,62.9,11,49,2,corner,head,0,
9,15,0,30/11/2021,Atalanta,Venezia,54,Atalanta,2686,True,1763,Hans Hateboer,356352,D,62,Sergio Romero,79,Venezia,1368,7.5,66.2,13,55,2,assisted,weakFoot,0,
8,15,0,30/11/2021,Atalanta,Venezia,55,Atalanta,2686,True,1763,Berat Djimsiti,151003,D,37,Sergio Romero,79,Venezia,1368,8.0,54.8,8,22,2,corner,head,0,
7,15,0,30/11/2021,Atalanta,Venezia,57,Atalanta,2686,True,1763,Teun Koopmeiners,803033,M,71,Sergio Romero,79,Venezia,1368,19.3,48.4,19,3,2,assisted,strongFoot,1,
6,15,0,30/11/2021,Atalanta,Venezia,59,Venezia,2688,False,1368,Dor Peretz,186953,M,52,Juan Musso,81,Atalanta,1763,6.7,45.6,7,24,-3,assisted,head,0,
5,15,0,30/11/2021,Atalanta,Venezia,62,Atalanta,2686,True,1763,Luis Muriel,119242,F,83,Sergio Romero,79,Venezia,1368,8.9,41.5,10,33,3,assisted,strongFoot,0,
4,15,0,30/11/2021,Atalanta,Venezia,67,Atalanta,2686,True,1763,Mario Pašalić,190437,M,74,Sergio Romero,79,Venezia,1368,4.6,48.0,4,16,3,assisted,strongFoot,1,
3,15,0,30/11/2021,Atalanta,Venezia,70,Venezia,2688,False,1368,Domen Črnigoj,232096,M,57,Juan Musso,81,Atalanta,1763,4.3,66.4,11,68,-4,regular,strongFoot,0,
2,15,0,30/11/2021,Atalanta,Venezia,71,Atalanta,2686,True,1763,Josip Iličić,41270,F,85,Sergio Romero,79,Venezia,1368,22.6,62.3,24,20,4,assisted,strongFoot,0,
1,15,0,30/11/2021,Atalanta,Venezia,83,Atalanta,2686,True,1763,Marten de Roon,100389,M,68,Sergio Romero,79,Venezia,1368,27.8,49.6,27,0,4,assisted,strongFoot,0,
0,15,0,30/11/2021,Atalanta,Venezia,87,Atalanta,2686,True,1763,Aleksey Miranchuk,324353,M,69,Sergio Romero,79,Venezia,1368,20.7,45.4,20,8,4,assisted,strongFoot,0,
27,15,1,30/11/2021,Fiorentina,Sampdoria,5,Fiorentina,2693,True,1472,Cristiano Biraghi,122848,D,64,Emil Audero,78,Sampdoria,1345,24.8,61.6,26,17,0,free-kick,strongFoot,0,
26,15,1,30/11/2021,Fiorentina,Sampdoria,7,Sampdoria,2711,False,1345,Manolo Gabbiadini,53816,F,78,Pietro Terracciano,71,Fiorentina,1472,25.6,46.4,25,5,0,assisted,strongFoot,0,
25,15,1,30/11/2021,Fiorentina,Sampdoria,10,Fiorentina,2693,True,1472,Dušan Vlahović,832208,F,78,Emil Audero,78,Sampdoria,1345,24.5,57.1,24,11,0,assisted,strongFoot,0,
24,15,1,30/11/2021,Fiorentina,Sampdoria,11,Fiorentina,2693,True,1472,José Callejón,40965,F,76,Emil Audero,78,Sampdoria,1345,13.5,58.2,14,22,0,regular,weakFoot,0,
23,15,1,30/11/2021,Fiorentina,Sampdoria,15,Sampdoria,2711,False,1345,Manolo Gabbiadini,53816,F,78,Pietro Terracciano,71,Fiorentina,1472,12.7,52.8,12,8,0,assisted,head,1,
22,15,1,30/11/2021,Fiorentina,Sampdoria,18,Fiorentina,2693,True,1472,Dušan Vlahović,832208,F,78,Emil Audero,78,Sampdoria,1345,25.7,64.4,27,20,-1,free-kick,strongFoot,0,
21,15,1,30/11/2021,Fiorentina,Sampdoria,24,Fiorentina,2693,True,1472,José Callejón,40965,F,76,Emil Audero,78,Sampdoria,1345,2.0,53.6,3,50,-1,assisted,strongFoot,1,
20,15,1,30/11/2021,Fiorentina,Sampdoria,26,Fiorentina,2693,True,1472,José Callejón,40965,F,76,Emil Audero,78,Sampdoria,1345,18.6,65.1,21,28,0,regular,weakFoot,0,
19,15,1,30/11/2021,Fiorentina,Sampdoria,29,Sampdoria,2711,False,1345,Francesco Caputo,43905,F,78,Pietro Terracciano,71,Fiorentina,1472,7.6,43.3,8,30,0,assisted,head,0,
18,15,1,30/11/2021,Fiorentina,Sampdoria,32,Fiorentina,2693,True,1472,Dušan Vlahović,832208,F,78,Emil Audero,78,Sampdoria,1345,5.7,46.2,6,24,0,assisted,head,1,
17,15,1,30/11/2021,Fiorentina,Sampdoria,34,Sampdoria,2711,False,1345,Nicola Murru,148745,D,39,Pietro Terracciano,71,Fiorentina,1472,10.0,33.7,14,47,-1,assisted,strongFoot,0,
16,15,1,30/11/2021,Fiorentina,Sampdoria,38,Fiorentina,2693,True,1472,Giacomo Bonaventura,36784,M,75,Emil Audero,78,Sampdoria,1345,12.4,70.0,18,47,1,assisted,weakFoot,0,
15,15,1,30/11/2021,Fiorentina,Sampdoria,39,Sampdoria,2711,False,1345,Bartosz Bereszyński,109461,D,55,Pietro Terracciano,71,Fiorentina,1472,12.0,62.7,14,35,-1,assisted,weakFoot,0,
14,15,1,30/11/2021,Fiorentina,Sampdoria,40,Fiorentina,2693,True,1472,Giacomo Bonaventura,36784,M,75,Emil Audero,78,Sampdoria,1345,19.5,61.0,20,20,1,assisted,weakFoot,0,
13,15,1,30/11/2021,Fiorentina,Sampdoria,45,Fiorentina,2693,True,1472,Giacomo Bonaventura,36784,M,75,Emil Audero,78,Sampdoria,1345,7.9,36.1,12,50,1,corner,strongFoot,0,
12,15,1,30/11/2021,Fiorentina,Sampdoria,45,Fiorentina,2693,True,1472,Riccardo Sottil,893640,F,63,Emil Audero,78,Sampdoria,1345,3.6,53.2,4,31,1,corner,weakFoot,1,
11,15,1,30/11/2021,Fiorentina,Sampdoria,50,Sampdoria,2711,False,1345,Manolo Gabbiadini,53816,F,78,Pietro Terracciano,71,Fiorentina,1472,8.4,65.1,13,50,-2,assisted,weakFoot,0,
10,15,1,30/11/2021,Fiorentina,Sampdoria,51,Fiorentina,2693,True,1472,José Callejón,40965,F,76,Emil Audero,78,Sampdoria,1345,15.2,62.5,17,29,2,assisted,strongFoot,0,
9,15,1,30/11/2021,Fiorentina,Sampdoria,52,Fiorentina,2693,True,1472,Giacomo Bonaventura,36784,M,75,Emil Audero,78,Sampdoria,1345,23.9,45.6,24,7,2,corner,weakFoot,0,
8,15,1,30/11/2021,Fiorentina,Sampdoria,59,Sampdoria,2711,False,1345,Manolo Gabbiadini,53816,F,78,Pietro Terracciano,71,Fiorentina,1472,13.9,61.2,15,28,-2,assisted,weakFoot,0,
7,15,1,30/11/2021,Fiorentina,Sampdoria,59,Fiorentina,2693,True,1472,Riccardo Sottil,893640,F,63,Emil Audero,78,Sampdoria,1345,15.8,49.7,15,0,2,fast-break,strongFoot,0,
6,15,1,30/11/2021,Fiorentina,Sampdoria,65,Sampdoria,2711,False,1345,Fabio Quagliarella,11621,F,83,Pietro Terracciano,71,Fiorentina,1472,14.6,66.1,18,36,-2,assisted,strongFoot,0,
5,15,1,30/11/2021,Fiorentina,Sampdoria,66,Sampdoria,2711,False,1345,Morten Thorsby,280991,M,60,Pietro Terracciano,71,Fiorentina,1472,24.4,45.2,24,7,-2,regular,strongFoot,0,
4,15,1,30/11/2021,Fiorentina,Sampdoria,76,Fiorentina,2693,True,1472,Dušan Vlahović,832208,F,78,Emil Audero,78,Sampdoria,1345,19.8,36.3,21,25,2,free-kick,strongFoot,0,
3,15,1,30/11/2021,Fiorentina,Sampdoria,79,Sampdoria,2711,False,1345,Antonio Candreva,27982,F,78,Pietro Terracciano,71,Fiorentina,1472,11.4,70.5,18,50,-2,assisted,strongFoot,0,
2,15,1,30/11/2021,Fiorentina,Sampdoria,83,Fiorentina,2693,True,1472,Dušan Vlahović,832208,F,78,Emil Audero,78,Sampdoria,1345,5.3,54.2,6,28,2,set-piece,head,0,
1,15,1,30/11/2021,Fiorentina,Sampdoria,87,Fiorentina,2693,True,1472,Riccardo Saponara,126236,M,66,Emil Audero,78,Sampdoria,1345,15.7,28.2,21,43,2,assisted,strongFoot,0,
0,15,1,30/11/2021,Fiorentina,Sampdoria,90,Sampdoria,2711,False,1345,Antonio Candreva,27982,F,78,Pietro Terracciano,71,Fiorentina,1472,9.3,61.2,12,39,-2,assisted,strongFoot,0,
26,15,2,30/11/2021,Hellas Verona,Cagliari,2,Hellas Verona,2701,True,1421,Giovanni Simeone,341143,F,76,Boris Radunović,68,Cagliari,1345,8.2,25.9,18,63,0,assisted,weakFoot,0,
25,15,2,30/11/2021,Hellas Verona,Cagliari,5,Hellas Verona,2701,True,1421,Gianluca Caprari,148458,F,70,Boris Radunović,68,Cagliari,1345,4.1,39.8,8,59,0,regular,strongFoot,0,
24,15,2,30/11/2021,Hellas Verona,Cagliari,7,Cagliari,2719,False,1345,Raoul Bellanova,826185,M,30,Lorenzo Montipò,74,Hellas Verona,1421,13.3,69.4,18,44,0,assisted,strongFoot,0,
23,15,2,30/11/2021,Hellas Verona,Cagliari,9,Hellas Verona,2701,True,1421,Miguel Veloso,6557,M,70,Boris Radunović,68,Cagliari,1345,25.1,64.5,26,21,0,corner,strongFoot,0,
22,15,2,30/11/2021,Hellas Verona,Cagliari,11,Hellas Verona,2701,True,1421,Paweł Dawidowicz,288321,M,45,Boris Radunović,68,Cagliari,1345,9.6,59.4,11,33,0,corner,strongFoot,0,
21,15,2,30/11/2021,Hellas Verona,Cagliari,12,Hellas Verona,2701,True,1421,Gianluca Caprari,148458,F,70,Boris Radunović,68,Cagliari,1345,17.8,37.7,19,25,0,assisted,weakFoot,0,
20,15,2,30/11/2021,Hellas Verona,Cagliari,12,Hellas Verona,2701,True,1421,Darko Lazović,41157,M,67,Boris Radunović,68,Cagliari,1345,30.2,46.3,30,4,0,corner,weakFoot,0,
19,15,2,30/11/2021,Hellas Verona,Cagliari,16,Cagliari,2719,False,1345,João Pedro Galvão,123208,F,78,Lorenzo Montipò,74,Hellas Verona,1421,22.5,53.5,22,6,0,assisted,weakFoot,0,
18,15,2,30/11/2021,Hellas Verona,Cagliari,19,Cagliari,2719,False,1345,Keita Baldé,317699,F,73,Lorenzo Montipò,74,Hellas Verona,1421,19.8,58.0,20,15,0,assisted,strongFoot,0,
17,15,2,30/11/2021,Hellas Verona,Cagliari,33,Cagliari,2719,False,1345,Nahitan Nández,589620,M,66,Lorenzo Montipò,74,Hellas Verona,1421,13.8,68.3,18,42,0,fast-break,strongFoot,0,
16,15,2,30/11/2021,Hellas Verona,Cagliari,36,Cagliari,2719,False,1345,Charalampos Lykogiannis,98212,D,67,Lorenzo Montipò,74,Hellas Verona,1421,22.4,31.2,25,29,0,free-kick,strongFoot,0,
15,15,2,30/11/2021,Hellas Verona,Cagliari,39,Hellas Verona,2701,True,1421,Miguel Veloso,6557,M,70,Boris Radunović,68,Cagliari,1345,25.2,30.1,28,28,0,free-kick,strongFoot,0,
14,15,2,30/11/2021,Hellas Verona,Cagliari,40,Cagliari,2719,False,1345,Andrea Carboni,970978,D,27,Lorenzo Montipò,74,Hellas Verona,1421,9.1,49.9,9,0,0,set-piece,strongFoot,0,
13,15,2,30/11/2021,Hellas Verona,Cagliari,42,Cagliari,2719,False,1345,Andrea Carboni,970978,D,27,Lorenzo Montipò,74,Hellas Verona,1421,14.6,53.9,14,10,0,assisted,head,0,
12,15,2,30/11/2021,Hellas Verona,Cagliari,53,Cagliari,2719,False,1345,Dalbert,385386,D,56,Lorenzo Montipò,74,Hellas Verona,1421,26.2,58.1,26,11,0,regular,strongFoot,0,
11,15,2,30/11/2021,Hellas Verona,Cagliari,55,Hellas Verona,2701,True,1421,Giovanni Simeone,341143,F,76,Boris Radunović,68,Cagliari,1345,12.1,60.1,13,29,0,assisted,weakFoot,0,
10,15,2,30/11/2021,Hellas Verona,Cagliari,57,Hellas Verona,2701,True,1421,Antonín Barák,330705,M,74,Boris Radunović,68,Cagliari,1345,20.4,62.0,21,21,0,fast-break,strongFoot,0,
9,15,2,30/11/2021,Hellas Verona,Cagliari,58,Hellas Verona,2701,True,1421,Koray Günter,138165,D,31,Boris Radunović,68,Cagliari,1345,9.6,45.5,10,17,0,corner,strongFoot,0,
8,15,2,30/11/2021,Hellas Verona,Cagliari,59,Hellas Verona,2701,True,1421,Giovanni Simeone,341143,F,76,Boris Radunović,68,Cagliari,1345,6.6,30.7,14,63,0,fast-break,weakFoot,0,
7,15,2,30/11/2021,Hellas Verona,Cagliari,67,Cagliari,2719,False,1345,Raoul Bellanova,826185,M,30,Lorenzo Montipò,74,Hellas Verona,1421,13.9,59.8,15,25,0,regular,weakFoot,0,
6,15,2,30/11/2021,Hellas Verona,Cagliari,69,Hellas Verona,2701,True,1421,Paweł Dawidowicz,288321,M,45,Boris Radunović,68,Cagliari,1345,4.3,57.9,6,51,0,corner,head,0,
5,15,2,30/11/2021,Hellas Verona,Cagliari,73,Cagliari,2719,False,1345,João Pedro Galvão,123208,F,78,Lorenzo Montipò,74,Hellas Verona,1421,29.5,59.6,30,12,0,assisted,strongFoot,0,
4,15,2,30/11/2021,Hellas Verona,Cagliari,77,Hellas Verona,2701,True,1421,Antonín Barák,330705,M,74,Boris Radunović,68,Cagliari,1345,14.7,65.7,18,35,0,regular,strongFoot,0,
3,15,2,30/11/2021,Hellas Verona,Cagliari,80,Hellas Verona,2701,True,1421,Daniel Bessa,301164,M,68,Boris Radunović,68,Cagliari,1345,24.8,30.2,28,28,0,corner,strongFoot,0,
2,15,2,30/11/2021,Hellas Verona,Cagliari,89,Cagliari,2719,False,1345,Raoul Bellanova,826185,M,30,Lorenzo Montipò,74,Hellas Verona,1421,7.9,50.0,7,0,0,set-piece,strongFoot,0,
1,15,2,30/11/2021,Hellas Verona,Cagliari,90,Cagliari,2719,False,1345,Andrea Carboni,970978,D,27,Lorenzo Montipò,74,Hellas Verona,1421,26.4,38.2,27,16,0,assisted,strongFoot,0,
0,15,2,30/11/2021,Hellas Verona,Cagliari,90,Hellas Verona,2701,True,1421,Kevin Lasagna,587962,F,69,Boris Radunović,68,Cagliari,1345,12.5,33.5,16,41,0,fast-break,strongFoot,0,
21,15,3,30/11/2021,US Salernitana 1919,Juventus,4,Juventus,2687,False,1854,Paulo Dybala,256219,F,85,Vid Belec,73,US Salernitana 1919,1345,22.4,43.0,22,11,0,set-piece,strongFoot,0,
20,15,3,30/11/2021,US Salernitana 1919,Juventus,6,Juventus,2687,False,1854,Dejan Kulusevski,928124,M,74,Vid Belec,73,US Salernitana 1919,1345,15.7,51.9,15,4,0,assisted,strongFoot,0,
19,15,3,30/11/2021,US Salernitana 1919,Juventus,10,Juventus,2687,False,1854,Paulo Dybala,256219,F,85,Vid Belec,73,US Salernitana 1919,1345,25.6,63.0,27,19,0,assisted,strongFoot,0,
18,15,3,30/11/2021,US Salernitana 1919,Juventus,15,US Salernitana 1919,2710,True,1345,Simy,170499,F,76,Wojciech Szczęsny,87,Juventus,1854,8.4,55.9,9,25,0,assisted,head,0,
17,15,3,30/11/2021,US Salernitana 1919,Juventus,21,Juventus,2687,False,1854,Paulo Dybala,256219,F,85,Vid Belec,73,US Salernitana 1919,1345,18.9,47.8,18,4,0,assisted,strongFoot,1,
16,15,3,30/11/2021,US Salernitana 1919,Juventus,28,Juventus,2687,False,1854,Juan Cuadrado,47743,M,74,Vid Belec,73,US Salernitana 1919,1345,23.2,19.4,31,41,1,free-kick,strongFoot,0,
15,15,3,30/11/2021,US Salernitana 1919,Juventus,43,Juventus,2687,False,1854,Rodrigo Bentancur,791190,M,61,Vid Belec,73,US Salernitana 1919,1345,17.9,59.6,19,20,1,regular,weakFoot,0,
14,15,3,30/11/2021,US Salernitana 1919,Juventus,47,Juventus,2687,False,1854,Paulo Dybala,256219,F,85,Vid Belec,73,US Salernitana 1919,1345,16.2,66.6,19,34,1,assisted,strongFoot,0,
13,15,3,30/11/2021,US Salernitana 1919,Juventus,53,Juventus,2687,False,1854,Dejan Kulusevski,928124,M,74,Vid Belec,73,US Salernitana 1919,1345,10.4,68.4,16,50,1,assisted,strongFoot,0,
12,15,3,30/11/2021,US Salernitana 1919,Juventus,54,Juventus,2687,False,1854,Paulo Dybala,256219,F,85,Vid Belec,73,US Salernitana 1919,1345,21.4,34.6,23,26,1,regular,strongFoot,0,
11,15,3,30/11/2021,US Salernitana 1919,Juventus,57,Juventus,2687,False,1854,Paulo Dybala,256219,F,85,Vid Belec,73,US Salernitana 1919,1345,18.0,48.4,18,3,1,regular,strongFoot,0,
10,15,3,30/11/2021,US Salernitana 1919,Juventus,57,Juventus,2687,False,1854,Federico Bernardeschi,294597,F,71,Vid Belec,73,US Salernitana 1919,1345,17.4,38.2,19,24,1,assisted,strongFoot,0,
9,15,3,30/11/2021,US Salernitana 1919,Juventus,57,Juventus,2687,False,1854,Juan Cuadrado,47743,M,74,Vid Belec,73,US Salernitana 1919,1345,18.6,69.5,22,35,1,assisted,weakFoot,0,
8,15,3,30/11/2021,US Salernitana 1919,Juventus,58,US Salernitana 1919,2710,True,1345,Luca Ranieri,893998,D,33,Wojciech Szczęsny,87,Juventus,1854,10.0,40.7,11,32,-1,regular,strongFoot,0,
7,15,3,30/11/2021,US Salernitana 1919,Juventus,59,US Salernitana 1919,2710,True,1345,Riccardo Gagliolo,131716,D,51,Wojciech Szczęsny,87,Juventus,1854,26.9,43.6,27,9,-1,regular,weakFoot,0,
6,15,3,30/11/2021,US Salernitana 1919,Juventus,70,Juventus,2687,False,1854,Álvaro Morata,125407,F,79,Vid Belec,73,US Salernitana 1919,1345,1.4,43.7,4,71,1,regular,strongFoot,1,
5,15,3,30/11/2021,US Salernitana 1919,Juventus,74,US Salernitana 1919,2710,True,1345,Norbert Gyömbér,224456,D,31,Wojciech Szczęsny,87,Juventus,1854,8.8,65.4,13,49,-2,corner,head,0,
4,15,3,30/11/2021,US Salernitana 1919,Juventus,80,Juventus,2687,False,1854,Álvaro Morata,125407,F,79,Vid Belec,73,US Salernitana 1919,1345,8.5,42.7,9,30,2,assisted,head,0,
3,15,3,30/11/2021,US Salernitana 1919,Juventus,82,Juventus,2687,False,1854,Paulo Dybala,256219,F,85,Vid Belec,73,US Salernitana 1919,1345,21.9,65.5,24,25,2,regular,strongFoot,0,
2,15,3,30/11/2021,US Salernitana 1919,Juventus,86,Juventus,2687,False,1854,Paulo Dybala,256219,F,85,Vid Belec,73,US Salernitana 1919,1345,14.1,57.5,14,19,2,assisted,strongFoot,0,
1,15,3,30/11/2021,US Salernitana 1919,Juventus,90,Juventus,2687,False,1854,Dejan Kulusevski,928124,M,74,Vid Belec,73,US Salernitana 1919,1345,12.0,63.9,15,38,2,assisted,strongFoot,0,
0,15,3,30/11/2021,US Salernitana 1919,Juventus,90,Juventus,2687,False,1854,Paulo Dybala,256219,F,85,Vid Belec,73,US Salernitana 1919,1345,11.5,50.0,11,0,2,penalty,strongFoot,0,
18,15,4,01/12/2021,Bologna,AS Roma,6,AS Roma,2702,False,1676,Jordan Veretout,151124,M,75,Łukasz Skorupski,75,Bologna,1438,23.9,63.3,25,20,0,assisted,strongFoot,0,
17,15,4,01/12/2021,Bologna,AS Roma,9,Bologna,2685,True,1438,Musa Barrow,916680,F,73,Rui Patrício,82,AS Roma,1676,25.2,46.8,25,4,0,assisted,strongFoot,0,
16,15,4,01/12/2021,Bologna,AS Roma,19,AS Roma,2702,False,1676,Tammy Abraham,610766,F,77,Łukasz Skorupski,75,Bologna,1438,7.5,57.7,9,34,0,assisted,head,0,
15,15,4,01/12/2021,Bologna,AS Roma,21,Bologna,2685,True,1438,Andreas Skov Olsen,888537,M,68,Rui Patrício,82,AS Roma,1676,12.8,74.0,20,51,0,assisted,strongFoot,0,
14,15,4,01/12/2021,Bologna,AS Roma,35,Bologna,2685,True,1438,Mattias Svanberg,796987,M,65,Rui Patrício,82,AS Roma,1676,24.8,46.6,24,5,0,assisted,strongFoot,1,
13,15,4,01/12/2021,Bologna,AS Roma,42,AS Roma,2702,False,1676,Tammy Abraham,610766,F,77,Łukasz Skorupski,75,Bologna,1438,8.7,46.8,8,14,-1,corner,strongFoot,0,
12,15,4,01/12/2021,Bologna,AS Roma,42,AS Roma,2702,False,1676,Stephan El Shaarawy,45925,F,75,Łukasz Skorupski,75,Bologna,1438,15.8,37.5,17,28,-1,corner,strongFoot,0,
11,15,4,01/12/2021,Bologna,AS Roma,45,AS Roma,2702,False,1676,Nicolò Zaniolo,864898,F,73,Łukasz Skorupski,75,Bologna,1438,26.5,38.4,27,16,-1,assisted,strongFoot,0,
10,15,4,01/12/2021,Bologna,AS Roma,47,Bologna,2685,True,1438,Roberto Soriano,80406,M,74,Rui Patrício,82,AS Roma,1676,28.8,44.1,29,7,1,assisted,weakFoot,0,
9,15,4,01/12/2021,Bologna,AS Roma,48,AS Roma,2702,False,1676,Nicolò Zaniolo,864898,F,73,Łukasz Skorupski,75,Bologna,1438,19.8,61.6,21,21,-1,assisted,strongFoot,0,
8,15,4,01/12/2021,Bologna,AS Roma,57,AS Roma,2702,False,1676,Henrikh Mkhitaryan,37151,M,78,Łukasz Skorupski,75,Bologna,1438,25.9,51.3,25,1,-1,regular,weakFoot,0,
7,15,4,01/12/2021,Bologna,AS Roma,62,Bologna,2685,True,1438,Nicola Sansone,100580,F,71,Rui Patrício,82,AS Roma,1676,21.9,55.0,22,8,1,assisted,weakFoot,0,
6,15,4,01/12/2021,Bologna,AS Roma,68,AS Roma,2702,False,1676,Henrikh Mkhitaryan,37151,M,78,Łukasz Skorupski,75,Bologna,1438,25.6,35.3,27,21,-1,assisted,weakFoot,0,
5,15,4,01/12/2021,Bologna,AS Roma,70,AS Roma,2702,False,1676,Henrikh Mkhitaryan,37151,M,78,Łukasz Skorupski,75,Bologna,1438,15.0,44.1,15,14,-1,fast-break,weakFoot,0,
4,15,4,01/12/2021,Bologna,AS Roma,70,AS Roma,2702,False,1676,Henrikh Mkhitaryan,37151,M,78,Łukasz Skorupski,75,Bologna,1438,20.4,39.6,21,19,-1,regular,weakFoot,0,
3,15,4,01/12/2021,Bologna,AS Roma,71,Bologna,2685,True,1438,Andreas Skov Olsen,888537,M,68,Rui Patrício,82,AS Roma,1676,14.8,65.8,18,35,1,fast-break,strongFoot,0,
2,15,4,01/12/2021,Bologna,AS Roma,75,AS Roma,2702,False,1676,Tammy Abraham,610766,F,77,Łukasz Skorupski,75,Bologna,1438,24.6,36.5,26,20,-1,free-kick,strongFoot,0,
1,15,4,01/12/2021,Bologna,AS Roma,79,AS Roma,2702,False,1676,Nicolò Zaniolo,864898,F,73,Łukasz Skorupski,75,Bologna,1438,12.1,67.0,16,43,-1,assisted,strongFoot,0,
0,15,4,01/12/2021,Bologna,AS Roma,86,AS Roma,2702,False,1676,Tammy Abraham,610766,F,77,Łukasz Skorupski,75,Bologna,1438,11.5,54.0,11,13,-1,assisted,strongFoot,0,
37,15,5,01/12/2021,Inter,Spezia,4,Inter,2697,True,1845,Joaquín Correa,249929,F,75,Ivan Provedel,74,Spezia,1346,8.3,26.2,18,62,0,assisted,weakFoot,0,
36,15,5,01/12/2021,Inter,Spezia,8,Inter,2697,True,1845,Ivan Perišić,38710,M,79,Ivan Provedel,74,Spezia,1346,26.9,39.2,27,15,0,regular,weakFoot,0,
35,15,5,01/12/2021,Inter,Spezia,9,Inter,2697,True,1845,Joaquín Correa,249929,F,75,Ivan Provedel,74,Spezia,1346,16.0,43.7,16,14,0,assisted,strongFoot,0,
34,15,5,01/12/2021,Inter,Spezia,14,Inter,2697,True,1845,Lautaro Martínez,823984,F,81,Ivan Provedel,74,Spezia,1346,11.7,53.8,11,12,0,assisted,strongFoot,0,
33,15,5,01/12/2021,Inter,Spezia,14,Inter,2697,True,1845,Marcelo Brozović,108800,M,73,Ivan Provedel,74,Spezia,1346,12.0,68.2,17,45,0,corner,weakFoot,0,
32,15,5,01/12/2021,Inter,Spezia,20,Spezia,2735,False,1346,Eddie Salcedo,893643,F,61,Samir Handanović,85,Inter,1845,14.6,70.0,19,42,0,assisted,strongFoot,0,
31,15,5,01/12/2021,Inter,Spezia,20,Spezia,2735,False,1346,Rey Manaj,587882,F,71,Samir Handanović,85,Inter,1845,21.6,65.2,23,25,0,regular,weakFoot,0,
30,15,5,01/12/2021,Inter,Spezia,21,Spezia,2735,False,1346,Jacopo Sala,100568,M,60,Samir Handanović,85,Inter,1845,28.8,52.0,28,2,0,assisted,strongFoot,0,
29,15,5,01/12/2021,Inter,Spezia,21,Inter,2697,True,1845,Marcelo Brozović,108800,M,73,Ivan Provedel,74,Spezia,1346,15.0,65.5,18,35,0,regular,weakFoot,0,
27,15,5,01/12/2021,Inter,Spezia,26,Inter,2697,True,1845,Lautaro Martínez,823984,F,81,Ivan Provedel,74,Spezia,1346,20.1,56.9,20,13,0,assisted,strongFoot,0,
28,15,5,01/12/2021,Inter,Spezia,26,Inter,2697,True,1845,Joaquín Correa,249929,F,75,Ivan Provedel,74,Spezia,1346,13.4,60.8,15,28,0,regular,weakFoot,0,
26,15,5,01/12/2021,Inter,Spezia,29,Inter,2697,True,1845,Denzel Dumfries,759520,M,58,Ivan Provedel,74,Spezia,1346,20.8,66.0,23,27,0,assisted,weakFoot,0,
25,15,5,01/12/2021,Inter,Spezia,30,Inter,2697,True,1845,Federico Dimarco,284361,M,60,Ivan Provedel,74,Spezia,1346,22.6,22.3,29,39,0,assisted,strongFoot,0,
24,15,5,01/12/2021,Inter,Spezia,36,Inter,2697,True,1845,Roberto Gagliardini,287057,M,62,Ivan Provedel,74,Spezia,1346,15.5,51.1,15,2,0,assisted,strongFoot,1,
23,15,5,01/12/2021,Inter,Spezia,41,Inter,2697,True,1845,Joaquín Correa,249929,F,75,Ivan Provedel,74,Spezia,1346,14.3,55.1,14,13,1,assisted,strongFoot,0,
22,15,5,01/12/2021,Inter,Spezia,42,Inter,2697,True,1845,Milan Škriniar,187205,D,41,Ivan Provedel,74,Spezia,1346,8.8,47.6,8,10,1,corner,head,0,
21,15,5,01/12/2021,Inter,Spezia,45,Spezia,2735,False,1346,Kelvin Amian,802143,D,47,Samir Handanović,85,Inter,1845,6.3,53.1,6,18,-1,corner,head,0,
20,15,5,01/12/2021,Inter,Spezia,45,Inter,2697,True,1845,Lautaro Martínez,823984,F,81,Ivan Provedel,74,Spezia,1346,24.1,57.8,24,12,1,fast-break,strongFoot,0,
19,15,5,01/12/2021,Inter,Spezia,50,Inter,2697,True,1845,Lautaro Martínez,823984,F,81,Ivan Provedel,74,Spezia,1346,27.5,49.7,27,0,1,assisted,strongFoot,0,
18,15,5,01/12/2021,Inter,Spezia,52,Inter,2697,True,1845,Joaquín Correa,249929,F,75,Ivan Provedel,74,Spezia,1346,13.5,34.0,17,38,1,assisted,strongFoot,0,
17,15,5,01/12/2021,Inter,Spezia,52,Inter,2697,True,1845,Marcelo Brozović,108800,M,73,Ivan Provedel,74,Spezia,1346,18.4,44.1,18,12,1,assisted,weakFoot,0,
16,15,5,01/12/2021,Inter,Spezia,54,Inter,2697,True,1845,Hakan Çalhanoğlu,135700,M,77,Ivan Provedel,74,Spezia,1346,18.4,53.4,18,7,1,corner,strongFoot,0,
15,15,5,01/12/2021,Inter,Spezia,54,Inter,2697,True,1845,Danilo D'Ambrosio,107936,D,55,Ivan Provedel,74,Spezia,1346,4.6,58.5,7,51,1,assisted,head,0,
14,15,5,01/12/2021,Inter,Spezia,56,Inter,2697,True,1845,Lautaro Martínez,823984,F,81,Ivan Provedel,74,Spezia,1346,17.5,44.1,17,12,1,assisted,weakFoot,0,
13,15,5,01/12/2021,Inter,Spezia,58,Inter,2697,True,1845,Lautaro Martínez,823984,F,81,Ivan Provedel,74,Spezia,1346,11.5,50.0,11,0,1,penalty,strongFoot,1,
12,15,5,01/12/2021,Inter,Spezia,61,Inter,2697,True,1845,Hakan Çalhanoğlu,135700,M,77,Ivan Provedel,74,Spezia,1346,12.1,53.4,12,10,2,assisted,strongFoot,0,
11,15,5,01/12/2021,Inter,Spezia,61,Inter,2697,True,1845,Roberto Gagliardini,287057,M,62,Ivan Provedel,74,Spezia,1346,18.1,47.8,18,4,2,regular,weakFoot,0,
10,15,5,01/12/2021,Inter,Spezia,68,Inter,2697,True,1845,Hakan Çalhanoğlu,135700,M,77,Ivan Provedel,74,Spezia,1346,27.4,47.9,27,2,2,free-kick,strongFoot,0,
9,15,5,01/12/2021,Inter,Spezia,72,Inter,2697,True,1845,Ivan Perišić,38710,M,79,Ivan Provedel,74,Spezia,1346,5.0,42.5,7,45,2,corner,head,0,
8,15,5,01/12/2021,Inter,Spezia,76,Inter,2697,True,1845,Roberto Gagliardini,287057,M,62,Ivan Provedel,74,Spezia,1346,7.5,43.1,8,32,2,corner,head,0,
7,15,5,01/12/2021,Inter,Spezia,78,Spezia,2735,False,1346,Emmanuel Gyasi,541578,M,59,Samir Handanović,85,Inter,1845,19.0,35.2,21,27,-2,regular,strongFoot,0,
6,15,5,01/12/2021,Inter,Spezia,81,Inter,2697,True,1845,Federico Dimarco,284361,M,60,Ivan Provedel,74,Spezia,1346,20.4,33.0,23,29,2,corner,strongFoot,0,
5,15,5,01/12/2021,Inter,Spezia,84,Spezia,2735,False,1346,Rey Manaj,587882,F,71,Samir Handanović,85,Inter,1845,21.8,36.7,23,22,-2,regular,weakFoot,0,
4,15,5,01/12/2021,Inter,Spezia,85,Spezia,2735,False,1346,Emmanuel Gyasi,541578,M,59,Samir Handanović,85,Inter,1845,9.7,54.8,10,18,-2,assisted,head,0,
3,15,5,01/12/2021,Inter,Spezia,86,Inter,2697,True,1845,Alexis Sánchez,34120,F,75,Ivan Provedel,74,Spezia,1346,13.8,62.7,16,32,2,assisted,strongFoot,0,
2,15,5,01/12/2021,Inter,Spezia,87,Inter,2697,True,1845,Edin Džeko,14990,F,83,Ivan Provedel,74,Spezia,1346,22.4,39.2,23,18,2,assisted,weakFoot,0,
1,15,5,01/12/2021,Inter,Spezia,90,Inter,2697,True,1845,Federico Dimarco,284361,M,60,Ivan Provedel,74,Spezia,1346,14.9,27.1,21,46,2,assisted,strongFoot,0,
0,15,5,01/12/2021,Inter,Spezia,90,Inter,2697,True,1845,Arturo Vidal,18342,M,79,Ivan Provedel,74,Spezia,1346,7.1,61.8,10,48,2,assisted,strongFoot,0,
27,15,6,01/12/2021,Genoa,AC Milan,1,Genoa,2713,True,1361,Andrea Cambiaso,917048,M,52,Mike Maignan,84,AC Milan,1721,18.9,45.5,19,9,0,assisted,weakFoot,0,
26,15,6,01/12/2021,Genoa,AC Milan,1,Genoa,2713,True,1361,Andrea Cambiaso,917048,M,52,Mike Maignan,84,AC Milan,1721,14.1,44.8,14,14,0,regular,weakFoot,0,
25,15,6,01/12/2021,Genoa,AC Milan,8,AC Milan,2692,False,1721,Zlatan Ibrahimović,2089,F,86,Salvatore Sirigu,81,Genoa,1361,27.2,54.3,27,6,0,regular,weakFoot,0,
24,15,6,01/12/2021,Genoa,AC Milan,8,AC Milan,2692,False,1721,Pierre Kalulu,965330,D,43,Salvatore Sirigu,81,Genoa,1361,26.1,41.8,26,12,0,corner,strongFoot,0,
23,15,6,01/12/2021,Genoa,AC Milan,10,AC Milan,2692,False,1721,Zlatan Ibrahimović,2089,F,86,Salvatore Sirigu,81,Genoa,1361,25.4,50.4,25,0,0,free-kick,weakFoot,1,
22,15,6,01/12/2021,Genoa,AC Milan,11,AC Milan,2692,False,1721,Zlatan Ibrahimović,2089,F,86,Salvatore Sirigu,81,Genoa,1361,7.6,66.9,13,56,0,assisted,weakFoot,0,
21,15,6,01/12/2021,Genoa,AC Milan,17,AC Milan,2692,False,1721,Zlatan Ibrahimović,2089,F,86,Salvatore Sirigu,81,Genoa,1361,9.5,56.1,10,23,0,assisted,weakFoot,0,
20,15,6,01/12/2021,Genoa,AC Milan,18,AC Milan,2692,False,1721,Zlatan Ibrahimović,2089,F,86,Salvatore Sirigu,81,Genoa,1361,10.0,30.1,16,53,0,corner,weakFoot,0,
19,15,6,01/12/2021,Genoa,AC Milan,18,AC Milan,2692,False,1721,Zlatan Ibrahimović,2089,F,86,Salvatore Sirigu,81,Genoa,1361,10.4,31.7,16,50,0,corner,weakFoot,0,
18,15,6,01/12/2021,Genoa,AC Milan,25,AC Milan,2692,False,1721,Theo Hernández,788027,D,70,Salvatore Sirigu,81,Genoa,1361,13.9,29.3,19,45,0,assisted,weakFoot,0,
17,15,6,01/12/2021,Genoa,AC Milan,27,Genoa,2713,True,1361,Nicolò Rovella,937324,M,48,Mike Maignan,84,AC Milan,1721,28.8,29.1,32,26,0,assisted,weakFoot,0,
16,15,6,01/12/2021,Genoa,AC Milan,38,AC Milan,2692,False,1721,Junior Messias,888219,F,67,Salvatore Sirigu,81,Genoa,1361,20.2,67.5,23,30,0,assisted,strongFoot,0,
15,15,6,01/12/2021,Genoa,AC Milan,42,AC Milan,2692,False,1721,Brahim Díaz,835485,M,67,Salvatore Sirigu,81,Genoa,1361,13.4,63.0,16,33,0,fast-break,weakFoot,0,
14,15,6,01/12/2021,Genoa,AC Milan,44,Genoa,2713,True,1361,Flavio Bianchi,928779,F,64,Mike Maignan,84,AC Milan,1721,11.5,59.6,13,29,0,assisted,strongFoot,0,
13,15,6,01/12/2021,Genoa,AC Milan,45,AC Milan,2692,False,1721,Brahim Díaz,835485,M,67,Salvatore Sirigu,81,Genoa,1361,24.5,40.6,25,14,0,assisted,weakFoot,0,
11,15,6,01/12/2021,Genoa,AC Milan,45,AC Milan,2692,False,1721,Junior Messias,888219,F,67,Salvatore Sirigu,81,Genoa,1361,10.2,65.0,14,45,0,regular,head,1,
12,15,6,01/12/2021,Genoa,AC Milan,45,AC Milan,2692,False,1721,Rade Krunić,155449,M,71,Salvatore Sirigu,81,Genoa,1361,15.2,54.6,15,11,1,assisted,strongFoot,0,
10,15,6,01/12/2021,Genoa,AC Milan,46,AC Milan,2692,False,1721,Zlatan Ibrahimović,2089,F,86,Salvatore Sirigu,81,Genoa,1361,8.9,41.3,10,33,1,assisted,weakFoot,0,
9,15,6,01/12/2021,Genoa,AC Milan,48,Genoa,2713,True,1361,Hernani,156019,M,68,Mike Maignan,84,AC Milan,1721,9.7,50.5,9,2,-1,set-piece,head,0,
8,15,6,01/12/2021,Genoa,AC Milan,52,Genoa,2713,True,1361,Caleb Ekuban,309156,F,70,Mike Maignan,84,AC Milan,1721,7.7,70.6,15,61,-1,throw-in-set-piece,strongFoot,0,
7,15,6,01/12/2021,Genoa,AC Milan,56,AC Milan,2692,False,1721,Rade Krunić,155449,M,71,Salvatore Sirigu,81,Genoa,1361,18.5,54.2,18,8,1,regular,strongFoot,0,
6,15,6,01/12/2021,Genoa,AC Milan,57,AC Milan,2692,False,1721,Sandro Tonali,892673,M,66,Salvatore Sirigu,81,Genoa,1361,11.1,67.7,16,47,1,assisted,strongFoot,0,
5,15,6,01/12/2021,Genoa,AC Milan,61,AC Milan,2692,False,1721,Junior Messias,888219,F,67,Salvatore Sirigu,81,Genoa,1361,12.6,63.4,15,35,1,assisted,strongFoot,1,
4,15,6,01/12/2021,Genoa,AC Milan,65,Genoa,2713,True,1361,Paolo Ghiglione,787642,M,50,Mike Maignan,84,AC Milan,1721,23.3,64.3,25,22,-2,assisted,strongFoot,0,
3,15,6,01/12/2021,Genoa,AC Milan,79,Genoa,2713,True,1361,Manolo Portanova,876236,F,57,Mike Maignan,84,AC Milan,1721,37.7,47.2,37,2,-2,regular,strongFoot,0,
2,15,6,01/12/2021,Genoa,AC Milan,80,Genoa,2713,True,1361,Pablo Galdames,386230,M,60,Mike Maignan,84,AC Milan,1721,25.2,67.0,27,24,-2,corner,strongFoot,0,
1,15,6,01/12/2021,Genoa,AC Milan,80,Genoa,2713,True,1361,Pablo Galdames,386230,M,60,Mike Maignan,84,AC Milan,1721,24.1,65.5,26,23,-2,corner,strongFoot,0,
0,15,6,01/12/2021,Genoa,AC Milan,89,AC Milan,2692,False,1721,Alessandro Florenzi,152420,D,77,Salvatore Sirigu,81,Genoa,1361,23.5,29.7,27,30,2,corner,strongFoot,0,
17,15,7,01/12/2021,Sassuolo,SSC Napoli,5,SSC Napoli,2714,False,1714,Fabián Ruiz,784655,M,77,Andrea Consigli,80,Sassuolo,1523,13.4,62.7,15,32,0,regular,strongFoot,0,
16,15,7,01/12/2021,Sassuolo,SSC Napoli,6,SSC Napoli,2714,False,1714,Fabián Ruiz,784655,M,77,Andrea Consigli,80,Sassuolo,1523,12.6,58.8,13,25,0,assisted,strongFoot,0,
15,15,7,01/12/2021,Sassuolo,SSC Napoli,15,SSC Napoli,2714,False,1714,Piotr Zieliński,138605,M,74,Andrea Consigli,80,Sassuolo,1523,7.2,52.8,7,14,0,assisted,weakFoot,0,
14,15,7,01/12/2021,Sassuolo,SSC Napoli,21,Sassuolo,2793,True,1523,Domenico Berardi,253367,F,80,David Ospina,79,SSC Napoli,1714,30.5,48.5,30,1,0,assisted,strongFoot,0,
13,15,7,01/12/2021,Sassuolo,SSC Napoli,27,SSC Napoli,2714,False,1714,Lorenzo Insigne,106258,M,77,Andrea Consigli,80,Sassuolo,1523,11.8,36.7,14,37,0,fast-break,strongFoot,0,
12,15,7,01/12/2021,Sassuolo,SSC Napoli,29,Sassuolo,2793,True,1523,Gianluca Scamacca,807301,F,74,David Ospina,79,SSC Napoli,1714,14.8,49.2,14,2,0,assisted,head,0,
11,15,7,01/12/2021,Sassuolo,SSC Napoli,35,SSC Napoli,2714,False,1714,Lorenzo Insigne,106258,M,77,Andrea Consigli,80,Sassuolo,1523,19.2,34.9,21,28,0,assisted,strongFoot,0,
10,15,7,01/12/2021,Sassuolo,SSC Napoli,39,Sassuolo,2793,True,1523,Giacomo Raspadori,865651,F,72,David Ospina,79,SSC Napoli,1714,15.5,28.0,21,43,0,assisted,weakFoot,0,
9,15,7,01/12/2021,Sassuolo,SSC Napoli,43,Sassuolo,2793,True,1523,Gian Marco Ferrari,170887,D,27,David Ospina,79,SSC Napoli,1714,14.8,54.0,15,10,0,corner,strongFoot,0,
8,15,7,01/12/2021,Sassuolo,SSC Napoli,51,SSC Napoli,2714,False,1714,Piotr Zieliński,138605,M,74,Andrea Consigli,80,Sassuolo,1523,24.4,45.8,24,6,0,assisted,weakFoot,0,
7,15,7,01/12/2021,Sassuolo,SSC Napoli,51,SSC Napoli,2714,False,1714,Fabián Ruiz,784655,M,77,Andrea Consigli,80,Sassuolo,1523,17.8,50.7,17,1,0,assisted,strongFoot,1,
6,15,7,01/12/2021,Sassuolo,SSC Napoli,59,SSC Napoli,2714,False,1714,Dries Mertens,32493,M,80,Andrea Consigli,80,Sassuolo,1523,4.2,58.3,7,53,1,assisted,strongFoot,1,
5,15,7,01/12/2021,Sassuolo,SSC Napoli,69,Sassuolo,2793,True,1523,Gianluca Scamacca,807301,F,74,David Ospina,79,SSC Napoli,1714,15.3,30.0,20,41,-2,assisted,strongFoot,0,
4,15,7,01/12/2021,Sassuolo,SSC Napoli,72,Sassuolo,2793,True,1523,Gianluca Scamacca,807301,F,74,David Ospina,79,SSC Napoli,1714,11.5,51.8,11,6,-2,assisted,strongFoot,1,
3,15,7,01/12/2021,Sassuolo,SSC Napoli,74,Sassuolo,2793,True,1523,Domenico Berardi,253367,F,80,David Ospina,79,SSC Napoli,1714,24.5,79.6,31,39,-1,assisted,strongFoot,0,
2,15,7,01/12/2021,Sassuolo,SSC Napoli,76,Sassuolo,2793,True,1523,Domenico Berardi,253367,F,80,David Ospina,79,SSC Napoli,1714,25.9,57.9,26,11,-1,regular,strongFoot,0,
1,15,7,01/12/2021,Sassuolo,SSC Napoli,84,SSC Napoli,2714,False,1714,Matteo Politano,235672,M,77,Andrea Consigli,80,Sassuolo,1523,13.2,57.4,14,20,1,assisted,strongFoot,0,
0,15,7,01/12/2021,Sassuolo,SSC Napoli,89,Sassuolo,2793,True,1523,Gian Marco Ferrari,170887,D,27,David Ospina,79,SSC Napoli,1714,10.2,54.7,10,17,-1,set-piece,head,1,
25,15,8,02/12/2021,Torino,Empoli,4,Torino,2696,True,1428,Wilfried Singo,978285,D,43,Guglielmo Vicario,73,Empoli,1523,13.4,67.4,17,41,0,regular,strongFoot,0,
23,15,8,02/12/2021,Torino,Empoli,8,Torino,2696,True,1428,Antonio Sanabria,333261,F,71,Guglielmo Vicario,73,Empoli,1523,6.9,53.6,7,19,0,regular,head,0,
24,15,8,02/12/2021,Torino,Empoli,8,Torino,2696,True,1428,Marko Pjaca,190435,F,68,Guglielmo Vicario,73,Empoli,1523,16.4,29.9,21,39,0,assisted,strongFoot,0,
22,15,8,02/12/2021,Torino,Empoli,10,Torino,2696,True,1428,Antonio Sanabria,333261,F,71,Guglielmo Vicario,73,Empoli,1523,15.0,48.7,15,3,0,regular,weakFoot,0,
21,15,8,02/12/2021,Torino,Empoli,10,Torino,2696,True,1428,Tommaso Pobega,928796,M,67,Guglielmo Vicario,73,Empoli,1523,4.1,59.2,7,56,0,regular,weakFoot,1,
20,15,8,02/12/2021,Torino,Empoli,14,Empoli,2705,False,1523,Andrea Pinamonti,826198,F,70,Vanja Milinković-Savić,72,Torino,1428,10.1,59.0,11,31,0,assisted,head,0,
19,15,8,02/12/2021,Torino,Empoli,15,Torino,2696,True,1428,Marko Pjaca,190435,F,68,Guglielmo Vicario,73,Empoli,1523,15.8,44.3,16,13,0,assisted,strongFoot,1,
18,15,8,02/12/2021,Torino,Empoli,33,Empoli,2705,False,1523,Liam Henderson,287573,M,60,Vanja Milinković-Savić,72,Torino,1428,22.1,33.6,24,26,0,free-kick,strongFoot,0,
17,15,8,02/12/2021,Torino,Empoli,34,Empoli,2705,False,1523,Simone Romagnoli,111487,D,39,Vanja Milinković-Savić,72,Torino,1428,5.2,43.7,6,39,0,corner,head,1,
16,15,8,02/12/2021,Torino,Empoli,41,Empoli,2705,False,1523,Sebastiano Luperto,352736,D,54,Vanja Milinković-Savić,72,Torino,1428,29.5,42.1,29,10,1,assisted,strongFoot,0,
15,15,8,02/12/2021,Torino,Empoli,41,Torino,2696,True,1428,Dennis Praet,135647,M,72,Guglielmo Vicario,73,Empoli,1523,27.2,50.9,27,1,-1,assisted,strongFoot,0,
14,15,8,02/12/2021,Torino,Empoli,45,Torino,2696,True,1428,Ola Aina,800417,D,59,Guglielmo Vicario,73,Empoli,1523,17.8,33.8,20,31,-1,assisted,weakFoot,0,
13,15,8,02/12/2021,Torino,Empoli,48,Empoli,2705,False,1523,Szymon Żurkowski,860435,F,61,Vanja Milinković-Savić,72,Torino,1428,25.4,48.2,25,2,1,assisted,weakFoot,0,
12,15,8,02/12/2021,Torino,Empoli,66,Torino,2696,True,1428,Bremer,885197,D,35,Guglielmo Vicario,73,Empoli,1523,12.8,65.3,16,39,-1,regular,strongFoot,0,
11,15,8,02/12/2021,Torino,Empoli,67,Empoli,2705,False,1523,Liam Henderson,287573,M,60,Vanja Milinković-Savić,72,Torino,1428,20.4,23.1,27,41,1,corner,strongFoot,0,
10,15,8,02/12/2021,Torino,Empoli,70,Empoli,2705,False,1523,Andrea Pinamonti,826198,F,70,Vanja Milinković-Savić,72,Torino,1428,12.5,36.7,15,35,1,regular,weakFoot,0,
9,15,8,02/12/2021,Torino,Empoli,72,Empoli,2705,False,1523,Andrea La Mantia,96649,F,67,Vanja Milinković-Savić,72,Torino,1428,9.3,47.3,9,11,1,assisted,head,1,
8,15,8,02/12/2021,Torino,Empoli,78,Empoli,2705,False,1523,Fabiano Parisi,972886,D,60,Vanja Milinković-Savić,72,Torino,1428,3.0,35.7,10,72,2,assisted,strongFoot,0,
7,15,8,02/12/2021,Torino,Empoli,82,Empoli,2705,False,1523,Nedim Bajrami,825861,M,59,Vanja Milinković-Savić,72,Torino,1428,16.5,53.2,16,7,2,corner,strongFoot,0,
6,15,8,02/12/2021,Torino,Empoli,83,Empoli,2705,False,1523,Fabiano Parisi,972886,D,60,Vanja Milinković-Savić,72,Torino,1428,22.4,23.5,28,38,2,regular,strongFoot,0,
5,15,8,02/12/2021,Torino,Empoli,84,Torino,2696,True,1428,Simone Zaza,48077,F,75,Guglielmo Vicario,73,Empoli,1523,2.5,58.8,6,67,-2,corner,head,0,
4,15,8,02/12/2021,Torino,Empoli,85,Empoli,2705,False,1523,Nicolas Haas,587126,M,57,Vanja Milinković-Savić,72,Torino,1428,26.1,67.2,28,24,2,assisted,strongFoot,0,
3,15,8,02/12/2021,Torino,Empoli,85,Empoli,2705,False,1523,Andrea Pinamonti,826198,F,70,Vanja Milinković-Savić,72,Torino,1428,13.4,53.0,13,8,2,regular,weakFoot,0,
2,15,8,02/12/2021,Torino,Empoli,88,Empoli,2705,False,1523,Andrea La Mantia,96649,F,67,Vanja Milinković-Savić,72,Torino,1428,11.5,46.0,11,13,2,regular,head,0,
1,15,8,02/12/2021,Torino,Empoli,90,Empoli,2705,False,1523,Andrea La Mantia,96649,F,67,Vanja Milinković-Savić,72,Torino,1428,9.3,52.8,9,11,2,assisted,head,0,
0,15,8,02/12/2021,Torino,Empoli,90,Empoli,2705,False,1523,Samuele Ricci,930189,M,45,Vanja Milinković-Savić,72,Torino,1428,22.9,35.5,24,23,2,assisted,strongFoot,0,
24,15,9,02/12/2021,Lazio,Udinese,10,Lazio,2699,True,1626,Sergej Milinković-Savić,331447,M,78,Marco Silvestri,79,Udinese,1400,18.5,45.6,18,9,0,corner,strongFoot,0,
23,15,9,02/12/2021,Lazio,Udinese,13,Lazio,2699,True,1626,Manuel Lazzari,273405,D,60,Marco Silvestri,79,Udinese,1400,23.1,63.1,24,21,0,assisted,weakFoot,0,
22,15,9,02/12/2021,Lazio,Udinese,17,Udinese,2695,False,1400,Beto,987489,F,73,Pepe Reina,78,Lazio,1626,12.1,46.2,12,12,0,assisted,head,1,
21,15,9,02/12/2021,Lazio,Udinese,19,Lazio,2699,True,1626,Luis Alberto,111416,M,75,Marco Silvestri,79,Udinese,1400,20.8,42.7,21,13,0,assisted,weakFoot,0,
20,15,9,02/12/2021,Lazio,Udinese,20,Lazio,2699,True,1626,Luis Alberto,111416,M,75,Marco Silvestri,79,Udinese,1400,25.4,27.9,29,30,0,assisted,strongFoot,0,
19,15,9,02/12/2021,Lazio,Udinese,22,Lazio,2699,True,1626,Francesco Acerbi,126816,D,51,Marco Silvestri,79,Udinese,1400,6.7,52.6,6,14,0,corner,head,0,
18,15,9,02/12/2021,Lazio,Udinese,26,Udinese,2695,False,1400,Nahuel Molina,831799,D,63,Pepe Reina,78,Lazio,1626,24.1,62.0,25,18,0,regular,strongFoot,0,
17,15,9,02/12/2021,Lazio,Udinese,29,Lazio,2699,True,1626,Luis Alberto,111416,M,75,Marco Silvestri,79,Udinese,1400,11.2,47.0,11,10,0,assisted,strongFoot,0,
16,15,9,02/12/2021,Lazio,Udinese,32,Udinese,2695,False,1400,Beto,987489,F,73,Pepe Reina,78,Lazio,1626,6.4,60.6,9,48,0,fast-break,strongFoot,1,
15,15,9,02/12/2021,Lazio,Udinese,34,Lazio,2699,True,1626,Ciro Immobile,45923,F,87,Marco Silvestri,79,Udinese,1400,2.9,46.3,3,40,-1,regular,strongFoot,1,
14,15,9,02/12/2021,Lazio,Udinese,35,Udinese,2695,False,1400,Destiny Udogie,983572,D,48,Pepe Reina,78,Lazio,1626,13.8,28.5,20,46,0,assisted,strongFoot,0,
13,15,9,02/12/2021,Lazio,Udinese,38,Udinese,2695,False,1400,Rodrigo Becão,880207,D,32,Pepe Reina,78,Lazio,1626,10.0,54.6,10,17,0,set-piece,head,0,
12,15,9,02/12/2021,Lazio,Udinese,40,Lazio,2699,True,1626,Sergej Milinković-Savić,331447,M,78,Marco Silvestri,79,Udinese,1400,13.0,53.4,13,10,0,assisted,head,0,
11,15,9,02/12/2021,Lazio,Udinese,44,Udinese,2695,False,1400,Nahuel Molina,831799,D,63,Pepe Reina,78,Lazio,1626,8.4,57.3,9,30,0,fast-break,strongFoot,1,
10,15,9,02/12/2021,Lazio,Udinese,47,Lazio,2699,True,1626,Ciro Immobile,45923,F,87,Marco Silvestri,79,Udinese,1400,17.9,55.7,18,12,-1,assisted,strongFoot,0,
9,15,9,02/12/2021,Lazio,Udinese,51,Lazio,2699,True,1626,Pedro,35428,F,73,Marco Silvestri,79,Udinese,1400,11.8,37.3,14,36,-1,regular,weakFoot,1,
8,15,9,02/12/2021,Lazio,Udinese,54,Udinese,2695,False,1400,Beto,987489,F,73,Pepe Reina,78,Lazio,1626,7.5,33.2,13,56,0,assisted,weakFoot,0,
7,15,9,02/12/2021,Lazio,Udinese,54,Udinese,2695,False,1400,Beto,987489,F,73,Pepe Reina,78,Lazio,1626,3.3,31.0,13,75,0,regular,strongFoot,0,
6,15,9,02/12/2021,Lazio,Udinese,56,Lazio,2699,True,1626,Sergej Milinković-Savić,331447,M,78,Marco Silvestri,79,Udinese,1400,18.3,70.2,22,36,0,regular,weakFoot,1,
5,15,9,02/12/2021,Lazio,Udinese,64,Udinese,2695,False,1400,Gerard Deulofeu,96372,F,72,Pepe Reina,78,Lazio,1626,23.2,38.4,24,18,-1,assisted,strongFoot,0,
4,15,9,02/12/2021,Lazio,Udinese,68,Udinese,2695,False,1400,Gerard Deulofeu,96372,F,72,Pepe Reina,78,Lazio,1626,20.8,65.8,23,27,-1,free-kick,strongFoot,0,
3,15,9,02/12/2021,Lazio,Udinese,77,Lazio,2699,True,1626,Pedro,35428,F,73,Marco Silvestri,79,Udinese,1400,14.4,60.8,16,27,1,assisted,weakFoot,0,
2,15,9,02/12/2021,Lazio,Udinese,79,Lazio,2699,True,1626,Francesco Acerbi,126816,D,51,Marco Silvestri,79,Udinese,1400,8.3,48.7,8,6,1,set-piece,head,1,
1,15,9,02/12/2021,Lazio,Udinese,89,Udinese,2695,False,1400,Tolgay Arslan,71203,M,68,Pepe Reina,78,Lazio,1626,23.5,64.5,25,22,-2,assisted,strongFoot,0,
0,15,9,02/12/2021,Lazio,Udinese,90,Udinese,2695,False,1400,Tolgay Arslan,71203,M,68,Pepe Reina,78,Lazio,1626,15.8,62.9,18,29,-2,set-piece,strongFoot,1,
28,16,0,04/12/2021,AC Milan,US Salernitana 1919,5,AC Milan,2692,True,1721,Franck Kessié,359226,M,73,Vid Belec,73,US Salernitana 1919,1346,8.2,42.5,9,31,0,regular,weakFoot,1,
27,16,0,04/12/2021,AC Milan,US Salernitana 1919,8,AC Milan,2692,True,1721,Pietro Pellegri,839226,F,66,Vid Belec,73,US Salernitana 1919,1346,8.3,52.2,8,10,1,corner,head,0,
26,16,0,04/12/2021,AC Milan,US Salernitana 1919,11,AC Milan,2692,True,1721,Rafael Leão,851284,F,72,Vid Belec,73,US Salernitana 1919,1346,21.8,59.8,22,16,1,assisted,strongFoot,0,
25,16,0,04/12/2021,AC Milan,US Salernitana 1919,13,AC Milan,2692,True,1721,Brahim Díaz,835485,M,67,Vid Belec,73,US Salernitana 1919,1346,4.8,41.5,7,50,1,assisted,weakFoot,0,
24,16,0,04/12/2021,AC Milan,US Salernitana 1919,14,AC Milan,2692,True,1721,Alexis Saelemaekers,901891,M,65,Vid Belec,73,US Salernitana 1919,1346,22.1,31.4,25,29,1,assisted,strongFoot,0,
23,16,0,04/12/2021,AC Milan,US Salernitana 1919,18,AC Milan,2692,True,1721,Alexis Saelemaekers,901891,M,65,Vid Belec,73,US Salernitana 1919,1346,9.7,71.9,17,56,1,assisted,weakFoot,1,
22,16,0,04/12/2021,AC Milan,US Salernitana 1919,21,AC Milan,2692,True,1721,Rafael Leão,851284,F,72,Vid Belec,73,US Salernitana 1919,1346,12.2,37.5,14,34,2,assisted,strongFoot,0,
21,16,0,04/12/2021,AC Milan,US Salernitana 1919,25,US Salernitana 1919,2710,False,1346,Nadir Zortea,928104,D,34,Mike Maignan,84,AC Milan,1721,20.4,66.2,23,28,-2,assisted,weakFoot,0,
20,16,0,04/12/2021,AC Milan,US Salernitana 1919,26,AC Milan,2692,True,1721,Theo Hernández,788027,D,70,Vid Belec,73,US Salernitana 1919,1346,28.2,40.1,28,13,2,assisted,strongFoot,0,
19,16,0,04/12/2021,AC Milan,US Salernitana 1919,31,AC Milan,2692,True,1721,Rafael Leão,851284,F,72,Vid Belec,73,US Salernitana 1919,1346,17.7,33.6,20,32,2,assisted,weakFoot,0,
18,16,0,04/12/2021,AC Milan,US Salernitana 1919,32,AC Milan,2692,True,1721,Brahim Díaz,835485,M,67,Vid Belec,73,US Salernitana 1919,1346,15.0,50.6,15,1,2,corner,weakFoot,0,
17,16,0,04/12/2021,AC Milan,US Salernitana 1919,36,US Salernitana 1919,2710,False,1346,Lassana Coulibaly,804621,M,56,Mike Maignan,84,AC Milan,1721,29.2,43.2,29,8,-2,corner,strongFoot,0,
16,16,0,04/12/2021,AC Milan,US Salernitana 1919,41,AC Milan,2692,True,1721,Brahim Díaz,835485,M,67,Vid Belec,73,US Salernitana 1919,1346,14.0,33.6,17,38,2,assisted,weakFoot,0,
15,16,0,04/12/2021,AC Milan,US Salernitana 1919,42,AC Milan,2692,True,1721,Rade Krunić,155449,M,71,Vid Belec,73,US Salernitana 1919,1346,13.7,62.3,16,31,2,assisted,strongFoot,0,
14,16,0,04/12/2021,AC Milan,US Salernitana 1919,44,US Salernitana 1919,2710,False,1346,Nadir Zortea,928104,D,34,Mike Maignan,84,AC Milan,1721,27.8,53.7,27,5,-2,assisted,weakFoot,0,
12,16,0,04/12/2021,AC Milan,US Salernitana 1919,45,AC Milan,2692,True,1721,Franck Kessié,359226,M,73,Vid Belec,73,US Salernitana 1919,1346,14.7,54.8,15,12,2,regular,strongFoot,0,
13,16,0,04/12/2021,AC Milan,US Salernitana 1919,45,AC Milan,2692,True,1721,Rafael Leão,851284,F,72,Vid Belec,73,US Salernitana 1919,1346,13.7,27.4,20,48,2,assisted,strongFoot,0,
11,16,0,04/12/2021,AC Milan,US Salernitana 1919,52,AC Milan,2692,True,1721,Alessio Romagnoli,227864,D,40,Vid Belec,73,US Salernitana 1919,1346,8.3,41.7,10,34,2,corner,head,0,
10,16,0,04/12/2021,AC Milan,US Salernitana 1919,53,US Salernitana 1919,2710,False,1346,Grigoris Kastanos,791566,M,57,Mike Maignan,84,AC Milan,1721,28.6,62.0,29,15,-2,assisted,strongFoot,0,
9,16,0,04/12/2021,AC Milan,US Salernitana 1919,62,AC Milan,2692,True,1721,Fikayo Tomori,788255,D,36,Vid Belec,73,US Salernitana 1919,1346,8.1,42.4,9,32,2,corner,head,0,
8,16,0,04/12/2021,AC Milan,US Salernitana 1919,65,AC Milan,2692,True,1721,Alessandro Florenzi,152420,D,77,Vid Belec,73,US Salernitana 1919,1346,23.8,63.7,25,21,2,corner,strongFoot,0,
7,16,0,04/12/2021,AC Milan,US Salernitana 1919,70,AC Milan,2692,True,1721,Junior Messias,888219,F,67,Vid Belec,73,US Salernitana 1919,1346,12.4,62.0,14,33,2,assisted,strongFoot,0,
6,16,0,04/12/2021,AC Milan,US Salernitana 1919,72,AC Milan,2692,True,1721,Brahim Díaz,835485,M,67,Vid Belec,73,US Salernitana 1919,1346,8.3,57.3,9,30,2,assisted,weakFoot,0,
5,16,0,04/12/2021,AC Milan,US Salernitana 1919,76,US Salernitana 1919,2710,False,1346,Luka Bogdan,788884,D,32,Mike Maignan,84,AC Milan,1721,10.8,49.3,10,2,-2,corner,head,0,
4,16,0,04/12/2021,AC Milan,US Salernitana 1919,80,AC Milan,2692,True,1721,Junior Messias,888219,F,67,Vid Belec,73,US Salernitana 1919,1346,23.4,48.2,23,2,2,assisted,strongFoot,0,
3,16,0,04/12/2021,AC Milan,US Salernitana 1919,80,AC Milan,2692,True,1721,Brahim Díaz,835485,M,67,Vid Belec,73,US Salernitana 1919,1346,12.4,52.0,12,6,2,assisted,weakFoot,0,
2,16,0,04/12/2021,AC Milan,US Salernitana 1919,81,AC Milan,2692,True,1721,Sandro Tonali,892673,M,66,Vid Belec,73,US Salernitana 1919,1346,26.9,60.8,27,15,2,assisted,strongFoot,0,
1,16,0,04/12/2021,AC Milan,US Salernitana 1919,88,US Salernitana 1919,2710,False,1346,Federico Bonazzoli,284363,F,67,Mike Maignan,84,AC Milan,1721,12.0,36.9,14,36,-2,assisted,strongFoot,0,
0,16,0,04/12/2021,AC Milan,US Salernitana 1919,90,US Salernitana 1919,2710,False,1346,Paweł Jaroszyński,335823,D,45,Mike Maignan,84,AC Milan,1721,11.8,32.0,17,46,-2,regular,strongFoot,0,
18,16,1,04/12/2021,AS Roma,Inter,1,AS Roma,2702,True,1676,Eldor Shomurodov,792283,F,70,Samir Handanović,85,Inter,1845,8.2,45.2,8,21,0,assisted,head,0,
17,16,1,04/12/2021,AS Roma,Inter,9,Inter,2697,False,1845,Marcelo Brozović,108800,M,73,Rui Patrício,82,AS Roma,1676,22.7,29.4,26,31,0,assisted,weakFoot,0,
16,16,1,04/12/2021,AS Roma,Inter,10,AS Roma,2702,True,1676,Matías Viña,875295,D,61,Samir Handanović,85,Inter,1845,22.6,43.5,23,11,0,assisted,strongFoot,0,
15,16,1,04/12/2021,AS Roma,Inter,15,Inter,2697,False,1845,Hakan Çalhanoğlu,135700,M,77,Rui Patrício,82,AS Roma,1676,0.5,0.5,33,89,0,corner,strongFoot,1,
14,16,1,04/12/2021,AS Roma,Inter,21,Inter,2697,False,1845,Edin Džeko,14990,F,83,Rui Patrício,82,AS Roma,1676,18.8,52.4,18,4,1,assisted,weakFoot,0,
13,16,1,04/12/2021,AS Roma,Inter,24,Inter,2697,False,1845,Edin Džeko,14990,F,83,Rui Patrício,82,AS Roma,1676,11.7,44.7,12,17,1,assisted,weakFoot,1,
12,16,1,04/12/2021,AS Roma,Inter,29,Inter,2697,False,1845,Edin Džeko,14990,F,83,Rui Patrício,82,AS Roma,1676,14.8,44.6,15,13,2,assisted,weakFoot,0,
11,16,1,04/12/2021,AS Roma,Inter,31,Inter,2697,False,1845,Edin Džeko,14990,F,83,Rui Patrício,82,AS Roma,1676,4.6,59.4,7,54,2,regular,head,0,
10,16,1,04/12/2021,AS Roma,Inter,32,AS Roma,2702,True,1676,Henrikh Mkhitaryan,37151,M,78,Samir Handanović,85,Inter,1845,17.2,38.4,18,24,-2,assisted,weakFoot,0,
9,16,1,04/12/2021,AS Roma,Inter,33,AS Roma,2702,True,1676,Nicolò Zaniolo,864898,F,73,Samir Handanović,85,Inter,1845,8.1,44.6,8,24,-2,corner,head,0,
8,16,1,04/12/2021,AS Roma,Inter,37,AS Roma,2702,True,1676,Matías Viña,875295,D,61,Samir Handanović,85,Inter,1845,6.7,34.9,12,56,-2,regular,strongFoot,0,
7,16,1,04/12/2021,AS Roma,Inter,39,Inter,2697,False,1845,Denzel Dumfries,759520,M,58,Rui Patrício,82,AS Roma,1676,5.0,57.0,6,43,2,assisted,head,1,
6,16,1,04/12/2021,AS Roma,Inter,44,Inter,2697,False,1845,Hakan Çalhanoğlu,135700,M,77,Rui Patrício,82,AS Roma,1676,12.4,32.2,17,44,3,assisted,strongFoot,0,
5,16,1,04/12/2021,AS Roma,Inter,54,AS Roma,2702,True,1676,Henrikh Mkhitaryan,37151,M,78,Samir Handanović,85,Inter,1845,19.9,57.5,20,14,-3,assisted,weakFoot,0,
4,16,1,04/12/2021,AS Roma,Inter,54,AS Roma,2702,True,1676,Roger Ibañez,888949,D,31,Samir Handanović,85,Inter,1845,8.7,47.0,8,13,-3,corner,other,0,
3,16,1,04/12/2021,AS Roma,Inter,72,AS Roma,2702,True,1676,Henrikh Mkhitaryan,37151,M,78,Samir Handanović,85,Inter,1845,14.2,39.5,15,26,-3,assisted,weakFoot,0,
2,16,1,04/12/2021,AS Roma,Inter,80,Inter,2697,False,1845,Alexis Sánchez,34120,F,75,Rui Patrício,82,AS Roma,1676,9.7,57.7,11,28,3,assisted,strongFoot,0,
1,16,1,04/12/2021,AS Roma,Inter,82,AS Roma,2702,True,1676,Nicolò Zaniolo,864898,F,73,Samir Handanović,85,Inter,1845,17.9,37.3,19,25,-3,assisted,strongFoot,0,
0,16,1,04/12/2021,AS Roma,Inter,86,Inter,2697,False,1845,Stefano Sensi,294313,M,60,Rui Patrício,82,AS Roma,1676,12.8,50.3,12,0,3,assisted,strongFoot,0,
35,16,2,04/12/2021,SSC Napoli,Atalanta,5,SSC Napoli,2714,True,1714,Dries Mertens,32493,M,80,Juan Musso,81,Atalanta,1772,10.4,59.5,12,31,0,assisted,strongFoot,0,
34,16,2,04/12/2021,SSC Napoli,Atalanta,5,SSC Napoli,2714,True,1714,Juan Jesus,108484,D,31,Juan Musso,81,Atalanta,1772,8.1,51.1,8,5,0,corner,head,0,
33,16,2,04/12/2021,SSC Napoli,Atalanta,7,Atalanta,2686,False,1772,Ruslan Malinovskyi,195850,M,79,David Ospina,79,SSC Napoli,1714,17.5,46.0,17,8,0,assisted,strongFoot,1,
32,16,2,04/12/2021,SSC Napoli,Atalanta,16,Atalanta,2686,False,1772,Joakim Mæhle,842364,D,55,David Ospina,79,SSC Napoli,1714,17.5,35.1,20,30,1,assisted,strongFoot,0,
31,16,2,04/12/2021,SSC Napoli,Atalanta,18,Atalanta,2686,False,1772,Rafael Tolói,82943,D,46,David Ospina,79,SSC Napoli,1714,19.4,68.4,23,32,1,assisted,strongFoot,0,
30,16,2,04/12/2021,SSC Napoli,Atalanta,18,Atalanta,2686,False,1772,Davide Zappacosta,132318,M,65,David Ospina,79,SSC Napoli,1714,21.4,60.8,22,18,1,assisted,weakFoot,0,
29,16,2,04/12/2021,SSC Napoli,Atalanta,19,Atalanta,2686,False,1772,Matteo Pessina,350210,M,69,David Ospina,79,SSC Napoli,1714,13.4,57.9,14,21,1,assisted,strongFoot,0,
28,16,2,04/12/2021,SSC Napoli,Atalanta,23,Atalanta,2686,False,1772,Matteo Pessina,350210,M,69,David Ospina,79,SSC Napoli,1714,14.4,31.8,18,40,1,set-piece,strongFoot,0,
27,16,2,04/12/2021,SSC Napoli,Atalanta,27,Atalanta,2686,False,1772,Davide Zappacosta,132318,M,65,David Ospina,79,SSC Napoli,1714,12.5,71.9,19,49,1,assisted,strongFoot,0,
26,16,2,04/12/2021,SSC Napoli,Atalanta,27,Atalanta,2686,False,1772,Duván Zapata,38162,F,81,David Ospina,79,SSC Napoli,1714,5.0,55.5,6,36,1,regular,head,0,
25,16,2,04/12/2021,SSC Napoli,Atalanta,29,Atalanta,2686,False,1772,Ruslan Malinovskyi,195850,M,79,David Ospina,79,SSC Napoli,1714,8.8,62.5,12,44,1,assisted,strongFoot,0,
24,16,2,04/12/2021,SSC Napoli,Atalanta,29,SSC Napoli,2714,True,1714,Mário Rui,99546,D,48,Juan Musso,81,Atalanta,1772,13.6,30.2,19,44,-1,assisted,strongFoot,0,
23,16,2,04/12/2021,SSC Napoli,Atalanta,30,SSC Napoli,2714,True,1714,Hirving Lozano,385320,F,75,Juan Musso,81,Atalanta,1772,13.0,33.2,17,41,-1,assisted,weakFoot,0,
22,16,2,04/12/2021,SSC Napoli,Atalanta,33,SSC Napoli,2714,True,1714,Hirving Lozano,385320,F,75,Juan Musso,81,Atalanta,1772,25.2,23.5,30,35,-1,assisted,strongFoot,0,
21,16,2,04/12/2021,SSC Napoli,Atalanta,39,Atalanta,2686,False,1772,José Luis Palomino,79680,D,32,David Ospina,79,SSC Napoli,1714,9.0,51.2,9,5,1,set-piece,weakFoot,0,
20,16,2,04/12/2021,SSC Napoli,Atalanta,40,SSC Napoli,2714,True,1714,Piotr Zieliński,138605,M,74,Juan Musso,81,Atalanta,1772,10.2,60.6,12,35,-1,assisted,weakFoot,0,
19,16,2,04/12/2021,SSC Napoli,Atalanta,40,SSC Napoli,2714,True,1714,Piotr Zieliński,138605,M,74,Juan Musso,81,Atalanta,1772,9.7,55.0,10,19,-1,regular,weakFoot,1,
18,16,2,04/12/2021,SSC Napoli,Atalanta,42,Atalanta,2686,False,1772,Remo Freuler,115516,M,70,David Ospina,79,SSC Napoli,1714,16.0,27.0,22,44,0,assisted,strongFoot,0,
17,16,2,04/12/2021,SSC Napoli,Atalanta,43,SSC Napoli,2714,True,1714,Mário Rui,99546,D,48,Juan Musso,81,Atalanta,1772,19.5,29.7,23,35,0,assisted,strongFoot,0,
16,16,2,04/12/2021,SSC Napoli,Atalanta,44,SSC Napoli,2714,True,1714,Eljif Elmas,838232,M,68,Juan Musso,81,Atalanta,1772,25.8,44.1,26,8,0,assisted,strongFoot,0,
15,16,2,04/12/2021,SSC Napoli,Atalanta,47,SSC Napoli,2714,True,1714,Dries Mertens,32493,M,80,Juan Musso,81,Atalanta,1772,14.1,67.4,18,40,0,assisted,strongFoot,1,
14,16,2,04/12/2021,SSC Napoli,Atalanta,52,Atalanta,2686,False,1772,Duván Zapata,38162,F,81,David Ospina,79,SSC Napoli,1714,9.3,42.3,10,29,-1,assisted,head,0,
13,16,2,04/12/2021,SSC Napoli,Atalanta,53,Atalanta,2686,False,1772,Merih Demiral,806968,D,40,David Ospina,79,SSC Napoli,1714,6.8,53.0,7,16,-1,corner,head,0,
12,16,2,04/12/2021,SSC Napoli,Atalanta,54,SSC Napoli,2714,True,1714,Dries Mertens,32493,M,80,Juan Musso,81,Atalanta,1772,28.2,63.1,29,17,1,assisted,strongFoot,0,
11,16,2,04/12/2021,SSC Napoli,Atalanta,59,Atalanta,2686,False,1772,Josip Iličić,41270,F,85,David Ospina,79,SSC Napoli,1714,18.8,54.2,19,8,-1,corner,strongFoot,0,
10,16,2,04/12/2021,SSC Napoli,Atalanta,65,Atalanta,2686,False,1772,Merih Demiral,806968,D,40,David Ospina,79,SSC Napoli,1714,7.0,52.6,7,14,-1,set-piece,other,0,
9,16,2,04/12/2021,SSC Napoli,Atalanta,66,Atalanta,2686,False,1772,Merih Demiral,806968,D,40,David Ospina,79,SSC Napoli,1714,3.3,65.7,11,72,-1,assisted,strongFoot,1,
8,16,2,04/12/2021,SSC Napoli,Atalanta,71,Atalanta,2686,False,1772,Remo Freuler,115516,M,70,David Ospina,79,SSC Napoli,1714,16.8,55.7,17,12,0,assisted,weakFoot,1,
7,16,2,04/12/2021,SSC Napoli,Atalanta,77,SSC Napoli,2714,True,1714,Kévin Malcuit,115666,D,61,Juan Musso,81,Atalanta,1772,10.4,72.1,18,55,-1,assisted,strongFoot,0,
6,16,2,04/12/2021,SSC Napoli,Atalanta,79,Atalanta,2686,False,1772,Duván Zapata,38162,F,81,David Ospina,79,SSC Napoli,1714,4.4,53.3,4,27,1,corner,head,0,
5,16,2,04/12/2021,SSC Napoli,Atalanta,84,Atalanta,2686,False,1772,Luis Muriel,119242,F,83,David Ospina,79,SSC Napoli,1714,24.6,52.0,24,3,1,assisted,strongFoot,0,
4,16,2,04/12/2021,SSC Napoli,Atalanta,84,Atalanta,2686,False,1772,Hans Hateboer,356352,D,62,David Ospina,79,SSC Napoli,1714,22.4,68.1,25,28,1,assisted,strongFoot,0,
3,16,2,04/12/2021,SSC Napoli,Atalanta,87,SSC Napoli,2714,True,1714,Mário Rui,99546,D,48,Juan Musso,81,Atalanta,1772,11.8,83.6,25,62,-1,free-kick,strongFoot,0,
2,16,2,04/12/2021,SSC Napoli,Atalanta,90,Atalanta,2686,False,1772,Luis Muriel,119242,F,83,David Ospina,79,SSC Napoli,1714,12.0,32.6,16,44,1,assisted,strongFoot,0,
1,16,2,04/12/2021,SSC Napoli,Atalanta,90,SSC Napoli,2714,True,1714,Mário Rui,99546,D,48,Juan Musso,81,Atalanta,1772,14.2,47.6,14,6,-1,assisted,weakFoot,0,
0,16,2,04/12/2021,SSC Napoli,Atalanta,90,SSC Napoli,2714,True,1714,Andrea Petagna,295973,F,74,Juan Musso,81,Atalanta,1772,8.4,51.5,8,6,-1,regular,weakFoot,0,
13,16,3,05/12/2021,Bologna,Fiorentina,11,Fiorentina,2693,False,1482,Nicolás González,901325,M,70,Łukasz Skorupski,75,Bologna,1438,22.9,68.2,26,28,0,assisted,strongFoot,0,
12,16,3,05/12/2021,Bologna,Fiorentina,29,Bologna,2685,True,1438,Mattias Svanberg,796987,M,65,Pietro Terracciano,71,Fiorentina,1482,12.1,56.7,12,20,0,set-piece,strongFoot,0,
11,16,3,05/12/2021,Bologna,Fiorentina,31,Bologna,2685,True,1438,Musa Barrow,916680,F,73,Pietro Terracciano,71,Fiorentina,1482,16.2,54.0,16,9,0,fast-break,strongFoot,0,
10,16,3,05/12/2021,Bologna,Fiorentina,33,Fiorentina,2693,False,1482,Youssef Maleh,849274,M,67,Łukasz Skorupski,75,Bologna,1438,5.6,42.9,7,40,0,assisted,head,1,
9,16,3,05/12/2021,Bologna,Fiorentina,42,Bologna,2685,True,1438,Musa Barrow,916680,F,73,Pietro Terracciano,71,Fiorentina,1482,13.7,47.8,13,6,-1,assisted,weakFoot,1,
8,16,3,05/12/2021,Bologna,Fiorentina,44,Bologna,2685,True,1438,Nicola Sansone,100580,F,71,Pietro Terracciano,71,Fiorentina,1482,9.5,49.9,9,0,0,assisted,head,0,
7,16,3,05/12/2021,Bologna,Fiorentina,47,Fiorentina,2693,False,1482,Giacomo Bonaventura,36784,M,75,Łukasz Skorupski,75,Bologna,1438,13.5,71.1,19,46,0,assisted,strongFoot,0,
6,16,3,05/12/2021,Bologna,Fiorentina,51,Fiorentina,2693,False,1482,Cristiano Biraghi,122848,D,64,Łukasz Skorupski,75,Bologna,1438,21.2,65.5,23,26,0,free-kick,strongFoot,1,
5,16,3,05/12/2021,Bologna,Fiorentina,65,Bologna,2685,True,1438,Mattias Svanberg,796987,M,65,Pietro Terracciano,71,Fiorentina,1482,19.9,26.8,25,38,-1,free-kick,strongFoot,0,
4,16,3,05/12/2021,Bologna,Fiorentina,67,Fiorentina,2693,False,1482,Dušan Vlahović,832208,F,78,Łukasz Skorupski,75,Bologna,1438,11.5,50.0,11,0,1,penalty,strongFoot,1,
3,16,3,05/12/2021,Bologna,Fiorentina,77,Fiorentina,2693,False,1482,Nicolás González,901325,M,70,Łukasz Skorupski,75,Bologna,1438,22.8,61.8,24,19,2,assisted,strongFoot,0,
2,16,3,05/12/2021,Bologna,Fiorentina,83,Bologna,2685,True,1438,Aaron Hickey,966869,D,50,Pietro Terracciano,71,Fiorentina,1482,18.1,36.9,20,26,-2,assisted,weakFoot,1,
0,16,3,05/12/2021,Bologna,Fiorentina,90,Bologna,2685,True,1438,Riccardo Orsolini,793645,M,70,Pietro Terracciano,71,Fiorentina,1482,27.8,19.6,34,36,-1,assisted,strongFoot,0,
1,16,3,05/12/2021,Bologna,Fiorentina,90,Bologna,2685,True,1438,Kevin Bonifazi,365992,D,35,Pietro Terracciano,71,Fiorentina,1482,10.8,43.5,11,22,-1,set-piece,head,0,
28,16,4,05/12/2021,Spezia,Sassuolo,3,Sassuolo,2793,False,1523,Domenico Berardi,253367,F,80,Ivan Provedel,74,Spezia,1346,14.5,83.0,26,57,0,free-kick,strongFoot,0,
27,16,4,05/12/2021,Spezia,Sassuolo,11,Sassuolo,2793,False,1523,Domenico Berardi,253367,F,80,Ivan Provedel,74,Spezia,1346,15.0,51.3,15,3,0,assisted,strongFoot,0,
26,16,4,05/12/2021,Spezia,Sassuolo,25,Spezia,2735,True,1346,M'bala Nzola,788061,F,69,Andrea Consigli,80,Sassuolo,1523,15.2,62.3,17,28,0,assisted,strongFoot,0,
25,16,4,05/12/2021,Spezia,Sassuolo,31,Sassuolo,2793,False,1523,Gianluca Scamacca,807301,F,74,Ivan Provedel,74,Spezia,1346,19.5,61.6,21,22,0,assisted,strongFoot,0,
24,16,4,05/12/2021,Spezia,Sassuolo,35,Spezia,2735,True,1346,Rey Manaj,587882,F,71,Andrea Consigli,80,Sassuolo,1523,4.0,49.7,4,2,0,assisted,weakFoot,1,
23,16,4,05/12/2021,Spezia,Sassuolo,38,Sassuolo,2793,False,1523,Gianluca Scamacca,807301,F,74,Ivan Provedel,74,Spezia,1346,28.9,58.5,29,11,-1,regular,strongFoot,0,
22,16,4,05/12/2021,Spezia,Sassuolo,39,Spezia,2735,True,1346,Rey Manaj,587882,F,71,Andrea Consigli,80,Sassuolo,1523,4.8,34.5,11,65,1,assisted,weakFoot,0,
21,16,4,05/12/2021,Spezia,Sassuolo,41,Sassuolo,2793,False,1523,Grégoire Defrel,148566,F,75,Ivan Provedel,74,Spezia,1346,25.9,48.7,25,1,-1,assisted,strongFoot,0,
20,16,4,05/12/2021,Spezia,Sassuolo,45,Spezia,2735,True,1346,Rey Manaj,587882,F,71,Andrea Consigli,80,Sassuolo,1523,28.8,60.5,29,13,1,free-kick,weakFoot,0,
19,16,4,05/12/2021,Spezia,Sassuolo,47,Spezia,2735,True,1346,Emmanuel Gyasi,541578,M,59,Andrea Consigli,80,Sassuolo,1523,1.6,51.6,1,34,1,assisted,strongFoot,1,
18,16,4,05/12/2021,Spezia,Sassuolo,51,Sassuolo,2793,False,1523,Gian Marco Ferrari,170887,D,27,Ivan Provedel,74,Spezia,1346,17.7,42.5,18,16,-2,corner,strongFoot,0,
17,16,4,05/12/2021,Spezia,Sassuolo,51,Spezia,2735,True,1346,Rey Manaj,587882,F,71,Andrea Consigli,80,Sassuolo,1523,6.3,28.7,15,66,2,assisted,weakFoot,0,
16,16,4,05/12/2021,Spezia,Sassuolo,54,Sassuolo,2793,False,1523,Giacomo Raspadori,865651,F,72,Ivan Provedel,74,Spezia,1346,12.9,42.8,13,20,-2,assisted,weakFoot,0,
15,16,4,05/12/2021,Spezia,Sassuolo,57,Sassuolo,2793,False,1523,Giacomo Raspadori,865651,F,72,Ivan Provedel,74,Spezia,1346,17.8,49.1,17,1,-2,assisted,weakFoot,0,
14,16,4,05/12/2021,Spezia,Sassuolo,62,Sassuolo,2793,False,1523,Gian Marco Ferrari,170887,D,27,Ivan Provedel,74,Spezia,1346,4.1,55.1,5,40,-2,corner,head,0,
13,16,4,05/12/2021,Spezia,Sassuolo,66,Sassuolo,2793,False,1523,Giacomo Raspadori,865651,F,72,Ivan Provedel,74,Spezia,1346,9.4,47.4,9,10,-2,regular,weakFoot,1,
12,16,4,05/12/2021,Spezia,Sassuolo,73,Spezia,2735,True,1346,Giulio Maggiore,848185,M,58,Andrea Consigli,80,Sassuolo,1523,1.7,35.3,10,80,1,assisted,weakFoot,0,
11,16,4,05/12/2021,Spezia,Sassuolo,74,Sassuolo,2793,False,1523,Gianluca Scamacca,807301,F,74,Ivan Provedel,74,Spezia,1346,19.9,46.6,20,6,-1,assisted,weakFoot,0,
10,16,4,05/12/2021,Spezia,Sassuolo,77,Sassuolo,2793,False,1523,Gianluca Scamacca,807301,F,74,Ivan Provedel,74,Spezia,1346,6.8,51.5,6,8,-1,assisted,head,0,
9,16,4,05/12/2021,Spezia,Sassuolo,79,Sassuolo,2793,False,1523,Giacomo Raspadori,865651,F,72,Ivan Provedel,74,Spezia,1346,17.9,53.0,18,6,-1,assisted,weakFoot,1,
8,16,4,05/12/2021,Spezia,Sassuolo,79,Sassuolo,2793,False,1523,Jérémie Boga,367056,F,72,Ivan Provedel,74,Spezia,1346,13.0,29.7,18,46,0,assisted,weakFoot,0,
7,16,4,05/12/2021,Spezia,Sassuolo,81,Sassuolo,2793,False,1523,Domenico Berardi,253367,F,80,Ivan Provedel,74,Spezia,1346,14.3,44.3,14,15,0,regular,strongFoot,0,
6,16,4,05/12/2021,Spezia,Sassuolo,82,Spezia,2735,True,1346,M'bala Nzola,788061,F,69,Andrea Consigli,80,Sassuolo,1523,7.7,65.8,13,54,0,assisted,strongFoot,0,
5,16,4,05/12/2021,Spezia,Sassuolo,82,Spezia,2735,True,1346,M'bala Nzola,788061,F,69,Andrea Consigli,80,Sassuolo,1523,7.1,41.5,9,39,0,corner,head,0,
4,16,4,05/12/2021,Spezia,Sassuolo,84,Sassuolo,2793,False,1523,Jeremy Toljan,149606,D,41,Ivan Provedel,74,Spezia,1346,29.8,60.6,30,13,0,assisted,strongFoot,0,
3,16,4,05/12/2021,Spezia,Sassuolo,90,Sassuolo,2793,False,1523,Kaan Ayhan,138152,D,52,Ivan Provedel,74,Spezia,1346,25.0,37.0,26,19,0,free-kick,strongFoot,0,
2,16,4,05/12/2021,Spezia,Sassuolo,90,Sassuolo,2793,False,1523,Giacomo Raspadori,865651,F,72,Ivan Provedel,74,Spezia,1346,18.7,49.7,18,0,0,assisted,weakFoot,0,
1,16,4,05/12/2021,Spezia,Sassuolo,90,Sassuolo,2793,False,1523,Domenico Berardi,253367,F,80,Ivan Provedel,74,Spezia,1346,24.3,69.7,27,28,0,assisted,strongFoot,0,
0,16,4,05/12/2021,Spezia,Sassuolo,90,Sassuolo,2793,False,1523,Jérémie Boga,367056,F,72,Ivan Provedel,74,Spezia,1346,29.3,38.6,30,14,0,assisted,strongFoot,0,
25,16,5,05/12/2021,Venezia,Hellas Verona,3,Hellas Verona,2701,False,1428,Darko Lazović,41157,M,67,Sergio Romero,79,Venezia,1361,8.8,31.8,15,54,0,assisted,weakFoot,0,
24,16,5,05/12/2021,Venezia,Hellas Verona,9,Hellas Verona,2701,False,1428,Gianluca Caprari,148458,F,70,Sergio Romero,79,Venezia,1361,19.7,41.5,20,16,0,assisted,weakFoot,0,
23,16,5,05/12/2021,Venezia,Hellas Verona,12,Venezia,2688,True,1361,Pietro Ceccaroni,373724,D,29,Lorenzo Montipò,74,Hellas Verona,1428,3.1,51.5,3,18,0,corner,strongFoot,1,
22,16,5,05/12/2021,Venezia,Hellas Verona,19,Venezia,2688,True,1361,Domen Črnigoj,232096,M,57,Lorenzo Montipò,74,Hellas Verona,1428,8.7,56.7,9,27,0,fast-break,strongFoot,1,
21,16,5,05/12/2021,Venezia,Hellas Verona,25,Venezia,2688,True,1361,Thomas Henry,795541,F,72,Lorenzo Montipò,74,Hellas Verona,1428,8.1,56.9,9,30,0,assisted,head,0,
20,16,5,05/12/2021,Venezia,Hellas Verona,26,Venezia,2688,True,1361,Thomas Henry,795541,F,72,Lorenzo Montipò,74,Hellas Verona,1428,9.5,48.9,9,4,0,assisted,head,0,
19,16,5,05/12/2021,Venezia,Hellas Verona,27,Venezia,2688,True,1361,Thomas Henry,795541,F,72,Lorenzo Montipò,74,Hellas Verona,1428,17.5,50.3,17,0,0,assisted,strongFoot,0,
18,16,5,05/12/2021,Venezia,Hellas Verona,27,Venezia,2688,True,1361,Thomas Henry,795541,F,72,Lorenzo Montipò,74,Hellas Verona,1428,15.2,49.9,15,0,0,regular,weakFoot,1,
17,16,5,05/12/2021,Venezia,Hellas Verona,36,Venezia,2688,True,1361,Thomas Henry,795541,F,72,Lorenzo Montipò,74,Hellas Verona,1428,24.9,43.0,25,10,1,regular,strongFoot,0,
16,16,5,05/12/2021,Venezia,Hellas Verona,39,Hellas Verona,2701,False,1428,Miguel Veloso,6557,M,70,Sergio Romero,79,Venezia,1361,24.4,61.1,25,17,-1,free-kick,strongFoot,0,
15,16,5,05/12/2021,Venezia,Hellas Verona,45,Venezia,2688,True,1361,Mattia Aramu,187111,F,62,Lorenzo Montipò,74,Hellas Verona,1428,18.1,33.4,21,31,1,assisted,strongFoot,0,
14,16,5,05/12/2021,Venezia,Hellas Verona,50,Venezia,2688,True,1361,Domen Črnigoj,232096,M,57,Lorenzo Montipò,74,Hellas Verona,1428,29.3,46.8,29,4,1,assisted,weakFoot,0,
13,16,5,05/12/2021,Venezia,Hellas Verona,51,Hellas Verona,2701,False,1428,Gianluca Caprari,148458,F,70,Sergio Romero,79,Venezia,1361,13.5,32.8,17,40,-1,assisted,strongFoot,0,
12,16,5,05/12/2021,Venezia,Hellas Verona,52,Hellas Verona,2701,False,1428,Davide Faraoni,32040,D,71,Sergio Romero,79,Venezia,1361,3.8,58.8,7,57,-1,corner,head,0,
11,16,5,05/12/2021,Venezia,Hellas Verona,52,Hellas Verona,2701,False,1428,Thomas Henry,795541,F,72,Sergio Romero,79,Venezia,1361,3.3,54.4,4,42,-1,corner,head,1,
10,16,5,05/12/2021,Venezia,Hellas Verona,54,Hellas Verona,2701,False,1428,Miguel Veloso,6557,M,70,Sergio Romero,79,Venezia,1361,16.1,36.1,18,30,0,assisted,strongFoot,0,
9,16,5,05/12/2021,Venezia,Hellas Verona,59,Hellas Verona,2701,False,1428,Kevin Lasagna,587962,F,69,Sergio Romero,79,Venezia,1361,6.3,61.0,9,49,0,regular,strongFoot,0,
8,16,5,05/12/2021,Venezia,Hellas Verona,61,Hellas Verona,2701,False,1428,Ivan Ilić,877371,M,63,Sergio Romero,79,Venezia,1361,25.4,62.5,26,18,0,free-kick,strongFoot,0,
7,16,5,05/12/2021,Venezia,Hellas Verona,62,Hellas Verona,2701,False,1428,Davide Faraoni,32040,D,71,Sergio Romero,79,Venezia,1361,7.5,52.7,7,13,0,assisted,head,0,
6,16,5,05/12/2021,Venezia,Hellas Verona,65,Hellas Verona,2701,False,1428,Gianluca Caprari,148458,F,70,Sergio Romero,79,Venezia,1361,11.5,50.0,11,0,0,penalty,strongFoot,1,
5,16,5,05/12/2021,Venezia,Hellas Verona,67,Hellas Verona,2701,False,1428,Giovanni Simeone,341143,F,76,Sergio Romero,79,Venezia,1361,12.7,56.9,13,20,1,assisted,strongFoot,1,
4,16,5,05/12/2021,Venezia,Hellas Verona,69,Hellas Verona,2701,False,1428,Kevin Lasagna,587962,F,69,Sergio Romero,79,Venezia,1361,6.5,65.5,12,58,2,assisted,strongFoot,0,
3,16,5,05/12/2021,Venezia,Hellas Verona,69,Hellas Verona,2701,False,1428,Gianluca Caprari,148458,F,70,Sergio Romero,79,Venezia,1361,13.4,52.4,13,6,2,regular,weakFoot,0,
2,16,5,05/12/2021,Venezia,Hellas Verona,74,Hellas Verona,2701,False,1428,Ivan Ilić,877371,M,63,Sergio Romero,79,Venezia,1361,14.9,42.2,15,19,2,corner,strongFoot,0,
1,16,5,05/12/2021,Venezia,Hellas Verona,84,Hellas Verona,2701,False,1428,Gianluca Caprari,148458,F,70,Sergio Romero,79,Venezia,1361,14.4,28.5,20,45,2,assisted,strongFoot,0,
0,16,5,05/12/2021,Venezia,Hellas Verona,85,Hellas Verona,2701,False,1428,Giovanni Simeone,341143,F,76,Sergio Romero,79,Venezia,1361,24.1,53.4,24,5,2,assisted,strongFoot,1,
23,16,6,05/12/2021,Sampdoria,Lazio,4,Sampdoria,2711,True,1346,Albin Ekdal,21992,M,65,Thomas Strakosha,79,Lazio,1626,8.8,70.7,16,57,0,assisted,strongFoot,0,
22,16,6,05/12/2021,Sampdoria,Lazio,7,Lazio,2699,False,1626,Sergej Milinković-Savić,331447,M,78,Emil Audero,78,Sampdoria,1346,8.5,63.6,12,47,0,assisted,weakFoot,1,
21,16,6,05/12/2021,Sampdoria,Lazio,12,Lazio,2699,False,1626,Sergej Milinković-Savić,331447,M,78,Emil Audero,78,Sampdoria,1346,15.1,55.9,15,14,0,assisted,strongFoot,0,
20,16,6,05/12/2021,Sampdoria,Lazio,12,Lazio,2699,False,1626,Sergej Milinković-Savić,331447,M,78,Emil Audero,78,Sampdoria,1346,14.7,41.9,15,20,0,regular,weakFoot,0,
19,16,6,05/12/2021,Sampdoria,Lazio,17,Lazio,2699,False,1626,Ciro Immobile,45923,F,87,Emil Audero,78,Sampdoria,1346,11.6,46.3,11,12,0,assisted,weakFoot,1,
18,16,6,05/12/2021,Sampdoria,Lazio,25,Sampdoria,2711,True,1346,Valerio Verre,139267,M,73,Thomas Strakosha,79,Lazio,1626,8.0,42.1,9,33,0,assisted,head,0,
17,16,6,05/12/2021,Sampdoria,Lazio,33,Lazio,2699,False,1626,Ciro Immobile,45923,F,87,Emil Audero,78,Sampdoria,1346,6.8,49.5,6,2,0,assisted,head,0,
16,16,6,05/12/2021,Sampdoria,Lazio,37,Lazio,2699,False,1626,Ciro Immobile,45923,F,87,Emil Audero,78,Sampdoria,1346,9.1,63.9,13,46,0,assisted,strongFoot,1,
15,16,6,05/12/2021,Sampdoria,Lazio,51,Sampdoria,2711,True,1346,Adrien Silva,30127,M,72,Thomas Strakosha,79,Lazio,1626,23.8,45.2,24,7,-1,assisted,strongFoot,0,
14,16,6,05/12/2021,Sampdoria,Lazio,53,Sampdoria,2711,True,1346,Morten Thorsby,280991,M,60,Thomas Strakosha,79,Lazio,1626,7.3,34.9,12,54,-1,assisted,weakFoot,0,
13,16,6,05/12/2021,Sampdoria,Lazio,53,Sampdoria,2711,True,1346,Radu Drăguşin,997103,D,30,Thomas Strakosha,79,Lazio,1626,4.6,46.2,5,29,-1,corner,head,0,
12,16,6,05/12/2021,Sampdoria,Lazio,56,Sampdoria,2711,True,1346,Manolo Gabbiadini,53816,F,78,Thomas Strakosha,79,Lazio,1626,8.4,48.4,8,7,-1,assisted,head,0,
11,16,6,05/12/2021,Sampdoria,Lazio,57,Sampdoria,2711,True,1346,Jeff Chabot,863271,D,27,Thomas Strakosha,79,Lazio,1626,13.6,53.1,13,8,-1,corner,head,0,
10,16,6,05/12/2021,Sampdoria,Lazio,63,Sampdoria,2711,True,1346,Antonio Candreva,27982,F,78,Thomas Strakosha,79,Lazio,1626,22.5,67.4,25,27,-1,assisted,weakFoot,0,
9,16,6,05/12/2021,Sampdoria,Lazio,68,Sampdoria,2711,True,1346,Albin Ekdal,21992,M,65,Thomas Strakosha,79,Lazio,1626,14.2,46.4,14,9,-1,set-piece,head,0,
8,16,6,05/12/2021,Sampdoria,Lazio,69,Sampdoria,2711,True,1346,Manolo Gabbiadini,53816,F,78,Thomas Strakosha,79,Lazio,1626,12.5,55.9,13,17,-1,assisted,head,0,
7,16,6,05/12/2021,Sampdoria,Lazio,82,Sampdoria,2711,True,1346,Maya Yoshida,24248,D,41,Thomas Strakosha,79,Lazio,1626,5.0,46.7,5,24,-1,set-piece,head,0,
6,16,6,05/12/2021,Sampdoria,Lazio,83,Sampdoria,2711,True,1346,Jeff Chabot,863271,D,27,Thomas Strakosha,79,Lazio,1626,9.2,40.1,11,36,-1,corner,head,0,
5,16,6,05/12/2021,Sampdoria,Lazio,89,Sampdoria,2711,True,1346,Manolo Gabbiadini,53816,F,78,Thomas Strakosha,79,Lazio,1626,12.0,42.5,13,23,-1,regular,strongFoot,1,
4,16,6,05/12/2021,Sampdoria,Lazio,90,Sampdoria,2711,True,1346,Albin Ekdal,21992,M,65,Thomas Strakosha,79,Lazio,1626,22.1,52.6,22,4,0,assisted,strongFoot,0,
3,16,6,05/12/2021,Sampdoria,Lazio,90,Sampdoria,2711,True,1346,Manolo Gabbiadini,53816,F,78,Thomas Strakosha,79,Lazio,1626,14.3,48.7,14,3,0,assisted,head,0,
2,16,6,05/12/2021,Sampdoria,Lazio,90,Sampdoria,2711,True,1346,Manolo Gabbiadini,53816,F,78,Thomas Strakosha,79,Lazio,1626,12.1,43.9,12,18,0,regular,strongFoot,0,
1,16,6,05/12/2021,Sampdoria,Lazio,90,Sampdoria,2711,True,1346,Riccardo Ciervo,1019953,M,55,Thomas Strakosha,79,Lazio,1626,8.5,66.6,14,53,0,assisted,weakFoot,0,
0,16,6,05/12/2021,Sampdoria,Lazio,90,Sampdoria,2711,True,1346,Albin Ekdal,21992,M,65,Thomas Strakosha,79,Lazio,1626,9.7,43.9,10,23,0,regular,weakFoot,0,
26,16,7,05/12/2021,Juventus,Genoa,7,Juventus,2687,True,1857,Rodrigo Bentancur,791190,M,61,Salvatore Sirigu,81,Genoa,1361,26.8,50.9,26,1,0,regular,weakFoot,0,
25,16,7,05/12/2021,Juventus,Genoa,7,Juventus,2687,True,1857,Federico Bernardeschi,294597,F,71,Salvatore Sirigu,81,Genoa,1361,23.0,37.9,24,19,0,regular,strongFoot,0,
24,16,7,05/12/2021,Juventus,Genoa,9,Juventus,2687,True,1857,Juan Cuadrado,47743,M,74,Salvatore Sirigu,81,Genoa,1361,0.59999999999999,0.2,33,88,0,corner,strongFoot,1,
23,16,7,05/12/2021,Juventus,Genoa,11,Juventus,2687,True,1857,Paulo Dybala,256219,F,85,Salvatore Sirigu,81,Genoa,1361,26.4,43.4,26,9,0,regular,strongFoot,0,
22,16,7,05/12/2021,Juventus,Genoa,15,Juventus,2687,True,1857,Federico Bernardeschi,294597,F,71,Salvatore Sirigu,81,Genoa,1361,2.6,65.8,11,76,0,assisted,weakFoot,0,
21,16,7,05/12/2021,Juventus,Genoa,18,Juventus,2687,True,1857,Manuel Locatelli,363860,M,71,Salvatore Sirigu,81,Genoa,1361,19.3,31.4,23,33,0,assisted,strongFoot,0,
20,16,7,05/12/2021,Juventus,Genoa,26,Juventus,2687,True,1857,Paulo Dybala,256219,F,85,Salvatore Sirigu,81,Genoa,1361,18.0,46.4,18,7,0,assisted,weakFoot,0,
19,16,7,05/12/2021,Juventus,Genoa,26,Juventus,2687,True,1857,Paulo Dybala,256219,F,85,Salvatore Sirigu,81,Genoa,1361,13.5,54.3,13,12,0,regular,weakFoot,0,
18,16,7,05/12/2021,Juventus,Genoa,27,Juventus,2687,True,1857,Federico Bernardeschi,294597,F,71,Salvatore Sirigu,81,Genoa,1361,19.1,51.3,19,2,0,regular,strongFoot,0,
17,16,7,05/12/2021,Juventus,Genoa,32,Juventus,2687,True,1857,Matthijs de Ligt,803031,D,58,Salvatore Sirigu,81,Genoa,1361,8.7,44.0,9,25,0,set-piece,head,0,
16,16,7,05/12/2021,Juventus,Genoa,34,Juventus,2687,True,1857,Federico Bernardeschi,294597,F,71,Salvatore Sirigu,81,Genoa,1361,8.5,31.7,15,55,0,assisted,strongFoot,0,
15,16,7,05/12/2021,Juventus,Genoa,37,Juventus,2687,True,1857,Matthijs de Ligt,803031,D,58,Salvatore Sirigu,81,Genoa,1361,4.2,54.8,5,37,0,corner,head,0,
14,16,7,05/12/2021,Juventus,Genoa,37,Juventus,2687,True,1857,Álvaro Morata,125407,F,79,Salvatore Sirigu,81,Genoa,1361,3.3,50.9,3,10,0,corner,strongFoot,0,
13,16,7,05/12/2021,Juventus,Genoa,45,Juventus,2687,True,1857,Álvaro Morata,125407,F,79,Salvatore Sirigu,81,Genoa,1361,8.1,52.6,8,12,0,fast-break,strongFoot,0,
11,16,7,05/12/2021,Juventus,Genoa,50,Juventus,2687,True,1857,Paulo Dybala,256219,F,85,Salvatore Sirigu,81,Genoa,1361,25.2,45.7,25,6,0,assisted,strongFoot,0,
12,16,7,05/12/2021,Juventus,Genoa,50,Juventus,2687,True,1857,Federico Bernardeschi,294597,F,71,Salvatore Sirigu,81,Genoa,1361,18.2,31.3,22,34,0,assisted,strongFoot,0,
10,16,7,05/12/2021,Juventus,Genoa,53,Juventus,2687,True,1857,Álvaro Morata,125407,F,79,Salvatore Sirigu,81,Genoa,1361,8.5,39.8,10,39,0,regular,strongFoot,0,
9,16,7,05/12/2021,Juventus,Genoa,56,Juventus,2687,True,1857,Matthijs de Ligt,803031,D,58,Salvatore Sirigu,81,Genoa,1361,28.3,54.6,28,6,0,assisted,strongFoot,0,
8,16,7,05/12/2021,Juventus,Genoa,57,Juventus,2687,True,1857,Dejan Kulusevski,928124,M,73,Salvatore Sirigu,81,Genoa,1361,11.3,63.6,14,39,0,assisted,strongFoot,0,
7,16,7,05/12/2021,Juventus,Genoa,62,Juventus,2687,True,1857,Federico Bernardeschi,294597,F,71,Salvatore Sirigu,81,Genoa,1361,22.8,28.3,27,32,0,assisted,strongFoot,0,
6,16,7,05/12/2021,Juventus,Genoa,63,Juventus,2687,True,1857,Paulo Dybala,256219,F,85,Salvatore Sirigu,81,Genoa,1361,24.8,38.5,26,17,0,corner,strongFoot,0,
5,16,7,05/12/2021,Juventus,Genoa,64,Juventus,2687,True,1857,Juan Cuadrado,47743,M,74,Salvatore Sirigu,81,Genoa,1361,8.2,65.3,13,51,0,regular,strongFoot,0,
4,16,7,05/12/2021,Juventus,Genoa,64,Juventus,2687,True,1857,Manuel Locatelli,363860,M,71,Salvatore Sirigu,81,Genoa,1361,20.7,40.0,21,18,0,assisted,weakFoot,0,
3,16,7,05/12/2021,Juventus,Genoa,65,Juventus,2687,True,1857,Paulo Dybala,256219,F,85,Salvatore Sirigu,81,Genoa,1361,8.4,39.0,11,41,0,fast-break,strongFoot,0,
2,16,7,05/12/2021,Juventus,Genoa,66,Juventus,2687,True,1857,Juan Cuadrado,47743,M,74,Salvatore Sirigu,81,Genoa,1361,6.8,72.0,16,65,0,assisted,strongFoot,0,
1,16,7,05/12/2021,Juventus,Genoa,71,Juventus,2687,True,1857,Alex Sandro,84854,D,64,Salvatore Sirigu,81,Genoa,1361,12.5,35.9,15,37,0,assisted,strongFoot,0,
0,16,7,05/12/2021,Juventus,Genoa,82,Juventus,2687,True,1857,Paulo Dybala,256219,F,85,Salvatore Sirigu,81,Genoa,1361,7.8,32.6,14,56,0,assisted,strongFoot,1,
40,16,8,06/12/2021,Empoli,Udinese,1,Empoli,2705,True,1523,Szymon Żurkowski,860435,F,61,Marco Silvestri,79,Udinese,1400,10.0,54.2,10,15,0,assisted,strongFoot,0,
39,16,8,06/12/2021,Empoli,Udinese,3,Empoli,2705,True,1523,Nicolas Haas,587126,M,57,Marco Silvestri,79,Udinese,1400,2.0,65.1,10,78,0,assisted,strongFoot,0,
38,16,8,06/12/2021,Empoli,Udinese,4,Udinese,2695,False,1400,Beto,987489,F,73,Guglielmo Vicario,73,Empoli,1523,13.4,48.5,13,4,0,assisted,strongFoot,0,
37,16,8,06/12/2021,Empoli,Udinese,5,Empoli,2705,True,1523,Szymon Żurkowski,860435,F,61,Marco Silvestri,79,Udinese,1400,25.6,34.6,27,22,0,regular,strongFoot,0,
36,16,8,06/12/2021,Empoli,Udinese,6,Empoli,2705,True,1523,Lorenzo Tonelli,24818,D,31,Marco Silvestri,79,Udinese,1400,9.7,55.5,10,21,0,corner,strongFoot,0,
35,16,8,06/12/2021,Empoli,Udinese,11,Udinese,2695,False,1400,Beto,987489,F,73,Guglielmo Vicario,73,Empoli,1523,6.1,51.1,6,6,0,corner,head,0,
34,16,8,06/12/2021,Empoli,Udinese,15,Empoli,2705,True,1523,Patrick Cutrone,795044,F,71,Marco Silvestri,79,Udinese,1400,9.0,35.3,13,48,0,assisted,weakFoot,0,
33,16,8,06/12/2021,Empoli,Udinese,15,Udinese,2695,False,1400,Beto,987489,F,73,Guglielmo Vicario,73,Empoli,1523,17.6,58.4,18,17,0,assisted,weakFoot,0,
32,16,8,06/12/2021,Empoli,Udinese,19,Empoli,2705,True,1523,Patrick Cutrone,795044,F,71,Marco Silvestri,79,Udinese,1400,15.7,28.9,21,42,0,set-piece,strongFoot,0,
31,16,8,06/12/2021,Empoli,Udinese,19,Empoli,2705,True,1523,Lorenzo Tonelli,24818,D,31,Marco Silvestri,79,Udinese,1400,15.3,68.7,19,39,0,regular,strongFoot,0,
30,16,8,06/12/2021,Empoli,Udinese,22,Udinese,2695,False,1400,Gerard Deulofeu,96372,F,72,Guglielmo Vicario,73,Empoli,1523,8.7,35.5,13,48,0,assisted,strongFoot,1,
29,16,8,06/12/2021,Empoli,Udinese,29,Udinese,2695,False,1400,Isaac Success,359640,F,66,Guglielmo Vicario,73,Empoli,1523,21.7,29.4,25,32,1,assisted,strongFoot,0,
28,16,8,06/12/2021,Empoli,Udinese,32,Empoli,2705,True,1523,Patrick Cutrone,795044,F,71,Marco Silvestri,79,Udinese,1400,20.8,25.3,26,38,-1,assisted,strongFoot,0,
27,16,8,06/12/2021,Empoli,Udinese,38,Udinese,2695,False,1400,Tolgay Arslan,71203,M,68,Guglielmo Vicario,73,Empoli,1523,27.4,58.1,27,11,1,assisted,strongFoot,0,
26,16,8,06/12/2021,Empoli,Udinese,38,Udinese,2695,False,1400,Isaac Success,359640,F,66,Guglielmo Vicario,73,Empoli,1523,10.0,47.4,10,10,1,corner,strongFoot,0,
25,16,8,06/12/2021,Empoli,Udinese,45,Udinese,2695,False,1400,Destiny Udogie,983572,D,48,Guglielmo Vicario,73,Empoli,1523,7.4,47.3,7,13,1,regular,strongFoot,0,
24,16,8,06/12/2021,Empoli,Udinese,48,Udinese,2695,False,1400,Beto,987489,F,73,Guglielmo Vicario,73,Empoli,1523,5.8,51.6,5,10,1,corner,head,0,
23,16,8,06/12/2021,Empoli,Udinese,49,Empoli,2705,True,1523,Petar Stojanović,227082,M,49,Marco Silvestri,79,Udinese,1400,15.5,66.2,19,35,-1,assisted,weakFoot,1,
22,16,8,06/12/2021,Empoli,Udinese,51,Udinese,2695,False,1400,Isaac Success,359640,F,66,Guglielmo Vicario,73,Empoli,1523,8.5,40.8,10,36,0,assisted,weakFoot,0,
21,16,8,06/12/2021,Empoli,Udinese,54,Empoli,2705,True,1523,Andrea Pinamonti,826198,F,70,Marco Silvestri,79,Udinese,1400,7.3,39.8,10,43,0,corner,head,0,
20,16,8,06/12/2021,Empoli,Udinese,57,Udinese,2695,False,1400,Gerard Deulofeu,96372,F,72,Guglielmo Vicario,73,Empoli,1523,0.8,67.2,11,86,0,assisted,strongFoot,0,
19,16,8,06/12/2021,Empoli,Udinese,59,Empoli,2705,True,1523,Nedim Bajrami,825861,M,59,Marco Silvestri,79,Udinese,1400,3.1,47.2,3,31,0,regular,strongFoot,1,
18,16,8,06/12/2021,Empoli,Udinese,61,Udinese,2695,False,1400,Isaac Success,359640,F,66,Guglielmo Vicario,73,Empoli,1523,15.6,34.0,19,34,-1,assisted,strongFoot,0,
17,16,8,06/12/2021,Empoli,Udinese,63,Empoli,2705,True,1523,Nedim Bajrami,825861,M,59,Marco Silvestri,79,Udinese,1400,14.8,37.9,16,29,1,assisted,strongFoot,0,
16,16,8,06/12/2021,Empoli,Udinese,64,Empoli,2705,True,1523,Andrea Pinamonti,826198,F,70,Marco Silvestri,79,Udinese,1400,12.4,61.3,14,31,1,corner,weakFoot,0,
15,16,8,06/12/2021,Empoli,Udinese,66,Empoli,2705,True,1523,Patrick Cutrone,795044,F,71,Marco Silvestri,79,Udinese,1400,22.7,31.2,26,29,1,regular,strongFoot,0,
14,16,8,06/12/2021,Empoli,Udinese,69,Empoli,2705,True,1523,Nedim Bajrami,825861,M,59,Marco Silvestri,79,Udinese,1400,7.3,65.7,12,55,1,assisted,strongFoot,0,
13,16,8,06/12/2021,Empoli,Udinese,69,Empoli,2705,True,1523,Petar Stojanović,227082,M,49,Marco Silvestri,79,Udinese,1400,10.3,60.3,12,34,1,assisted,weakFoot,0,
12,16,8,06/12/2021,Empoli,Udinese,69,Empoli,2705,True,1523,Szymon Żurkowski,860435,F,61,Marco Silvestri,79,Udinese,1400,14.0,44.7,14,14,1,regular,weakFoot,0,
11,16,8,06/12/2021,Empoli,Udinese,69,Empoli,2705,True,1523,Samuele Ricci,930189,M,45,Marco Silvestri,79,Udinese,1400,24.5,47.2,24,4,1,regular,strongFoot,0,
10,16,8,06/12/2021,Empoli,Udinese,70,Empoli,2705,True,1523,Andrea Pinamonti,826198,F,70,Marco Silvestri,79,Udinese,1400,15.4,39.2,17,25,1,assisted,strongFoot,0,
9,16,8,06/12/2021,Empoli,Udinese,73,Udinese,2695,False,1400,Mato Jajalo,42147,M,64,Guglielmo Vicario,73,Empoli,1523,14.8,37.1,17,30,-1,assisted,strongFoot,0,
8,16,8,06/12/2021,Empoli,Udinese,73,Udinese,2695,False,1400,Beto,987489,F,73,Guglielmo Vicario,73,Empoli,1523,7.8,48.7,7,6,-1,regular,strongFoot,0,
7,16,8,06/12/2021,Empoli,Udinese,78,Empoli,2705,True,1523,Andrea Pinamonti,826198,F,70,Marco Silvestri,79,Udinese,1400,13.8,48.2,13,5,1,assisted,strongFoot,1,
6,16,8,06/12/2021,Empoli,Udinese,81,Empoli,2705,True,1523,Andrea Pinamonti,826198,F,70,Marco Silvestri,79,Udinese,1400,14.8,68.5,19,40,2,assisted,strongFoot,0,
5,16,8,06/12/2021,Empoli,Udinese,83,Udinese,2695,False,1400,Jean Victor Makengo,802138,F,66,Guglielmo Vicario,73,Empoli,1523,26.6,33.4,28,22,-2,assisted,strongFoot,0,
4,16,8,06/12/2021,Empoli,Udinese,87,Udinese,2695,False,1400,Gerard Deulofeu,96372,F,72,Guglielmo Vicario,73,Empoli,1523,12.1,34.6,16,40,-2,assisted,strongFoot,0,
3,16,8,06/12/2021,Empoli,Udinese,89,Udinese,2695,False,1400,Ilija Nestorovski,55314,F,73,Guglielmo Vicario,73,Empoli,1523,12.3,52.2,12,6,-2,assisted,head,0,
2,16,8,06/12/2021,Empoli,Udinese,90,Empoli,2705,True,1523,Filippo Bandinelli,812332,M,66,Marco Silvestri,79,Udinese,1400,9.6,58.8,11,31,2,regular,weakFoot,0,
1,16,8,06/12/2021,Empoli,Udinese,90,Udinese,2695,False,1400,Lazar Samardžić,980624,M,60,Guglielmo Vicario,73,Empoli,1523,23.7,55.4,23,8,-2,assisted,strongFoot,0,
0,16,8,06/12/2021,Empoli,Udinese,90,Udinese,2695,False,1400,Gerard Deulofeu,96372,F,72,Guglielmo Vicario,73,Empoli,1523,20.5,9.5,34,53,-2,free-kick,strongFoot,0,
23,16,9,06/12/2021,Cagliari,Torino,9,Cagliari,2719,True,1346,Alberto Grassi,186845,M,62,Vanja Milinković-Savić,72,Torino,1428,14.0,49.7,14,0,0,corner,weakFoot,0,
22,16,9,06/12/2021,Cagliari,Torino,17,Torino,2696,False,1428,Bremer,885197,D,35,Alessio Cragno,81,Cagliari,1346,6.4,60.8,9,48,0,corner,head,0,
21,16,9,06/12/2021,Cagliari,Torino,23,Cagliari,2719,True,1346,Andrea Carboni,970978,D,27,Vanja Milinković-Savić,72,Torino,1428,2.7,59.4,6,67,0,set-piece,head,0,
20,16,9,06/12/2021,Cagliari,Torino,30,Cagliari,2719,True,1346,Răzvan Marin,279563,M,73,Vanja Milinković-Savić,72,Torino,1428,25.6,49.7,25,0,0,assisted,weakFoot,0,
19,16,9,06/12/2021,Cagliari,Torino,31,Torino,2696,False,1428,Tommaso Pobega,928796,M,67,Alessio Cragno,81,Cagliari,1346,28.5,27.0,32,28,0,assisted,weakFoot,0,
18,16,9,06/12/2021,Cagliari,Torino,31,Torino,2696,False,1428,Antonio Sanabria,333261,F,71,Alessio Cragno,81,Cagliari,1346,3.7,51.5,3,15,0,regular,strongFoot,0,
16,16,9,06/12/2021,Cagliari,Torino,35,Cagliari,2719,True,1346,Răzvan Marin,279563,M,73,Vanja Milinković-Savić,72,Torino,1428,22.8,26.2,27,35,0,free-kick,strongFoot,0,
15,16,9,06/12/2021,Cagliari,Torino,42,Cagliari,2719,True,1346,João Pedro Galvão,123208,F,78,Vanja Milinković-Savić,72,Torino,1428,19.2,35.9,21,26,0,assisted,strongFoot,0,
14,16,9,06/12/2021,Cagliari,Torino,42,Cagliari,2719,True,1346,Nahitan Nández,589620,M,66,Vanja Milinković-Savić,72,Torino,1428,23.6,35.1,25,23,0,regular,strongFoot,0,
13,16,9,06/12/2021,Cagliari,Torino,49,Cagliari,2719,True,1346,Keita Baldé,317699,F,73,Vanja Milinković-Savić,72,Torino,1428,14.8,54.0,15,10,0,regular,weakFoot,0,
12,16,9,06/12/2021,Cagliari,Torino,51,Cagliari,2719,True,1346,João Pedro Galvão,123208,F,78,Vanja Milinković-Savić,72,Torino,1428,10.1,43.9,10,22,0,assisted,head,0,
11,16,9,06/12/2021,Cagliari,Torino,51,Cagliari,2719,True,1346,João Pedro Galvão,123208,F,78,Vanja Milinković-Savić,72,Torino,1428,6.1,49.1,6,5,0,corner,head,0,
10,16,9,06/12/2021,Cagliari,Torino,52,Cagliari,2719,True,1346,Luca Ceppitelli,131108,D,34,Vanja Milinković-Savić,72,Torino,1428,9.0,42.7,10,28,0,assisted,head,0,
9,16,9,06/12/2021,Cagliari,Torino,53,Cagliari,2719,True,1346,João Pedro Galvão,123208,F,78,Vanja Milinković-Savić,72,Torino,1428,8.7,48.1,8,8,0,assisted,strongFoot,1,
8,16,9,06/12/2021,Cagliari,Torino,55,Cagliari,2719,True,1346,Luca Ceppitelli,131108,D,34,Vanja Milinković-Savić,72,Torino,1428,8.0,48.9,8,5,1,corner,head,0,
7,16,9,06/12/2021,Cagliari,Torino,65,Cagliari,2719,True,1346,Martín Cáceres,28186,D,51,Vanja Milinković-Savić,72,Torino,1428,13.7,38.4,15,29,1,set-piece,strongFoot,0,
6,16,9,06/12/2021,Cagliari,Torino,82,Torino,2696,False,1428,Dennis Praet,135647,M,72,Alessio Cragno,81,Cagliari,1346,16.8,48.2,16,4,-1,assisted,weakFoot,0,
5,16,9,06/12/2021,Cagliari,Torino,83,Torino,2696,False,1428,Simone Zaza,48077,F,75,Alessio Cragno,81,Cagliari,1346,10.3,57.5,11,26,-1,assisted,weakFoot,0,
4,16,9,06/12/2021,Cagliari,Torino,83,Torino,2696,False,1428,Simone Zaza,48077,F,75,Alessio Cragno,81,Cagliari,1346,8.3,46.0,8,18,-1,assisted,head,0,
3,16,9,06/12/2021,Cagliari,Torino,86,Torino,2696,False,1428,Daniele Baselli,168647,M,71,Alessio Cragno,81,Cagliari,1346,4.7,47.2,5,22,-1,assisted,strongFoot,0,
2,16,9,06/12/2021,Cagliari,Torino,89,Cagliari,2719,True,1346,Nahitan Nández,589620,M,66,Vanja Milinković-Savić,72,Torino,1428,8.7,65.8,13,51,1,fast-break,weakFoot,0,
1,16,9,06/12/2021,Cagliari,Torino,90,Cagliari,2719,True,1346,Nahitan Nández,589620,M,66,Vanja Milinković-Savić,72,Torino,1428,10.0,47.3,10,10,1,corner,strongFoot,0,
0,16,9,06/12/2021,Cagliari,Torino,90,Torino,2696,False,1428,Mërgim Vojvoda,798147,D,49,Alessio Cragno,81,Cagliari,1346,24.1,40.8,24,14,-1,assisted,strongFoot,0,
26,17,0,10/12/2021,Genoa,Sampdoria,3,Sampdoria,2711,False,1346,Adrien Silva,30127,M,72,Salvatore Sirigu,81,Genoa,1361,25.6,58.3,26,12,0,set-piece,strongFoot,0,
25,17,0,10/12/2021,Genoa,Sampdoria,5,Genoa,2713,True,1361,Hernani,156019,M,68,Emil Audero,78,Sampdoria,1346,18.2,24.6,25,43,0,regular,strongFoot,0,
24,17,0,10/12/2021,Genoa,Sampdoria,7,Sampdoria,2711,False,1346,Adrien Silva,30127,M,72,Salvatore Sirigu,81,Genoa,1361,9.6,58.7,11,31,0,assisted,weakFoot,0,
23,17,0,10/12/2021,Genoa,Sampdoria,7,Sampdoria,2711,False,1346,Manolo Gabbiadini,53816,F,78,Salvatore Sirigu,81,Genoa,1361,8.9,54.0,9,16,0,corner,head,1,
22,17,0,10/12/2021,Genoa,Sampdoria,22,Sampdoria,2711,False,1346,Morten Thorsby,280991,M,60,Salvatore Sirigu,81,Genoa,1361,5.3,41.9,7,46,1,regular,head,0,
21,17,0,10/12/2021,Genoa,Sampdoria,23,Genoa,2713,True,1361,Domenico Criscito,14251,M,60,Emil Audero,78,Sampdoria,1346,29.7,32.7,31,21,-1,assisted,strongFoot,0,
20,17,0,10/12/2021,Genoa,Sampdoria,26,Sampdoria,2711,False,1346,Bartosz Bereszyński,109461,D,55,Salvatore Sirigu,81,Genoa,1361,23.3,65.0,25,23,1,regular,strongFoot,0,
19,17,0,10/12/2021,Genoa,Sampdoria,28,Sampdoria,2711,False,1346,Manolo Gabbiadini,53816,F,78,Salvatore Sirigu,81,Genoa,1361,7.7,56.2,8,28,1,assisted,head,0,
18,17,0,10/12/2021,Genoa,Sampdoria,33,Sampdoria,2711,False,1346,Morten Thorsby,280991,M,60,Salvatore Sirigu,81,Genoa,1361,8.0,42.5,9,32,1,assisted,head,0,
17,17,0,10/12/2021,Genoa,Sampdoria,45,Sampdoria,2711,False,1346,Francesco Caputo,43905,F,78,Salvatore Sirigu,81,Genoa,1361,6.3,65.6,12,59,1,assisted,strongFoot,0,
16,17,0,10/12/2021,Genoa,Sampdoria,48,Genoa,2713,True,1361,Hernani,156019,M,68,Emil Audero,78,Sampdoria,1346,14.5,52.4,14,6,-1,assisted,strongFoot,0,
15,17,0,10/12/2021,Genoa,Sampdoria,49,Sampdoria,2711,False,1346,Antonio Candreva,27982,F,78,Salvatore Sirigu,81,Genoa,1361,9.1,70.7,16,57,1,fast-break,strongFoot,0,
14,17,0,10/12/2021,Genoa,Sampdoria,49,Sampdoria,2711,False,1346,Francesco Caputo,43905,F,78,Salvatore Sirigu,81,Genoa,1361,2.6,52.1,2,28,1,fast-break,strongFoot,1,
13,17,0,10/12/2021,Genoa,Sampdoria,57,Genoa,2713,True,1361,Milan Badelj,39482,M,63,Emil Audero,78,Sampdoria,1346,20.9,66.4,23,28,-2,corner,strongFoot,0,
11,17,0,10/12/2021,Genoa,Sampdoria,64,Genoa,2713,True,1361,Hernani,156019,M,68,Emil Audero,78,Sampdoria,1346,8.6,55.8,9,24,-2,corner,head,0,
12,17,0,10/12/2021,Genoa,Sampdoria,64,Genoa,2713,True,1361,Goran Pandev,2695,F,77,Emil Audero,78,Sampdoria,1346,3.8,40.3,7,60,-2,regular,strongFoot,0,
10,17,0,10/12/2021,Genoa,Sampdoria,65,Genoa,2713,True,1361,Mattia Destro,100570,F,76,Emil Audero,78,Sampdoria,1346,9.5,40.0,11,35,-2,assisted,strongFoot,0,
9,17,0,10/12/2021,Genoa,Sampdoria,67,Sampdoria,2711,False,1346,Manolo Gabbiadini,53816,F,78,Salvatore Sirigu,81,Genoa,1361,19.2,49.7,19,0,2,assisted,strongFoot,0,
7,17,0,10/12/2021,Genoa,Sampdoria,72,Genoa,2713,True,1361,Stefano Sturaro,148191,M,66,Emil Audero,78,Sampdoria,1346,7.7,51.2,7,6,-3,corner,head,0,
6,17,0,10/12/2021,Genoa,Sampdoria,78,Genoa,2713,True,1361,Mattia Destro,100570,F,76,Emil Audero,78,Sampdoria,1346,8.3,50.4,8,1,-3,assisted,head,1,
5,17,0,10/12/2021,Genoa,Sampdoria,79,Sampdoria,2711,False,1346,Antonio Candreva,27982,F,78,Salvatore Sirigu,81,Genoa,1361,8.9,65.8,13,50,2,assisted,strongFoot,0,
4,17,0,10/12/2021,Genoa,Sampdoria,82,Genoa,2713,True,1361,Stefano Sturaro,148191,M,66,Emil Audero,78,Sampdoria,1346,18.7,45.8,18,8,-2,regular,weakFoot,0,
3,17,0,10/12/2021,Genoa,Sampdoria,82,Genoa,2713,True,1361,Zinho Vanheusden,881024,D,43,Emil Audero,78,Sampdoria,1346,21.2,63.1,22,22,-2,regular,strongFoot,0,
2,17,0,10/12/2021,Genoa,Sampdoria,84,Genoa,2713,True,1361,Johan Vásquez,889785,D,31,Emil Audero,78,Sampdoria,1346,10.0,54.0,10,15,-2,corner,weakFoot,0,
1,17,0,10/12/2021,Genoa,Sampdoria,90,Sampdoria,2711,False,1346,Antonio Candreva,27982,F,78,Salvatore Sirigu,81,Genoa,1361,28.1,52.2,28,3,2,set-piece,strongFoot,0,
0,17,0,10/12/2021,Genoa,Sampdoria,90,Sampdoria,2711,False,1346,Valerio Verre,139267,M,73,Salvatore Sirigu,81,Genoa,1361,12.6,63.4,15,35,2,fast-break,weakFoot,0,
27,17,1,11/12/2021,Fiorentina,US Salernitana 1919,17,Fiorentina,2693,True,1482,Cristiano Biraghi,122848,D,64,Vid Belec,73,US Salernitana 1919,1346,24.6,52.2,24,3,0,free-kick,strongFoot,0,
26,17,1,11/12/2021,Fiorentina,US Salernitana 1919,18,US Salernitana 1919,2710,False,1346,Lassana Coulibaly,804621,M,56,Pietro Terracciano,71,Fiorentina,1482,19.4,36.9,21,24,0,assisted,weakFoot,0,
25,17,1,11/12/2021,Fiorentina,US Salernitana 1919,19,US Salernitana 1919,2710,False,1346,Simy,170499,F,76,Pietro Terracciano,71,Fiorentina,1482,4.4,55.5,5,40,0,corner,head,0,
24,17,1,11/12/2021,Fiorentina,US Salernitana 1919,19,US Salernitana 1919,2710,False,1346,Simy,170499,F,76,Pietro Terracciano,71,Fiorentina,1482,3.4,58.3,6,58,0,corner,strongFoot,0,
23,17,1,11/12/2021,Fiorentina,US Salernitana 1919,24,Fiorentina,2693,True,1482,Dušan Vlahović,832208,F,78,Vid Belec,73,US Salernitana 1919,1346,5.7,41.5,8,45,0,assisted,head,0,
22,17,1,11/12/2021,Fiorentina,US Salernitana 1919,28,Fiorentina,2693,True,1482,Nicolás González,901325,M,70,Vid Belec,73,US Salernitana 1919,1346,7.1,52.2,7,11,0,assisted,head,0,
21,17,1,11/12/2021,Fiorentina,US Salernitana 1919,31,Fiorentina,2693,True,1482,Giacomo Bonaventura,36784,M,75,Vid Belec,73,US Salernitana 1919,1346,18.9,58.8,19,17,0,regular,strongFoot,1,
20,17,1,11/12/2021,Fiorentina,US Salernitana 1919,34,US Salernitana 1919,2710,False,1346,Simy,170499,F,76,Pietro Terracciano,71,Fiorentina,1482,11.4,50.7,11,2,-1,set-piece,head,0,
19,17,1,11/12/2021,Fiorentina,US Salernitana 1919,39,US Salernitana 1919,2710,False,1346,Joel Obi,79403,M,66,Pietro Terracciano,71,Fiorentina,1482,8.3,42.1,9,32,-1,assisted,strongFoot,0,
18,17,1,11/12/2021,Fiorentina,US Salernitana 1919,41,Fiorentina,2693,True,1482,Dušan Vlahović,832208,F,78,Vid Belec,73,US Salernitana 1919,1346,8.4,47.2,8,12,1,assisted,weakFoot,0,
17,17,1,11/12/2021,Fiorentina,US Salernitana 1919,43,US Salernitana 1919,2710,False,1346,Joel Obi,79403,M,66,Pietro Terracciano,71,Fiorentina,1482,8.5,38.6,11,42,-1,assisted,strongFoot,0,
16,17,1,11/12/2021,Fiorentina,US Salernitana 1919,45,Fiorentina,2693,True,1482,José Callejón,40965,F,76,Vid Belec,73,US Salernitana 1919,1346,4.4,63.9,10,65,1,assisted,head,0,
15,17,1,11/12/2021,Fiorentina,US Salernitana 1919,45,Fiorentina,2693,True,1482,Cristiano Biraghi,122848,D,64,Vid Belec,73,US Salernitana 1919,1346,5.3,43.9,6,38,1,regular,weakFoot,0,
14,17,1,11/12/2021,Fiorentina,US Salernitana 1919,45,Fiorentina,2693,True,1482,Lucas Martínez Quarta,795297,D,55,Vid Belec,73,US Salernitana 1919,1346,9.8,37.7,12,40,1,set-piece,head,0,
13,17,1,11/12/2021,Fiorentina,US Salernitana 1919,46,US Salernitana 1919,2710,False,1346,Grigoris Kastanos,791566,M,57,Pietro Terracciano,71,Fiorentina,1482,29.1,59.4,29,12,-1,assisted,strongFoot,0,
12,17,1,11/12/2021,Fiorentina,US Salernitana 1919,51,Fiorentina,2693,True,1482,Dušan Vlahović,832208,F,78,Vid Belec,73,US Salernitana 1919,1346,17.1,33.2,20,33,1,assisted,strongFoot,1,
11,17,1,11/12/2021,Fiorentina,US Salernitana 1919,61,Fiorentina,2693,True,1482,José Callejón,40965,F,76,Vid Belec,73,US Salernitana 1919,1346,5.4,66.0,12,63,2,assisted,strongFoot,0,
10,17,1,11/12/2021,Fiorentina,US Salernitana 1919,67,US Salernitana 1919,2710,False,1346,Filippo Delli Carri,862475,D,27,Pietro Terracciano,71,Fiorentina,1482,11.5,72.1,18,52,-2,assisted,weakFoot,0,
9,17,1,11/12/2021,Fiorentina,US Salernitana 1919,68,US Salernitana 1919,2710,False,1346,Filippo Delli Carri,862475,D,27,Pietro Terracciano,71,Fiorentina,1482,8.7,46.8,8,14,-2,corner,head,0,
8,17,1,11/12/2021,Fiorentina,US Salernitana 1919,75,Fiorentina,2693,True,1482,Dušan Vlahović,832208,F,78,Vid Belec,73,US Salernitana 1919,1346,6.7,43.3,8,34,2,assisted,weakFoot,0,
7,17,1,11/12/2021,Fiorentina,US Salernitana 1919,80,Fiorentina,2693,True,1482,Dušan Vlahović,832208,F,78,Vid Belec,73,US Salernitana 1919,1346,8.3,30.1,15,58,2,fast-break,strongFoot,0,
6,17,1,11/12/2021,Fiorentina,US Salernitana 1919,81,US Salernitana 1919,2710,False,1346,Simy,170499,F,76,Pietro Terracciano,71,Fiorentina,1482,8.8,59.6,10,36,-2,assisted,strongFoot,0,
5,17,1,11/12/2021,Fiorentina,US Salernitana 1919,84,Fiorentina,2693,True,1482,Dušan Vlahović,832208,F,78,Vid Belec,73,US Salernitana 1919,1346,6.8,42.9,8,35,2,assisted,strongFoot,1,
4,17,1,11/12/2021,Fiorentina,US Salernitana 1919,88,Fiorentina,2693,True,1482,Giacomo Bonaventura,36784,M,75,Vid Belec,73,US Salernitana 1919,1346,23.6,57.9,24,12,3,corner,strongFoot,0,
3,17,1,11/12/2021,Fiorentina,US Salernitana 1919,89,US Salernitana 1919,2710,False,1346,Lassana Coulibaly,804621,M,56,Pietro Terracciano,71,Fiorentina,1482,30.2,40.2,30,12,-3,assisted,strongFoot,0,
2,17,1,11/12/2021,Fiorentina,US Salernitana 1919,90,Fiorentina,2693,True,1482,Dušan Vlahović,832208,F,78,Vid Belec,73,US Salernitana 1919,1346,18.9,53.0,19,6,3,assisted,strongFoot,0,
1,17,1,11/12/2021,Fiorentina,US Salernitana 1919,90,Fiorentina,2693,True,1482,Youssef Maleh,849274,M,67,Vid Belec,73,US Salernitana 1919,1346,7.4,42.7,8,33,3,regular,strongFoot,1,
0,17,1,11/12/2021,Fiorentina,US Salernitana 1919,90,Fiorentina,2693,True,1482,Nicolás González,901325,M,70,Vid Belec,73,US Salernitana 1919,1346,9.5,56.3,10,24,4,assisted,head,0,
32,17,2,11/12/2021,Venezia,Juventus,8,Juventus,2687,False,1857,Paulo Dybala,256219,F,85,Sergio Romero,79,Venezia,1361,19.5,48.3,19,3,0,assisted,strongFoot,0,
30,17,2,11/12/2021,Venezia,Juventus,10,Juventus,2687,False,1857,Federico Bernardeschi,294597,F,71,Sergio Romero,79,Venezia,1361,5.3,25.3,17,72,0,set-piece,strongFoot,0,
31,17,2,11/12/2021,Venezia,Juventus,10,Juventus,2687,False,1857,Juan Cuadrado,47743,M,74,Sergio Romero,79,Venezia,1361,15.3,67.6,19,38,0,regular,strongFoot,0,
29,17,2,11/12/2021,Venezia,Juventus,13,Juventus,2687,False,1857,Matthijs de Ligt,803031,D,58,Sergio Romero,79,Venezia,1361,4.0,39.0,8,61,0,corner,head,0,
28,17,2,11/12/2021,Venezia,Juventus,13,Juventus,2687,False,1857,Kaio Jorge,954888,F,68,Sergio Romero,79,Venezia,1361,3.0,46.9,3,35,0,corner,strongFoot,0,
27,17,2,11/12/2021,Venezia,Juventus,15,Juventus,2687,False,1857,Juan Cuadrado,47743,M,74,Sergio Romero,79,Venezia,1361,26.1,63.1,27,18,0,assisted,strongFoot,0,
26,17,2,11/12/2021,Venezia,Juventus,18,Juventus,2687,False,1857,Kaio Jorge,954888,F,68,Sergio Romero,79,Venezia,1361,28.1,30.3,31,25,0,assisted,strongFoot,0,
25,17,2,11/12/2021,Venezia,Juventus,23,Venezia,2688,True,1361,Mattia Aramu,187111,F,62,Wojciech Szczęsny,86,Juventus,1857,25.5,70.1,28,28,0,assisted,strongFoot,0,
24,17,2,11/12/2021,Venezia,Juventus,24,Venezia,2688,True,1361,Thomas Henry,795541,F,72,Wojciech Szczęsny,86,Juventus,1857,26.8,35.9,28,19,0,regular,strongFoot,0,
23,17,2,11/12/2021,Venezia,Juventus,27,Juventus,2687,False,1857,Álvaro Morata,125407,F,79,Sergio Romero,79,Venezia,1361,4.8,31.5,13,69,0,assisted,weakFoot,0,
22,17,2,11/12/2021,Venezia,Juventus,28,Juventus,2687,False,1857,Adrien Rabiot,250737,M,73,Sergio Romero,79,Venezia,1361,13.9,24.0,22,51,0,assisted,strongFoot,0,
21,17,2,11/12/2021,Venezia,Juventus,31,Venezia,2688,True,1361,Thomas Henry,795541,F,72,Wojciech Szczęsny,86,Juventus,1857,7.4,58.1,9,36,0,set-piece,head,0,
20,17,2,11/12/2021,Venezia,Juventus,32,Juventus,2687,False,1857,Álvaro Morata,125407,F,79,Sergio Romero,79,Venezia,1361,6.3,43.9,7,33,0,assisted,strongFoot,1,
19,17,2,11/12/2021,Venezia,Juventus,36,Juventus,2687,False,1857,Álvaro Morata,125407,F,79,Sergio Romero,79,Venezia,1361,16.1,50.9,16,2,1,assisted,strongFoot,0,
18,17,2,11/12/2021,Venezia,Juventus,38,Venezia,2688,True,1361,Domen Črnigoj,232096,M,57,Wojciech Szczęsny,86,Juventus,1857,14.0,73.9,21,49,-1,fast-break,weakFoot,0,
17,17,2,11/12/2021,Venezia,Juventus,39,Venezia,2688,True,1361,Domen Črnigoj,232096,M,57,Wojciech Szczęsny,86,Juventus,1857,23.2,65.3,25,24,-1,corner,strongFoot,0,
16,17,2,11/12/2021,Venezia,Juventus,40,Juventus,2687,False,1857,Kaio Jorge,954888,F,68,Sergio Romero,79,Venezia,1361,8.8,58.7,10,33,1,assisted,strongFoot,0,
14,17,2,11/12/2021,Venezia,Juventus,45,Juventus,2687,False,1857,Juan Cuadrado,47743,M,74,Sergio Romero,79,Venezia,1361,7.9,68.5,14,57,1,fast-break,strongFoot,0,
15,17,2,11/12/2021,Venezia,Juventus,45,Venezia,2688,True,1361,Ridgeciano Haps,250501,M,61,Wojciech Szczęsny,86,Juventus,1857,18.2,27.9,23,39,-1,corner,strongFoot,0,
13,17,2,11/12/2021,Venezia,Juventus,50,Venezia,2688,True,1361,Gianluca Busio,896180,M,61,Wojciech Szczęsny,86,Juventus,1857,22.8,38.0,24,19,-1,assisted,strongFoot,0,
12,17,2,11/12/2021,Venezia,Juventus,53,Venezia,2688,True,1361,Mattia Caldara,362222,D,34,Wojciech Szczęsny,86,Juventus,1857,10.7,50.9,10,3,-1,set-piece,head,0,
11,17,2,11/12/2021,Venezia,Juventus,55,Venezia,2688,True,1361,Mattia Aramu,187111,F,62,Wojciech Szczęsny,86,Juventus,1857,22.5,53.0,22,5,-1,assisted,strongFoot,1,
10,17,2,11/12/2021,Venezia,Juventus,60,Venezia,2688,True,1361,Thomas Henry,795541,F,72,Wojciech Szczęsny,86,Juventus,1857,20.8,71.5,25,35,0,assisted,strongFoot,0,
9,17,2,11/12/2021,Venezia,Juventus,62,Juventus,2687,False,1857,Federico Bernardeschi,294597,F,71,Sergio Romero,79,Venezia,1361,24.2,52.7,24,4,0,regular,strongFoot,0,
8,17,2,11/12/2021,Venezia,Juventus,65,Juventus,2687,False,1857,Adrien Rabiot,250737,M,73,Sergio Romero,79,Venezia,1361,6.7,54.8,7,25,0,assisted,strongFoot,0,
7,17,2,11/12/2021,Venezia,Juventus,65,Juventus,2687,False,1857,Federico Bernardeschi,294597,F,71,Sergio Romero,79,Venezia,1361,12.5,53.9,12,11,0,regular,strongFoot,0,
6,17,2,11/12/2021,Venezia,Juventus,69,Venezia,2688,True,1361,Mattia Aramu,187111,F,62,Wojciech Szczęsny,86,Juventus,1857,8.7,69.0,15,56,0,regular,weakFoot,0,
5,17,2,11/12/2021,Venezia,Juventus,70,Venezia,2688,True,1361,Gianluca Busio,896180,M,61,Wojciech Szczęsny,86,Juventus,1857,19.4,51.5,19,3,0,corner,strongFoot,0,
4,17,2,11/12/2021,Venezia,Juventus,71,Juventus,2687,False,1857,Kaio Jorge,954888,F,68,Sergio Romero,79,Venezia,1361,6.5,43.5,7,34,0,assisted,strongFoot,0,
3,17,2,11/12/2021,Venezia,Juventus,82,Venezia,2688,True,1361,Mattia Aramu,187111,F,62,Wojciech Szczęsny,86,Juventus,1857,38.6,31.3,40,18,0,assisted,strongFoot,0,
2,17,2,11/12/2021,Venezia,Juventus,83,Juventus,2687,False,1857,Mattia De Sciglio,137667,D,45,Sergio Romero,79,Venezia,1361,18.2,72.3,23,39,0,regular,weakFoot,0,
1,17,2,11/12/2021,Venezia,Juventus,90,Juventus,2687,False,1857,Matías Soulé,1082406,F,75,Sergio Romero,79,Venezia,1361,25.1,47.9,25,3,0,free-kick,strongFoot,0,
0,17,2,11/12/2021,Venezia,Juventus,90,Juventus,2687,False,1857,Matías Soulé,1082406,F,75,Sergio Romero,79,Venezia,1361,26.1,71.3,29,29,0,assisted,strongFoot,0,
22,17,3,11/12/2021,Udinese,AC Milan,8,Udinese,2695,True,1400,Gerard Deulofeu,96372,F,72,Mike Maignan,84,AC Milan,1721,8.8,36.9,12,45,0,regular,strongFoot,0,
21,17,3,11/12/2021,Udinese,AC Milan,12,AC Milan,2692,False,1721,Zlatan Ibrahimović,2089,F,86,Marco Silvestri,79,Udinese,1400,12.8,66.2,16,40,0,assisted,weakFoot,0,
20,17,3,11/12/2021,Udinese,AC Milan,14,Udinese,2695,True,1400,Gerard Deulofeu,96372,F,72,Mike Maignan,84,AC Milan,1721,18.5,28.5,23,38,0,assisted,strongFoot,0,
19,17,3,11/12/2021,Udinese,AC Milan,17,Udinese,2695,True,1400,Beto,987489,F,73,Mike Maignan,84,AC Milan,1721,16.1,49.9,16,0,0,fast-break,strongFoot,0,
18,17,3,11/12/2021,Udinese,AC Milan,17,Udinese,2695,True,1400,Beto,987489,F,73,Mike Maignan,84,AC Milan,1721,6.1,45.4,6,27,0,fast-break,weakFoot,1,
17,17,3,11/12/2021,Udinese,AC Milan,28,Udinese,2695,True,1400,Nahuel Molina,831799,D,63,Mike Maignan,84,AC Milan,1721,25.3,59.8,26,14,1,fast-break,strongFoot,0,
16,17,3,11/12/2021,Udinese,AC Milan,33,AC Milan,2692,False,1721,Alessio Romagnoli,227864,D,40,Marco Silvestri,79,Udinese,1400,13.4,50.5,13,1,-1,corner,head,0,
15,17,3,11/12/2021,Udinese,AC Milan,39,Udinese,2695,True,1400,Walace,553686,M,66,Mike Maignan,84,AC Milan,1721,12.5,41.5,13,24,1,set-piece,head,0,
14,17,3,11/12/2021,Udinese,AC Milan,43,AC Milan,2692,False,1721,Brahim Díaz,835485,M,67,Marco Silvestri,79,Udinese,1400,10.1,42.1,11,28,-1,assisted,weakFoot,0,
13,17,3,11/12/2021,Udinese,AC Milan,46,AC Milan,2692,False,1721,Zlatan Ibrahimović,2089,F,86,Marco Silvestri,79,Udinese,1400,13.8,53.1,13,8,-1,assisted,weakFoot,0,
12,17,3,11/12/2021,Udinese,AC Milan,59,AC Milan,2692,False,1721,Brahim Díaz,835485,M,67,Marco Silvestri,79,Udinese,1400,14.2,61.2,16,28,-1,assisted,weakFoot,0,
11,17,3,11/12/2021,Udinese,AC Milan,65,Udinese,2695,True,1400,Nehuén Pérez,913401,D,25,Mike Maignan,84,AC Milan,1721,13.2,47.8,13,6,1,set-piece,head,0,
10,17,3,11/12/2021,Udinese,AC Milan,68,AC Milan,2692,False,1721,Zlatan Ibrahimović,2089,F,86,Marco Silvestri,79,Udinese,1400,12.7,44.1,13,17,-1,assisted,head,0,
9,17,3,11/12/2021,Udinese,AC Milan,74,Udinese,2695,True,1400,Nahuel Molina,831799,D,63,Mike Maignan,84,AC Milan,1721,14.6,69.7,19,42,1,assisted,strongFoot,0,
8,17,3,11/12/2021,Udinese,AC Milan,79,AC Milan,2692,False,1721,Fikayo Tomori,788255,D,36,Marco Silvestri,79,Udinese,1400,12.5,44.5,13,16,-1,set-piece,head,0,
7,17,3,11/12/2021,Udinese,AC Milan,82,Udinese,2695,True,1400,Beto,987489,F,73,Mike Maignan,84,AC Milan,1721,6.7,40.0,9,45,1,assisted,strongFoot,0,
6,17,3,11/12/2021,Udinese,AC Milan,84,AC Milan,2692,False,1721,Alessio Romagnoli,227864,D,40,Marco Silvestri,79,Udinese,1400,13.1,55.8,13,16,-1,set-piece,head,0,
5,17,3,11/12/2021,Udinese,AC Milan,86,AC Milan,2692,False,1721,Theo Hernández,788027,D,70,Marco Silvestri,79,Udinese,1400,14.2,32.8,18,39,-1,assisted,strongFoot,0,
4,17,3,11/12/2021,Udinese,AC Milan,90,AC Milan,2692,False,1721,Junior Messias,888219,F,67,Marco Silvestri,79,Udinese,1400,10.2,53.4,10,12,-1,assisted,weakFoot,0,
3,17,3,11/12/2021,Udinese,AC Milan,90,AC Milan,2692,False,1721,Alessandro Florenzi,152420,D,77,Marco Silvestri,79,Udinese,1400,22.1,62.5,23,21,-1,corner,strongFoot,0,
2,17,3,11/12/2021,Udinese,AC Milan,90,AC Milan,2692,False,1721,Zlatan Ibrahimović,2089,F,86,Marco Silvestri,79,Udinese,1400,7.5,50.9,7,4,-1,regular,weakFoot,1,
1,17,3,11/12/2021,Udinese,AC Milan,90,Udinese,2695,True,1400,Mato Jajalo,42147,M,64,Mike Maignan,84,AC Milan,1721,13.0,52.6,13,7,0,assisted,strongFoot,0,
0,17,3,11/12/2021,Udinese,AC Milan,90,Udinese,2695,True,1400,Isaac Success,359640,F,66,Mike Maignan,84,AC Milan,1721,6.7,48.6,6,8,0,corner,head,0,
24,17,4,12/12/2021,Torino,Bologna,10,Torino,2696,True,1428,Saša Lukić,371222,M,63,Łukasz Skorupski,75,Bologna,1438,25.6,74.2,30,32,0,assisted,strongFoot,0,
23,17,4,12/12/2021,Torino,Bologna,16,Torino,2696,True,1428,Saša Lukić,371222,M,63,Łukasz Skorupski,75,Bologna,1438,22.2,49.7,22,0,0,free-kick,strongFoot,0,
22,17,4,12/12/2021,Torino,Bologna,18,Bologna,2685,False,1438,Roberto Soriano,80406,M,74,Vanja Milinković-Savić,72,Torino,1428,28.1,57.1,28,9,0,assisted,weakFoot,0,
21,17,4,12/12/2021,Torino,Bologna,23,Bologna,2685,False,1438,Aaron Hickey,966869,D,50,Vanja Milinković-Savić,72,Torino,1428,12.1,28.3,19,50,0,regular,weakFoot,0,
20,17,4,12/12/2021,Torino,Bologna,24,Torino,2696,True,1428,Antonio Sanabria,333261,F,71,Łukasz Skorupski,75,Bologna,1438,12.0,53.2,12,10,0,assisted,weakFoot,1,
19,17,4,12/12/2021,Torino,Bologna,29,Torino,2696,True,1428,Wilfried Singo,978285,D,43,Łukasz Skorupski,75,Bologna,1438,19.9,55.0,20,9,1,assisted,weakFoot,0,
18,17,4,12/12/2021,Torino,Bologna,37,Torino,2696,True,1428,Saša Lukić,371222,M,63,Łukasz Skorupski,75,Bologna,1438,24.9,37.7,26,18,1,assisted,strongFoot,0,
17,17,4,12/12/2021,Torino,Bologna,40,Bologna,2685,False,1438,Musa Barrow,916680,F,73,Vanja Milinković-Savić,72,Torino,1428,22.2,29.5,26,32,-1,assisted,strongFoot,0,
16,17,4,12/12/2021,Torino,Bologna,43,Torino,2696,True,1428,Tommaso Pobega,928796,M,67,Łukasz Skorupski,75,Bologna,1438,26.9,51.1,26,1,1,assisted,weakFoot,0,
15,17,4,12/12/2021,Torino,Bologna,45,Torino,2696,True,1428,Antonio Sanabria,333261,F,71,Łukasz Skorupski,75,Bologna,1438,13.0,47.0,13,8,1,assisted,strongFoot,0,
14,17,4,12/12/2021,Torino,Bologna,46,Torino,2696,True,1428,Dennis Praet,135647,M,72,Łukasz Skorupski,75,Bologna,1438,15.8,71.5,21,42,1,assisted,weakFoot,0,
13,17,4,12/12/2021,Torino,Bologna,50,Torino,2696,True,1428,Antonio Sanabria,333261,F,71,Łukasz Skorupski,75,Bologna,1438,9.1,55.3,9,21,1,assisted,head,0,
12,17,4,12/12/2021,Torino,Bologna,55,Bologna,2685,False,1438,Aaron Hickey,966869,D,50,Vanja Milinković-Savić,72,Torino,1428,17.7,32.2,21,34,-1,assisted,weakFoot,0,
11,17,4,12/12/2021,Torino,Bologna,62,Torino,2696,True,1428,David Zima,963084,D,38,Łukasz Skorupski,75,Bologna,1438,7.3,34.0,13,56,1,assisted,weakFoot,0,
10,17,4,12/12/2021,Torino,Bologna,65,Torino,2696,True,1428,Dennis Praet,135647,M,72,Łukasz Skorupski,75,Bologna,1438,15.5,62.7,17,29,1,assisted,weakFoot,0,
9,17,4,12/12/2021,Torino,Bologna,65,Torino,2696,True,1428,Antonio Sanabria,333261,F,71,Łukasz Skorupski,75,Bologna,1438,15.0,48.9,15,2,1,assisted,weakFoot,0,
8,17,4,12/12/2021,Torino,Bologna,69,Torino,2696,True,1428,Tommaso Pobega,928796,M,67,Łukasz Skorupski,75,Bologna,1438,11.1,45.8,11,14,1,set-piece,weakFoot,0,
6,17,4,12/12/2021,Torino,Bologna,79,Bologna,2685,False,1438,Riccardo Orsolini,793645,M,70,Vanja Milinković-Savić,72,Torino,1428,11.5,50.0,11,0,-2,penalty,strongFoot,1,
5,17,4,12/12/2021,Torino,Bologna,80,Torino,2696,True,1428,Saša Lukić,371222,M,63,Łukasz Skorupski,75,Bologna,1438,20.2,33.0,23,29,1,regular,strongFoot,0,
4,17,4,12/12/2021,Torino,Bologna,81,Torino,2696,True,1428,Tommaso Pobega,928796,M,67,Łukasz Skorupski,75,Bologna,1438,21.8,33.8,24,26,1,assisted,weakFoot,0,
3,17,4,12/12/2021,Torino,Bologna,84,Bologna,2685,False,1438,Nicolas Viola,21608,M,64,Vanja Milinković-Savić,72,Torino,1428,25.4,47.6,25,3,-1,assisted,strongFoot,0,
2,17,4,12/12/2021,Torino,Bologna,89,Bologna,2685,False,1438,Riccardo Orsolini,793645,M,70,Vanja Milinković-Savić,72,Torino,1428,14.5,64.1,17,33,-1,assisted,strongFoot,0,
1,17,4,12/12/2021,Torino,Bologna,90,Torino,2696,True,1428,Simone Zaza,48077,F,75,Łukasz Skorupski,75,Bologna,1438,7.1,50.1,7,0,1,fast-break,weakFoot,0,
0,17,4,12/12/2021,Torino,Bologna,90,Bologna,2685,False,1438,Aaron Hickey,966869,D,50,Vanja Milinković-Savić,72,Torino,1428,20.4,39.0,21,20,-1,set-piece,weakFoot,0,
32,17,5,12/12/2021,Hellas Verona,Atalanta,4,Hellas Verona,2701,True,1428,Gianluca Caprari,148458,F,70,Juan Musso,81,Atalanta,1772,20.8,40.4,21,17,0,assisted,strongFoot,0,
31,17,5,12/12/2021,Hellas Verona,Atalanta,5,Hellas Verona,2701,True,1428,Nicolò Casale,862697,D,49,Juan Musso,81,Atalanta,1772,11.3,56.3,12,20,0,corner,head,0,
30,17,5,12/12/2021,Hellas Verona,Atalanta,11,Hellas Verona,2701,True,1428,Davide Faraoni,32040,D,71,Juan Musso,81,Atalanta,1772,15.1,70.4,20,42,0,assisted,strongFoot,0,
29,17,5,12/12/2021,Hellas Verona,Atalanta,17,Hellas Verona,2701,True,1428,Giovanni Simeone,341143,F,76,Juan Musso,81,Atalanta,1772,13.9,43.6,14,17,0,assisted,strongFoot,0,
28,17,5,12/12/2021,Hellas Verona,Atalanta,18,Atalanta,2686,False,1772,Giuseppe Pezzella,814589,M,51,Lorenzo Montipò,74,Hellas Verona,1428,10.4,28.7,17,54,0,assisted,strongFoot,0,
27,17,5,12/12/2021,Hellas Verona,Atalanta,18,Hellas Verona,2701,True,1428,Gianluca Caprari,148458,F,70,Juan Musso,81,Atalanta,1772,18.5,44.9,18,10,0,fast-break,strongFoot,0,
26,17,5,12/12/2021,Hellas Verona,Atalanta,22,Hellas Verona,2701,True,1428,Giovanni Simeone,341143,F,76,Juan Musso,81,Atalanta,1772,3.8,67.0,12,71,0,assisted,strongFoot,1,
25,17,5,12/12/2021,Hellas Verona,Atalanta,31,Hellas Verona,2701,True,1428,Giovanni Simeone,341143,F,76,Juan Musso,81,Atalanta,1772,10.1,57.3,11,26,1,assisted,head,0,
24,17,5,12/12/2021,Hellas Verona,Atalanta,31,Hellas Verona,2701,True,1428,Kevin Lasagna,587962,F,69,Juan Musso,81,Atalanta,1772,8.9,59.3,10,35,1,regular,strongFoot,0,
23,17,5,12/12/2021,Hellas Verona,Atalanta,33,Atalanta,2686,False,1772,Mario Pašalić,190437,M,74,Lorenzo Montipò,74,Hellas Verona,1428,16.4,50.5,16,1,-1,assisted,weakFoot,0,
22,17,5,12/12/2021,Hellas Verona,Atalanta,33,Atalanta,2686,False,1772,Luis Muriel,119242,F,83,Lorenzo Montipò,74,Hellas Verona,1428,13.6,33.2,17,40,-1,regular,weakFoot,0,
21,17,5,12/12/2021,Hellas Verona,Atalanta,37,Atalanta,2686,False,1772,Aleksey Miranchuk,324353,M,69,Lorenzo Montipò,74,Hellas Verona,1428,8.7,53.0,8,13,-1,assisted,strongFoot,1,
20,17,5,12/12/2021,Hellas Verona,Atalanta,39,Atalanta,2686,False,1772,Mario Pašalić,190437,M,74,Lorenzo Montipò,74,Hellas Verona,1428,18.7,35.7,21,27,0,assisted,strongFoot,0,
19,17,5,12/12/2021,Hellas Verona,Atalanta,40,Atalanta,2686,False,1772,Giuseppe Pezzella,814589,M,51,Lorenzo Montipò,74,Hellas Verona,1428,10.3,33.8,15,46,0,assisted,strongFoot,0,
18,17,5,12/12/2021,Hellas Verona,Atalanta,41,Hellas Verona,2701,True,1428,Gianluca Caprari,148458,F,70,Juan Musso,81,Atalanta,1772,18.1,34.5,20,30,0,assisted,strongFoot,0,
17,17,5,12/12/2021,Hellas Verona,Atalanta,45,Hellas Verona,2701,True,1428,Giovanni Simeone,341143,F,76,Juan Musso,81,Atalanta,1772,10.5,59.4,12,31,0,corner,weakFoot,0,
16,17,5,12/12/2021,Hellas Verona,Atalanta,45,Hellas Verona,2701,True,1428,Giangiacomo Magnani,812829,D,35,Juan Musso,81,Atalanta,1772,8.8,46.2,9,16,0,corner,head,0,
15,17,5,12/12/2021,Hellas Verona,Atalanta,48,Atalanta,2686,False,1772,Luis Muriel,119242,F,83,Lorenzo Montipò,74,Hellas Verona,1428,27.3,44.5,27,7,0,assisted,strongFoot,0,
14,17,5,12/12/2021,Hellas Verona,Atalanta,52,Hellas Verona,2701,True,1428,Adrien Tameze,139235,D,59,Juan Musso,81,Atalanta,1772,13.1,55.0,13,14,0,regular,strongFoot,0,
13,17,5,12/12/2021,Hellas Verona,Atalanta,52,Hellas Verona,2701,True,1428,Darko Lazović,41157,M,67,Juan Musso,81,Atalanta,1772,14.5,37.3,16,30,0,regular,weakFoot,0,
12,17,5,12/12/2021,Hellas Verona,Atalanta,54,Atalanta,2686,False,1772,Giuseppe Pezzella,814589,M,51,Lorenzo Montipò,74,Hellas Verona,1428,21.1,31.6,24,30,0,corner,strongFoot,0,
11,17,5,12/12/2021,Hellas Verona,Atalanta,59,Atalanta,2686,False,1772,Merih Demiral,806968,D,40,Lorenzo Montipò,74,Hellas Verona,1428,10.0,58.8,11,30,0,assisted,strongFoot,0,
10,17,5,12/12/2021,Hellas Verona,Atalanta,59,Atalanta,2686,False,1772,Merih Demiral,806968,D,40,Lorenzo Montipò,74,Hellas Verona,1428,9.6,60.3,11,36,0,regular,strongFoot,0,
9,17,5,12/12/2021,Hellas Verona,Atalanta,62,Hellas Verona,2701,True,1428,Miguel Veloso,6557,M,70,Juan Musso,81,Atalanta,1772,14.3,26.8,21,47,0,regular,strongFoot,0,
8,17,5,12/12/2021,Hellas Verona,Atalanta,62,Atalanta,2686,False,1772,Teun Koopmeiners,803033,M,71,Lorenzo Montipò,74,Hellas Verona,1428,25.9,48.0,25,3,0,regular,strongFoot,1,
7,17,5,12/12/2021,Hellas Verona,Atalanta,68,Atalanta,2686,False,1772,Duván Zapata,38162,F,81,Lorenzo Montipò,74,Hellas Verona,1428,6.5,33.6,12,59,1,assisted,weakFoot,0,
6,17,5,12/12/2021,Hellas Verona,Atalanta,70,Hellas Verona,2701,True,1428,Giangiacomo Magnani,812829,D,35,Juan Musso,81,Atalanta,1772,4.4,52.0,4,17,-1,corner,head,0,
5,17,5,12/12/2021,Hellas Verona,Atalanta,74,Hellas Verona,2701,True,1428,Davide Faraoni,32040,D,71,Juan Musso,81,Atalanta,1772,14.2,61.7,16,29,-1,assisted,strongFoot,0,
4,17,5,12/12/2021,Hellas Verona,Atalanta,75,Hellas Verona,2701,True,1428,Federico Ceccherini,139410,D,42,Juan Musso,81,Atalanta,1772,8.3,63.9,12,48,-1,corner,head,0,
3,17,5,12/12/2021,Hellas Verona,Atalanta,82,Hellas Verona,2701,True,1428,Giovanni Simeone,341143,F,76,Juan Musso,81,Atalanta,1772,26.1,49.5,26,0,-1,assisted,strongFoot,0,
2,17,5,12/12/2021,Hellas Verona,Atalanta,85,Atalanta,2686,False,1772,Marten de Roon,100389,M,68,Lorenzo Montipò,74,Hellas Verona,1428,22.7,49.4,22,1,1,assisted,strongFoot,0,
1,17,5,12/12/2021,Hellas Verona,Atalanta,88,Hellas Verona,2701,True,1428,Daniel Bessa,301164,M,68,Juan Musso,81,Atalanta,1772,14.8,71.0,20,43,-1,assisted,strongFoot,0,
0,17,5,12/12/2021,Hellas Verona,Atalanta,89,Atalanta,2686,False,1772,Hans Hateboer,356352,D,62,Lorenzo Montipò,74,Hellas Verona,1428,13.4,63.1,16,33,1,assisted,strongFoot,0,
41,17,6,12/12/2021,SSC Napoli,Empoli,6,Empoli,2705,False,1523,Patrick Cutrone,795044,F,71,David Ospina,79,SSC Napoli,1714,8.0,65.3,13,52,0,assisted,strongFoot,0,
40,17,6,12/12/2021,SSC Napoli,Empoli,21,SSC Napoli,2714,True,1714,Dries Mertens,32493,M,80,Guglielmo Vicario,73,Empoli,1523,15.9,67.2,19,36,0,assisted,strongFoot,0,
38,17,6,12/12/2021,SSC Napoli,Empoli,23,SSC Napoli,2714,True,1714,Eljif Elmas,838232,M,68,Guglielmo Vicario,73,Empoli,1523,21.2,54.1,21,7,0,assisted,strongFoot,0,
39,17,6,12/12/2021,SSC Napoli,Empoli,23,SSC Napoli,2714,True,1714,Eljif Elmas,838232,M,68,Guglielmo Vicario,73,Empoli,1523,21.7,38.4,23,19,0,assisted,strongFoot,0,
37,17,6,12/12/2021,SSC Napoli,Empoli,27,SSC Napoli,2714,True,1714,Adam Ounas,818440,M,65,Guglielmo Vicario,73,Empoli,1523,23.4,56.3,23,10,0,assisted,strongFoot,0,
36,17,6,12/12/2021,SSC Napoli,Empoli,30,SSC Napoli,2714,True,1714,Lorenzo Insigne,106258,M,77,Guglielmo Vicario,73,Empoli,1523,20.6,58.8,21,16,0,assisted,strongFoot,0,
35,17,6,12/12/2021,SSC Napoli,Empoli,31,Empoli,2705,False,1523,Andrea Pinamonti,826198,F,70,David Ospina,79,SSC Napoli,1714,13.1,58.4,14,23,0,assisted,head,0,
34,17,6,12/12/2021,SSC Napoli,Empoli,33,Empoli,2705,False,1523,Nedim Bajrami,825861,M,59,David Ospina,79,SSC Napoli,1714,4.2,67.8,12,70,0,assisted,strongFoot,0,
33,17,6,12/12/2021,SSC Napoli,Empoli,34,SSC Napoli,2714,True,1714,Hirving Lozano,385320,F,75,Guglielmo Vicario,73,Empoli,1523,20.1,62.8,21,23,0,assisted,weakFoot,0,
32,17,6,12/12/2021,SSC Napoli,Empoli,36,Empoli,2705,False,1523,Nedim Bajrami,825861,M,59,David Ospina,79,SSC Napoli,1714,25.5,67.8,28,25,0,assisted,strongFoot,0,
31,17,6,12/12/2021,SSC Napoli,Empoli,42,SSC Napoli,2714,True,1714,Hirving Lozano,385320,F,75,Guglielmo Vicario,73,Empoli,1523,11.7,71.6,18,51,0,assisted,strongFoot,0,
30,17,6,12/12/2021,SSC Napoli,Empoli,44,SSC Napoli,2714,True,1714,Lorenzo Insigne,106258,M,77,Guglielmo Vicario,73,Empoli,1523,14.2,26.2,21,48,0,regular,weakFoot,0,
28,17,6,12/12/2021,SSC Napoli,Empoli,45,Empoli,2705,False,1523,Nedim Bajrami,825861,M,59,David Ospina,79,SSC Napoli,1714,11.3,70.4,17,50,0,assisted,strongFoot,0,
29,17,6,12/12/2021,SSC Napoli,Empoli,45,SSC Napoli,2714,True,1714,Lorenzo Insigne,106258,M,77,Guglielmo Vicario,73,Empoli,1523,22.9,23.3,29,38,0,assisted,strongFoot,0,
27,17,6,12/12/2021,SSC Napoli,Empoli,47,SSC Napoli,2714,True,1714,Lorenzo Insigne,106258,M,77,Guglielmo Vicario,73,Empoli,1523,4.6,63.4,10,63,0,corner,strongFoot,0,
26,17,6,12/12/2021,SSC Napoli,Empoli,47,SSC Napoli,2714,True,1714,Juan Jesus,108484,D,31,Guglielmo Vicario,73,Empoli,1523,9.0,53.7,9,15,0,corner,weakFoot,0,
25,17,6,12/12/2021,SSC Napoli,Empoli,50,SSC Napoli,2714,True,1714,Dries Mertens,32493,M,80,Guglielmo Vicario,73,Empoli,1523,9.8,60.0,11,34,0,assisted,strongFoot,0,
24,17,6,12/12/2021,SSC Napoli,Empoli,50,SSC Napoli,2714,True,1714,Giovanni Di Lorenzo,153257,D,65,Guglielmo Vicario,73,Empoli,1523,20.9,59.0,21,16,0,regular,weakFoot,0,
23,17,6,12/12/2021,SSC Napoli,Empoli,51,Empoli,2705,False,1523,Patrick Cutrone,795044,F,71,David Ospina,79,SSC Napoli,1714,8.1,65.9,13,53,0,assisted,strongFoot,0,
22,17,6,12/12/2021,SSC Napoli,Empoli,53,SSC Napoli,2714,True,1714,Dries Mertens,32493,M,80,Guglielmo Vicario,73,Empoli,1523,14.0,28.6,20,46,0,assisted,strongFoot,0,
21,17,6,12/12/2021,SSC Napoli,Empoli,54,SSC Napoli,2714,True,1714,Eljif Elmas,838232,M,68,Guglielmo Vicario,73,Empoli,1523,22.2,53.7,22,6,0,assisted,strongFoot,0,
20,17,6,12/12/2021,SSC Napoli,Empoli,56,SSC Napoli,2714,True,1714,Adam Ounas,818440,M,65,Guglielmo Vicario,73,Empoli,1523,19.9,52.5,19,4,0,regular,weakFoot,0,
19,17,6,12/12/2021,SSC Napoli,Empoli,56,Empoli,2705,False,1523,Patrick Cutrone,795044,F,71,David Ospina,79,SSC Napoli,1714,23.4,68.9,26,28,0,assisted,strongFoot,0,
18,17,6,12/12/2021,SSC Napoli,Empoli,58,Empoli,2705,False,1523,Andrea Pinamonti,826198,F,70,David Ospina,79,SSC Napoli,1714,26.5,37.3,27,18,0,assisted,strongFoot,0,
17,17,6,12/12/2021,SSC Napoli,Empoli,58,Empoli,2705,False,1523,Fabiano Parisi,972886,D,60,David Ospina,79,SSC Napoli,1714,7.0,31.7,14,60,0,assisted,weakFoot,0,
16,17,6,12/12/2021,SSC Napoli,Empoli,65,SSC Napoli,2714,True,1714,Matteo Politano,235672,M,77,Guglielmo Vicario,73,Empoli,1523,13.0,78.7,23,56,0,assisted,strongFoot,0,
15,17,6,12/12/2021,SSC Napoli,Empoli,67,SSC Napoli,2714,True,1714,Lorenzo Insigne,106258,M,77,Guglielmo Vicario,73,Empoli,1523,12.3,46.1,12,12,0,assisted,weakFoot,0,
14,17,6,12/12/2021,SSC Napoli,Empoli,68,Empoli,2705,False,1523,Federico Di Francesco,320979,M,69,David Ospina,79,SSC Napoli,1714,27.9,59.6,28,13,0,assisted,strongFoot,0,
13,17,6,12/12/2021,SSC Napoli,Empoli,69,SSC Napoli,2714,True,1714,Lorenzo Insigne,106258,M,77,Guglielmo Vicario,73,Empoli,1523,12.9,27.8,19,49,0,regular,weakFoot,0,
12,17,6,12/12/2021,SSC Napoli,Empoli,69,SSC Napoli,2714,True,1714,Matteo Politano,235672,M,77,Guglielmo Vicario,73,Empoli,1523,25.8,57.4,26,11,0,assisted,strongFoot,0,
11,17,6,12/12/2021,SSC Napoli,Empoli,69,SSC Napoli,2714,True,1714,Adam Ounas,818440,M,65,Guglielmo Vicario,73,Empoli,1523,11.5,67.2,16,45,0,regular,strongFoot,0,
9,17,6,12/12/2021,SSC Napoli,Empoli,70,Empoli,2705,False,1523,Patrick Cutrone,795044,F,71,David Ospina,79,SSC Napoli,1714,4.2,38.1,9,62,0,corner,head,1,
10,17,6,12/12/2021,SSC Napoli,Empoli,70,Empoli,2705,False,1523,Szymon Żurkowski,860435,F,61,David Ospina,79,SSC Napoli,1714,27.1,35.3,28,20,1,assisted,weakFoot,0,
8,17,6,12/12/2021,SSC Napoli,Empoli,72,SSC Napoli,2714,True,1714,Andrea Petagna,295973,F,74,Guglielmo Vicario,73,Empoli,1523,20.4,42.1,21,14,-1,assisted,strongFoot,0,
7,17,6,12/12/2021,SSC Napoli,Empoli,79,SSC Napoli,2714,True,1714,Matteo Politano,235672,M,77,Guglielmo Vicario,73,Empoli,1523,24.2,67.4,26,26,-1,assisted,strongFoot,0,
6,17,6,12/12/2021,SSC Napoli,Empoli,80,SSC Napoli,2714,True,1714,Lorenzo Insigne,106258,M,77,Guglielmo Vicario,73,Empoli,1523,19.1,49.9,19,0,-1,assisted,strongFoot,0,
5,17,6,12/12/2021,SSC Napoli,Empoli,81,SSC Napoli,2714,True,1714,Amir Rrahmani,332155,D,50,Guglielmo Vicario,73,Empoli,1523,4.1,57.1,6,49,-1,corner,head,0,
4,17,6,12/12/2021,SSC Napoli,Empoli,83,SSC Napoli,2714,True,1714,Frank Anguissa,787941,M,65,Guglielmo Vicario,73,Empoli,1523,9.0,53.9,9,16,-1,corner,strongFoot,0,
3,17,6,12/12/2021,SSC Napoli,Empoli,84,SSC Napoli,2714,True,1714,Adam Ounas,818440,M,65,Guglielmo Vicario,73,Empoli,1523,19.8,62.0,21,22,-1,corner,strongFoot,0,
2,17,6,12/12/2021,SSC Napoli,Empoli,84,SSC Napoli,2714,True,1714,Andrea Petagna,295973,F,74,Guglielmo Vicario,73,Empoli,1523,9.4,45.7,9,17,-1,assisted,weakFoot,0,
1,17,6,12/12/2021,SSC Napoli,Empoli,87,SSC Napoli,2714,True,1714,Amir Rrahmani,332155,D,50,Guglielmo Vicario,73,Empoli,1523,2.4,42.1,5,65,-1,corner,head,0,
0,17,6,12/12/2021,SSC Napoli,Empoli,90,SSC Napoli,2714,True,1714,Adam Ounas,818440,M,65,Guglielmo Vicario,73,Empoli,1523,2.3,61.7,8,73,-1,assisted,strongFoot,0,
22,17,7,12/12/2021,Sassuolo,Lazio,6,Lazio,2699,False,1626,Mattia Zaccagni,293581,F,70,Andrea Consigli,80,Sassuolo,1523,9.5,54.9,10,19,0,assisted,strongFoot,1,
21,17,7,12/12/2021,Sassuolo,Lazio,9,Sassuolo,2793,True,1523,Giacomo Raspadori,865651,F,72,Thomas Strakosha,79,Lazio,1626,15.1,26.5,21,46,0,assisted,weakFoot,0,
20,17,7,12/12/2021,Sassuolo,Lazio,12,Sassuolo,2793,True,1523,Gianluca Scamacca,807301,F,74,Thomas Strakosha,79,Lazio,1626,12.5,47.4,12,8,0,assisted,strongFoot,0,
19,17,7,12/12/2021,Sassuolo,Lazio,16,Sassuolo,2793,True,1523,Rogério,830551,D,51,Thomas Strakosha,79,Lazio,1626,8.5,29.9,16,58,0,regular,strongFoot,0,
18,17,7,12/12/2021,Sassuolo,Lazio,17,Sassuolo,2793,True,1523,Giacomo Raspadori,865651,F,72,Thomas Strakosha,79,Lazio,1626,17.8,45.6,18,9,0,assisted,weakFoot,0,
17,17,7,12/12/2021,Sassuolo,Lazio,25,Sassuolo,2793,True,1523,Gianluca Scamacca,807301,F,74,Thomas Strakosha,79,Lazio,1626,21.3,60.5,22,18,0,assisted,strongFoot,0,
16,17,7,12/12/2021,Sassuolo,Lazio,31,Sassuolo,2793,True,1523,Giacomo Raspadori,865651,F,72,Thomas Strakosha,79,Lazio,1626,14.3,44.2,14,15,0,assisted,weakFoot,0,
15,17,7,12/12/2021,Sassuolo,Lazio,32,Sassuolo,2793,True,1523,Domenico Berardi,253367,F,80,Thomas Strakosha,79,Lazio,1626,18.4,35.1,21,28,0,assisted,strongFoot,0,
14,17,7,12/12/2021,Sassuolo,Lazio,35,Sassuolo,2793,True,1523,Davide Frattesi,835600,M,68,Thomas Strakosha,79,Lazio,1626,28.6,44.7,28,7,0,assisted,strongFoot,0,
13,17,7,12/12/2021,Sassuolo,Lazio,36,Sassuolo,2793,True,1523,Gianluca Scamacca,807301,F,74,Thomas Strakosha,79,Lazio,1626,18.9,62.0,20,23,0,assisted,strongFoot,0,
12,17,7,12/12/2021,Sassuolo,Lazio,43,Sassuolo,2793,True,1523,Giacomo Raspadori,865651,F,72,Thomas Strakosha,79,Lazio,1626,9.8,64.3,13,44,0,assisted,weakFoot,0,
11,17,7,12/12/2021,Sassuolo,Lazio,48,Sassuolo,2793,True,1523,Gianluca Scamacca,807301,F,74,Thomas Strakosha,79,Lazio,1626,11.7,36.1,15,38,0,regular,strongFoot,0,
9,17,7,12/12/2021,Sassuolo,Lazio,48,Lazio,2699,False,1626,Jean Daniel Akpa-Akpro,164511,M,67,Andrea Consigli,80,Sassuolo,1523,19.9,57.3,20,14,0,assisted,strongFoot,0,
10,17,7,12/12/2021,Sassuolo,Lazio,48,Sassuolo,2793,True,1523,Domenico Berardi,253367,F,80,Thomas Strakosha,79,Lazio,1626,10.6,56.7,11,23,0,regular,strongFoot,0,
8,17,7,12/12/2021,Sassuolo,Lazio,51,Sassuolo,2793,True,1523,Giacomo Raspadori,865651,F,72,Thomas Strakosha,79,Lazio,1626,8.2,58.5,10,35,0,assisted,weakFoot,0,
7,17,7,12/12/2021,Sassuolo,Lazio,61,Sassuolo,2793,True,1523,Giacomo Raspadori,865651,F,72,Thomas Strakosha,79,Lazio,1626,18.5,47.0,18,6,0,regular,weakFoot,0,
6,17,7,12/12/2021,Sassuolo,Lazio,62,Lazio,2699,False,1626,Mattia Zaccagni,293581,F,70,Andrea Consigli,80,Sassuolo,1523,23.9,53.0,23,4,0,assisted,strongFoot,0,
5,17,7,12/12/2021,Sassuolo,Lazio,63,Sassuolo,2793,True,1523,Domenico Berardi,253367,F,80,Thomas Strakosha,79,Lazio,1626,17.4,53.6,17,8,0,assisted,strongFoot,1,
4,17,7,12/12/2021,Sassuolo,Lazio,66,Lazio,2699,False,1626,Ciro Immobile,45923,F,87,Andrea Consigli,80,Sassuolo,1523,2.8,70.9,14,78,-1,assisted,strongFoot,0,
3,17,7,12/12/2021,Sassuolo,Lazio,69,Sassuolo,2793,True,1523,Giacomo Raspadori,865651,F,72,Thomas Strakosha,79,Lazio,1626,18.5,53.2,18,6,1,assisted,weakFoot,1,
2,17,7,12/12/2021,Sassuolo,Lazio,83,Lazio,2699,False,1626,Francesco Acerbi,126816,D,51,Andrea Consigli,80,Sassuolo,1523,23.8,53.8,23,6,-2,regular,strongFoot,0,
1,17,7,12/12/2021,Sassuolo,Lazio,86,Sassuolo,2793,True,1523,Giacomo Raspadori,865651,F,72,Thomas Strakosha,79,Lazio,1626,21.8,44.0,22,10,2,regular,weakFoot,0,
0,17,7,12/12/2021,Sassuolo,Lazio,90,Lazio,2699,False,1626,Toma Bašić,798002,M,63,Andrea Consigli,80,Sassuolo,1523,18.7,53.3,18,6,-2,free-kick,strongFoot,0,
28,17,8,12/12/2021,Inter,Cagliari,2,Inter,2697,True,1845,Nicolò Barella,363856,M,72,Alessio Cragno,81,Cagliari,1346,28.5,60.0,29,13,0,assisted,strongFoot,0,
26,17,8,12/12/2021,Inter,Cagliari,4,Cagliari,2719,False,1346,Raoul Bellanova,826185,M,30,Samir Handanović,85,Inter,1845,8.3,74.4,18,63,0,assisted,strongFoot,0,
27,17,8,12/12/2021,Inter,Cagliari,4,Inter,2697,True,1845,Nicolò Barella,363856,M,72,Alessio Cragno,81,Cagliari,1346,22.9,64.8,25,23,0,corner,strongFoot,0,
25,17,8,12/12/2021,Inter,Cagliari,9,Inter,2697,True,1845,Nicolò Barella,363856,M,72,Alessio Cragno,81,Cagliari,1346,22.0,72.9,26,35,0,corner,strongFoot,0,
24,17,8,12/12/2021,Inter,Cagliari,12,Inter,2697,True,1845,Milan Škriniar,187205,D,41,Alessio Cragno,81,Cagliari,1346,22.5,66.6,25,26,0,assisted,strongFoot,0,
23,17,8,12/12/2021,Inter,Cagliari,14,Inter,2697,True,1845,Lautaro Martínez,823984,F,81,Alessio Cragno,81,Cagliari,1346,14.8,65.3,18,35,0,regular,weakFoot,0,
22,17,8,12/12/2021,Inter,Cagliari,18,Inter,2697,True,1845,Alexis Sánchez,34120,F,75,Alessio Cragno,81,Cagliari,1346,14.6,60.8,16,26,0,assisted,strongFoot,0,
21,17,8,12/12/2021,Inter,Cagliari,20,Inter,2697,True,1845,Hakan Çalhanoğlu,135700,M,77,Alessio Cragno,81,Cagliari,1346,19.4,59.4,20,18,0,regular,strongFoot,0,
20,17,8,12/12/2021,Inter,Cagliari,25,Cagliari,2719,False,1346,Răzvan Marin,279563,M,73,Samir Handanović,85,Inter,1845,25.1,63.9,26,20,0,regular,weakFoot,0,
19,17,8,12/12/2021,Inter,Cagliari,27,Inter,2697,True,1845,Stefan de Vrij,91046,D,41,Alessio Cragno,81,Cagliari,1346,6.4,49.7,6,1,0,corner,head,0,
18,17,8,12/12/2021,Inter,Cagliari,28,Cagliari,2719,False,1346,João Pedro Galvão,123208,F,78,Samir Handanović,85,Inter,1845,12.9,45.2,13,14,0,assisted,head,0,
17,17,8,12/12/2021,Inter,Cagliari,29,Inter,2697,True,1845,Lautaro Martínez,823984,F,81,Alessio Cragno,81,Cagliari,1346,6.3,56.1,7,33,0,corner,head,1,
16,17,8,12/12/2021,Inter,Cagliari,30,Cagliari,2719,False,1346,Alessandro Deiola,328109,M,63,Samir Handanović,85,Inter,1845,22.4,46.5,22,6,-1,assisted,strongFoot,0,
15,17,8,12/12/2021,Inter,Cagliari,34,Cagliari,2719,False,1346,Alberto Grassi,186845,M,62,Samir Handanović,85,Inter,1845,5.2,41.0,8,49,-1,assisted,strongFoot,0,
14,17,8,12/12/2021,Inter,Cagliari,41,Inter,2697,True,1845,Alexis Sánchez,34120,F,75,Alessio Cragno,81,Cagliari,1346,4.6,44.1,6,41,1,assisted,weakFoot,0,
12,17,8,12/12/2021,Inter,Cagliari,44,Inter,2697,True,1845,Hakan Çalhanoğlu,135700,M,77,Alessio Cragno,81,Cagliari,1346,3.6,41.8,6,57,1,set-piece,weakFoot,0,
13,17,8,12/12/2021,Inter,Cagliari,44,Inter,2697,True,1845,Lautaro Martínez,823984,F,81,Alessio Cragno,81,Cagliari,1346,11.5,50.0,11,0,1,penalty,strongFoot,0,
11,17,8,12/12/2021,Inter,Cagliari,45,Inter,2697,True,1845,Marcelo Brozović,108800,M,73,Alessio Cragno,81,Cagliari,1346,25.4,58.1,25,12,1,set-piece,weakFoot,0,
10,17,8,12/12/2021,Inter,Cagliari,50,Inter,2697,True,1845,Alexis Sánchez,34120,F,75,Alessio Cragno,81,Cagliari,1346,12.7,52.4,12,7,1,assisted,strongFoot,1,
9,17,8,12/12/2021,Inter,Cagliari,54,Inter,2697,True,1845,Denzel Dumfries,759520,M,58,Alessio Cragno,81,Cagliari,1346,5.1,64.3,10,62,2,assisted,strongFoot,0,
8,17,8,12/12/2021,Inter,Cagliari,60,Inter,2697,True,1845,Alexis Sánchez,34120,F,75,Alessio Cragno,81,Cagliari,1346,10.5,40.1,12,32,2,assisted,weakFoot,0,
7,17,8,12/12/2021,Inter,Cagliari,66,Inter,2697,True,1845,Hakan Çalhanoğlu,135700,M,77,Alessio Cragno,81,Cagliari,1346,22.6,47.6,22,4,2,assisted,strongFoot,1,
6,17,8,12/12/2021,Inter,Cagliari,68,Inter,2697,True,1845,Lautaro Martínez,823984,F,81,Alessio Cragno,81,Cagliari,1346,7.5,52.4,7,12,3,assisted,strongFoot,1,
5,17,8,12/12/2021,Inter,Cagliari,79,Inter,2697,True,1845,Nicolò Barella,363856,M,72,Alessio Cragno,81,Cagliari,1346,22.8,30.4,26,30,4,assisted,strongFoot,0,
4,17,8,12/12/2021,Inter,Cagliari,79,Inter,2697,True,1845,Milan Škriniar,187205,D,41,Alessio Cragno,81,Cagliari,1346,8.0,49.7,8,1,4,corner,strongFoot,0,
3,17,8,12/12/2021,Inter,Cagliari,79,Inter,2697,True,1845,Alexis Sánchez,34120,F,75,Alessio Cragno,81,Cagliari,1346,10.8,32.8,15,47,4,corner,strongFoot,0,
2,17,8,12/12/2021,Inter,Cagliari,79,Inter,2697,True,1845,Arturo Vidal,18342,M,79,Alessio Cragno,81,Cagliari,1346,17.4,45.0,17,11,4,corner,strongFoot,0,
1,17,8,12/12/2021,Inter,Cagliari,85,Inter,2697,True,1845,Alexis Sánchez,34120,F,75,Alessio Cragno,81,Cagliari,1346,13.2,58.2,14,22,4,assisted,strongFoot,0,
0,17,8,12/12/2021,Inter,Cagliari,85,Inter,2697,True,1845,Federico Dimarco,284361,M,60,Alessio Cragno,81,Cagliari,1346,12.2,32.6,16,44,4,regular,strongFoot,0,
19,17,9,13/12/2021,AS Roma,Spezia,6,AS Roma,2702,True,1676,Tammy Abraham,610766,F,77,Ivan Provedel,74,Spezia,1346,8.6,43.3,9,27,0,corner,head,0,
18,17,9,13/12/2021,AS Roma,Spezia,6,AS Roma,2702,True,1676,Chris Smalling,47741,D,47,Ivan Provedel,74,Spezia,1346,4.0,49.5,4,4,0,corner,head,1,
17,17,9,13/12/2021,AS Roma,Spezia,22,Spezia,2735,False,1346,Arkadiusz Reca,580638,D,55,Rui Patrício,82,AS Roma,1676,26.4,35.5,28,20,0,regular,strongFoot,0,
16,17,9,13/12/2021,AS Roma,Spezia,25,AS Roma,2702,True,1676,Matías Viña,875295,D,61,Ivan Provedel,74,Spezia,1346,7.5,30.7,15,60,0,assisted,weakFoot,0,
15,17,9,13/12/2021,AS Roma,Spezia,26,AS Roma,2702,True,1676,Chris Smalling,47741,D,47,Ivan Provedel,74,Spezia,1346,11.5,46.6,11,11,0,corner,head,0,
14,17,9,13/12/2021,AS Roma,Spezia,26,AS Roma,2702,True,1676,Marash Kumbulla,893642,D,32,Ivan Provedel,74,Spezia,1346,6.3,54.2,6,24,0,corner,head,0,
13,17,9,13/12/2021,AS Roma,Spezia,28,AS Roma,2702,True,1676,Matías Viña,875295,D,61,Ivan Provedel,74,Spezia,1346,12.4,36.3,15,36,0,regular,strongFoot,0,
12,17,9,13/12/2021,AS Roma,Spezia,35,Spezia,2735,False,1346,Arkadiusz Reca,580638,D,55,Rui Patrício,82,AS Roma,1676,11.7,34.2,15,42,0,assisted,weakFoot,0,
11,17,9,13/12/2021,AS Roma,Spezia,42,Spezia,2735,False,1346,Arkadiusz Reca,580638,D,55,Rui Patrício,82,AS Roma,1676,11.6,43.0,12,22,0,assisted,head,0,
10,17,9,13/12/2021,AS Roma,Spezia,45,AS Roma,2702,True,1676,Tammy Abraham,610766,F,77,Ivan Provedel,74,Spezia,1346,4.4,51.5,4,13,0,assisted,other,0,
9,17,9,13/12/2021,AS Roma,Spezia,45,AS Roma,2702,True,1676,Jordan Veretout,151124,M,75,Ivan Provedel,74,Spezia,1346,9.0,60.2,11,37,0,regular,strongFoot,0,
8,17,9,13/12/2021,AS Roma,Spezia,46,Spezia,2735,False,1346,Rey Manaj,587882,F,71,Rui Patrício,82,AS Roma,1676,9.4,74.0,18,60,0,assisted,weakFoot,0,
7,17,9,13/12/2021,AS Roma,Spezia,55,Spezia,2735,False,1346,Rey Manaj,587882,F,71,Rui Patrício,82,AS Roma,1676,9.1,36.1,13,46,0,assisted,weakFoot,0,
6,17,9,13/12/2021,AS Roma,Spezia,56,AS Roma,2702,True,1676,Roger Ibañez,888949,D,31,Ivan Provedel,74,Spezia,1346,7.8,48.9,7,5,0,corner,head,1,
5,17,9,13/12/2021,AS Roma,Spezia,66,Spezia,2735,False,1346,Martin Erlić,789234,D,32,Rui Patrício,82,AS Roma,1676,15.5,55.9,16,14,-1,set-piece,head,0,
4,17,9,13/12/2021,AS Roma,Spezia,67,AS Roma,2702,True,1676,Henrikh Mkhitaryan,37151,M,78,Ivan Provedel,74,Spezia,1346,23.1,32.8,25,26,1,corner,weakFoot,0,
3,17,9,13/12/2021,AS Roma,Spezia,75,AS Roma,2702,True,1676,Tammy Abraham,610766,F,77,Ivan Provedel,74,Spezia,1346,8.8,52.1,8,9,1,assisted,strongFoot,0,
2,17,9,13/12/2021,AS Roma,Spezia,75,AS Roma,2702,True,1676,Henrikh Mkhitaryan,37151,M,78,Ivan Provedel,74,Spezia,1346,20.6,74.7,26,39,1,assisted,weakFoot,0,
1,17,9,13/12/2021,AS Roma,Spezia,78,Spezia,2735,False,1346,Martin Erlić,789234,D,32,Rui Patrício,82,AS Roma,1676,7.7,51.8,7,9,-1,set-piece,strongFoot,0,
0,17,9,13/12/2021,AS Roma,Spezia,82,Spezia,2735,False,1346,Kelvin Amian,802143,D,47,Rui Patrício,82,AS Roma,1676,8.3,53.0,8,13,-1,assisted,head,0,
14,18,0,17/12/2021,Lazio,Genoa,8,Lazio,2699,True,1610,Pedro,35428,F,73,Salvatore Sirigu,81,Genoa,1353,21.5,64.5,23,24,0,assisted,weakFoot,0,
13,18,0,17/12/2021,Lazio,Genoa,17,Lazio,2699,True,1610,Pedro,35428,F,73,Salvatore Sirigu,81,Genoa,1353,9.5,59.2,11,33,0,assisted,weakFoot,0,
12,18,0,17/12/2021,Lazio,Genoa,25,Lazio,2699,True,1610,Mattia Zaccagni,293581,F,70,Salvatore Sirigu,81,Genoa,1353,3.2,41.2,6,61,0,assisted,strongFoot,0,
11,18,0,17/12/2021,Lazio,Genoa,36,Lazio,2699,True,1610,Pedro,35428,F,73,Salvatore Sirigu,81,Genoa,1353,10.1,46.6,10,12,0,assisted,weakFoot,1,
10,18,0,17/12/2021,Lazio,Genoa,41,Lazio,2699,True,1610,Mattia Zaccagni,293581,F,70,Salvatore Sirigu,81,Genoa,1353,15.5,27.4,21,44,1,assisted,strongFoot,0,
9,18,0,17/12/2021,Lazio,Genoa,50,Genoa,2713,False,1353,Johan Vásquez,889785,D,31,Thomas Strakosha,79,Lazio,1610,13.8,42.1,14,21,-1,corner,head,0,
8,18,0,17/12/2021,Lazio,Genoa,54,Genoa,2713,False,1353,Goran Pandev,2695,F,77,Thomas Strakosha,79,Lazio,1610,21.0,53.3,21,6,-1,assisted,strongFoot,0,
7,18,0,17/12/2021,Lazio,Genoa,63,Genoa,2713,False,1353,Davide Biraschi,233252,D,34,Thomas Strakosha,79,Lazio,1610,14.2,64.3,17,34,-1,set-piece,strongFoot,0,
6,18,0,17/12/2021,Lazio,Genoa,72,Lazio,2699,True,1610,Ştefan Radu,13592,D,63,Salvatore Sirigu,81,Genoa,1353,25.2,31.1,28,27,1,assisted,strongFoot,0,
5,18,0,17/12/2021,Lazio,Genoa,74,Lazio,2699,True,1610,Ştefan Radu,13592,D,63,Salvatore Sirigu,81,Genoa,1353,18.2,36.3,20,27,1,set-piece,strongFoot,0,
4,18,0,17/12/2021,Lazio,Genoa,75,Lazio,2699,True,1610,Francesco Acerbi,126816,D,51,Salvatore Sirigu,81,Genoa,1353,4.0,45.4,5,38,1,corner,head,1,
3,18,0,17/12/2021,Lazio,Genoa,81,Lazio,2699,True,1610,Mattia Zaccagni,293581,F,70,Salvatore Sirigu,81,Genoa,1353,12.7,51.8,12,5,2,assisted,strongFoot,1,
2,18,0,17/12/2021,Lazio,Genoa,84,Lazio,2699,True,1610,Mattia Zaccagni,293581,F,70,Salvatore Sirigu,81,Genoa,1353,4.8,61.0,8,57,3,assisted,weakFoot,0,
1,18,0,17/12/2021,Lazio,Genoa,86,Genoa,2713,False,1353,Filippo Melegoni,795056,M,52,Thomas Strakosha,79,Lazio,1610,14.6,46.9,14,8,-3,assisted,strongFoot,1,
0,18,0,17/12/2021,Lazio,Genoa,90,Lazio,2699,True,1610,Vedat Muriqi,310874,F,72,Salvatore Sirigu,81,Genoa,1353,22.5,68.2,25,28,2,assisted,strongFoot,0,
32,18,1,17/12/2021,US Salernitana 1919,Inter,3,Inter,2697,False,1848,Nicolò Barella,363856,M,72,Vincenzo Fiorillo,70,US Salernitana 1919,1344,23.1,66.2,25,25,0,assisted,strongFoot,0,
31,18,1,17/12/2021,US Salernitana 1919,Inter,11,Inter,2697,False,1848,Ivan Perišić,38710,M,79,Vincenzo Fiorillo,70,US Salernitana 1919,1344,6.9,52.2,7,12,0,corner,head,1,
30,18,1,17/12/2021,US Salernitana 1919,Inter,13,Inter,2697,False,1848,Denzel Dumfries,759520,M,58,Vincenzo Fiorillo,70,US Salernitana 1919,1344,9.4,65.7,14,48,1,assisted,strongFoot,0,
29,18,1,17/12/2021,US Salernitana 1919,Inter,14,Inter,2697,False,1848,Stefan de Vrij,91046,D,41,Vincenzo Fiorillo,70,US Salernitana 1919,1344,7.0,44.3,8,28,1,corner,head,0,
28,18,1,17/12/2021,US Salernitana 1919,Inter,14,Inter,2697,False,1848,Edin Džeko,14990,F,83,Vincenzo Fiorillo,70,US Salernitana 1919,1344,4.6,42.7,6,47,1,assisted,head,0,
27,18,1,17/12/2021,US Salernitana 1919,Inter,20,US Salernitana 1919,2710,True,1344,Joel Obi,79403,M,66,Samir Handanović,85,Inter,1848,14.8,59.6,16,23,-1,assisted,strongFoot,0,
26,18,1,17/12/2021,US Salernitana 1919,Inter,20,US Salernitana 1919,2710,True,1344,Filippo Delli Carri,862475,D,27,Samir Handanović,85,Inter,1848,7.5,73.4,17,64,-1,assisted,weakFoot,0,
25,18,1,17/12/2021,US Salernitana 1919,Inter,21,US Salernitana 1919,2710,True,1344,Filippo Delli Carri,862475,D,27,Samir Handanović,85,Inter,1848,11.5,42.3,12,24,-1,corner,head,0,
24,18,1,17/12/2021,US Salernitana 1919,Inter,27,Inter,2697,False,1848,Nicolò Barella,363856,M,72,Vincenzo Fiorillo,70,US Salernitana 1919,1344,13.1,53.8,13,11,1,assisted,strongFoot,0,
23,18,1,17/12/2021,US Salernitana 1919,Inter,30,US Salernitana 1919,2710,True,1344,Joel Obi,79403,M,66,Samir Handanović,85,Inter,1848,3.8,41.9,6,55,-1,assisted,strongFoot,0,
22,18,1,17/12/2021,US Salernitana 1919,Inter,33,Inter,2697,False,1848,Denzel Dumfries,759520,M,58,Vincenzo Fiorillo,70,US Salernitana 1919,1344,10.8,52.6,10,9,1,assisted,strongFoot,1,
21,18,1,17/12/2021,US Salernitana 1919,Inter,41,Inter,2697,False,1848,Edin Džeko,14990,F,83,Vincenzo Fiorillo,70,US Salernitana 1919,1344,3.7,57.2,6,52,2,corner,head,0,
20,18,1,17/12/2021,US Salernitana 1919,Inter,44,Inter,2697,False,1848,Marcelo Brozović,108800,M,73,Vincenzo Fiorillo,70,US Salernitana 1919,1344,8.0,29.3,16,60,2,corner,weakFoot,0,
19,18,1,17/12/2021,US Salernitana 1919,Inter,49,Inter,2697,False,1848,Danilo D'Ambrosio,107936,D,55,Vincenzo Fiorillo,70,US Salernitana 1919,1344,10.7,62.6,13,38,2,assisted,weakFoot,0,
18,18,1,17/12/2021,US Salernitana 1919,Inter,50,Inter,2697,False,1848,Denzel Dumfries,759520,M,58,Vincenzo Fiorillo,70,US Salernitana 1919,1344,8.4,49.9,8,0,2,corner,head,0,
17,18,1,17/12/2021,US Salernitana 1919,Inter,52,Inter,2697,False,1848,Alexis Sánchez,34120,F,75,Vincenzo Fiorillo,70,US Salernitana 1919,1344,8.1,63.2,12,47,2,fast-break,strongFoot,1,
16,18,1,17/12/2021,US Salernitana 1919,Inter,58,Inter,2697,False,1848,Hakan Çalhanoğlu,135700,M,77,Vincenzo Fiorillo,70,US Salernitana 1919,1344,12.5,58.4,13,24,3,assisted,strongFoot,0,
15,18,1,17/12/2021,US Salernitana 1919,Inter,59,Inter,2697,False,1848,Lautaro Martínez,823984,F,81,Vincenzo Fiorillo,70,US Salernitana 1919,1344,4.4,54.2,5,32,3,corner,head,0,
14,18,1,17/12/2021,US Salernitana 1919,Inter,60,Inter,2697,False,1848,Edin Džeko,14990,F,83,Vincenzo Fiorillo,70,US Salernitana 1919,1344,9.1,45.5,9,18,3,assisted,head,0,
13,18,1,17/12/2021,US Salernitana 1919,Inter,64,Inter,2697,False,1848,Ivan Perišić,38710,M,79,Vincenzo Fiorillo,70,US Salernitana 1919,1344,8.5,31.2,15,56,3,corner,weakFoot,0,
12,18,1,17/12/2021,US Salernitana 1919,Inter,69,Inter,2697,False,1848,Lautaro Martínez,823984,F,81,Vincenzo Fiorillo,70,US Salernitana 1919,1344,20.9,42.1,21,14,3,assisted,strongFoot,0,
11,18,1,17/12/2021,US Salernitana 1919,Inter,72,US Salernitana 1919,2710,True,1344,Cedric Gondo,812207,F,63,Samir Handanović,85,Inter,1848,4.7,63.9,10,63,-3,corner,head,0,
10,18,1,17/12/2021,US Salernitana 1919,Inter,75,Inter,2697,False,1848,Edin Džeko,14990,F,83,Vincenzo Fiorillo,70,US Salernitana 1919,1344,8.4,49.0,8,4,3,corner,other,0,
9,18,1,17/12/2021,US Salernitana 1919,Inter,76,US Salernitana 1919,2710,True,1344,Luka Bogdan,788884,D,32,Samir Handanović,85,Inter,1848,15.4,57.6,16,18,-3,set-piece,head,0,
8,18,1,17/12/2021,US Salernitana 1919,Inter,77,Inter,2697,False,1848,Lautaro Martínez,823984,F,81,Vincenzo Fiorillo,70,US Salernitana 1919,1344,12.2,54.0,12,12,3,regular,strongFoot,1,
7,18,1,17/12/2021,US Salernitana 1919,Inter,82,US Salernitana 1919,2710,True,1344,Milan Đurić,76132,F,64,Samir Handanović,85,Inter,1848,3.7,41.5,6,57,-4,assisted,head,0,
6,18,1,17/12/2021,US Salernitana 1919,Inter,84,US Salernitana 1919,2710,True,1344,Lassana Coulibaly,804621,M,56,Samir Handanović,85,Inter,1848,16.9,64.9,19,30,-4,assisted,strongFoot,0,
5,18,1,17/12/2021,US Salernitana 1919,Inter,84,US Salernitana 1919,2710,True,1344,Joel Obi,79403,M,66,Samir Handanović,85,Inter,1848,13.2,51.8,13,5,-4,regular,strongFoot,0,
4,18,1,17/12/2021,US Salernitana 1919,Inter,84,Inter,2697,False,1848,Lautaro Martínez,823984,F,81,Vincenzo Fiorillo,70,US Salernitana 1919,1344,2.8,68.0,12,77,4,assisted,strongFoot,0,
3,18,1,17/12/2021,US Salernitana 1919,Inter,85,US Salernitana 1919,2710,True,1344,Milan Đurić,76132,F,64,Samir Handanović,85,Inter,1848,11.9,42.4,12,23,-4,assisted,head,0,
2,18,1,17/12/2021,US Salernitana 1919,Inter,87,Inter,2697,False,1848,Roberto Gagliardini,287057,M,62,Vincenzo Fiorillo,70,US Salernitana 1919,1344,14.8,48.1,14,4,4,regular,strongFoot,1,
1,18,1,17/12/2021,US Salernitana 1919,Inter,90,Inter,2697,False,1848,Federico Dimarco,284361,M,60,Vincenzo Fiorillo,70,US Salernitana 1919,1344,14.0,36.6,16,33,5,assisted,strongFoot,0,
0,18,1,17/12/2021,US Salernitana 1919,Inter,90,Inter,2697,False,1848,Hakan Çalhanoğlu,135700,M,77,Vincenzo Fiorillo,70,US Salernitana 1919,1344,28.4,39.7,29,13,5,regular,strongFoot,0,
25,18,2,18/12/2021,Atalanta,AS Roma,1,AS Roma,2702,False,1687,Tammy Abraham,610766,F,77,Juan Musso,81,Atalanta,1748,13.1,54.9,13,14,0,regular,strongFoot,1,
24,18,2,18/12/2021,Atalanta,AS Roma,9,AS Roma,2702,False,1687,Jordan Veretout,151124,M,75,Juan Musso,81,Atalanta,1748,24.0,47.6,24,3,0,free-kick,strongFoot,0,
23,18,2,18/12/2021,Atalanta,AS Roma,19,AS Roma,2702,False,1687,Nicolò Zaniolo,864898,F,73,Juan Musso,81,Atalanta,1748,15.3,45.5,15,11,0,assisted,strongFoot,0,
22,18,2,18/12/2021,Atalanta,AS Roma,20,Atalanta,2686,True,1748,Berat Djimsiti,151003,D,37,Rui Patrício,82,AS Roma,1687,19.1,42.7,19,14,0,regular,strongFoot,0,
21,18,2,18/12/2021,Atalanta,AS Roma,21,Atalanta,2686,True,1748,Duván Zapata,38162,F,81,Rui Patrício,82,AS Roma,1687,21.4,27.4,26,35,0,corner,strongFoot,0,
20,18,2,18/12/2021,Atalanta,AS Roma,22,Atalanta,2686,True,1748,Rafael Tolói,82943,D,46,Rui Patrício,82,AS Roma,1687,10.0,43.5,10,23,0,corner,head,0,
19,18,2,18/12/2021,Atalanta,AS Roma,23,Atalanta,2686,True,1748,Mario Pašalić,190437,M,74,Rui Patrício,82,AS Roma,1687,9.5,45.8,9,16,0,assisted,head,0,
18,18,2,18/12/2021,Atalanta,AS Roma,27,AS Roma,2702,False,1687,Nicolò Zaniolo,864898,F,73,Juan Musso,81,Atalanta,1748,7.6,44.5,8,26,0,fast-break,strongFoot,1,
17,18,2,18/12/2021,Atalanta,AS Roma,29,Atalanta,2686,True,1748,Rafael Tolói,82943,D,46,Rui Patrício,82,AS Roma,1687,7.7,62.0,11,46,-1,assisted,strongFoot,0,
16,18,2,18/12/2021,Atalanta,AS Roma,31,Atalanta,2686,True,1748,Duván Zapata,38162,F,81,Rui Patrício,82,AS Roma,1687,7.1,47.8,7,11,-1,corner,head,0,
15,18,2,18/12/2021,Atalanta,AS Roma,38,Atalanta,2686,True,1748,Duván Zapata,38162,F,81,Rui Patrício,82,AS Roma,1687,8.6,54.6,9,19,-1,corner,head,0,
14,18,2,18/12/2021,Atalanta,AS Roma,45,Atalanta,2686,True,1748,Luis Muriel,119242,F,83,Rui Patrício,82,AS Roma,1687,18.2,68.8,22,35,-1,assisted,strongFoot,0,
12,18,2,18/12/2021,Atalanta,AS Roma,50,Atalanta,2686,True,1748,Ruslan Malinovskyi,195850,M,79,Rui Patrício,82,AS Roma,1687,13.4,86.1,27,61,0,free-kick,strongFoot,0,
11,18,2,18/12/2021,Atalanta,AS Roma,53,AS Roma,2702,False,1687,Nicolò Zaniolo,864898,F,73,Juan Musso,81,Atalanta,1748,24.4,45.4,24,7,0,regular,strongFoot,0,
10,18,2,18/12/2021,Atalanta,AS Roma,61,Atalanta,2686,True,1748,Ruslan Malinovskyi,195850,M,79,Rui Patrício,82,AS Roma,1687,28.3,65.8,30,20,0,assisted,strongFoot,0,
9,18,2,18/12/2021,Atalanta,AS Roma,65,Atalanta,2686,True,1748,Aleksey Miranchuk,324353,M,69,Rui Patrício,82,AS Roma,1687,25.1,60.5,26,15,0,assisted,strongFoot,0,
8,18,2,18/12/2021,Atalanta,AS Roma,68,Atalanta,2686,True,1748,Duván Zapata,38162,F,81,Rui Patrício,82,AS Roma,1687,3.2,51.0,3,11,0,corner,other,0,
7,18,2,18/12/2021,Atalanta,AS Roma,71,Atalanta,2686,True,1748,Aleksey Miranchuk,324353,M,69,Rui Patrício,82,AS Roma,1687,21.8,44.6,22,9,0,assisted,weakFoot,0,
6,18,2,18/12/2021,Atalanta,AS Roma,72,AS Roma,2702,False,1687,Chris Smalling,47741,D,47,Juan Musso,81,Atalanta,1748,3.3,46.7,3,34,0,set-piece,strongFoot,1,
5,18,2,18/12/2021,Atalanta,AS Roma,78,Atalanta,2686,True,1748,Aleksey Miranchuk,324353,M,69,Rui Patrício,82,AS Roma,1687,5.9,57.0,7,38,-1,assisted,weakFoot,0,
4,18,2,18/12/2021,Atalanta,AS Roma,82,AS Roma,2702,False,1687,Jordan Veretout,151124,M,75,Juan Musso,81,Atalanta,1748,10.3,68.5,16,50,1,assisted,strongFoot,0,
3,18,2,18/12/2021,Atalanta,AS Roma,82,AS Roma,2702,False,1687,Tammy Abraham,610766,F,77,Juan Musso,81,Atalanta,1748,11.2,58.3,12,26,1,regular,strongFoot,1,
2,18,2,18/12/2021,Atalanta,AS Roma,84,Atalanta,2686,True,1748,Ruslan Malinovskyi,195850,M,79,Rui Patrício,82,AS Roma,1687,21.1,65.3,23,26,-2,assisted,strongFoot,0,
1,18,2,18/12/2021,Atalanta,AS Roma,89,Atalanta,2686,True,1748,Duván Zapata,38162,F,81,Rui Patrício,82,AS Roma,1687,3.7,67.0,12,72,-2,assisted,strongFoot,0,
0,18,2,18/12/2021,Atalanta,AS Roma,90,Atalanta,2686,True,1748,Ruslan Malinovskyi,195850,M,79,Rui Patrício,82,AS Roma,1687,28.3,49.3,28,0,-2,set-piece,strongFoot,0,
21,18,3,18/12/2021,Bologna,Juventus,6,Juventus,2687,False,1859,Álvaro Morata,125407,F,79,Łukasz Skorupski,75,Bologna,1428,7.1,56.9,8,33,0,assisted,strongFoot,1,
20,18,3,18/12/2021,Bologna,Juventus,14,Juventus,2687,False,1859,Adrien Rabiot,250737,M,73,Łukasz Skorupski,75,Bologna,1428,14.3,29.9,19,43,0,fast-break,strongFoot,0,
19,18,3,18/12/2021,Bologna,Juventus,16,Juventus,2687,False,1859,Álvaro Morata,125407,F,79,Łukasz Skorupski,75,Bologna,1428,13.7,61.8,15,30,0,assisted,strongFoot,0,
18,18,3,18/12/2021,Bologna,Juventus,17,Bologna,2685,True,1428,Marko Arnautović,21927,F,81,Wojciech Szczęsny,86,Juventus,1859,10.7,46.2,11,13,0,assisted,head,0,
17,18,3,18/12/2021,Bologna,Juventus,22,Bologna,2685,True,1428,Nicolás Domínguez,871765,M,65,Wojciech Szczęsny,86,Juventus,1859,20.5,58.4,21,15,0,assisted,weakFoot,0,
16,18,3,18/12/2021,Bologna,Juventus,22,Bologna,2685,True,1428,Mattias Svanberg,796987,M,65,Wojciech Szczęsny,86,Juventus,1859,8.9,51.7,8,7,0,regular,strongFoot,0,
15,18,3,18/12/2021,Bologna,Juventus,28,Bologna,2685,True,1428,Musa Barrow,916680,F,73,Wojciech Szczęsny,86,Juventus,1859,15.9,35.7,18,31,0,assisted,weakFoot,0,
14,18,3,18/12/2021,Bologna,Juventus,32,Bologna,2685,True,1428,Arthur Theate,965778,D,39,Wojciech Szczęsny,86,Juventus,1859,26.8,34.7,28,21,0,assisted,strongFoot,0,
13,18,3,18/12/2021,Bologna,Juventus,40,Bologna,2685,True,1428,Musa Barrow,916680,F,73,Wojciech Szczęsny,86,Juventus,1859,28.3,31.2,31,24,0,assisted,strongFoot,0,
12,18,3,18/12/2021,Bologna,Juventus,42,Juventus,2687,False,1859,Luca Pellegrini,826186,D,52,Łukasz Skorupski,75,Bologna,1428,26.4,22.6,32,35,0,assisted,strongFoot,0,
11,18,3,18/12/2021,Bologna,Juventus,45,Bologna,2685,True,1428,Mattias Svanberg,796987,M,65,Wojciech Szczęsny,86,Juventus,1859,18.7,30.7,22,35,0,corner,strongFoot,0,
10,18,3,18/12/2021,Bologna,Juventus,55,Bologna,2685,True,1428,Mattias Svanberg,796987,M,65,Wojciech Szczęsny,86,Juventus,1859,15.5,46.2,15,9,0,regular,strongFoot,0,
9,18,3,18/12/2021,Bologna,Juventus,60,Bologna,2685,True,1428,Musa Barrow,916680,F,73,Wojciech Szczęsny,86,Juventus,1859,11.0,45.2,11,16,0,assisted,head,0,
8,18,3,18/12/2021,Bologna,Juventus,62,Juventus,2687,False,1859,Álvaro Morata,125407,F,79,Łukasz Skorupski,75,Bologna,1428,5.7,33.0,12,63,0,assisted,strongFoot,0,
7,18,3,18/12/2021,Bologna,Juventus,66,Bologna,2685,True,1428,Nicolás Domínguez,871765,M,65,Wojciech Szczęsny,86,Juventus,1859,7.1,67.8,14,59,0,assisted,strongFoot,0,
6,18,3,18/12/2021,Bologna,Juventus,69,Juventus,2687,False,1859,Juan Cuadrado,47743,M,74,Łukasz Skorupski,75,Bologna,1428,14.3,75.3,22,50,0,assisted,strongFoot,1,
5,18,3,18/12/2021,Bologna,Juventus,77,Juventus,2687,False,1859,Federico Bernardeschi,294597,F,71,Łukasz Skorupski,75,Bologna,1428,13.9,32.3,18,40,1,assisted,strongFoot,0,
4,18,3,18/12/2021,Bologna,Juventus,77,Juventus,2687,False,1859,Adrien Rabiot,250737,M,73,Łukasz Skorupski,75,Bologna,1428,9.3,51.9,9,7,1,corner,head,0,
3,18,3,18/12/2021,Bologna,Juventus,82,Bologna,2685,True,1428,Emanuel Vignato,862373,F,60,Wojciech Szczęsny,86,Juventus,1859,26.1,52.6,26,3,-1,set-piece,strongFoot,0,
2,18,3,18/12/2021,Bologna,Juventus,89,Juventus,2687,False,1859,Juan Cuadrado,47743,M,74,Łukasz Skorupski,75,Bologna,1428,12.6,50.9,12,2,1,assisted,strongFoot,0,
1,18,3,18/12/2021,Bologna,Juventus,90,Juventus,2687,False,1859,Juan Cuadrado,47743,M,74,Łukasz Skorupski,75,Bologna,1428,22.9,67.4,25,27,1,assisted,strongFoot,0,
0,18,3,18/12/2021,Bologna,Juventus,90,Juventus,2687,False,1859,Dejan Kulusevski,928124,M,73,Łukasz Skorupski,75,Bologna,1428,15.6,65.6,18,34,1,assisted,strongFoot,0,
14,18,4,18/12/2021,Cagliari,Udinese,4,Udinese,2695,False,1405,Jean Victor Makengo,802138,F,66,Alessio Cragno,81,Cagliari,1344,11.0,46.8,11,11,0,assisted,strongFoot,1,
13,18,4,18/12/2021,Cagliari,Udinese,8,Cagliari,2719,True,1344,Leonardo Pavoletti,132704,F,72,Marco Silvestri,79,Udinese,1405,10.4,53.0,10,11,0,assisted,strongFoot,0,
12,18,4,18/12/2021,Cagliari,Udinese,14,Cagliari,2719,True,1344,Leonardo Pavoletti,132704,F,72,Marco Silvestri,79,Udinese,1405,6.3,39.6,9,48,0,throw-in-set-piece,head,0,
11,18,4,18/12/2021,Cagliari,Udinese,24,Udinese,2695,False,1405,Jean Victor Makengo,802138,F,66,Alessio Cragno,81,Cagliari,1344,21.2,36.7,23,23,0,fast-break,strongFoot,0,
10,18,4,18/12/2021,Cagliari,Udinese,33,Cagliari,2719,True,1344,Nahitan Nández,589620,M,66,Marco Silvestri,79,Udinese,1405,24.2,43.9,24,9,0,set-piece,strongFoot,0,
9,18,4,18/12/2021,Cagliari,Udinese,38,Udinese,2695,False,1405,Walace,553686,M,66,Alessio Cragno,81,Cagliari,1344,12.1,27.9,19,51,0,corner,strongFoot,0,
8,18,4,18/12/2021,Cagliari,Udinese,40,Udinese,2695,False,1405,Bram Nuytinck,70930,D,40,Alessio Cragno,81,Cagliari,1344,18.4,67.0,21,32,0,set-piece,strongFoot,0,
7,18,4,18/12/2021,Cagliari,Udinese,42,Cagliari,2719,True,1344,João Pedro Galvão,123208,F,78,Marco Silvestri,79,Udinese,1405,27.9,38.8,28,15,0,assisted,strongFoot,0,
6,18,4,18/12/2021,Cagliari,Udinese,45,Udinese,2695,False,1405,Gerard Deulofeu,96372,F,72,Alessio Cragno,81,Cagliari,1344,23.0,69.0,26,29,0,free-kick,strongFoot,1,
5,18,4,18/12/2021,Cagliari,Udinese,50,Udinese,2695,False,1405,Nahuel Molina,831799,D,63,Alessio Cragno,81,Cagliari,1344,23.2,57.3,23,12,1,throw-in-set-piece,strongFoot,1,
4,18,4,18/12/2021,Cagliari,Udinese,62,Cagliari,2719,True,1344,Diego Godín,14933,D,48,Marco Silvestri,79,Udinese,1405,11.0,48.9,11,3,-2,corner,head,0,
3,18,4,18/12/2021,Cagliari,Udinese,67,Udinese,2695,False,1405,Walace,553686,M,66,Alessio Cragno,81,Cagliari,1344,30.2,50.4,30,0,2,set-piece,strongFoot,0,
2,18,4,18/12/2021,Cagliari,Udinese,69,Udinese,2695,False,1405,Gerard Deulofeu,96372,F,72,Alessio Cragno,81,Cagliari,1344,12.1,27.4,19,51,2,corner,strongFoot,1,
1,18,4,18/12/2021,Cagliari,Udinese,86,Udinese,2695,False,1405,Ignacio Pussetto,340509,F,72,Alessio Cragno,81,Cagliari,1344,12.3,29.4,18,48,3,assisted,weakFoot,0,
0,18,4,18/12/2021,Cagliari,Udinese,90,Udinese,2695,False,1405,Brandon Soppy,963211,D,37,Alessio Cragno,81,Cagliari,1344,4.8,67.5,12,68,3,assisted,strongFoot,0,
30,18,5,19/12/2021,Fiorentina,Sassuolo,3,Fiorentina,2693,True,1488,Dušan Vlahović,832208,F,78,Andrea Consigli,80,Sassuolo,1535,13.7,51.5,13,4,0,assisted,strongFoot,0,
29,18,5,19/12/2021,Fiorentina,Sassuolo,4,Fiorentina,2693,True,1488,Nicolás González,901325,M,70,Andrea Consigli,80,Sassuolo,1535,10.9,28.9,18,52,0,fast-break,strongFoot,0,
28,18,5,19/12/2021,Fiorentina,Sassuolo,7,Sassuolo,2793,False,1535,Giacomo Raspadori,865651,F,72,Pietro Terracciano,71,Fiorentina,1488,8.8,48.7,8,5,0,assisted,head,0,
27,18,5,19/12/2021,Fiorentina,Sassuolo,16,Fiorentina,2693,True,1488,Nicolás González,901325,M,70,Andrea Consigli,80,Sassuolo,1535,7.5,53.9,7,19,0,assisted,weakFoot,0,
26,18,5,19/12/2021,Fiorentina,Sassuolo,22,Fiorentina,2693,True,1488,Nicolás González,901325,M,70,Andrea Consigli,80,Sassuolo,1535,9.5,41.2,11,32,0,assisted,strongFoot,0,
25,18,5,19/12/2021,Fiorentina,Sassuolo,26,Sassuolo,2793,False,1535,Domenico Berardi,253367,F,80,Pietro Terracciano,71,Fiorentina,1488,22.3,61.2,23,18,0,regular,strongFoot,0,
24,18,5,19/12/2021,Fiorentina,Sassuolo,27,Fiorentina,2693,True,1488,Lucas Torreira,754794,M,66,Andrea Consigli,80,Sassuolo,1535,7.5,33.0,13,57,0,fast-break,weakFoot,0,
23,18,5,19/12/2021,Fiorentina,Sassuolo,27,Fiorentina,2693,True,1488,Lucas Martínez Quarta,795297,D,55,Andrea Consigli,80,Sassuolo,1535,8.6,54.3,9,18,0,regular,head,0,
22,18,5,19/12/2021,Fiorentina,Sassuolo,29,Sassuolo,2793,False,1535,Davide Frattesi,835600,M,68,Pietro Terracciano,71,Fiorentina,1488,6.0,49.5,6,3,0,assisted,head,0,
21,18,5,19/12/2021,Fiorentina,Sassuolo,31,Fiorentina,2693,True,1488,Lucas Martínez Quarta,795297,D,55,Andrea Consigli,80,Sassuolo,1535,23.1,59.4,23,15,0,regular,strongFoot,0,
20,18,5,19/12/2021,Fiorentina,Sassuolo,32,Sassuolo,2793,False,1535,Gianluca Scamacca,807301,F,74,Pietro Terracciano,71,Fiorentina,1488,20.2,62.9,22,23,0,assisted,strongFoot,1,
19,18,5,19/12/2021,Fiorentina,Sassuolo,37,Sassuolo,2793,False,1535,Davide Frattesi,835600,M,68,Pietro Terracciano,71,Fiorentina,1488,8.2,39.1,11,42,1,assisted,weakFoot,1,
18,18,5,19/12/2021,Fiorentina,Sassuolo,40,Fiorentina,2693,True,1488,José Callejón,40965,F,76,Andrea Consigli,80,Sassuolo,1535,15.5,68.6,20,39,-2,corner,strongFoot,0,
17,18,5,19/12/2021,Fiorentina,Sassuolo,40,Fiorentina,2693,True,1488,Nikola Milenković,836168,D,45,Andrea Consigli,80,Sassuolo,1535,7.3,54.6,7,23,-2,corner,head,0,
16,18,5,19/12/2021,Fiorentina,Sassuolo,42,Fiorentina,2693,True,1488,Youssef Maleh,849274,M,67,Andrea Consigli,80,Sassuolo,1535,10.1,52.4,10,9,-2,assisted,strongFoot,0,
15,18,5,19/12/2021,Fiorentina,Sassuolo,45,Fiorentina,2693,True,1488,Dušan Vlahović,832208,F,78,Andrea Consigli,80,Sassuolo,1535,8.3,53.3,8,15,-2,assisted,head,0,
13,18,5,19/12/2021,Fiorentina,Sassuolo,45,Fiorentina,2693,True,1488,José Callejón,40965,F,76,Andrea Consigli,80,Sassuolo,1535,14.7,73.9,21,47,-2,assisted,strongFoot,0,
12,18,5,19/12/2021,Fiorentina,Sassuolo,45,Fiorentina,2693,True,1488,Lucas Martínez Quarta,795297,D,55,Andrea Consigli,80,Sassuolo,1535,9.1,44.9,9,20,-2,corner,head,0,
11,18,5,19/12/2021,Fiorentina,Sassuolo,45,Fiorentina,2693,True,1488,Nikola Milenković,836168,D,45,Andrea Consigli,80,Sassuolo,1535,2.8,51.5,2,20,-2,corner,weakFoot,0,
14,18,5,19/12/2021,Fiorentina,Sassuolo,45,Fiorentina,2693,True,1488,Giacomo Bonaventura,36784,M,75,Andrea Consigli,80,Sassuolo,1535,7.8,51.5,7,7,-2,assisted,strongFoot,0,
10,18,5,19/12/2021,Fiorentina,Sassuolo,46,Fiorentina,2693,True,1488,Dušan Vlahović,832208,F,78,Andrea Consigli,80,Sassuolo,1535,5.1,56.4,6,40,-2,assisted,strongFoot,0,
9,18,5,19/12/2021,Fiorentina,Sassuolo,50,Fiorentina,2693,True,1488,Nicolás González,901325,M,70,Andrea Consigli,80,Sassuolo,1535,14.0,64.8,17,35,-2,assisted,strongFoot,0,
8,18,5,19/12/2021,Fiorentina,Sassuolo,51,Fiorentina,2693,True,1488,Dušan Vlahović,832208,F,78,Andrea Consigli,80,Sassuolo,1535,15.2,47.8,15,5,-2,assisted,strongFoot,1,
7,18,5,19/12/2021,Fiorentina,Sassuolo,55,Fiorentina,2693,True,1488,Giacomo Bonaventura,36784,M,75,Andrea Consigli,80,Sassuolo,1535,18.3,29.1,23,37,-1,free-kick,strongFoot,0,
6,18,5,19/12/2021,Fiorentina,Sassuolo,55,Fiorentina,2693,True,1488,Riccardo Saponara,126236,M,66,Andrea Consigli,80,Sassuolo,1535,21.0,34.4,23,26,-1,assisted,strongFoot,0,
5,18,5,19/12/2021,Fiorentina,Sassuolo,61,Fiorentina,2693,True,1488,Giacomo Bonaventura,36784,M,75,Andrea Consigli,80,Sassuolo,1535,13.5,47.0,13,8,-1,assisted,strongFoot,0,
4,18,5,19/12/2021,Fiorentina,Sassuolo,61,Fiorentina,2693,True,1488,Dušan Vlahović,832208,F,78,Andrea Consigli,80,Sassuolo,1535,15.1,49.0,15,2,-1,assisted,weakFoot,0,
3,18,5,19/12/2021,Fiorentina,Sassuolo,61,Fiorentina,2693,True,1488,Lucas Torreira,754794,M,66,Andrea Consigli,80,Sassuolo,1535,2.0,53.8,3,52,-1,regular,strongFoot,1,
2,18,5,19/12/2021,Fiorentina,Sassuolo,65,Sassuolo,2793,False,1535,Giacomo Raspadori,865651,F,72,Pietro Terracciano,71,Fiorentina,1488,18.3,40.3,19,19,0,assisted,weakFoot,0,
1,18,5,19/12/2021,Fiorentina,Sassuolo,83,Sassuolo,2793,False,1535,Jérémie Boga,367056,F,72,Pietro Terracciano,71,Fiorentina,1488,15.0,34.3,18,35,0,fast-break,strongFoot,0,
0,18,5,19/12/2021,Fiorentina,Sassuolo,83,Sassuolo,2793,False,1535,Georgios Kyriakopoulos,377302,D,47,Pietro Terracciano,71,Fiorentina,1488,22.5,22.1,29,40,0,assisted,strongFoot,0,
32,18,6,19/12/2021,Spezia,Empoli,5,Spezia,2735,True,1344,Rey Manaj,587882,F,71,Guglielmo Vicario,73,Empoli,1535,12.1,68.0,17,45,0,assisted,weakFoot,0,
31,18,6,19/12/2021,Spezia,Empoli,6,Spezia,2735,True,1344,Rey Manaj,587882,F,71,Guglielmo Vicario,73,Empoli,1535,7.3,57.9,9,36,0,corner,head,0,
30,18,6,19/12/2021,Spezia,Empoli,7,Empoli,2705,False,1535,Szymon Żurkowski,860435,F,61,Ivan Provedel,74,Spezia,1344,27.9,53.0,27,4,0,assisted,strongFoot,0,
29,18,6,19/12/2021,Spezia,Empoli,20,Empoli,2705,False,1535,Liam Henderson,287573,M,61,Ivan Provedel,74,Spezia,1344,13.3,53.4,13,9,0,assisted,head,0,
28,18,6,19/12/2021,Spezia,Empoli,23,Spezia,2735,True,1344,Kelvin Amian,802143,D,47,Guglielmo Vicario,73,Empoli,1535,13.8,62.9,16,32,0,assisted,strongFoot,0,
27,18,6,19/12/2021,Spezia,Empoli,23,Spezia,2735,True,1344,M'bala Nzola,788061,F,69,Guglielmo Vicario,73,Empoli,1535,7.2,50.4,7,2,0,corner,head,0,
26,18,6,19/12/2021,Spezia,Empoli,24,Spezia,2735,True,1344,Giulio Maggiore,848185,M,58,Guglielmo Vicario,73,Empoli,1535,4.1,57.9,6,52,0,assisted,strongFoot,0,
25,18,6,19/12/2021,Spezia,Empoli,27,Empoli,2705,False,1535,Andrea Pinamonti,826198,F,70,Ivan Provedel,74,Spezia,1344,2.1,62.0,8,75,0,regular,head,0,
24,18,6,19/12/2021,Spezia,Empoli,29,Empoli,2705,False,1535,Federico Di Francesco,320979,M,69,Ivan Provedel,74,Spezia,1344,14.4,59.4,15,23,0,regular,strongFoot,0,
23,18,6,19/12/2021,Spezia,Empoli,29,Empoli,2705,False,1535,Sebastiano Luperto,352736,D,54,Ivan Provedel,74,Spezia,1344,8.6,58.7,10,34,0,corner,head,0,
22,18,6,19/12/2021,Spezia,Empoli,38,Empoli,2705,False,1535,Andrea Pinamonti,826198,F,70,Ivan Provedel,74,Spezia,1344,5.8,59.6,8,48,0,assisted,strongFoot,0,
21,18,6,19/12/2021,Spezia,Empoli,44,Empoli,2705,False,1535,Riccardo Marchizza,792311,D,28,Ivan Provedel,74,Spezia,1344,21.6,65.7,24,26,0,set-piece,strongFoot,0,
20,18,6,19/12/2021,Spezia,Empoli,50,Spezia,2735,True,1344,Giulio Maggiore,848185,M,58,Guglielmo Vicario,73,Empoli,1535,4.6,48.7,4,10,0,assisted,strongFoot,0,
18,18,6,19/12/2021,Spezia,Empoli,52,Empoli,2705,False,1535,Szymon Żurkowski,860435,F,61,Ivan Provedel,74,Spezia,1344,7.4,47.3,7,13,-1,set-piece,head,0,
17,18,6,19/12/2021,Spezia,Empoli,54,Empoli,2705,False,1535,Federico Di Francesco,320979,M,69,Ivan Provedel,74,Spezia,1344,13.4,52.2,13,6,-1,assisted,strongFoot,0,
16,18,6,19/12/2021,Spezia,Empoli,57,Empoli,2705,False,1535,Petar Stojanović,227082,M,49,Ivan Provedel,74,Spezia,1344,23.7,61.1,24,17,-1,assisted,strongFoot,0,
15,18,6,19/12/2021,Spezia,Empoli,62,Empoli,2705,False,1535,Andrea Pinamonti,826198,F,70,Ivan Provedel,74,Spezia,1344,14.1,47.0,14,8,-1,set-piece,strongFoot,0,
14,18,6,19/12/2021,Spezia,Empoli,64,Empoli,2705,False,1535,Petar Stojanović,227082,M,49,Ivan Provedel,74,Spezia,1344,19.6,48.4,19,3,-1,assisted,weakFoot,0,
13,18,6,19/12/2021,Spezia,Empoli,66,Empoli,2705,False,1535,Patrick Cutrone,795044,F,71,Ivan Provedel,74,Spezia,1344,11.8,23.2,21,57,-1,assisted,weakFoot,0,
12,18,6,19/12/2021,Spezia,Empoli,68,Empoli,2705,False,1535,Nedim Bajrami,825861,M,59,Ivan Provedel,74,Spezia,1344,22.0,30.5,25,31,-1,free-kick,strongFoot,0,
11,18,6,19/12/2021,Spezia,Empoli,70,Empoli,2705,False,1535,Fabiano Parisi,972886,D,60,Ivan Provedel,74,Spezia,1344,13.9,32.0,18,41,-1,assisted,strongFoot,0,
9,18,6,19/12/2021,Spezia,Empoli,74,Empoli,2705,False,1535,Patrick Cutrone,795044,F,71,Ivan Provedel,74,Spezia,1344,9.6,45.1,10,19,0,fast-break,head,0,
8,18,6,19/12/2021,Spezia,Empoli,75,Empoli,2705,False,1535,Andrea Pinamonti,826198,F,70,Ivan Provedel,74,Spezia,1344,13.2,50.5,13,1,0,regular,strongFoot,0,
7,18,6,19/12/2021,Spezia,Empoli,84,Empoli,2705,False,1535,Patrick Cutrone,795044,F,71,Ivan Provedel,74,Spezia,1344,12.2,57.9,13,23,0,assisted,head,0,
6,18,6,19/12/2021,Spezia,Empoli,84,Empoli,2705,False,1535,Andrea Pinamonti,826198,F,70,Ivan Provedel,74,Spezia,1344,10.4,46.7,10,12,0,assisted,strongFoot,0,
5,18,6,19/12/2021,Spezia,Empoli,85,Spezia,2735,True,1344,Kevin Agudelo,931290,M,60,Guglielmo Vicario,73,Empoli,1535,6.6,67.7,13,61,0,assisted,strongFoot,0,
4,18,6,19/12/2021,Spezia,Empoli,86,Empoli,2705,False,1535,Liam Henderson,287573,M,61,Ivan Provedel,74,Spezia,1344,15.1,60.2,16,24,0,assisted,strongFoot,0,
3,18,6,19/12/2021,Spezia,Empoli,89,Spezia,2735,True,1344,Ebrima Colley,928106,F,64,Guglielmo Vicario,73,Empoli,1535,13.8,29.0,19,45,0,assisted,strongFoot,0,
2,18,6,19/12/2021,Spezia,Empoli,90,Spezia,2735,True,1344,Ebrima Colley,928106,F,64,Guglielmo Vicario,73,Empoli,1535,2.2,71.0,14,81,0,regular,strongFoot,0,
1,18,6,19/12/2021,Spezia,Empoli,90,Empoli,2705,False,1535,Andrea Pinamonti,826198,F,70,Ivan Provedel,74,Spezia,1344,14.0,33.7,17,38,0,assisted,strongFoot,0,
0,18,6,19/12/2021,Spezia,Empoli,90,Empoli,2705,False,1535,Patrick Cutrone,795044,F,71,Ivan Provedel,74,Spezia,1344,7.1,36.7,11,51,0,assisted,strongFoot,0,
29,18,7,19/12/2021,Sampdoria,Venezia,1,Sampdoria,2711,True,1344,Manolo Gabbiadini,53816,F,78,Sergio Romero,79,Venezia,1353,12.2,43.3,13,20,0,assisted,strongFoot,1,
28,18,7,19/12/2021,Sampdoria,Venezia,6,Sampdoria,2711,True,1344,Manolo Gabbiadini,53816,F,78,Sergio Romero,79,Venezia,1353,19.9,42.7,20,14,0,regular,strongFoot,0,
27,18,7,19/12/2021,Sampdoria,Venezia,7,Sampdoria,2711,True,1344,Manolo Gabbiadini,53816,F,78,Sergio Romero,79,Venezia,1353,23.1,58.3,23,13,0,assisted,strongFoot,0,
26,18,7,19/12/2021,Sampdoria,Venezia,22,Sampdoria,2711,True,1344,Albin Ekdal,21992,M,65,Sergio Romero,79,Venezia,1353,20.9,45.4,21,8,0,set-piece,strongFoot,0,
25,18,7,19/12/2021,Sampdoria,Venezia,25,Sampdoria,2711,True,1344,Manolo Gabbiadini,53816,F,78,Sergio Romero,79,Venezia,1353,28.2,45.0,28,6,0,free-kick,strongFoot,0,
24,18,7,19/12/2021,Sampdoria,Venezia,26,Sampdoria,2711,True,1344,Antonio Candreva,27982,F,78,Sergio Romero,79,Venezia,1353,23.1,74.3,28,35,0,free-kick,strongFoot,0,
23,18,7,19/12/2021,Sampdoria,Venezia,29,Sampdoria,2711,True,1344,Manolo Gabbiadini,53816,F,78,Sergio Romero,79,Venezia,1353,24.1,53.2,24,5,0,assisted,strongFoot,0,
22,18,7,19/12/2021,Sampdoria,Venezia,32,Venezia,2688,False,1353,Sofian Kiyine,862372,M,56,Emil Audero,78,Sampdoria,1344,21.9,39.0,23,18,0,free-kick,strongFoot,0,
21,18,7,19/12/2021,Sampdoria,Venezia,36,Sampdoria,2711,True,1344,Manolo Gabbiadini,53816,F,78,Sergio Romero,79,Venezia,1353,9.5,39.4,11,37,0,assisted,head,0,
20,18,7,19/12/2021,Sampdoria,Venezia,42,Sampdoria,2711,True,1344,Antonio Candreva,27982,F,78,Sergio Romero,79,Venezia,1353,29.6,59.0,30,11,0,assisted,strongFoot,0,
19,18,7,19/12/2021,Sampdoria,Venezia,43,Sampdoria,2711,True,1344,Albin Ekdal,21992,M,65,Sergio Romero,79,Venezia,1353,5.4,41.7,7,46,0,assisted,strongFoot,0,
18,18,7,19/12/2021,Sampdoria,Venezia,43,Sampdoria,2711,True,1344,Antonio Candreva,27982,F,78,Sergio Romero,79,Venezia,1353,19.4,27.4,24,38,0,corner,strongFoot,0,
17,18,7,19/12/2021,Sampdoria,Venezia,46,Sampdoria,2711,True,1344,Morten Thorsby,280991,M,60,Sergio Romero,79,Venezia,1353,8.0,49.3,8,3,0,assisted,head,0,
16,18,7,19/12/2021,Sampdoria,Venezia,48,Venezia,2688,False,1353,Tanner Tessmann,1022084,M,46,Emil Audero,78,Sampdoria,1344,4.6,46.8,5,25,0,assisted,weakFoot,0,
15,18,7,19/12/2021,Sampdoria,Venezia,54,Venezia,2688,False,1353,Mattia Aramu,187111,F,62,Emil Audero,78,Sampdoria,1344,14.0,50.9,14,2,0,assisted,strongFoot,0,
14,18,7,19/12/2021,Sampdoria,Venezia,57,Venezia,2688,False,1353,Sofian Kiyine,862372,M,56,Emil Audero,78,Sampdoria,1344,14.7,28.1,20,45,0,assisted,strongFoot,0,
13,18,7,19/12/2021,Sampdoria,Venezia,59,Venezia,2688,False,1353,Mattia Caldara,362222,D,34,Emil Audero,78,Sampdoria,1344,10.1,43.7,10,22,0,assisted,head,0,
12,18,7,19/12/2021,Sampdoria,Venezia,60,Venezia,2688,False,1353,Mattia Aramu,187111,F,62,Emil Audero,78,Sampdoria,1344,7.0,40.0,9,44,0,fast-break,head,0,
11,18,7,19/12/2021,Sampdoria,Venezia,62,Sampdoria,2711,True,1344,Valerio Verre,139267,M,73,Sergio Romero,79,Venezia,1353,23.8,69.7,27,29,0,assisted,weakFoot,0,
10,18,7,19/12/2021,Sampdoria,Venezia,62,Sampdoria,2711,True,1344,Morten Thorsby,280991,M,60,Sergio Romero,79,Venezia,1353,10.1,44.5,10,20,0,regular,strongFoot,0,
9,18,7,19/12/2021,Sampdoria,Venezia,67,Sampdoria,2711,True,1344,Antonio Candreva,27982,F,78,Sergio Romero,79,Venezia,1353,28.8,60.2,29,13,0,set-piece,strongFoot,0,
8,18,7,19/12/2021,Sampdoria,Venezia,71,Venezia,2688,False,1353,Sofian Kiyine,862372,M,56,Emil Audero,78,Sampdoria,1344,28.5,34.0,30,20,0,assisted,strongFoot,0,
7,18,7,19/12/2021,Sampdoria,Venezia,73,Sampdoria,2711,True,1344,Antonio Candreva,27982,F,78,Sergio Romero,79,Venezia,1353,6.8,39.2,10,47,0,assisted,strongFoot,0,
6,18,7,19/12/2021,Sampdoria,Venezia,77,Sampdoria,2711,True,1344,Fabio Quagliarella,11621,F,83,Sergio Romero,79,Venezia,1353,9.4,35.7,13,45,0,assisted,weakFoot,0,
5,18,7,19/12/2021,Sampdoria,Venezia,80,Venezia,2688,False,1353,Francesco Forte,133792,F,70,Emil Audero,78,Sampdoria,1344,4.2,38.9,8,60,0,corner,head,0,
4,18,7,19/12/2021,Sampdoria,Venezia,87,Venezia,2688,False,1353,Thomas Henry,795541,F,72,Emil Audero,78,Sampdoria,1344,21.2,35.1,23,25,0,assisted,strongFoot,1,
3,18,7,19/12/2021,Sampdoria,Venezia,90,Venezia,2688,False,1353,Francesco Forte,133792,F,70,Emil Audero,78,Sampdoria,1344,5.8,40.9,8,46,1,assisted,strongFoot,0,
2,18,7,19/12/2021,Sampdoria,Venezia,90,Venezia,2688,False,1353,Arnór Sigurðsson,841399,M,67,Emil Audero,78,Sampdoria,1344,9.8,43.7,10,23,1,regular,strongFoot,0,
1,18,7,19/12/2021,Sampdoria,Venezia,90,Sampdoria,2711,True,1344,Antonio Candreva,27982,F,78,Sergio Romero,79,Venezia,1353,16.1,65.5,19,33,-1,regular,strongFoot,0,
0,18,7,19/12/2021,Sampdoria,Venezia,90,Venezia,2688,False,1353,Thomas Henry,795541,F,72,Emil Audero,78,Sampdoria,1344,17.9,53.4,18,7,1,fast-break,strongFoot,0,
15,18,8,19/12/2021,Torino,Hellas Verona,3,Torino,2696,True,1438,Mërgim Vojvoda,798147,D,49,Lorenzo Montipò,74,Hellas Verona,1423,23.2,37.5,24,20,0,regular,strongFoot,0,
13,18,8,19/12/2021,Torino,Hellas Verona,26,Torino,2696,True,1438,Tommaso Pobega,928796,M,67,Lorenzo Montipò,74,Hellas Verona,1423,5.0,50.7,5,5,0,set-piece,weakFoot,1,
14,18,8,19/12/2021,Torino,Hellas Verona,26,Torino,2696,True,1438,Ricardo Rodríguez,67769,D,66,Lorenzo Montipò,74,Hellas Verona,1423,17.7,72.1,23,40,0,free-kick,strongFoot,0,
12,18,8,19/12/2021,Torino,Hellas Verona,39,Torino,2696,True,1438,Koffi Djidji,158235,D,31,Lorenzo Montipò,74,Hellas Verona,1423,12.0,65.1,15,40,0,assisted,strongFoot,0,
10,18,8,19/12/2021,Torino,Hellas Verona,45,Torino,2696,True,1438,Wilfried Singo,978285,D,43,Lorenzo Montipò,74,Hellas Verona,1423,9.2,55.4,9,21,0,assisted,head,0,
11,18,8,19/12/2021,Torino,Hellas Verona,45,Torino,2696,True,1438,Wilfried Singo,978285,D,43,Lorenzo Montipò,74,Hellas Verona,1423,17.7,54.0,17,8,0,corner,strongFoot,0,
9,18,8,19/12/2021,Torino,Hellas Verona,47,Torino,2696,True,1438,Tommaso Pobega,928796,M,67,Lorenzo Montipò,74,Hellas Verona,1423,25.8,35.9,27,20,0,assisted,weakFoot,0,
7,18,8,19/12/2021,Torino,Hellas Verona,61,Hellas Verona,2701,False,1423,Boško Šutalo,942992,D,39,Vanja Milinković-Savić,72,Torino,1438,8.1,53.4,8,15,0,corner,head,0,
8,18,8,19/12/2021,Torino,Hellas Verona,61,Hellas Verona,2701,False,1423,Darko Lazović,41157,M,67,Vanja Milinković-Savić,72,Torino,1438,7.3,38.8,10,46,0,regular,weakFoot,0,
6,18,8,19/12/2021,Torino,Hellas Verona,68,Torino,2696,True,1438,Mërgim Vojvoda,798147,D,49,Lorenzo Montipò,74,Hellas Verona,1423,12.1,42.9,13,21,0,assisted,head,0,
5,18,8,19/12/2021,Torino,Hellas Verona,88,Hellas Verona,2701,False,1423,Daniel Bessa,301164,M,68,Vanja Milinković-Savić,72,Torino,1438,25.9,56.3,26,9,0,assisted,strongFoot,0,
4,18,8,19/12/2021,Torino,Hellas Verona,89,Hellas Verona,2701,False,1423,Adrien Tameze,139235,D,59,Vanja Milinković-Savić,72,Torino,1438,24.5,43.5,24,10,0,assisted,strongFoot,0,
0,18,8,19/12/2021,Torino,Hellas Verona,90,Hellas Verona,2701,False,1423,Federico Ceccherini,139410,D,42,Vanja Milinković-Savić,72,Torino,1438,6.4,41.7,8,41,0,corner,head,0,
1,18,8,19/12/2021,Torino,Hellas Verona,90,Hellas Verona,2701,False,1423,Davide Faraoni,32040,D,71,Vanja Milinković-Savić,72,Torino,1438,16.0,65.3,19,33,0,regular,strongFoot,0,
2,18,8,19/12/2021,Torino,Hellas Verona,90,Hellas Verona,2701,False,1423,Darko Lazović,41157,M,67,Vanja Milinković-Savić,72,Torino,1438,24.6,38.6,25,17,0,set-piece,weakFoot,0,
3,18,8,19/12/2021,Torino,Hellas Verona,90,Hellas Verona,2701,False,1423,Darko Lazović,41157,M,67,Vanja Milinković-Savić,72,Torino,1438,22.8,31.0,26,29,0,set-piece,weakFoot,0,
22,18,9,19/12/2021,AC Milan,SSC Napoli,5,SSC Napoli,2714,False,1712,Eljif Elmas,838232,M,69,Mike Maignan,84,AC Milan,1716,3.5,56.1,5,49,0,corner,head,1,
20,18,9,19/12/2021,AC Milan,SSC Napoli,8,SSC Napoli,2714,False,1712,Frank Anguissa,787941,M,65,Mike Maignan,84,AC Milan,1716,11.0,48.7,11,4,0,corner,strongFoot,0,
21,18,9,19/12/2021,AC Milan,SSC Napoli,8,SSC Napoli,2714,False,1712,Amir Rrahmani,332155,D,50,Mike Maignan,84,AC Milan,1716,4.6,42.0,7,49,0,corner,head,0,
19,18,9,19/12/2021,AC Milan,SSC Napoli,17,AC Milan,2692,True,1716,Zlatan Ibrahimović,2089,F,86,David Ospina,79,SSC Napoli,1712,2.3,61.4,8,73,0,corner,head,0,
18,18,9,19/12/2021,AC Milan,SSC Napoli,18,AC Milan,2692,True,1716,Zlatan Ibrahimović,2089,F,86,David Ospina,79,SSC Napoli,1712,8.6,44.5,9,23,0,assisted,head,0,
17,18,9,19/12/2021,AC Milan,SSC Napoli,24,AC Milan,2692,True,1716,Franck Kessié,359226,M,73,David Ospina,79,SSC Napoli,1712,28.9,51.5,28,2,0,assisted,strongFoot,0,
16,18,9,19/12/2021,AC Milan,SSC Napoli,31,SSC Napoli,2714,False,1712,Hirving Lozano,385320,F,75,Mike Maignan,84,AC Milan,1716,23.9,56.7,24,10,0,assisted,strongFoot,0,
15,18,9,19/12/2021,AC Milan,SSC Napoli,34,AC Milan,2692,True,1716,Alessandro Florenzi,152420,D,77,David Ospina,79,SSC Napoli,1712,24.9,43.0,25,10,0,set-piece,weakFoot,0,
14,18,9,19/12/2021,AC Milan,SSC Napoli,42,SSC Napoli,2714,False,1712,Hirving Lozano,385320,F,75,Mike Maignan,84,AC Milan,1716,16.2,64.2,18,30,0,assisted,strongFoot,0,
13,18,9,19/12/2021,AC Milan,SSC Napoli,42,SSC Napoli,2714,False,1712,Hirving Lozano,385320,F,75,Mike Maignan,84,AC Milan,1716,14.0,59.2,15,24,0,regular,weakFoot,0,
12,18,9,19/12/2021,AC Milan,SSC Napoli,43,SSC Napoli,2714,False,1712,Piotr Zieliński,138605,M,74,Mike Maignan,84,AC Milan,1716,19.5,29.1,24,36,0,assisted,weakFoot,0,
11,18,9,19/12/2021,AC Milan,SSC Napoli,43,SSC Napoli,2714,False,1712,Hirving Lozano,385320,F,75,Mike Maignan,84,AC Milan,1716,17.7,58.8,18,18,0,assisted,strongFoot,0,
10,18,9,19/12/2021,AC Milan,SSC Napoli,49,AC Milan,2692,True,1716,Zlatan Ibrahimović,2089,F,86,David Ospina,79,SSC Napoli,1712,7.3,30.4,15,61,0,assisted,weakFoot,0,
9,18,9,19/12/2021,AC Milan,SSC Napoli,50,AC Milan,2692,True,1716,Junior Messias,888219,F,67,David Ospina,79,SSC Napoli,1712,20.5,75.9,27,40,0,assisted,strongFoot,0,
8,18,9,19/12/2021,AC Milan,SSC Napoli,52,SSC Napoli,2714,False,1712,Amir Rrahmani,332155,D,50,Mike Maignan,84,AC Milan,1716,10.7,44.3,11,19,0,corner,head,0,
7,18,9,19/12/2021,AC Milan,SSC Napoli,53,AC Milan,2692,True,1716,Junior Messias,888219,F,67,David Ospina,79,SSC Napoli,1712,8.9,73.5,18,60,0,assisted,strongFoot,0,
6,18,9,19/12/2021,AC Milan,SSC Napoli,66,SSC Napoli,2714,False,1712,Hirving Lozano,385320,F,75,Mike Maignan,84,AC Milan,1716,22.5,55.0,22,8,0,assisted,strongFoot,0,
5,18,9,19/12/2021,AC Milan,SSC Napoli,68,AC Milan,2692,True,1716,Junior Messias,888219,F,67,David Ospina,79,SSC Napoli,1712,23.8,52.0,23,3,0,assisted,strongFoot,0,
4,18,9,19/12/2021,AC Milan,SSC Napoli,73,AC Milan,2692,True,1716,Olivier Giroud,39070,F,79,David Ospina,79,SSC Napoli,1712,8.0,43.9,9,27,0,assisted,head,0,
3,18,9,19/12/2021,AC Milan,SSC Napoli,77,SSC Napoli,2714,False,1712,Andrea Petagna,295973,F,74,Mike Maignan,84,AC Milan,1716,15.9,57.5,16,17,0,assisted,strongFoot,0,
2,18,9,19/12/2021,AC Milan,SSC Napoli,81,AC Milan,2692,True,1716,Alexis Saelemaekers,901891,M,65,David Ospina,79,SSC Napoli,1712,25.6,35.1,27,21,0,assisted,strongFoot,0,
1,18,9,19/12/2021,AC Milan,SSC Napoli,90,AC Milan,2692,True,1716,Samu Castillejo,188405,M,68,David Ospina,79,SSC Napoli,1712,14.8,51.2,14,3,0,set-piece,head,0,
0,18,9,19/12/2021,AC Milan,SSC Napoli,90,AC Milan,2692,True,1716,Alexis Saelemaekers,901891,M,65,David Ospina,79,SSC Napoli,1712,23.8,49.6,23,0,0,set-piece,strongFoot,0,
17,19,1,21/12/2021,Genoa,Atalanta,5,Atalanta,2686,False,1730,Hans Hateboer,356352,D,62,Salvatore Sirigu,81,Genoa,1354,5.3,66.0,12,64,0,regular,strongFoot,0,
15,19,1,21/12/2021,Genoa,Atalanta,6,Atalanta,2686,False,1730,Berat Djimsiti,151003,D,37,Salvatore Sirigu,81,Genoa,1354,4.6,58.8,7,52,0,corner,head,0,
16,19,1,21/12/2021,Genoa,Atalanta,6,Atalanta,2686,False,1730,Duván Zapata,38162,F,81,Salvatore Sirigu,81,Genoa,1354,9.4,62.4,12,41,0,assisted,strongFoot,0,
14,19,1,21/12/2021,Genoa,Atalanta,13,Atalanta,2686,False,1730,Duván Zapata,38162,F,81,Salvatore Sirigu,81,Genoa,1354,16.9,48.0,16,4,0,assisted,strongFoot,0,
13,19,1,21/12/2021,Genoa,Atalanta,16,Atalanta,2686,False,1730,Ruslan Malinovskyi,195850,M,79,Salvatore Sirigu,81,Genoa,1354,20.9,42.9,21,13,0,corner,strongFoot,0,
12,19,1,21/12/2021,Genoa,Atalanta,25,Genoa,2713,True,1354,Caleb Ekuban,309156,F,70,Marco Sportiello,76,Atalanta,1730,15.2,40.2,16,23,0,set-piece,weakFoot,0,
11,19,1,21/12/2021,Genoa,Atalanta,31,Atalanta,2686,False,1730,Teun Koopmeiners,803033,M,71,Salvatore Sirigu,81,Genoa,1354,17.7,34.0,20,31,0,assisted,strongFoot,0,
10,19,1,21/12/2021,Genoa,Atalanta,45,Atalanta,2686,False,1730,Ruslan Malinovskyi,195850,M,79,Salvatore Sirigu,81,Genoa,1354,21.5,73.0,26,36,0,corner,strongFoot,0,
9,19,1,21/12/2021,Genoa,Atalanta,48,Atalanta,2686,False,1730,Teun Koopmeiners,803033,M,71,Salvatore Sirigu,81,Genoa,1354,25.8,61.4,26,16,0,assisted,strongFoot,0,
8,19,1,21/12/2021,Genoa,Atalanta,51,Atalanta,2686,False,1730,Ruslan Malinovskyi,195850,M,79,Salvatore Sirigu,81,Genoa,1354,10.6,43.4,11,22,0,assisted,head,0,
6,19,1,21/12/2021,Genoa,Atalanta,56,Atalanta,2686,False,1730,Davide Zappacosta,132318,M,65,Salvatore Sirigu,81,Genoa,1354,21.6,27.1,26,35,0,regular,strongFoot,0,
7,19,1,21/12/2021,Genoa,Atalanta,56,Atalanta,2686,False,1730,Davide Zappacosta,132318,M,65,Salvatore Sirigu,81,Genoa,1354,8.4,22.5,20,65,0,regular,strongFoot,0,
5,19,1,21/12/2021,Genoa,Atalanta,62,Atalanta,2686,False,1730,Merih Demiral,806968,D,40,Salvatore Sirigu,81,Genoa,1354,8.4,43.5,9,27,0,assisted,head,0,
4,19,1,21/12/2021,Genoa,Atalanta,70,Atalanta,2686,False,1730,Josip Iličić,41270,F,85,Salvatore Sirigu,81,Genoa,1354,18.2,46.6,18,7,0,assisted,strongFoot,0,
3,19,1,21/12/2021,Genoa,Atalanta,81,Atalanta,2686,False,1730,Merih Demiral,806968,D,40,Salvatore Sirigu,81,Genoa,1354,6.3,49.3,6,4,0,assisted,head,0,
2,19,1,21/12/2021,Genoa,Atalanta,84,Atalanta,2686,False,1730,Luis Muriel,119242,F,83,Salvatore Sirigu,81,Genoa,1354,24.7,48.1,24,2,0,assisted,strongFoot,0,
1,19,1,21/12/2021,Genoa,Atalanta,86,Atalanta,2686,False,1730,Roberto Piccoli,958982,F,66,Salvatore Sirigu,81,Genoa,1354,10.0,47.3,10,10,0,assisted,head,0,
0,19,1,21/12/2021,Genoa,Atalanta,90,Atalanta,2686,False,1730,Merih Demiral,806968,D,40,Salvatore Sirigu,81,Genoa,1354,15.8,41.4,16,20,0,assisted,strongFoot,0,
20,19,2,21/12/2021,Juventus,Cagliari,3,Juventus,2687,True,1864,Moise Kean,835601,F,76,Alessio Cragno,81,Cagliari,1333,4.7,51.3,4,10,0,corner,head,0,
19,19,2,21/12/2021,Juventus,Cagliari,6,Cagliari,2719,False,1333,Alberto Grassi,186845,M,62,Wojciech Szczęsny,86,Juventus,1864,19.1,53.2,19,6,0,set-piece,weakFoot,0,
18,19,2,21/12/2021,Juventus,Cagliari,10,Juventus,2687,True,1864,Moise Kean,835601,F,76,Alessio Cragno,81,Cagliari,1333,6.7,44.5,7,29,0,assisted,head,0,
17,19,2,21/12/2021,Juventus,Cagliari,22,Juventus,2687,True,1864,Juan Cuadrado,47743,M,74,Alessio Cragno,81,Cagliari,1333,14.8,70.5,20,43,0,regular,strongFoot,0,
16,19,2,21/12/2021,Juventus,Cagliari,29,Cagliari,2719,False,1333,Alberto Grassi,186845,M,62,Wojciech Szczęsny,86,Juventus,1864,8.8,44.4,9,23,0,assisted,head,0,
15,19,2,21/12/2021,Juventus,Cagliari,31,Cagliari,2719,False,1333,Dalbert,385386,D,56,Wojciech Szczęsny,86,Juventus,1864,9.4,38.0,12,40,0,assisted,head,0,
14,19,2,21/12/2021,Juventus,Cagliari,40,Juventus,2687,True,1864,Federico Bernardeschi,294597,F,71,Alessio Cragno,81,Cagliari,1333,21.9,64.7,24,24,0,assisted,strongFoot,0,
13,19,2,21/12/2021,Juventus,Cagliari,40,Juventus,2687,True,1864,Moise Kean,835601,F,76,Alessio Cragno,81,Cagliari,1333,8.2,45.8,8,19,0,regular,head,1,
12,19,2,21/12/2021,Juventus,Cagliari,51,Juventus,2687,True,1864,Alex Sandro,84854,D,64,Alessio Cragno,81,Cagliari,1333,7.6,60.3,10,42,1,corner,head,0,
11,19,2,21/12/2021,Juventus,Cagliari,53,Juventus,2687,True,1864,Federico Bernardeschi,294597,F,71,Alessio Cragno,81,Cagliari,1333,7.4,30.5,15,60,1,regular,strongFoot,0,
10,19,2,21/12/2021,Juventus,Cagliari,54,Juventus,2687,True,1864,Álvaro Morata,125407,F,79,Alessio Cragno,81,Cagliari,1333,8.7,38.8,11,41,1,set-piece,head,0,
9,19,2,21/12/2021,Juventus,Cagliari,56,Juventus,2687,True,1864,Federico Bernardeschi,294597,F,71,Alessio Cragno,81,Cagliari,1333,18.4,50.3,18,0,1,set-piece,strongFoot,0,
8,19,2,21/12/2021,Juventus,Cagliari,57,Juventus,2687,True,1864,Álvaro Morata,125407,F,79,Alessio Cragno,81,Cagliari,1333,20.6,39.2,21,19,1,assisted,strongFoot,0,
7,19,2,21/12/2021,Juventus,Cagliari,59,Juventus,2687,True,1864,Federico Bernardeschi,294597,F,71,Alessio Cragno,81,Cagliari,1333,3.2,32.6,12,74,1,regular,strongFoot,0,
6,19,2,21/12/2021,Juventus,Cagliari,59,Juventus,2687,True,1864,Leonardo Bonucci,15444,D,58,Alessio Cragno,81,Cagliari,1333,4.2,47.9,4,18,1,corner,head,0,
5,19,2,21/12/2021,Juventus,Cagliari,60,Cagliari,2719,False,1333,Dalbert,385386,D,56,Wojciech Szczęsny,86,Juventus,1864,7.0,50.5,7,2,-1,assisted,strongFoot,0,
4,19,2,21/12/2021,Juventus,Cagliari,61,Juventus,2687,True,1864,Álvaro Morata,125407,F,79,Alessio Cragno,81,Cagliari,1333,4.1,32.0,12,71,1,assisted,weakFoot,0,
3,19,2,21/12/2021,Juventus,Cagliari,63,Juventus,2687,True,1864,Federico Bernardeschi,294597,F,71,Alessio Cragno,81,Cagliari,1333,7.3,29.9,15,61,1,assisted,strongFoot,0,
2,19,2,21/12/2021,Juventus,Cagliari,68,Cagliari,2719,False,1333,João Pedro Galvão,123208,F,78,Wojciech Szczęsny,86,Juventus,1864,7.0,54.4,7,23,-1,assisted,head,0,
1,19,2,21/12/2021,Juventus,Cagliari,83,Juventus,2687,True,1864,Federico Bernardeschi,294597,F,71,Alessio Cragno,81,Cagliari,1333,12.5,30.1,18,47,1,fast-break,strongFoot,1,
0,19,2,21/12/2021,Juventus,Cagliari,90,Cagliari,2719,False,1333,Leonardo Pavoletti,132704,F,72,Wojciech Szczęsny,86,Juventus,1864,8.2,44.9,8,22,-2,assisted,head,0,
21,19,3,22/12/2021,Sassuolo,Bologna,7,Sassuolo,2793,True,1534,Gianluca Scamacca,807301,F,74,Łukasz Skorupski,75,Bologna,1425,12.2,69.7,18,47,0,assisted,strongFoot,0,
20,19,3,22/12/2021,Sassuolo,Bologna,9,Sassuolo,2793,True,1534,Davide Frattesi,835600,M,68,Łukasz Skorupski,75,Bologna,1425,18.1,48.5,18,3,0,assisted,strongFoot,0,
19,19,3,22/12/2021,Sassuolo,Bologna,15,Bologna,2685,False,1425,Riccardo Orsolini,793645,M,70,Gianluca Pegolo,70,Sassuolo,1534,7.3,33.3,13,57,0,assisted,strongFoot,0,
18,19,3,22/12/2021,Sassuolo,Bologna,18,Sassuolo,2793,True,1534,Gianluca Scamacca,807301,F,74,Łukasz Skorupski,75,Bologna,1425,26.2,48.9,26,1,0,assisted,strongFoot,0,
17,19,3,22/12/2021,Sassuolo,Bologna,36,Bologna,2685,False,1425,Riccardo Orsolini,793645,M,70,Gianluca Pegolo,70,Sassuolo,1534,5.6,31.0,14,66,0,assisted,strongFoot,1,
16,19,3,22/12/2021,Sassuolo,Bologna,44,Bologna,2685,False,1425,Aaron Hickey,966869,D,50,Gianluca Pegolo,70,Sassuolo,1534,18.0,54.6,18,9,1,corner,weakFoot,1,
15,19,3,22/12/2021,Sassuolo,Bologna,49,Sassuolo,2793,True,1534,Davide Frattesi,835600,M,68,Łukasz Skorupski,75,Bologna,1425,24.2,34.7,26,23,-2,assisted,strongFoot,0,
14,19,3,22/12/2021,Sassuolo,Bologna,50,Bologna,2685,False,1425,Aaron Hickey,966869,D,50,Gianluca Pegolo,70,Sassuolo,1534,20.2,32.4,23,30,2,assisted,weakFoot,0,
13,19,3,22/12/2021,Sassuolo,Bologna,55,Sassuolo,2793,True,1534,Domenico Berardi,253367,F,80,Łukasz Skorupski,75,Bologna,1425,13.9,39.7,15,26,-2,regular,strongFoot,0,
12,19,3,22/12/2021,Sassuolo,Bologna,57,Sassuolo,2793,True,1534,Gianluca Scamacca,807301,F,74,Łukasz Skorupski,75,Bologna,1425,14.0,41.6,15,22,-2,assisted,weakFoot,0,
11,19,3,22/12/2021,Sassuolo,Bologna,60,Sassuolo,2793,True,1534,Gianluca Scamacca,807301,F,74,Łukasz Skorupski,75,Bologna,1425,8.4,55.4,9,23,-2,assisted,head,0,
10,19,3,22/12/2021,Sassuolo,Bologna,68,Sassuolo,2793,True,1534,Gianluca Scamacca,807301,F,74,Łukasz Skorupski,75,Bologna,1425,11.5,44.2,12,18,-2,assisted,head,0,
9,19,3,22/12/2021,Sassuolo,Bologna,69,Sassuolo,2793,True,1534,Domenico Berardi,253367,F,80,Łukasz Skorupski,75,Bologna,1425,25.5,56.5,25,9,-2,assisted,strongFoot,0,
8,19,3,22/12/2021,Sassuolo,Bologna,70,Sassuolo,2793,True,1534,Gianluca Scamacca,807301,F,74,Łukasz Skorupski,75,Bologna,1425,10.5,47.5,10,9,-2,corner,head,0,
7,19,3,22/12/2021,Sassuolo,Bologna,81,Sassuolo,2793,True,1534,Domenico Berardi,253367,F,80,Łukasz Skorupski,75,Bologna,1425,22.9,42.5,23,12,-2,set-piece,strongFoot,0,
6,19,3,22/12/2021,Sassuolo,Bologna,82,Sassuolo,2793,True,1534,Gianluca Scamacca,807301,F,74,Łukasz Skorupski,75,Bologna,1425,28.3,61.4,29,15,-2,assisted,strongFoot,0,
5,19,3,22/12/2021,Sassuolo,Bologna,86,Bologna,2685,False,1425,Musa Barrow,916680,F,73,Gianluca Pegolo,70,Sassuolo,1534,14.5,44.1,15,15,2,assisted,strongFoot,0,
4,19,3,22/12/2021,Sassuolo,Bologna,86,Sassuolo,2793,True,1534,Giacomo Raspadori,865651,F,72,Łukasz Skorupski,75,Bologna,1425,22.6,74.4,28,36,-2,assisted,weakFoot,0,
3,19,3,22/12/2021,Sassuolo,Bologna,88,Bologna,2685,False,1425,Roberto Soriano,80406,M,74,Gianluca Pegolo,70,Sassuolo,1534,23.1,50.9,23,1,2,assisted,weakFoot,0,
2,19,3,22/12/2021,Sassuolo,Bologna,89,Bologna,2685,False,1425,Musa Barrow,916680,F,73,Gianluca Pegolo,70,Sassuolo,1534,14.4,43.8,15,16,2,fast-break,strongFoot,0,
1,19,3,22/12/2021,Sassuolo,Bologna,90,Bologna,2685,False,1425,Emanuel Vignato,862373,F,60,Gianluca Pegolo,70,Sassuolo,1534,14.0,46.2,14,10,2,assisted,weakFoot,0,
0,19,3,22/12/2021,Sassuolo,Bologna,90,Bologna,2685,False,1425,Federico Santander,46972,F,68,Gianluca Pegolo,70,Sassuolo,1534,5.1,60.3,8,53,2,assisted,strongFoot,1,
17,19,4,22/12/2021,Venezia,Lazio,2,Venezia,2688,True,1354,Francesco Forte,133792,F,70,Thomas Strakosha,79,Lazio,1615,14.2,45.0,14,13,0,assisted,strongFoot,0,
16,19,4,22/12/2021,Venezia,Lazio,3,Lazio,2699,False,1615,Pedro,35428,F,73,Sergio Romero,79,Venezia,1354,12.8,43.7,13,18,0,assisted,weakFoot,1,
15,19,4,22/12/2021,Venezia,Lazio,10,Venezia,2688,True,1354,Francesco Forte,133792,F,70,Thomas Strakosha,79,Lazio,1615,13.7,36.3,16,34,0,assisted,strongFoot,0,
14,19,4,22/12/2021,Venezia,Lazio,13,Venezia,2688,True,1354,Tyronne Ebuehi,580512,D,38,Thomas Strakosha,79,Lazio,1615,13.4,34.2,17,38,0,assisted,weakFoot,0,
13,19,4,22/12/2021,Venezia,Lazio,15,Lazio,2699,False,1615,Danilo Cataldi,317301,M,70,Sergio Romero,79,Venezia,1354,24.1,43.3,24,10,0,assisted,strongFoot,0,
12,19,4,22/12/2021,Venezia,Lazio,21,Lazio,2699,False,1615,Toma Bašić,798002,M,63,Sergio Romero,79,Venezia,1354,27.5,41.0,28,12,0,corner,strongFoot,0,
11,19,4,22/12/2021,Venezia,Lazio,25,Venezia,2688,True,1354,Pietro Ceccaroni,373724,D,29,Thomas Strakosha,79,Lazio,1615,4.7,59.6,8,54,0,corner,head,0,
10,19,4,22/12/2021,Venezia,Lazio,30,Venezia,2688,True,1354,Francesco Forte,133792,F,70,Thomas Strakosha,79,Lazio,1615,8.9,52.2,9,9,0,assisted,head,1,
9,19,4,22/12/2021,Venezia,Lazio,36,Venezia,2688,True,1354,Pietro Ceccaroni,373724,D,29,Thomas Strakosha,79,Lazio,1615,4.1,39.0,8,61,1,corner,head,0,
8,19,4,22/12/2021,Venezia,Lazio,36,Venezia,2688,True,1354,Ethan Ampadu,847097,M,48,Thomas Strakosha,79,Lazio,1615,8.7,57.6,10,30,1,corner,head,0,
7,19,4,22/12/2021,Venezia,Lazio,37,Venezia,2688,True,1354,Pasquale Mazzocchi,377512,M,55,Thomas Strakosha,79,Lazio,1615,8.1,61.4,11,43,1,assisted,strongFoot,0,
6,19,4,22/12/2021,Venezia,Lazio,39,Lazio,2699,False,1615,Pedro,35428,F,73,Sergio Romero,79,Venezia,1354,19.3,50.6,19,1,-1,assisted,weakFoot,0,
5,19,4,22/12/2021,Venezia,Lazio,48,Lazio,2699,False,1615,Francesco Acerbi,126816,D,51,Sergio Romero,79,Venezia,1354,1.8,47.8,2,39,-1,corner,other,1,
4,19,4,22/12/2021,Venezia,Lazio,65,Venezia,2688,True,1354,Mattia Aramu,187111,F,62,Thomas Strakosha,79,Lazio,1615,27.2,49.0,27,1,0,free-kick,strongFoot,0,
3,19,4,22/12/2021,Venezia,Lazio,65,Lazio,2699,False,1615,Toma Bašić,798002,M,63,Sergio Romero,79,Venezia,1354,14.7,49.7,14,0,0,assisted,strongFoot,0,
2,19,4,22/12/2021,Venezia,Lazio,78,Venezia,2688,True,1354,Dennis Johnsen,869275,F,59,Thomas Strakosha,79,Lazio,1615,22.5,33.8,25,26,0,assisted,strongFoot,0,
1,19,4,22/12/2021,Venezia,Lazio,90,Venezia,2688,True,1354,Pietro Ceccaroni,373724,D,29,Thomas Strakosha,79,Lazio,1615,5.0,34.5,11,64,0,corner,head,0,
0,19,4,22/12/2021,Venezia,Lazio,90,Lazio,2699,False,1615,Luis Alberto,111416,M,75,Sergio Romero,79,Venezia,1354,9.0,48.9,9,4,0,assisted,weakFoot,1,
23,19,5,22/12/2021,AS Roma,Sampdoria,3,AS Roma,2702,True,1698,Tammy Abraham,610766,F,77,Wladimiro Falcone,64,Sampdoria,1333,10.3,67.2,15,48,0,assisted,strongFoot,0,
22,19,5,22/12/2021,AS Roma,Sampdoria,7,AS Roma,2702,True,1698,Matías Viña,875295,D,61,Wladimiro Falcone,64,Sampdoria,1333,21.8,34.0,24,26,0,regular,strongFoot,0,
21,19,5,22/12/2021,AS Roma,Sampdoria,25,AS Roma,2702,True,1698,Rick Karsdorp,363792,D,62,Wladimiro Falcone,64,Sampdoria,1333,28.3,61.5,29,15,0,set-piece,strongFoot,0,
20,19,5,22/12/2021,AS Roma,Sampdoria,27,Sampdoria,2711,False,1333,Adrien Silva,30127,M,72,Rui Patrício,82,AS Roma,1698,31.5,35.6,32,17,0,assisted,strongFoot,0,
19,19,5,22/12/2021,AS Roma,Sampdoria,27,Sampdoria,2711,False,1333,Kristoffer Askildsen,954855,M,51,Rui Patrício,82,AS Roma,1698,21.6,33.4,24,27,0,assisted,strongFoot,0,
18,19,5,22/12/2021,AS Roma,Sampdoria,36,Sampdoria,2711,False,1333,Manolo Gabbiadini,53816,F,78,Rui Patrício,82,AS Roma,1698,27.6,43.3,27,9,0,assisted,strongFoot,0,
17,19,5,22/12/2021,AS Roma,Sampdoria,36,AS Roma,2702,True,1698,Tammy Abraham,610766,F,77,Wladimiro Falcone,64,Sampdoria,1333,7.4,47.4,7,13,0,assisted,head,0,
16,19,5,22/12/2021,AS Roma,Sampdoria,41,AS Roma,2702,True,1698,Nicolò Zaniolo,864898,F,73,Wladimiro Falcone,64,Sampdoria,1333,26.6,64.9,28,20,0,assisted,strongFoot,0,
15,19,5,22/12/2021,AS Roma,Sampdoria,42,AS Roma,2702,True,1698,Henrikh Mkhitaryan,37151,M,78,Wladimiro Falcone,64,Sampdoria,1333,21.4,45.2,21,8,0,assisted,weakFoot,0,
14,19,5,22/12/2021,AS Roma,Sampdoria,43,Sampdoria,2711,False,1333,Bartosz Bereszyński,109461,D,55,Rui Patrício,82,AS Roma,1698,9.9,67.6,15,50,0,assisted,strongFoot,0,
13,19,5,22/12/2021,AS Roma,Sampdoria,45,AS Roma,2702,True,1698,Gianluca Mancini,611210,D,44,Wladimiro Falcone,64,Sampdoria,1333,9.6,55.2,10,20,0,corner,head,0,
12,19,5,22/12/2021,AS Roma,Sampdoria,53,Sampdoria,2711,False,1333,Manolo Gabbiadini,53816,F,78,Rui Patrício,82,AS Roma,1698,17.5,48.8,17,2,0,regular,strongFoot,0,
11,19,5,22/12/2021,AS Roma,Sampdoria,53,Sampdoria,2711,False,1333,Antonio Candreva,27982,F,78,Rui Patrício,82,AS Roma,1698,11.8,45.6,12,14,0,regular,strongFoot,0,
10,19,5,22/12/2021,AS Roma,Sampdoria,56,AS Roma,2702,True,1698,Nicolò Zaniolo,864898,F,73,Wladimiro Falcone,64,Sampdoria,1333,25.1,25.7,30,33,0,assisted,strongFoot,0,
9,19,5,22/12/2021,AS Roma,Sampdoria,62,AS Roma,2702,True,1698,Nicolò Zaniolo,864898,F,73,Wladimiro Falcone,64,Sampdoria,1333,21.4,66.5,24,27,0,regular,strongFoot,0,
8,19,5,22/12/2021,AS Roma,Sampdoria,62,AS Roma,2702,True,1698,Felix Afena-Gyan,1108921,F,69,Wladimiro Falcone,64,Sampdoria,1333,10.6,49.5,10,1,0,regular,strongFoot,0,
7,19,5,22/12/2021,AS Roma,Sampdoria,62,AS Roma,2702,True,1698,Jordan Veretout,151124,M,75,Wladimiro Falcone,64,Sampdoria,1333,21.2,72.9,26,36,0,regular,weakFoot,0,
6,19,5,22/12/2021,AS Roma,Sampdoria,65,AS Roma,2702,True,1698,Felix Afena-Gyan,1108921,F,69,Wladimiro Falcone,64,Sampdoria,1333,4.4,35.3,10,66,0,corner,head,0,
5,19,5,22/12/2021,AS Roma,Sampdoria,72,AS Roma,2702,True,1698,Eldor Shomurodov,792283,F,70,Wladimiro Falcone,64,Sampdoria,1333,10.8,42.7,11,24,0,regular,strongFoot,1,
4,19,5,22/12/2021,AS Roma,Sampdoria,76,AS Roma,2702,True,1698,Stephan El Shaarawy,45925,F,75,Wladimiro Falcone,64,Sampdoria,1333,6.4,30.1,14,64,1,regular,weakFoot,0,
3,19,5,22/12/2021,AS Roma,Sampdoria,79,Sampdoria,2711,False,1333,Kristoffer Askildsen,954855,M,51,Rui Patrício,82,AS Roma,1698,10.2,57.5,11,26,-1,assisted,weakFoot,0,
2,19,5,22/12/2021,AS Roma,Sampdoria,80,Sampdoria,2711,False,1333,Omar Colley,238408,D,31,Rui Patrício,82,AS Roma,1698,3.6,46.8,4,31,-1,corner,weakFoot,0,
1,19,5,22/12/2021,AS Roma,Sampdoria,80,Sampdoria,2711,False,1333,Manolo Gabbiadini,53816,F,78,Rui Patrício,82,AS Roma,1698,2.2,51.4,2,23,-1,corner,strongFoot,1,
0,19,5,22/12/2021,AS Roma,Sampdoria,90,AS Roma,2702,True,1698,Henrikh Mkhitaryan,37151,M,78,Wladimiro Falcone,64,Sampdoria,1333,13.1,65.3,16,38,0,corner,weakFoot,0,
17,19,6,22/12/2021,Hellas Verona,Fiorentina,12,Hellas Verona,2701,True,1413,Darko Lazović,41157,M,67,Pietro Terracciano,71,Fiorentina,1489,16.2,34.2,19,33,0,assisted,weakFoot,0,
16,19,6,22/12/2021,Hellas Verona,Fiorentina,13,Hellas Verona,2701,True,1413,Davide Faraoni,32040,D,71,Pietro Terracciano,71,Fiorentina,1489,2.5,75.7,17,81,0,assisted,strongFoot,0,
15,19,6,22/12/2021,Hellas Verona,Fiorentina,17,Hellas Verona,2701,True,1413,Kevin Lasagna,587962,F,69,Pietro Terracciano,71,Fiorentina,1489,15.9,31.2,20,38,0,assisted,strongFoot,1,
14,19,6,22/12/2021,Hellas Verona,Fiorentina,18,Hellas Verona,2701,True,1413,Gianluca Caprari,148458,F,70,Pietro Terracciano,71,Fiorentina,1489,24.7,65.4,26,22,0,assisted,strongFoot,0,
13,19,6,22/12/2021,Hellas Verona,Fiorentina,19,Fiorentina,2693,False,1489,Dušan Vlahović,832208,F,78,Lorenzo Montipò,74,Hellas Verona,1413,13.4,27.2,20,49,0,assisted,strongFoot,0,
12,19,6,22/12/2021,Hellas Verona,Fiorentina,26,Fiorentina,2693,False,1489,Lucas Torreira,754794,M,66,Lorenzo Montipò,74,Hellas Verona,1413,15.1,65.3,18,34,0,corner,strongFoot,0,
11,19,6,22/12/2021,Hellas Verona,Fiorentina,30,Fiorentina,2693,False,1489,Giacomo Bonaventura,36784,M,75,Lorenzo Montipò,74,Hellas Verona,1413,23.1,53.8,23,6,0,assisted,strongFoot,0,
10,19,6,22/12/2021,Hellas Verona,Fiorentina,32,Fiorentina,2693,False,1489,Giacomo Bonaventura,36784,M,75,Lorenzo Montipò,74,Hellas Verona,1413,7.3,64.9,12,54,0,regular,strongFoot,0,
9,19,6,22/12/2021,Hellas Verona,Fiorentina,33,Hellas Verona,2701,True,1413,Giovanni Simeone,341143,F,76,Pietro Terracciano,71,Fiorentina,1489,6.7,44.8,7,27,0,assisted,strongFoot,0,
8,19,6,22/12/2021,Hellas Verona,Fiorentina,64,Fiorentina,2693,False,1489,Gaetano Castrovilli,587628,M,64,Lorenzo Montipò,74,Hellas Verona,1413,15.4,50.3,15,0,0,assisted,strongFoot,0,
7,19,6,22/12/2021,Hellas Verona,Fiorentina,69,Fiorentina,2693,False,1489,Dušan Vlahović,832208,F,78,Lorenzo Montipò,74,Hellas Verona,1413,9.4,45.8,9,16,0,regular,strongFoot,0,
6,19,6,22/12/2021,Hellas Verona,Fiorentina,76,Hellas Verona,2701,True,1413,Darko Lazović,41157,M,67,Pietro Terracciano,71,Fiorentina,1489,18.7,28.5,23,38,0,regular,weakFoot,0,
5,19,6,22/12/2021,Hellas Verona,Fiorentina,80,Fiorentina,2693,False,1489,Dušan Vlahović,832208,F,78,Lorenzo Montipò,74,Hellas Verona,1413,8.1,28.7,16,60,0,assisted,strongFoot,0,
4,19,6,22/12/2021,Hellas Verona,Fiorentina,81,Fiorentina,2693,False,1489,Gaetano Castrovilli,587628,M,64,Lorenzo Montipò,74,Hellas Verona,1413,8.5,47.2,8,12,0,assisted,head,1,
3,19,6,22/12/2021,Hellas Verona,Fiorentina,83,Fiorentina,2693,False,1489,Alfred Duncan,232224,M,62,Lorenzo Montipò,74,Hellas Verona,1413,12.5,35.5,15,38,1,regular,strongFoot,0,
2,19,6,22/12/2021,Hellas Verona,Fiorentina,86,Fiorentina,2693,False,1489,Nikola Milenković,836168,D,45,Lorenzo Montipò,74,Hellas Verona,1413,7.9,56.9,9,30,1,corner,head,0,
1,19,6,22/12/2021,Hellas Verona,Fiorentina,90,Fiorentina,2693,False,1489,Dušan Vlahović,832208,F,78,Lorenzo Montipò,74,Hellas Verona,1413,13.4,44.7,13,15,1,assisted,head,0,
0,19,6,22/12/2021,Hellas Verona,Fiorentina,90,Hellas Verona,2701,True,1413,Martin Hongla,856062,M,69,Pietro Terracciano,71,Fiorentina,1489,26.4,33.4,28,23,-1,regular,strongFoot,0,
26,19,7,22/12/2021,Inter,Torino,7,Torino,2696,False,1448,Josip Brekalo,357598,M,72,Samir Handanović,85,Inter,1850,1.8,62.0,8,77,0,assisted,strongFoot,0,
25,19,7,22/12/2021,Inter,Torino,7,Torino,2696,False,1448,Bremer,885197,D,35,Samir Handanović,85,Inter,1850,9.4,40.1,11,35,0,corner,head,0,
24,19,7,22/12/2021,Inter,Torino,8,Inter,2697,True,1850,Marcelo Brozović,108800,M,73,Vanja Milinković-Savić,72,Torino,1448,15.1,70.7,20,42,0,corner,weakFoot,0,
23,19,7,22/12/2021,Inter,Torino,12,Inter,2697,True,1850,Arturo Vidal,18342,M,79,Vanja Milinković-Savić,72,Torino,1448,20.4,59.6,21,17,0,assisted,weakFoot,0,
22,19,7,22/12/2021,Inter,Torino,14,Inter,2697,True,1850,Lautaro Martínez,823984,F,81,Vanja Milinković-Savić,72,Torino,1448,7.1,31.5,14,60,0,regular,strongFoot,0,
21,19,7,22/12/2021,Inter,Torino,17,Torino,2696,False,1448,Ola Aina,800417,D,59,Samir Handanović,85,Inter,1850,22.4,40.1,23,16,0,regular,strongFoot,0,
20,19,7,22/12/2021,Inter,Torino,18,Torino,2696,False,1448,Marko Pjaca,190435,F,68,Samir Handanović,85,Inter,1850,19.7,45.1,19,9,0,fast-break,strongFoot,0,
19,19,7,22/12/2021,Inter,Torino,20,Inter,2697,True,1850,Alessandro Bastoni,826188,D,32,Vanja Milinković-Savić,72,Torino,1448,10.7,38.2,13,36,0,assisted,strongFoot,0,
18,19,7,22/12/2021,Inter,Torino,21,Inter,2697,True,1850,Alessandro Bastoni,826188,D,32,Vanja Milinković-Savić,72,Torino,1448,18.1,38.6,19,23,0,corner,strongFoot,0,
17,19,7,22/12/2021,Inter,Torino,22,Torino,2696,False,1448,Saša Lukić,371222,M,63,Samir Handanović,85,Inter,1850,15.7,70.7,21,41,0,set-piece,strongFoot,0,
16,19,7,22/12/2021,Inter,Torino,24,Torino,2696,False,1448,Saša Lukić,371222,M,63,Samir Handanović,85,Inter,1850,24.1,62.6,25,19,0,assisted,strongFoot,0,
15,19,7,22/12/2021,Inter,Torino,25,Inter,2697,True,1850,Marcelo Brozović,108800,M,73,Vanja Milinković-Savić,72,Torino,1448,13.2,43.4,13,18,0,assisted,weakFoot,0,
14,19,7,22/12/2021,Inter,Torino,30,Inter,2697,True,1850,Denzel Dumfries,759520,M,58,Vanja Milinković-Savić,72,Torino,1448,14.9,55.9,15,15,0,fast-break,strongFoot,1,
13,19,7,22/12/2021,Inter,Torino,38,Inter,2697,True,1850,Lautaro Martínez,823984,F,81,Vanja Milinković-Savić,72,Torino,1448,14.3,59.1,15,23,1,assisted,strongFoot,0,
12,19,7,22/12/2021,Inter,Torino,41,Inter,2697,True,1850,Hakan Çalhanoğlu,135700,M,77,Vanja Milinković-Savić,72,Torino,1448,15.5,17.2,27,55,1,corner,strongFoot,0,
11,19,7,22/12/2021,Inter,Torino,42,Inter,2697,True,1850,Marcelo Brozović,108800,M,73,Vanja Milinković-Savić,72,Torino,1448,23.7,62.3,25,19,1,assisted,weakFoot,0,
10,19,7,22/12/2021,Inter,Torino,45,Torino,2696,False,1448,Koffi Djidji,158235,D,31,Samir Handanović,85,Inter,1850,19.7,71.4,24,36,-1,assisted,strongFoot,0,
9,19,7,22/12/2021,Inter,Torino,48,Torino,2696,False,1448,Ola Aina,800417,D,59,Samir Handanović,85,Inter,1850,25.0,23.4,30,35,-1,assisted,weakFoot,0,
8,19,7,22/12/2021,Inter,Torino,52,Inter,2697,True,1850,Hakan Çalhanoğlu,135700,M,77,Vanja Milinković-Savić,72,Torino,1448,22.1,67.6,25,28,1,free-kick,strongFoot,0,
7,19,7,22/12/2021,Inter,Torino,53,Inter,2697,True,1850,Denzel Dumfries,759520,M,58,Vanja Milinković-Savić,72,Torino,1448,20.9,53.0,20,5,1,set-piece,strongFoot,0,
6,19,7,22/12/2021,Inter,Torino,64,Torino,2696,False,1448,Marko Pjaca,190435,F,68,Samir Handanović,85,Inter,1850,21.9,32.7,24,28,-1,assisted,strongFoot,0,
5,19,7,22/12/2021,Inter,Torino,64,Torino,2696,False,1448,Saša Lukić,371222,M,63,Samir Handanović,85,Inter,1850,21.7,56.6,22,11,-1,assisted,weakFoot,0,
4,19,7,22/12/2021,Inter,Torino,66,Torino,2696,False,1448,Saša Lukić,371222,M,63,Samir Handanović,85,Inter,1850,18.4,53.9,18,8,-1,free-kick,strongFoot,0,
3,19,7,22/12/2021,Inter,Torino,68,Inter,2697,True,1850,Edin Džeko,14990,F,83,Vanja Milinković-Savić,72,Torino,1448,9.1,55.1,9,20,1,assisted,head,0,
2,19,7,22/12/2021,Inter,Torino,82,Inter,2697,True,1850,Alexis Sánchez,34120,F,75,Vanja Milinković-Savić,72,Torino,1448,23.2,34.3,25,24,1,assisted,strongFoot,0,
1,19,7,22/12/2021,Inter,Torino,87,Inter,2697,True,1850,Alexis Sánchez,34120,F,75,Vanja Milinković-Savić,72,Torino,1448,19.9,60.4,21,19,1,assisted,strongFoot,0,
0,19,7,22/12/2021,Inter,Torino,89,Torino,2696,False,1448,Cristian Ansaldi,43476,D,63,Samir Handanović,85,Inter,1850,9.4,31.2,15,53,-1,regular,weakFoot,0,
33,19,8,22/12/2021,Empoli,AC Milan,2,Empoli,2705,True,1534,Nedim Bajrami,825861,M,59,Mike Maignan,84,AC Milan,1706,10.5,66.4,15,46,0,assisted,strongFoot,0,
32,19,8,22/12/2021,Empoli,AC Milan,9,AC Milan,2692,False,1706,Junior Messias,888219,F,67,Guglielmo Vicario,73,Empoli,1534,12.7,40.4,14,27,0,regular,strongFoot,0,
30,19,8,22/12/2021,Empoli,AC Milan,10,AC Milan,2692,False,1706,Junior Messias,888219,F,67,Guglielmo Vicario,73,Empoli,1534,15.7,70.1,20,41,0,assisted,strongFoot,0,
29,19,8,22/12/2021,Empoli,AC Milan,10,AC Milan,2692,False,1706,Alexis Saelemaekers,901891,M,65,Guglielmo Vicario,73,Empoli,1534,3.6,29.0,14,75,0,assisted,weakFoot,0,
31,19,8,22/12/2021,Empoli,AC Milan,10,Empoli,2705,True,1534,Liam Henderson,287573,M,61,Mike Maignan,84,AC Milan,1706,10.4,41.7,11,28,0,assisted,head,0,
28,19,8,22/12/2021,Empoli,AC Milan,11,AC Milan,2692,False,1706,Franck Kessié,359226,M,73,Guglielmo Vicario,73,Empoli,1534,28.3,61.4,29,15,0,assisted,strongFoot,0,
27,19,8,22/12/2021,Empoli,AC Milan,12,AC Milan,2692,False,1706,Franck Kessié,359226,M,73,Guglielmo Vicario,73,Empoli,1534,13.1,46.3,13,10,0,assisted,strongFoot,1,
26,19,8,22/12/2021,Empoli,AC Milan,18,Empoli,2705,True,1534,Nedim Bajrami,825861,M,59,Mike Maignan,84,AC Milan,1706,12.7,29.5,18,47,0,corner,strongFoot,1,
25,19,8,22/12/2021,Empoli,AC Milan,24,Empoli,2705,True,1534,Szymon Żurkowski,860435,F,61,Mike Maignan,84,AC Milan,1706,24.4,57.5,24,11,1,assisted,strongFoot,0,
24,19,8,22/12/2021,Empoli,AC Milan,27,AC Milan,2692,False,1706,Junior Messias,888219,F,67,Guglielmo Vicario,73,Empoli,1534,22.4,70.1,26,31,-1,assisted,strongFoot,0,
23,19,8,22/12/2021,Empoli,AC Milan,29,AC Milan,2692,False,1706,Theo Hernández,788027,D,70,Guglielmo Vicario,73,Empoli,1534,26.4,49.1,26,1,-1,free-kick,strongFoot,0,
22,19,8,22/12/2021,Empoli,AC Milan,37,Empoli,2705,True,1534,Andrea Pinamonti,826198,F,70,Mike Maignan,84,AC Milan,1706,4.3,34.8,11,67,1,assisted,weakFoot,0,
21,19,8,22/12/2021,Empoli,AC Milan,42,AC Milan,2692,False,1706,Franck Kessié,359226,M,73,Guglielmo Vicario,73,Empoli,1534,3.9,33.6,11,70,-1,assisted,weakFoot,1,
20,19,8,22/12/2021,Empoli,AC Milan,44,AC Milan,2692,False,1706,Ismaël Bennacer,823733,M,67,Guglielmo Vicario,73,Empoli,1534,20.8,39.2,22,19,0,assisted,strongFoot,0,
17,19,8,22/12/2021,Empoli,AC Milan,45,AC Milan,2692,False,1706,Olivier Giroud,39070,F,79,Guglielmo Vicario,73,Empoli,1534,2.9,46.0,3,43,0,corner,strongFoot,0,
19,19,8,22/12/2021,Empoli,AC Milan,45,Empoli,2705,True,1534,Patrick Cutrone,795044,F,71,Mike Maignan,84,AC Milan,1706,7.4,65.7,12,55,0,assisted,weakFoot,0,
18,19,8,22/12/2021,Empoli,AC Milan,45,AC Milan,2692,False,1706,Alexis Saelemaekers,901891,M,65,Guglielmo Vicario,73,Empoli,1534,19.9,23.5,26,42,0,assisted,strongFoot,0,
16,19,8,22/12/2021,Empoli,AC Milan,45,AC Milan,2692,False,1706,Alessio Romagnoli,227864,D,40,Guglielmo Vicario,73,Empoli,1534,1.8,42.5,5,70,0,corner,weakFoot,0,
14,19,8,22/12/2021,Empoli,AC Milan,47,Empoli,2705,True,1534,Andrea Pinamonti,826198,F,70,Mike Maignan,84,AC Milan,1706,9.9,62.7,13,41,0,regular,strongFoot,0,
15,19,8,22/12/2021,Empoli,AC Milan,47,Empoli,2705,True,1534,Nedim Bajrami,825861,M,59,Mike Maignan,84,AC Milan,1706,11.7,41.2,13,27,0,regular,strongFoot,0,
13,19,8,22/12/2021,Empoli,AC Milan,48,Empoli,2705,True,1534,Nedim Bajrami,825861,M,59,Mike Maignan,84,AC Milan,1706,12.5,58.3,13,24,0,assisted,strongFoot,0,
12,19,8,22/12/2021,Empoli,AC Milan,51,Empoli,2705,True,1534,Patrick Cutrone,795044,F,71,Mike Maignan,84,AC Milan,1706,14.8,30.7,19,41,0,assisted,strongFoot,0,
11,19,8,22/12/2021,Empoli,AC Milan,57,AC Milan,2692,False,1706,Olivier Giroud,39070,F,79,Guglielmo Vicario,73,Empoli,1534,7.0,57.5,8,36,0,regular,head,0,
10,19,8,22/12/2021,Empoli,AC Milan,57,Empoli,2705,True,1534,Nedim Bajrami,825861,M,59,Mike Maignan,84,AC Milan,1706,24.3,54.9,24,7,0,assisted,strongFoot,0,
9,19,8,22/12/2021,Empoli,AC Milan,63,AC Milan,2692,False,1706,Alessandro Florenzi,152420,D,77,Guglielmo Vicario,73,Empoli,1534,23.7,43.1,24,11,0,free-kick,strongFoot,1,
8,19,8,22/12/2021,Empoli,AC Milan,67,Empoli,2705,True,1534,Szymon Żurkowski,860435,F,61,Mike Maignan,84,AC Milan,1706,23.2,58.9,23,14,-1,regular,weakFoot,0,
7,19,8,22/12/2021,Empoli,AC Milan,69,AC Milan,2692,False,1706,Theo Hernández,788027,D,70,Guglielmo Vicario,73,Empoli,1534,7.9,55.1,8,23,1,regular,strongFoot,1,
6,19,8,22/12/2021,Empoli,AC Milan,75,Empoli,2705,True,1534,Liam Henderson,287573,M,61,Mike Maignan,84,AC Milan,1706,20.1,69.0,23,32,-2,assisted,strongFoot,0,
5,19,8,22/12/2021,Empoli,AC Milan,77,Empoli,2705,True,1534,Andrea La Mantia,96649,F,67,Mike Maignan,84,AC Milan,1706,4.5,40.0,8,56,-2,assisted,head,0,
4,19,8,22/12/2021,Empoli,AC Milan,78,AC Milan,2692,False,1706,Alexis Saelemaekers,901891,M,65,Guglielmo Vicario,73,Empoli,1534,22.9,56.1,23,10,2,assisted,weakFoot,0,
3,19,8,22/12/2021,Empoli,AC Milan,84,Empoli,2705,True,1534,Andrea Pinamonti,826198,F,70,Mike Maignan,84,AC Milan,1706,11.5,50.0,11,0,-2,penalty,strongFoot,1,
2,19,8,22/12/2021,Empoli,AC Milan,90,Empoli,2705,True,1534,Andrea Pinamonti,826198,F,70,Mike Maignan,84,AC Milan,1706,15.2,36.5,17,31,-1,assisted,strongFoot,0,
1,19,8,22/12/2021,Empoli,AC Milan,90,AC Milan,2692,False,1706,Rade Krunić,155449,M,71,Guglielmo Vicario,73,Empoli,1534,11.5,47.8,11,7,1,set-piece,head,0,
0,19,8,22/12/2021,Empoli,AC Milan,90,AC Milan,2692,False,1706,Alessio Romagnoli,227864,D,40,Guglielmo Vicario,73,Empoli,1534,25.1,41.3,25,13,1,set-piece,strongFoot,0,
34,19,9,22/12/2021,SSC Napoli,Spezia,2,SSC Napoli,2714,True,1722,Piotr Zieliński,138605,M,74,Ivan Provedel,74,Spezia,1333,14.0,67.6,18,40,0,assisted,weakFoot,0,
33,19,9,22/12/2021,SSC Napoli,Spezia,4,Spezia,2735,False,1333,Rey Manaj,587882,F,71,David Ospina,79,SSC Napoli,1722,9.7,44.5,10,21,0,corner,head,0,
32,19,9,22/12/2021,SSC Napoli,Spezia,16,Spezia,2735,False,1333,Simone Bastoni,385330,M,52,David Ospina,79,SSC Napoli,1722,24.8,51.5,24,2,0,assisted,strongFoot,0,
31,19,9,22/12/2021,SSC Napoli,Spezia,17,SSC Napoli,2714,True,1722,Frank Anguissa,787941,M,65,Ivan Provedel,74,Spezia,1333,27.5,72.1,31,28,0,regular,strongFoot,0,
30,19,9,22/12/2021,SSC Napoli,Spezia,22,Spezia,2735,False,1333,Rey Manaj,587882,F,71,David Ospina,79,SSC Napoli,1722,18.8,30.7,22,34,0,assisted,weakFoot,0,
29,19,9,22/12/2021,SSC Napoli,Spezia,27,SSC Napoli,2714,True,1722,Matteo Politano,235672,M,77,Ivan Provedel,74,Spezia,1333,18.5,68.8,22,34,0,assisted,strongFoot,0,
28,19,9,22/12/2021,SSC Napoli,Spezia,28,Spezia,2735,False,1333,Rey Manaj,587882,F,71,David Ospina,79,SSC Napoli,1722,46.9,51.3,46,1,0,regular,weakFoot,0,
27,19,9,22/12/2021,SSC Napoli,Spezia,30,SSC Napoli,2714,True,1722,Dries Mertens,32493,M,80,Ivan Provedel,74,Spezia,1333,5.5,33.5,12,63,0,assisted,strongFoot,0,
26,19,9,22/12/2021,SSC Napoli,Spezia,31,SSC Napoli,2714,True,1722,Amir Rrahmani,332155,D,50,Ivan Provedel,74,Spezia,1333,12.8,38.0,15,32,0,corner,strongFoot,0,
25,19,9,22/12/2021,SSC Napoli,Spezia,33,SSC Napoli,2714,True,1722,Dries Mertens,32493,M,80,Ivan Provedel,74,Spezia,1333,2.0,36.3,9,77,0,corner,strongFoot,0,
24,19,9,22/12/2021,SSC Napoli,Spezia,35,SSC Napoli,2714,True,1722,Dries Mertens,32493,M,80,Ivan Provedel,74,Spezia,1333,22.9,46.2,23,6,0,assisted,strongFoot,0,
23,19,9,22/12/2021,SSC Napoli,Spezia,37,Spezia,2735,False,1333,Juan Jesus,108484,D,31,David Ospina,79,SSC Napoli,1722,10.4,46.8,10,11,0,set-piece,head,1,
22,19,9,22/12/2021,SSC Napoli,Spezia,40,Spezia,2735,False,1333,Rey Manaj,587882,F,71,David Ospina,79,SSC Napoli,1722,10.9,13.8,26,66,1,free-kick,weakFoot,0,
21,19,9,22/12/2021,SSC Napoli,Spezia,49,SSC Napoli,2714,True,1722,Hirving Lozano,385320,F,75,Ivan Provedel,74,Spezia,1333,7.0,35.1,12,55,-1,set-piece,strongFoot,0,
20,19,9,22/12/2021,SSC Napoli,Spezia,55,Spezia,2735,False,1333,Kelvin Amian,802143,D,47,David Ospina,79,SSC Napoli,1722,9.3,55.5,10,21,1,assisted,strongFoot,0,
19,19,9,22/12/2021,SSC Napoli,Spezia,56,SSC Napoli,2714,True,1722,Andrea Petagna,295973,F,74,Ivan Provedel,74,Spezia,1333,8.5,50.9,8,4,-1,assisted,head,0,
18,19,9,22/12/2021,SSC Napoli,Spezia,60,SSC Napoli,2714,True,1722,Mário Rui,99546,D,48,Ivan Provedel,74,Spezia,1333,14.7,34.0,18,36,-1,regular,strongFoot,0,
17,19,9,22/12/2021,SSC Napoli,Spezia,61,SSC Napoli,2714,True,1722,Matteo Politano,235672,M,77,Ivan Provedel,74,Spezia,1333,15.7,67.0,19,36,-1,assisted,strongFoot,0,
15,19,9,22/12/2021,SSC Napoli,Spezia,62,SSC Napoli,2714,True,1722,Hirving Lozano,385320,F,75,Ivan Provedel,74,Spezia,1333,9.0,46.8,9,13,-1,assisted,weakFoot,0,
16,19,9,22/12/2021,SSC Napoli,Spezia,62,SSC Napoli,2714,True,1722,Hirving Lozano,385320,F,75,Ivan Provedel,74,Spezia,1333,10.8,39.0,13,34,-1,corner,strongFoot,0,
14,19,9,22/12/2021,SSC Napoli,Spezia,65,SSC Napoli,2714,True,1722,Piotr Zieliński,138605,M,74,Ivan Provedel,74,Spezia,1333,21.2,58.1,21,14,-1,assisted,weakFoot,0,
13,19,9,22/12/2021,SSC Napoli,Spezia,66,SSC Napoli,2714,True,1722,Juan Jesus,108484,D,31,Ivan Provedel,74,Spezia,1333,7.6,43.3,8,30,-1,corner,head,0,
12,19,9,22/12/2021,SSC Napoli,Spezia,66,SSC Napoli,2714,True,1722,Piotr Zieliński,138605,M,74,Ivan Provedel,74,Spezia,1333,26.1,61.2,27,16,-1,assisted,weakFoot,0,
11,19,9,22/12/2021,SSC Napoli,Spezia,68,Spezia,2735,False,1333,Rey Manaj,587882,F,71,David Ospina,79,SSC Napoli,1722,24.4,31.8,27,26,1,assisted,weakFoot,0,
10,19,9,22/12/2021,SSC Napoli,Spezia,71,Spezia,2735,False,1333,Rey Manaj,587882,F,71,David Ospina,79,SSC Napoli,1722,30.2,33.4,32,20,1,free-kick,weakFoot,0,
9,19,9,22/12/2021,SSC Napoli,Spezia,73,SSC Napoli,2714,True,1722,Hirving Lozano,385320,F,75,Ivan Provedel,74,Spezia,1333,14.2,45.8,14,11,-1,regular,strongFoot,0,
8,19,9,22/12/2021,SSC Napoli,Spezia,78,SSC Napoli,2714,True,1722,Adam Ounas,818440,M,65,Ivan Provedel,74,Spezia,1333,27.5,41.5,28,11,-1,assisted,strongFoot,0,
7,19,9,22/12/2021,SSC Napoli,Spezia,80,SSC Napoli,2714,True,1722,Eljif Elmas,838232,M,69,Ivan Provedel,74,Spezia,1333,6.5,28.9,15,65,-1,assisted,weakFoot,0,
6,19,9,22/12/2021,SSC Napoli,Spezia,82,SSC Napoli,2714,True,1722,Adam Ounas,818440,M,65,Ivan Provedel,74,Spezia,1333,11.7,72.7,19,52,-1,assisted,strongFoot,0,
5,19,9,22/12/2021,SSC Napoli,Spezia,84,SSC Napoli,2714,True,1722,Giovanni Di Lorenzo,153257,D,65,Ivan Provedel,74,Spezia,1333,2.4,64.7,10,76,-1,assisted,strongFoot,0,
4,19,9,22/12/2021,SSC Napoli,Spezia,84,SSC Napoli,2714,True,1722,Amir Rrahmani,332155,D,50,Ivan Provedel,74,Spezia,1333,22.1,60.6,23,18,-1,regular,strongFoot,0,
3,19,9,22/12/2021,SSC Napoli,Spezia,90,SSC Napoli,2714,True,1722,Frank Anguissa,787941,M,65,Ivan Provedel,74,Spezia,1333,19.7,53.2,19,6,-1,assisted,strongFoot,0,
2,19,9,22/12/2021,SSC Napoli,Spezia,90,SSC Napoli,2714,True,1722,Giovanni Di Lorenzo,153257,D,65,Ivan Provedel,74,Spezia,1333,6.4,56.3,7,33,-1,corner,head,0,
1,19,9,22/12/2021,SSC Napoli,Spezia,90,SSC Napoli,2714,True,1722,Eljif Elmas,838232,M,69,Ivan Provedel,74,Spezia,1333,9.4,52.8,9,11,-1,assisted,head,0,
0,19,9,22/12/2021,SSC Napoli,Spezia,90,SSC Napoli,2714,True,1722,Giovanni Di Lorenzo,153257,D,65,Ivan Provedel,74,Spezia,1333,10.7,62.5,13,38,-1,assisted,head,0,
