Unnamed: 0,year,teamId,team,playerId,player,update,version,rating
0.0,26,44,Inter,231478,Lautaro Martínez,sep,260003,88
1.0,26,44,Inter,228093,Marcus Thuram,sep,260003,82
2.0,26,44,Inter,259565,Yoan Bonny,sep,260003,74
3.0,26,44,Inter,277327,Francesco Pio Esposito,sep,260003,71
4.0,26,44,Inter,192883,Henrikh Mkhitaryan,sep,260003,78
5.0,26,44,Inter,268534,Andy Diouf,sep,260003,67
6.0,26,44,Inter,224232,Nicolò Barella,sep,260003,78
7.0,26,44,Inter,210406,Piotr Zieliński,sep,260003,76
8.0,26,44,Inter,276278,Petar Sučić,sep,260003,66
9.0,26,44,Inter,239807,Davide Frattesi,sep,260003,75
10.0,26,44,Inter,256632,Luis Henrique Tomaz de Lima,sep,260003,72
11.0,26,44,Inter,208128,Hakan Çalhanoğlu,sep,260003,80
12.0,26,44,Inter,226268,Federico Dimarco,sep,260003,78
13.0,26,44,Inter,258648,Carlos Augusto Zopolato Neves,sep,260003,71
14.0,26,44,Inter,237383,Alessandro Bastoni,sep,260003,45
15.0,26,44,Inter,199845,Francesco Acerbi,sep,260003,50
16.0,26,44,Inter,241736,Yann Aurel Bisseck,sep,260003,56
17.0,26,44,Inter,198176,Stefan de Vrij,sep,260003,41
18.0,26,44,Inter,268558,Tomás Palacios,sep,260003,37
19.0,26,44,Inter,229237,Manuel Akanji,sep,260003,47
20.0,26,44,Inter,233096,Denzel Dumfries,sep,260003,68
21.0,26,44,Inter,184392,Matteo Darmian,sep,260003,61
22.0,26,44,Inter,177683,Yann Sommer,sep,260003,87
23.0,26,44,Inter,243311,Josep Martínez Riera,sep,260003,75
24.0,26,44,Inter,219715,Raffaele Di Gennaro,sep,260003,68
0.0,26,48,Napoli,259399,Rasmus Højlund,sep,260003,75
1.0,26,48,Napoli,268474,Lorenzo Lucca,sep,260003,77
2.0,26,48,Napoli,272726,Giuseppe Ambrosino,sep,260003,63
3.0,26,48,Napoli,192505,Romelu Lukaku,sep,260003,81
4.0,26,48,Napoli,237238,Scott McTominay,sep,260003,81
5.0,26,48,Napoli,236632,David Neres Campos,sep,260003,75
6.0,26,48,Napoli,239380,Noa Lang,sep,260003,77
7.0,26,48,Napoli,241390,Eljif Elmas,sep,260003,70
8.0,26,48,Napoli,192985,Kevin De Bruyne,sep,260003,82
9.0,26,48,Napoli,227236,André-Franck Zambo Anguissa,sep,260003,73
10.0,26,48,Napoli,245992,Billy Gilmour,sep,260003,57
11.0,26,48,Napoli,216409,Matteo Politano,sep,260003,77
12.0,26,48,Napoli,276706,Antonio Vergara,sep,260003,62
13.0,26,48,Napoli,216435,Stanislav Lobotka,sep,260003,66
14.0,26,48,Napoli,202884,Leonardo Spinazzola,sep,260003,64
15.0,26,48,Napoli,240716,Mathías Olivera,sep,260003,49
16.0,26,48,Napoli,261865,Miguel Gutiérrez Ortega,sep,260003,69
17.0,26,48,Napoli,200752,Juan Guilherme Nunes Jesus,sep,260003,31
18.0,26,48,Napoli,243241,Alessandro Buongiorno,sep,260003,45
19.0,26,48,Napoli,244263,Amir Rrahmani,sep,260003,50
20.0,26,48,Napoli,262394,Sam Beukema,sep,260003,53
21.0,26,48,Napoli,278319,Luca Marianucci,sep,260003,25
22.0,26,48,Napoli,217870,Giovanni Di Lorenzo,sep,260003,71
23.0,26,48,Napoli,239679,Pasquale Mazzocchi,sep,260003,58
24.0,26,48,Napoli,225116,Alex Meret,sep,260003,82
25.0,26,48,Napoli,224836,Vanja Milinković-Savić,sep,260003,79
26.0,26,48,Napoli,220532,Nikita Contini,sep,260003,67
0.0,26,47,AC Milan,245152,Santiago Giménez,sep,260003,79
1.0,26,47,AC Milan,213666,Ruben Loftus-Cheek,sep,260003,74
2.0,26,47,AC Milan,210008,Adrien Rabiot,sep,260003,78
3.0,26,47,AC Milan,227796,Christian Pulisic,sep,260003,82
4.0,26,47,AC Milan,232411,Christopher Nkunku,sep,260003,78
5.0,26,47,AC Milan,237942,Pervis Estupiñán,sep,260003,55
6.0,26,47,AC Milan,241721,Rafael da Conceição Leão,sep,260003,78
7.0,26,47,AC Milan,177003,Luka Modrić,sep,260003,74
8.0,26,47,AC Milan,257186,Ardon Jashari,sep,260003,67
9.0,26,47,AC Milan,245630,Youssouf Fofana,sep,260003,66
10.0,26,47,AC Milan,253473,Samuele Ricci,sep,260003,59
11.0,26,47,AC Milan,242664,Alexis Saelemaekers,sep,260003,66
12.0,26,47,AC Milan,279782,Zachary Athekame,sep,260003,26
13.0,26,47,AC Milan,81252,Cheveyo Balentien,sep,260003,56
14.0,26,47,AC Milan,254840,Strahinja Pavlović,sep,260003,42
15.0,26,47,AC Milan,240277,Matteo Gabbia,sep,260003,35
16.0,26,47,AC Milan,265774,Koni De Winter,sep,260003,39
17.0,26,47,AC Milan,73286,David Odogu,sep,260003,32
18.0,26,47,AC Milan,278237,Davide Bartesaghi,sep,260003,42
19.0,26,47,AC Milan,232756,Fikayo Tomori,sep,260003,39
20.0,26,47,AC Milan,215698,Mike Maignan,sep,260003,87
21.0,26,47,AC Milan,205812,Pietro Terracciano,sep,260003,78
22.0,26,47,AC Milan,72179,Lorenzo Torriani,sep,260003,61
0.0,26,45,Juventus,243630,Jonathan David,sep,260003,81
1.0,26,45,Juventus,246430,Dušan Vlahović,sep,260003,83
2.0,26,45,Juventus,243580,Loïs Openda,sep,260003,81
3.0,26,45,Juventus,205175,Arkadiusz Milik,sep,260003,81
4.0,26,45,Juventus,261050,Francisco F. da Conceição,sep,260003,68
5.0,26,45,Juventus,240679,Teun Koopmeiners,sep,260003,78
6.0,26,45,Juventus,277954,Kenan Yıldız,sep,260003,78
7.0,26,45,Juventus,75085,Vasilije Adžić,sep,260003,60
8.0,26,45,Juventus,258966,Andrea Cambiaso,sep,260003,70
9.0,26,45,Juventus,208574,Filip Kostić,sep,260003,75
10.0,26,45,Juventus,74329,Jonas Rouhi,sep,260003,42
11.0,26,45,Juventus,247246,Khéphren Thuram,sep,260003,74
12.0,26,45,Juventus,222077,Manuel Locatelli,sep,260003,68
13.0,26,45,Juventus,238744,Weston McKennie,sep,260003,71
14.0,26,45,Juventus,268802,Fabio Miretti,sep,260003,60
15.0,26,45,Juventus,257290,João Mário Neto Lopes,sep,260003,61
16.0,26,45,Juventus,239763,Edon Zhegrova,sep,260003,70
17.0,26,45,Juventus,231512,Lloyd Kelly,sep,260003,38
18.0,26,45,Juventus,239580,Gleison Bremer Silva Nascimento,sep,260003,49
19.0,26,45,Juventus,255654,Pierre Kalulu,sep,260003,52
20.0,26,45,Juventus,251870,Juan David Cabal,sep,260003,37
21.0,26,45,Juventus,211320,Daniele Rugani,sep,260003,40
22.0,26,45,Juventus,266872,Federico Gatti,sep,260003,41
23.0,26,45,Juventus,235840,Michele Di Gregorio,sep,260003,81
24.0,26,45,Juventus,189342,Carlo Pinsoglio,sep,260003,69
25.0,26,45,Juventus,198009,Mattia Perin,sep,260003,78
0.0,26,52,Roma,259608,Evan Ferguson,sep,260003,74
1.0,26,52,Roma,242458,Artem Dovbyk,sep,260003,83
2.0,26,52,Roma,265695,Matías Soulé,sep,260003,73
3.0,26,52,Roma,269312,Tommaso Baldanzi,sep,260003,71
4.0,26,52,Roma,211110,Paulo Dybala,sep,260003,85
5.0,26,52,Roma,228251,Lorenzo Pellegrini,sep,260003,76
6.0,26,52,Roma,220651,José Ángel Esmoris Tasende,sep,260003,69
7.0,26,52,Roma,190813,Stephan El Shaarawy,sep,260003,75
8.0,26,52,Roma,232223,Kostas Tsimikas,sep,260003,55
9.0,26,52,Roma,250723,Kouadio Manu Koné,sep,260003,72
10.0,26,52,Roma,208268,Bryan Cristante,sep,260003,73
11.0,26,52,Roma,262745,Neil El Aynaoui,sep,260003,61
12.0,26,52,Roma,262171,Edoardo Bove,sep,260003,66
13.0,26,52,Roma,275291,Niccolò Pisilli,sep,260003,65
14.0,26,52,Roma,80170,Wesley Vinícius França Lima,sep,260003,60
15.0,26,52,Roma,224490,Zeki Çelik,sep,260003,58
16.0,26,52,Roma,279200,Aboubacar Sangaré Traoré,sep,260003,43
17.0,26,52,Roma,229906,Leon Bailey,sep,260003,74
18.0,26,52,Roma,236403,Evan Ndicka,sep,260003,51
19.0,26,52,Roma,229582,Gianluca Mancini,sep,260003,49
20.0,26,52,Roma,258826,Devyne Rensch,sep,260003,54
21.0,26,52,Roma,277695,Daniele Ghilardi,sep,260003,41
22.0,26,52,Roma,276680,Jan Ziółkowski,sep,260003,27
23.0,26,52,Roma,229668,Mario Hermoso Canseco,sep,260003,47
24.0,26,52,Roma,230872,Mile Svilar,sep,260003,82
25.0,26,52,Roma,233189,Devis Vásquez,sep,260003,72
26.0,26,52,Roma,211515,Pierluigi Gollini,sep,260003,74
27.0,26,52,Roma,80045,Radoslaw Zelezny,sep,260003,64
0.0,26,39,Atalanta,226710,Gianluca Scamacca,sep,260003,79
1.0,26,39,Atalanta,277839,Nikola Krstović,sep,260003,75
2.0,26,39,Atalanta,230899,Ademola Lookman,sep,260003,84
3.0,26,39,Atalanta,255611,Daniel Maldini,sep,260003,74
4.0,26,39,Atalanta,251470,Charles De Ketelaere,sep,260003,82
5.0,26,39,Atalanta,262113,Nicola Zalewski,sep,260003,76
6.0,26,39,Atalanta,216150,Davide Zappacosta,sep,260003,79
7.0,26,39,Atalanta,256035,Kamaldeen Sulemana,sep,260003,71
8.0,26,39,Atalanta,74483,Honest Ahanor,sep,260003,66
9.0,26,39,Atalanta,239368,Mitchel Bakker,sep,260003,75
10.0,26,39,Atalanta,74574,Lorenzo Bernasconi,sep,260003,65
11.0,26,39,Atalanta,223273,Mario Pašalić,sep,260003,80
12.0,26,39,Atalanta,256115,Lazar Samardžić,sep,260003,75
13.0,26,39,Atalanta,257785,Marco Brescianini,sep,260003,71
14.0,26,39,Atalanta,208461,Marten de Roon,sep,260003,81
15.0,26,39,Atalanta,266866,Éderson José dos Santos,sep,260003,82
16.0,26,39,Atalanta,253177,Yunus Musah,sep,260003,74
17.0,26,39,Atalanta,247229,Raoul Bellanova,sep,260003,78
18.0,26,39,Atalanta,208165,Berat Djimsiti,sep,260003,79
19.0,26,39,Atalanta,260697,Isak Hien,sep,260003,78
20.0,26,39,Atalanta,246875,Odilon Kossounou,sep,260003,80
21.0,26,39,Atalanta,207993,Sead Kolašinac,sep,260003,79
2.0,26,39,Atalanta,230899,Ademola Lookman,sep,260003,84
3.0,26,39,Atalanta,255611,Daniel Maldini,sep,260003,74
4.0,26,39,Atalanta,251470,Charles De Ketelaere,sep,260003,82
5.0,26,39,Atalanta,262113,Nicola Zalewski,sep,260003,76
6.0,26,39,Atalanta,216150,Davide Zappacosta,sep,260003,79
7.0,26,39,Atalanta,256035,Kamaldeen Sulemana,sep,260003,71
8.0,26,39,Atalanta,74483,Honest Ahanor,sep,260003,66
9.0,26,39,Atalanta,239368,Mitchel Bakker,sep,260003,75
10.0,26,39,Atalanta,74574,Lorenzo Bernasconi,sep,260003,65
11.0,26,39,Atalanta,223273,Mario Pašalić,sep,260003,80
12.0,26,39,Atalanta,256115,Lazar Samardžić,sep,260003,75
13.0,26,39,Atalanta,257785,Marco Brescianini,sep,260003,71
14.0,26,39,Atalanta,208461,Marten de Roon,sep,260003,81
15.0,26,39,Atalanta,266866,Éderson José dos Santos,sep,260003,82
16.0,26,39,Atalanta,253177,Yunus Musah,sep,260003,74
17.0,26,39,Atalanta,247229,Raoul Bellanova,sep,260003,78
18.0,26,39,Atalanta,208165,Berat Djimsiti,sep,260003,79
19.0,26,39,Atalanta,260697,Isak Hien,sep,260003,78
20.0,26,39,Atalanta,246875,Odilon Kossounou,sep,260003,80
21.0,26,39,Atalanta,207993,Sead Kolašinac,sep,260003,79
22.0,26,39,Atalanta,265188,Giorgio Scalvini,sep,260003,35
23.0,26,39,Atalanta,252154,Marco Carnesecchi,sep,260003,84
24.0,26,39,Atalanta,216065,Marco Sportiello,sep,260003,76
25.0,26,39,Atalanta,194894,Francesco Rossi,sep,260003,62
0.0,26,46,Lazio,220502,Mattia Zaccagni,sep,260003,77
1.0,26,46,Lazio,237712,Valentin Castellanos,sep,260003,79
2.0,26,46,Lazio,246242,Boulaye Dia,sep,260003,80
3.0,26,46,Lazio,264257,Tijjani Noslin,sep,260003,73
4.0,26,46,Lazio,278338,Saná Fernandes,sep,260003,57
5.0,26,46,Lazio,263929,Matteo Cancellieri,sep,260003,71
6.0,26,46,Lazio,189505,Pedro Rodríguez Ledesma,sep,260003,73
7.0,26,46,Lazio,248729,Gustav Isaksen,sep,260003,71
8.0,26,46,Lazio,258890,Fisayo Dele-Bashiru,sep,260003,71
9.0,26,46,Lazio,255001,Nicolò Rovella,sep,260003,62
10.0,26,46,Lazio,211361,Danilo Cataldi,sep,260003,71
11.0,26,46,Lazio,219985,Matías Vecino,sep,260003,72
12.0,26,46,Lazio,245275,Toma Bašić,sep,260003,63
13.0,26,46,Lazio,275163,Reda Belahyane,sep,260003,48
14.0,26,46,Lazio,73162,Cristobal Muñoz López,sep,260003,61
15.0,26,46,Lazio,236496,Mattéo Guendouzi,sep,260003,72
16.0,26,46,Lazio,251530,Nuno Albertino Varela Tavares,sep,260003,66
17.0,26,46,Lazio,243237,Luca Pellegrini,sep,260003,53
18.0,26,46,Lazio,210864,Elseid Hysaj,sep,260003,49
19.0,26,46,Lazio,272876,Dimitrije Kamenović,sep,260003,34
20.0,26,46,Lazio,226356,Mohamed Fares,sep,260003,62
21.0,26,46,Lazio,210413,Alessio Romagnoli,sep,260003,39
22.0,26,46,Lazio,266123,Oliver Provstgaard,sep,260003,38
23.0,26,46,Lazio,268804,Mario Gila Fuentes,sep,260003,53
24.0,26,46,Lazio,219581,Samuel Gigot,sep,260003,36
25.0,26,46,Lazio,206098,Patricio Gabarrón Gil,sep,260003,51
26.0,26,46,Lazio,224031,Adam Marušić,sep,260003,66
27.0,26,46,Lazio,235374,Manuel Lazzari,sep,260003,60
28.0,26,46,Lazio,224987,Ivan Provedel,sep,260003,82
29.0,26,46,Lazio,278032,Christos Mandas,sep,260003,74
30.0,26,46,Lazio,270217,Alessio Furlanetto,sep,260003,61
0.0,26,1745,Como,261478,Tasos Douvikas,sep,260003,71
1.0,26,1745,Como,201153,Álvaro Borja Morata Martín,sep,260003,80
2.0,26,1745,Como,277846,Nicolás Paz Martínez,sep,260003,70
3.0,26,1745,Como,262842,Martin Baturina,sep,260003,70
4.0,26,1745,Como,196889,Simone Verdi,sep,260003,65
5.0,26,1745,Como,75055,Jesús Rodríguez Caraballo,sep,260003,67
5.0,26,1745,Como,75055,Jesús Rodríguez Caraballo,sep,260003,67
6.0,26,1745,Como,275324,Assane Diao,sep,260003,73
7.0,26,1745,Como,228349,Mërgim Vojvoda,sep,260003,53
8.0,26,1745,Como,239977,Nicolas Kühn,sep,260003,72
9.0,26,1745,Como,279239,Jayden Addai,sep,260003,61
10.0,26,1745,Como,254579,Lucas Da Cunha,sep,260003,71
11.0,26,1745,Como,267991,Máximo Perrone,sep,260003,54
12.0,26,1745,Como,199564,Sergio Roberto Carnicer,sep,260003,62
13.0,26,1745,Como,246646,Maxence Caqueret,sep,260003,61
14.0,26,1745,Como,273875,Álex Valle Gómez,sep,260003,55
15.0,26,1745,Como,205566,Alberto Moreno Pérez,sep,260003,67
16.0,26,1745,Como,210719,Marc-Oliver Kempf,sep,260003,41
17.0,26,1745,Como,70966,Jacobo Ramón Naveros,sep,260003,21
18.0,26,1745,Como,223524,Edoardo Goldaniga,sep,260003,33
19.0,26,1745,Como,219693,Diego Carlos Santos Silva,sep,260003,45
20.0,26,1745,Como,237586,Alberto Dossena,sep,260003,43
21.0,26,1745,Como,251464,Ignace Van der Brempt,sep,260003,55
22.0,26,1745,Como,77163,Ivan Smolčić,sep,260003,50
23.0,26,1745,Como,223671,Stefan Posch,sep,260003,53
24.0,26,1745,Como,225149,Jean Butez,sep,260003,76
25.0,26,1745,Como,186611,Mauro Vigorito,sep,260003,64
26.0,26,1745,Como,270463,Nikola Čavlina,sep,260003,67
27.0,26,1745,Como,80504,Henrique Menke Lopes,sep,260003,56
0.0,26,110374,Fiorentina,236610,Moise Kean,sep,260003,81
1.0,26,110374,Fiorentina,248385,Roberto Piccoli,sep,260003,74
2.0,26,110374,Fiorentina,180930,Edin Džeko,sep,260003,81
3.0,26,110374,Fiorentina,80508,Riccardo Braschi,sep,260003,54
4.0,26,110374,Fiorentina,235866,Christian Kouamé,sep,260003,70
5.0,26,110374,Fiorentina,238004,Albert Guðmundsson,sep,260003,78
6.0,26,110374,Fiorentina,266596,Jacopo Fazzini,sep,260003,66
7.0,26,110374,Fiorentina,237499,Abdelhamid Sabiri,sep,260003,69
8.0,26,110374,Fiorentina,223697,Robin Gosens,sep,260003,73
9.0,26,110374,Fiorentina,258976,Fabiano Parisi,sep,260003,66
10.0,26,110374,Fiorentina,72180,Niccolò Fortini,sep,260003,54
11.0,26,110374,Fiorentina,260823,Nicolò Fagioli,sep,260003,65
12.0,26,110374,Fiorentina,262236,Amir Richardson,sep,260003,63
13.0,26,110374,Fiorentina,225439,Rolando Mandragora,sep,260003,73
14.0,26,110374,Fiorentina,244634,Simon Sohm,sep,260003,67
15.0,26,110374,Fiorentina,276682,Cher Ndour,sep,260003,61
16.0,26,110374,Fiorentina,253162,Hans Nicolussi Caviglia,sep,260003,68
17.0,26,110374,Fiorentina,234112,Domilson Cordeiro dos Santos,sep,260003,57
18.0,26,110374,Fiorentina,242418,Tariq Lamptey,sep,260003,43
19.0,26,110374,Fiorentina,258104,Gino Infantino,sep,260003,63
20.0,26,110374,Fiorentina,240777,Luca Ranieri,sep,260003,40
21.0,26,110374,Fiorentina,206654,Pablo Marí Villar,sep,260003,39
22.0,26,110374,Fiorentina,238370,Marin Pongračić,sep,260003,25
23.0,26,110374,Fiorentina,264044,Mattia Viti,sep,260003,34
24.0,26,110374,Fiorentina,80505,Eman Košpo,sep,260003,29
25.0,26,110374,Fiorentina,74926,Eddy Kouadio,sep,260003,29
26.0,26,110374,Fiorentina,278340,Pietro Comuzzo,sep,260003,27
27.0,26,110374,Fiorentina,193080,David De Gea Quintana,sep,260003,85
28.0,26,110374,Fiorentina,275325,Tommaso Martinelli,sep,260003,68
29.0,26,110374,Fiorentina,219584,Luca Lezzerini,sep,260003,69
0.0,26,189,Bologna,267861,Santiago Castro,sep,260003,75
1.0,26,189,Bologna,192387,Ciro Immobile,sep,260003,78
2.0,26,189,Bologna,252021,Thijs Dallinga,sep,260003,75
3.0,26,189,Bologna,234671,Jens Odgaard,sep,260003,76
4.0,26,189,Bologna,271019,Giovanni Fabbian,sep,260003,71
5.0,26,189,Bologna,268703,Nicolò Cambiaghi,sep,260003,71
6.0,26,189,Bologna,269558,Benjamín Domínguez,sep,260003,66
7.0,26,189,Bologna,266500,Jonathan Rowe,sep,260003,71
8.0,26,189,Bologna,233556,Riccardo Orsolini,sep,260003,81
9.0,26,189,Bologna,212404,Federico Bernardeschi,sep,260003,75
10.0,26,189,Bologna,244270,Nikola Moro,sep,260003,71
11.0,26,189,Bologna,202024,Remo Freuler,sep,260003,71
12.0,26,189,Bologna,242280,Lewis Ferguson,sep,260003,77
13.0,26,189,Bologna,252060,Tommaso Pobega,sep,260003,75
14.0,26,189,Bologna,271577,Ibrahim Sulemana,sep,260003,61
15.0,26,189,Bologna,210381,Charalampos Lykogiannis,sep,260003,68
16.0,26,189,Bologna,240915,Juan Miranda González,sep,260003,60
17.0,26,189,Bologna,231207,Jhon Lucumí,sep,260003,36
18.0,26,189,Bologna,248342,Torbjørn Heggem,sep,260003,45
19.0,26,189,Bologna,259748,Martin Vitík,sep,260003,37
20.0,26,189,Bologna,239770,Nicolò Casale,sep,260003,52
21.0,26,189,Bologna,252440,Nadir Zortea,sep,260003,68
22.0,26,189,Bologna,170320,Lorenzo De Silvestri,sep,260003,64
23.0,26,189,Bologna,246656,Emil Holm,sep,260003,60
24.0,26,189,Bologna,189908,Łukasz Skorupski,sep,260003,79
25.0,26,189,Bologna,240657,Federico Ravaglia,sep,260003,70
26.0,26,189,Bologna,75741,Massimo Pessina,sep,260003,52
0.0,26,54,Torino,241095,Nikola Vlašić,sep,260003,75
1.0,26,54,Torino,216816,Giovanni Simeone,sep,260003,76
2.0,26,54,Torino,226093,Ché Adams,sep,260003,79
3.0,26,54,Torino,215333,Duván Zapata,sep,260003,80
4.0,26,54,Torino,75443,Tommaso Gabellini,sep,260003,56
5.0,26,54,Torino,70480,Alieu Njie,sep,260003,64
6.0,26,54,Torino,246457,Cyril Ngonge,sep,260003,71
7.0,26,54,Torino,248564,Zakaria Aboukhlal,sep,260003,71
8.0,26,54,Torino,258683,Ivan Ilić,sep,260003,71
9.0,26,54,Torino,273932,Gvidas Gineitis,sep,260003,57
10.0,26,54,Torino,273883,Cesare Casadei,sep,260003,69
11.0,26,54,Torino,248474,Tino Anjorin,sep,260003,67
12.0,26,54,Torino,266257,Emirhan İlkhan,sep,260003,57
13.0,26,54,Torino,76027,Sergiu Perciun,sep,260003,48
14.0,26,54,Torino,264699,Kristjan Asllani,sep,260003,60
15.0,26,54,Torino,213242,Adrien Tameze,sep,260003,64
16.0,26,54,Torino,201389,Cristiano Biraghi,sep,260003,67
17.0,26,54,Torino,255150,Niels Nkounkou,sep,260003,47
18.0,26,54,Torino,219145,Guillermo Maripán,sep,260003,40
19.0,26,54,Torino,225410,Adam Masina,sep,260003,40
20.0,26,54,Torino,265650,Saúl Basilio Coco Bassey Oubiña,sep,260003,56
21.0,26,54,Torino,258782,Ardian Ismajli,sep,260003,30
22.0,26,54,Torino,278013,Saba Sazonov,sep,260003,40
23.0,26,54,Torino,241854,Perr Schuurs,sep,260003,64
24.0,26,54,Torino,211147,Valentino Lazaro,sep,260003,66
25.0,26,54,Torino,243481,Marcus Pedersen,sep,260003,47
26.0,26,54,Torino,273936,Ali Bina Dembélé,sep,260003,41
27.0,26,54,Torino,270141,Franco Israel,sep,260003,75
28.0,26,54,Torino,235740,Alberto Paleari,sep,260003,68
29.0,26,54,Torino,253688,Mihai Popa,sep,260003,63
0.0,26,111974,Sassuolo,243593,Armand Laurienté,sep,260003,76
1.0,26,111974,Sassuolo,263882,Alieu Fadera,sep,260003,63
2.0,26,111974,Sassuolo,235842,Andrea Pinamonti,sep,260003,76
3.0,26,111974,Sassuolo,241628,Nicholas Pierini,sep,260003,69
4.0,26,111974,Sassuolo,268511,Walid Cheddira,sep,260003,71
5.0,26,111974,Sassuolo,248787,Luca Moro,sep,260003,66
6.0,26,111974,Sassuolo,257324,Laurs Skjellerup,sep,260003,62
7.0,26,111974,Sassuolo,210935,Domenico Berardi,sep,260003,80
8.0,26,111974,Sassuolo,265761,Cristian Volpato,sep,260003,66
9.0,26,111974,Sassuolo,264207,Ismaël Koné,sep,260003,62
10.0,26,111974,Sassuolo,191202,Nemanja Matić,sep,260003,66
11.0,26,111974,Sassuolo,268462,Daniel Boloca,sep,260003,60
12.0,26,111974,Sassuolo,274702,Luca Lipani,sep,260003,43
13.0,26,111974,Sassuolo,242725,Kristian Thorstvedt,sep,260003,71
14.0,26,111974,Sassuolo,270657,Edoardo Iannoni,sep,260003,59
15.0,26,111974,Sassuolo,252027,Aster Vranckx,sep,260003,64
16.0,26,111974,Sassuolo,255561,Josh Doig,sep,260003,61
17.0,26,111974,Sassuolo,276705,Edoardo Pieragnolo,sep,260003,33
18.0,26,111974,Sassuolo,262027,Tarik Muharemović,sep,260003,22
19.0,26,111974,Sassuolo,256856,Fali Candé,sep,260003,55
20.0,26,111974,Sassuolo,262396,Jay Idzes,sep,260003,46
21.0,26,111974,Sassuolo,226108,Filippo Romagna,sep,260003,31
22.0,26,111974,Sassuolo,262474,Cas Odenthal,sep,260003,35
23.0,26,111974,Sassuolo,243497,Sebastian Walukiewicz,sep,260003,37
24.0,26,111974,Sassuolo,251335,Woyo Coulibaly,sep,260003,51
25.0,26,111974,Sassuolo,271006,Yeferson Paz,sep,260003,49
26.0,26,111974,Sassuolo,254502,Stefano Turati,sep,260003,74
27.0,26,111974,Sassuolo,233164,Arijanet Murić,sep,260003,72
28.0,26,111974,Sassuolo,235806,Giacomo Satalino,sep,260003,66
29.0,26,111974,Sassuolo,80811,Gioele Zacchi,sep,260003,62
0.0,26,111434,Cremonese,223137,Federico Bonazzoli,sep,260003,72
1.0,26,111434,Cremonese,207471,Franco Vázquez,sep,260003,77
2.0,26,111434,Cremonese,256669,Faris Pemi Moumbagna,sep,260003,72
3.0,26,111434,Cremonese,219932,Antonio Sanabria,sep,260003,74
4.0,26,111434,Cremonese,233732,David Okereke,sep,260003,70
5.0,26,111434,Cremonese,237391,Manuel De Luca,sep,260003,69
6.0,26,111434,Cremonese,237502,Dennis Johnsen,sep,260003,69
7.0,26,111434,Cremonese,208830,Jamie Vardy,sep,260003,76
8.0,26,111434,Cremonese,217338,Jari Vandeputte,sep,260003,64
9.0,26,111434,Cremonese,263522,Jeremy Sarmiento,sep,260003,62
10.0,26,111434,Cremonese,268576,Michele Collocolo,sep,260003,61
11.0,26,111434,Cremonese,240970,Martín Payero,sep,260003,64
12.0,26,111434,Cremonese,220475,Alberto Grassi,sep,260003,61
13.0,26,111434,Cremonese,75170,Dachi Lordkipanidze,sep,260003,43
14.0,26,111434,Cremonese,205089,Mattia Valoti,sep,260003,67
15.0,26,111434,Cremonese,257353,Warren Bondo,sep,260003,61
16.0,26,111434,Cremonese,230681,Giuseppe Pezzella,sep,260003,59
17.0,26,111434,Cremonese,233968,Leonardo Sernicola,sep,260003,56
18.0,26,111434,Cremonese,205363,Matteo Bianchetti,sep,260003,34
19.0,26,111434,Cremonese,268573,Federico Baschirotto,sep,260003,52
20.0,26,111434,Cremonese,210964,Federico Ceccherini,sep,260003,47
21.0,26,111434,Cremonese,277118,Mikayil Faye,sep,260003,51
22.0,26,111434,Cremonese,74448,Francesco Folino,sep,260003,35
23.0,26,111434,Cremonese,271579,Filippo Terracciano,sep,260003,60
24.0,26,111434,Cremonese,237669,Alessio Zerbin,sep,260003,66
25.0,26,111434,Cremonese,74071,Romano Floriani Mussolini,sep,260003,53
26.0,26,111434,Cremonese,275162,Tommaso Barbieri,sep,260003,44
27.0,26,111434,Cremonese,228413,Emil Audero,sep,260003,78
28.0,26,111434,Cremonese,190745,Marco Silvestri,sep,260003,72
29.0,26,111434,Cremonese,278331,Lapo Nava,sep,260003,60
0.0,26,110556,Genoa,256899,Lorenzo Colombo,sep,260003,74
1.0,26,110556,Genoa,263829,Vítor Manuel Carvalho Oliveira,sep,260003,74
2.0,26,110556,Genoa,239795,Caleb Ekuban,sep,260003,69
3.0,26,110556,Genoa,74485,Jeff Ekhator,sep,260003,59
4.0,26,110556,Genoa,212207,Nicolae Stanciu,sep,260003,73
5.0,26,110556,Genoa,231969,Ruslan Malinovskyi,sep,260003,78
6.0,26,110556,Genoa,256949,Albert Grønbæk,sep,260003,67
7.0,26,110556,Genoa,222475,Morten Thorsby,sep,260003,61
8.0,26,110556,Genoa,74930,Hugo Cuenca,sep,260003,54
9.0,26,110556,Genoa,264436,Mikael Egill Ellertsson,sep,260003,69
10.0,26,110556,Genoa,215798,Maxwel Cornet,sep,260003,74
11.0,26,110556,Genoa,272602,Valentín Carboni,sep,260003,69
12.0,26,110556,Genoa,240938,Junior Messias,sep,260003,72
13.0,26,110556,Genoa,278350,Seydou Fini,sep,260003,57
14.0,26,110556,Genoa,76172,Lorenzo Venturino,sep,260003,50
15.0,26,110556,Genoa,242633,Morten Frendrup,sep,260003,58
16.0,26,110556,Genoa,276485,Patrizio Masini,sep,260003,54
17.0,26,110556,Genoa,255934,Jean Onana,sep,260003,65
18.0,26,110556,Genoa,236295,Aarón Martín Caricol,sep,260003,53
19.0,26,110556,Genoa,244349,Johan Vásquez,sep,260003,32
20.0,26,110556,Genoa,238516,Leo Østigård,sep,260003,37
21.0,26,110556,Genoa,276477,Alessandro Marcandalli,sep,260003,40
22.0,26,110556,Genoa,271882,Sebastian Otoa,sep,260003,33
23.0,26,110556,Genoa,260653,Brooke Norton-Cuffy,sep,260003,43
24.0,26,110556,Genoa,206159,Stefano Sabelli,sep,260003,38
25.0,26,110556,Genoa,201299,Nicola Leali,sep,260003,71
26.0,26,110556,Genoa,202886,Benjamin Siegrist,sep,260003,70
27.0,26,110556,Genoa,81467,Ernestas Lysionok,sep,260003,56
28.0,26,110556,Genoa,225432,Daniele Sommariva,sep,260003,62
0.0,26,50,Parma,263229,Mateo Pellegrino,sep,260003,67
1.0,26,50,Parma,237715,Patrick Cutrone,sep,260003,73
2.0,26,50,Parma,192840,Milan Đurić,sep,260003,70
3.0,26,50,Parma,275401,Matija Frigan,sep,260003,72
4.0,26,50,Parma,257972,Oliver Sørensen,sep,260003,67
5.0,26,50,Parma,269276,Gaetano Oristanio,sep,260003,72
6.0,26,50,Parma,236706,Pontus Almqvist,sep,260003,66
7.0,26,50,Parma,258714,Emanuele Valeri,sep,260003,70
8.0,26,50,Parma,255460,Jacob Ondrejka,sep,260003,72
9.0,26,50,Parma,243154,Adrian Benedyczak,sep,260003,69
10.0,26,50,Parma,261539,Mandela Keita,sep,260003,55
11.0,26,50,Parma,252794,Adrián Bernabé García,sep,260003,70
12.0,26,50,Parma,240992,Nahuel Estévez,sep,260003,69
13.0,26,50,Parma,273884,Christian Ordoñez,sep,260003,43
14.0,26,50,Parma,225475,Hernani Azevedo Júnior,sep,260003,69
15.0,26,50,Parma,276736,Tjaš Begić,sep,260003,59
16.0,26,50,Parma,272687,Benjamin Cremaschi,sep,260003,55
17.0,26,50,Parma,76121,Elia Plicco,sep,260003,45
18.0,26,50,Parma,264294,Mathias Løvik,sep,260003,37
19.0,26,50,Parma,75647,Sascha Britschgi,sep,260003,26
20.0,26,50,Parma,246164,Lautaro Valenti,sep,260003,51
21.0,26,50,Parma,268913,Alessandro Circati,sep,260003,35
22.0,26,50,Parma,259150,Abdoulaye Ndiaye,sep,260003,31
23.0,26,50,Parma,278436,Mariano Troilo,sep,260003,28
24.0,26,50,Parma,76026,Nicolas Trabucchi,sep,260003,25
25.0,26,50,Parma,252442,Enrico Delprato,sep,260003,53
26.0,26,50,Parma,255981,Zion Suzuki,sep,260003,74
27.0,26,50,Parma,271385,Edoardo Corvi,sep,260003,65
28.0,26,50,Parma,81468,Gianluca Astaldi,sep,260003,56
29.0,26,50,Parma,278280,Filippo Rinaldi,sep,260003,62
0.0,26,1842,Cagliari,247888,Sebastiano Esposito,sep,260003,75
1.0,26,1842,Cagliari,259011,Zito André Sebastião Luvumbo,sep,260003,69
2.0,26,1842,Cagliari,208596,Andrea Belotti,sep,260003,75
3.0,26,1842,Cagliari,252942,Gennaro Borrelli,sep,260003,61
4.0,26,1842,Cagliari,274616,Semih Kılıçsoy,sep,260003,69
5.0,26,1842,Cagliari,205850,Leonardo Pavoletti,sep,260003,67
6.0,26,1842,Cagliari,246877,Gianluca Gaetano,sep,260003,71
7.0,26,1842,Cagliari,271202,Nicolò Cavuoti,sep,260003,55
8.0,26,1842,Cagliari,268683,Michael Folorunsho,sep,260003,75
9.0,26,1842,Cagliari,254982,Michel Ndary Adopo,sep,260003,59
10.0,26,1842,Cagliari,221331,Luca Mazzitelli,sep,260003,62
11.0,26,1842,Cagliari,229743,Alessandro Deiola,sep,260003,66
12.0,26,1842,Cagliari,236311,Marko Rog,sep,260003,66
13.0,26,1842,Cagliari,272725,Matteo Prati,sep,260003,65
14.0,26,1842,Cagliari,266636,Adam Obert,sep,260003,48
15.0,26,1842,Cagliari,248857,Mattia Felici,sep,260003,64
16.0,26,1842,Cagliari,73095,Riyad Idrissi,sep,260003,54
17.0,26,1842,Cagliari,220534,Sebastiano Luperto,sep,260003,47
18.0,26,1842,Cagliari,78037,Juan Rodríguez,sep,260003,39
19.0,26,1842,Cagliari,220523,Yerry Mina,sep,260003,49
20.0,26,1842,Cagliari,278668,José Pedro da Silva Figueiredo,sep,260003,51
21.0,26,1842,Cagliari,78004,Nicola Pintus,sep,260003,28
22.0,26,1842,Cagliari,252964,Gabriele Zappa,sep,260003,60
23.0,26,1842,Cagliari,278339,Marco Palestra,sep,260003,56
24.0,26,1842,Cagliari,261243,Alessandro Di Pardo,sep,260003,53
25.0,26,1842,Cagliari,255303,Elia Caprile,sep,260003,76
26.0,26,1842,Cagliari,271199,Giuseppe Ciocci,sep,260003,59
27.0,26,1842,Cagliari,231073,Boris Radunović,sep,260003,70
0.0,26,206,Hellas Verona,256453,Amin Sarr,sep,260003,69
1.0,26,206,Hellas Verona,80283,Giovane Santana,sep,260003,67
2.0,26,206,Hellas Verona,266585,Daniel Mosquera,sep,260003,71
3.0,26,206,Hellas Verona,273564,Gift Orban,sep,260003,79
4.0,26,206,Hellas Verona,72322,Junior Ajayi,sep,260003,55
5.0,26,206,Hellas Verona,230065,Suat Serdar,sep,260003,70
6.0,26,206,Hellas Verona,237335,Grigoris Kastanos,sep,260003,70
7.0,26,206,Hellas Verona,255233,Tomáš Suslov,sep,260003,70
8.0,26,206,Hellas Verona,248661,Cheikh Niasse,sep,260003,43
9.0,26,206,Hellas Verona,241937,Abdou Harroui,sep,260003,68
10.0,26,206,Hellas Verona,205343,Jean-Daniel Akpa Akpro,sep,260003,67
11.0,26,206,Hellas Verona,234795,Antoine Bernede,sep,260003,65
12.0,26,206,Hellas Verona,252308,Ali Al Musrati,sep,260003,65
13.0,26,206,Hellas Verona,212153,Roberto Gagliardini,sep,260003,61
14.0,26,206,Hellas Verona,270698,Jesús Santiago Pérez,sep,260003,48
15.0,26,206,Hellas Verona,252000,Domagoj Bradarić,sep,260003,56
16.0,26,206,Hellas Verona,238009,Martin Frese,sep,260003,64
17.0,26,206,Hellas Verona,235658,Victor Nelsson,sep,260003,42
18.0,26,206,Hellas Verona,247497,Armel Bella-Kotchap,sep,260003,25
19.0,26,206,Hellas Verona,241007,Enzo Ebosse,sep,260003,33
20.0,26,206,Hellas Verona,262930,Daniel Oyegoke,sep,260003,41
21.0,26,206,Hellas Verona,273628,Tobias Slotsager,sep,260003,27
22.0,26,206,Hellas Verona,267681,Nicolás Valentini,sep,260003,32
23.0,26,206,Hellas Verona,240900,Unai Núñez Gestoso,sep,260003,23
24.0,26,206,Hellas Verona,276314,Rafik Belghali,sep,260003,59
25.0,26,206,Hellas Verona,80861,Fallou Cham,sep,260003,42
26.0,26,206,Hellas Verona,215363,Lorenzo Montipò,sep,260003,76
27.0,26,206,Hellas Verona,210940,Simone Perilli,sep,260003,67
28.0,26,206,Hellas Verona,72397,Giacomo Toniolo,sep,260003,56
0.0,26,55,Udinese,265194,Iker Bravo Solanilla,sep,260003,66
1.0,26,55,Udinese,224438,Adam Buksa,sep,260003,73
2.0,26,55,Udinese,238067,Nicolò Zaniolo,sep,260003,74
3.0,26,55,Udinese,231743,Keinan Davis,sep,260003,70
4.0,26,55,Udinese,246832,Vakoun Issouf Bayo,sep,260003,68
5.0,26,55,Udinese,76411,Idrissa Gueye,sep,260003,67
6.0,26,55,Udinese,223866,Sandi Lovrič,sep,260003,65
7.0,26,55,Udinese,272783,Arthur Atta,sep,260003,57
8.0,26,55,Udinese,243249,Jurgen Ekkelenkamp,sep,260003,68
9.0,26,55,Udinese,258615,Oier Zarraga Egaña,sep,260003,60
10.0,26,55,Udinese,229973,Jakub Piotrowski,sep,260003,62
11.0,26,55,Udinese,275522,Lennon Miller,sep,260003,63
12.0,26,55,Udinese,214658,Jesper Karlström,sep,260003,57
13.0,26,55,Udinese,259634,Jordan Zemura,sep,260003,57
14.0,26,55,Udinese,220421,Hassane Kamara,sep,260003,60
15.0,26,55,Udinese,242238,Oumar Solet,sep,260003,41
16.0,26,55,Udinese,261573,Thomas Kristensen,sep,260003,25
17.0,26,55,Udinese,70252,Saba Goglichidze,sep,260003,24
18.0,26,55,Udinese,190324,Christian Kabasele,sep,260003,50
19.0,26,55,Udinese,72324,Matteo Palma,sep,260003,27
20.0,26,55,Udinese,271475,Nicolò Bertola,sep,260003,32
21.0,26,55,Udinese,225669,Kingsley Ehizibue,sep,260003,55
22.0,26,55,Udinese,274270,Rui Manuel Muati Modesto,sep,260003,56
23.0,26,55,Udinese,268656,Alessandro Zanoli,sep,260003,52
24.0,26,55,Udinese,266803,Răzvan Sava,sep,260003,71
25.0,26,55,Udinese,162297,Daniele Padelli,sep,260003,65
26.0,26,55,Udinese,80203,Alessandro Nunziante,sep,260003,56
27.0,26,55,Udinese,257288,Maduka Okoye,sep,260003,74
0.0,26,110738,Pisa,277309,Henrik Meister,sep,260003,64
1.0,26,110738,Pisa,240452,M'Bala Nzola,sep,260003,71
2.0,26,110738,Pisa,222959,Stefano Moreo,sep,260003,69
3.0,26,110738,Pisa,81307,Lorran Lucas Pereira de Sousa,sep,260003,59
4.0,26,110738,Pisa,236593,Calvin Stengs,sep,260003,67
5.0,26,110738,Pisa,240797,Mattéo Tramoni,sep,260003,68
6.0,26,110738,Pisa,240661,Emanuel Vignato,sep,260003,63
7.0,26,110738,Pisa,270658,Samuele Angori,sep,260003,51
8.0,26,110738,Pisa,77379,Louis Buffon,sep,260003,55
9.0,26,110738,Pisa,236898,Michel Aebischer,sep,260003,66
10.0,26,110738,Pisa,252313,Marius Marin,sep,260003,56
11.0,26,110738,Pisa,268790,Gabriele Piccinini,sep,260003,57
12.0,26,110738,Pisa,70471,Ebenezer Akinsanmiro,sep,260003,66
13.0,26,110738,Pisa,253464,Malthe Højholt,sep,260003,43
14.0,26,110738,Pisa,71296,İsak Vural,sep,260003,56
15.0,26,110738,Pisa,233396,Idrissa Touré,sep,260003,61
16.0,26,110738,Pisa,193082,Juan Cuadrado,sep,260003,71
17.0,26,110738,Pisa,240660,Mehdi Léris,sep,260003,61
18.0,26,110738,Pisa,278346,Mateus Henrique Vanelli Lusuardi,sep,260003,26
19.0,26,110738,Pisa,199174,Antonio Caracciolo,sep,260003,31
20.0,26,110738,Pisa,229574,Arturo Calabresi,sep,260003,30
21.0,26,110738,Pisa,74876,Daniel Denoon,sep,260003,32
22.0,26,110738,Pisa,278354,Giovanni Bonfanti,sep,260003,34
23.0,26,110738,Pisa,80810,Jeremy Mbambi,sep,260003,28
24.0,26,110738,Pisa,157481,Raúl Albiol Tortajada,sep,260003,40
25.0,26,110738,Pisa,264480,Simone Canestrelli,sep,260003,44
26.0,26,110738,Pisa,252033,Tomás Lago Pontes Esteves,sep,260003,47
27.0,26,110738,Pisa,244274,Adrian Šemper,sep,260003,71
28.0,26,110738,Pisa,220048,Simone Scuffet,sep,260003,72
29.0,26,110738,Pisa,205496,David Nicolás Andrade,sep,260003,67
0.0,26,347,Lecce,246431,Riccardo Sottil,sep,260003,65
1.0,26,347,Lecce,239671,José Antonio Morente Oliva,sep,260003,67
2.0,26,347,Lecce,273915,Nikola Štulić,sep,260003,75
3.0,26,347,Lecce,279202,Francesco Camarda,sep,260003,66
4.0,26,347,Lecce,246649,Filip Marchwiński,sep,260003,63
5.0,26,347,Lecce,253139,Santiago Pierotti,sep,260003,66
6.0,26,347,Lecce,271197,Lameck Banda,sep,260003,65
7.0,26,347,Lecce,247668,Konan N'Dri,sep,260003,62
8.0,26,347,Lecce,271198,Medon Berisha,sep,260003,58
9.0,26,347,Lecce,243787,Ylber Ramadani,sep,260003,56
10.0,26,347,Lecce,263657,Þórir Jóhann Helgason,sep,260003,62
11.0,26,347,Lecce,263469,Mohamed Kaba,sep,260003,51
12.0,26,347,Lecce,266501,Balthazar Pierret,sep,260003,50
13.0,26,347,Lecce,236838,Youssef Maleh,sep,260003,64
14.0,26,347,Lecce,251790,Hamza Rafia,sep,260003,65
15.0,26,347,Lecce,265732,Àlex Sala Herrero,sep,260003,67
16.0,26,347,Lecce,230107,Lassana Coulibaly,sep,260003,57
17.0,26,347,Lecce,244717,Antonino Gallo,sep,260003,50
18.0,26,347,Lecce,247528,Corrie Ndaba,sep,260003,26
19.0,26,347,Lecce,70555,Tiago Gabriel Coelho Oliveira,sep,260003,33
20.0,26,347,Lecce,270888,Gaby Jean,sep,260003,33
21.0,26,347,Lecce,275783,Kialonda Gaspar,sep,260003,30
22.0,26,347,Lecce,80006,Matías Ignacio Pérez,sep,260003,30
23.0,26,347,Lecce,259299,Jamil Siebert,sep,260003,32
24.0,26,347,Lecce,271539,Danilo Filipe Melo Veiga,sep,260003,56
25.0,26,347,Lecce,74502,Owen Kouassi,sep,260003,34
26.0,26,347,Lecce,227222,Frédéric Guilbert,sep,260003,45
27.0,26,347,Lecce,210676,Wladimiro Falcone,sep,260003,81
28.0,26,347,Lecce,235266,Christian Früchtl,sep,260003,70
29.0,26,347,Lecce,278623,Jasper Samooja,sep,260003,61
0.0,25,44,Inter,228093,Marcus Thuram,sep,250002,80
1.0,25,44,Inter,231478,Lautaro Martínez,sep,250002,88
2.0,25,44,Inter,184200,Marko Arnautović,sep,250002,79
3.0,25,44,Inter,241788,Mehdi Taremi,sep,250002,78
4.0,25,44,Inter,215330,Joaquín Correa,sep,250002,73
5.0,25,44,Inter,241410,Eddie Salcedo,sep,250002,66
6.0,25,44,Inter,192883,Henrikh Mkhitaryan,sep,250002,78
7.0,25,44,Inter,224232,Nicolò Barella,sep,250002,77
8.0,25,44,Inter,210406,Piotr Zieliński,sep,250002,75
9.0,25,44,Inter,239807,Davide Frattesi,sep,250002,74
10.0,25,44,Inter,208128,Hakan Çalhanoğlu,sep,250002,80
11.0,25,44,Inter,264699,Kristjan Asllani,sep,250002,60
12.0,25,44,Inter,226268,Federico Dimarco,sep,250002,76
13.0,25,44,Inter,258648,Carlos Augusto Zopolato Neves,sep,250002,71
14.0,25,44,Inter,237383,Alessandro Bastoni,sep,250002,43
15.0,25,44,Inter,199845,Francesco Acerbi,sep,250002,50
16.0,25,44,Inter,198176,Stefan de Vrij,sep,250002,41
17.0,25,44,Inter,241736,Yann Aurel Bisseck,sep,250002,53
18.0,25,44,Inter,268558,Tomás Palacios,sep,250002,36
19.0,25,44,Inter,226851,Benjamin Pavard,sep,250002,67
20.0,25,44,Inter,184392,Matteo Darmian,sep,250002,61
21.0,25,44,Inter,233096,Denzel Dumfries,sep,250002,64
22.0,25,44,Inter,246800,Tajon Buchanan,sep,250002,64
23.0,25,44,Inter,177683,Yann Sommer,sep,250002,87
24.0,25,44,Inter,243311,Josep Martínez Riera,sep,250002,75
25.0,25,44,Inter,219715,Raffaele Di Gennaro,sep,250002,70
26.0,25,44,Inter,234102,Ionuț Andrei Radu,sep,250002,72
0.0,25,48,Napoli,192505,Romelu Lukaku,sep,250002,81
1.0,25,48,Napoli,216816,Giovanni Simeone,sep,250002,78
2.0,25,48,Napoli,216409,Matteo Politano,sep,250002,77
3.0,25,48,Napoli,247635,Khvicha Kvaratskhelia,sep,250002,77
4.0,25,48,Napoli,253002,Giacomo Raspadori,sep,250002,76
5.0,25,48,Napoli,268683,Michael Folorunsho,sep,250002,76
6.0,25,48,Napoli,202884,Leonardo Spinazzola,sep,250002,64
7.0,25,48,Napoli,236632,David Neres Campos,sep,250002,74
8.0,25,48,Napoli,237669,Alessio Zerbin,sep,250002,67
9.0,25,48,Napoli,216435,Stanislav Lobotka,sep,250002,66
10.0,25,48,Napoli,227236,André-Franck Zambo Anguissa,sep,250002,66
11.0,25,48,Napoli,237238,Scott McTominay,sep,250002,77
12.0,25,48,Napoli,245992,Billy Gilmour,sep,250002,57
13.0,25,48,Napoli,239679,Pasquale Mazzocchi,sep,250002,58
14.0,25,48,Napoli,246457,Cyril Ngonge,sep,250002,71
15.0,25,48,Napoli,244263,Amir Rrahmani,sep,250002,50
16.0,25,48,Napoli,240716,Mathías Olivera,sep,250002,48
17.0,25,48,Napoli,204614,Mário Rui Silva Duarte,sep,250002,56
18.0,25,48,Napoli,243241,Alessandro Buongiorno,sep,250002,45
19.0,25,48,Napoli,200752,Juan Guilherme Nunes Jesus,sep,250002,31
20.0,25,48,Napoli,277244,Rafael Marín Zamora,sep,250002,26
21.0,25,48,Napoli,217870,Giovanni Di Lorenzo,sep,250002,66
22.0,25,48,Napoli,225116,Alex Meret,sep,250002,81
23.0,25,48,Napoli,255303,Elia Caprile,sep,250002,74
24.0,25,48,Napoli,220532,Nikita Contini,sep,250002,67
0.0,25,47,AC Milan,201153,Álvaro Borja Morata Martín,sep,250002,80
1.0,25,47,AC Milan,231352,Tammy Abraham,sep,250002,76
2.0,25,47,AC Milan,232432,Luka Jović,sep,250002,78
3.0,25,47,AC Milan,242530,Noah Okafor,sep,250002,77
4.0,25,47,AC Milan,213135,Divock Origi,sep,250002,71
5.0,25,47,AC Milan,213666,Ruben Loftus-Cheek,sep,250002,75
6.0,25,47,AC Milan,278351,Kevin Zeroli,sep,250002,57
7.0,25,47,AC Milan,74094,Mattia Liberali,sep,250002,57
8.0,25,47,AC Milan,241721,Rafael da Conceição Leão,sep,250002,78
9.0,25,47,AC Milan,277013,Chaka Traorè,sep,250002,66
10.0,25,47,AC Milan,227796,Christian Pulisic,sep,250002,81
11.0,25,47,AC Milan,246172,Samuel Chukwueze,sep,250002,73
12.0,25,47,AC Milan,271579,Filippo Terracciano,sep,250002,60
13.0,25,47,AC Milan,226754,Ismaël Bennacer,sep,250002,71
14.0,25,47,AC Milan,240638,Tijjani Reijnders,sep,250002,74
15.0,25,47,AC Milan,245630,Youssouf Fofana,sep,250002,66
16.0,25,47,AC Milan,253177,Yunus Musah,sep,250002,68
17.0,25,47,AC Milan,232656,Theo Hernández,sep,250002,76
18.0,25,47,AC Milan,278928,Sánchez Alejandro Jiménez,sep,250002,50
19.0,25,47,AC Milan,236723,Fodé Ballo-Touré,sep,250002,50
20.0,25,47,AC Milan,278237,Davide Bartesaghi,sep,250002,42
21.0,25,47,AC Milan,254840,Strahinja Pavlović,sep,250002,42
22.0,25,47,AC Milan,232756,Fikayo Tomori,sep,250002,39
23.0,25,47,AC Milan,240277,Matteo Gabbia,sep,250002,35
24.0,25,47,AC Milan,256261,Malick Thiaw,sep,250002,47
25.0,25,47,AC Milan,228881,Davide Calabria,sep,250002,57
26.0,25,47,AC Milan,247204,Emerson Leite De Souza,sep,250002,60
27.0,25,47,AC Milan,203551,Alessandro Florenzi,sep,250002,76
28.0,25,47,AC Milan,215698,Mike Maignan,sep,250002,87
29.0,25,47,AC Milan,72179,Lorenzo Torriani,sep,250002,57
30.0,25,47,AC Milan,278331,Lapo Nava,sep,250002,58
31.0,25,47,AC Milan,216065,Marco Sportiello,sep,250002,77
0.0,25,45,Juventus,246430,Dušan Vlahović,sep,250002,84
1.0,25,45,Juventus,74706,Lorenzo Anghelè,sep,250002,63
2.0,25,45,Juventus,205175,Arkadiusz Milik,sep,250002,82
3.0,25,45,Juventus,277954,Kenan Yıldız,sep,250002,60
4.0,25,45,Juventus,240679,Teun Koopmeiners,sep,250002,77
5.0,25,45,Juventus,74566,Samuel Mbangula,sep,250002,63
6.0,25,45,Juventus,241496,Timothy Weah,sep,250002,70
7.0,25,45,Juventus,240690,Nicolás González,sep,250002,75
8.0,25,45,Juventus,261050,Francisco F. da Conceição,sep,250002,66
9.0,25,45,Juventus,247246,Khéphren Thuram,sep,250002,69
10.0,25,45,Juventus,222077,Manuel Locatelli,sep,250002,70
11.0,25,45,Juventus,236499,Douglas Luiz Soares de Paulo,sep,250002,77
12.0,25,45,Juventus,260823,Nicolò Fagioli,sep,250002,63
13.0,25,45,Juventus,238744,Weston McKennie,sep,250002,72
14.0,25,45,Juventus,230658,Arthur Henrique Ramos Oliveira Melo,sep,250002,65
15.0,25,45,Juventus,251870,Juan David Cabal,sep,250002,37
16.0,25,45,Juventus,74329,Jonas Jakob Rouhi,sep,250002,31
17.0,25,45,Juventus,239580,Gleison Bremer Silva Nascimento,sep,250002,49
18.0,25,45,Juventus,266872,Federico Gatti,sep,250002,36
19.0,25,45,Juventus,199304,Danilo Luiz da Silva,sep,250002,67
20.0,25,45,Juventus,255654,Pierre Kalulu,sep,250002,49
21.0,25,45,Juventus,258966,Andrea Cambiaso,sep,250002,61
22.0,25,45,Juventus,74310,Nicolò Savona,sep,250002,35
23.0,25,45,Juventus,235840,Michele Di Gregorio,sep,250002,80
24.0,25,45,Juventus,198009,Mattia Perin,sep,250002,79
25.0,25,45,Juventus,189342,Carlo Pinsoglio,sep,250002,72
0.0,25,52,Roma,242458,Artem Dovbyk,sep,250002,83
1.0,25,52,Roma,239964,Eldor Shomurodov,sep,250002,70
2.0,25,52,Roma,265695,Matías Soulé,sep,250002,69
3.0,25,52,Roma,269312,Tommaso Baldanzi,sep,250002,71
4.0,25,52,Roma,211110,Paulo Dybala,sep,250002,85
5.0,25,52,Roma,190813,Stephan El Shaarawy,sep,250002,75
6.0,25,52,Roma,228251,Lorenzo Pellegrini,sep,250002,77
7.0,25,52,Roma,242664,Alexis Saelemaekers,sep,250002,66
8.0,25,52,Roma,207439,Leandro Paredes,sep,250002,64
9.0,25,52,Roma,208268,Bryan Cristante,sep,250002,73
10.0,25,52,Roma,246350,Enzo Le Fée,sep,250002,55
11.0,25,52,Roma,275291,Niccolò Pisilli,sep,250002,58
12.0,25,52,Roma,250723,Kouadio Manu Koné,sep,250002,71
13.0,25,52,Roma,220651,José Ángel Esmoris Tasende,sep,250002,69
14.0,25,52,Roma,277252,Samuel Dahl,sep,250002,36
15.0,25,52,Roma,262113,Nicola Zalewski,sep,250002,64
16.0,25,52,Roma,236403,Evan Ndicka,sep,250002,51
17.0,25,52,Roma,229668,Mario Hermoso Canseco,sep,250002,47
18.0,25,52,Roma,229582,Gianluca Mancini,sep,250002,44
19.0,25,52,Roma,178603,Mats Hummels,sep,250002,58
20.0,25,52,Roma,224490,Zeki Çelik,sep,250002,58
21.0,25,52,Roma,246688,Saud Abdulhamid,sep,250002,43
22.0,25,52,Roma,279200,Aboubacar Sangaré Traoré,sep,250002,43
23.0,25,52,Roma,230872,Mile Svilar,sep,250002,75
24.0,25,52,Roma,199005,Mathew Ryan,sep,250002,78
0.0,25,39,Atalanta,241850,Mateo Retegui,sep,250002,74
1.0,25,39,Atalanta,226710,Gianluca Scamacca,sep,250002,80
2.0,25,39,Atalanta,230899,Ademola Lookman,sep,250002,80
3.0,25,39,Atalanta,251470,Charles De Ketelaere,sep,250002,76
3.0,25,39,Atalanta,251470,Charles De Ketelaere,sep,250002,76
4.0,25,39,Atalanta,259584,Matteo Ruggeri,sep,250002,55
5.0,25,39,Atalanta,266866,Éderson José dos Santos,sep,250002,67
6.0,25,39,Atalanta,256115,Lazar Samardžić,sep,250002,70
7.0,25,39,Atalanta,257785,Marco Brescianini,sep,250002,62
8.0,25,39,Atalanta,223273,Mario Pašalić,sep,250002,77
9.0,25,39,Atalanta,271577,Ibrahim Sulemana,sep,250002,61
10.0,25,39,Atalanta,74576,Federico Cassa,sep,250002,41
11.0,25,39,Atalanta,228698,Viktor Kovalenko,sep,250002,69
12.0,25,39,Atalanta,279574,Alberto Manzoni,sep,250002,48
13.0,25,39,Atalanta,216150,Davide Zappacosta,sep,250002,67
14.0,25,39,Atalanta,247229,Raoul Bellanova,sep,250002,30
15.0,25,39,Atalanta,193082,Juan Cuadrado,sep,250002,73
16.0,25,39,Atalanta,238067,Nicolò Zaniolo,sep,250002,75
17.0,25,39,Atalanta,258407,Brandon Soppy,sep,250002,48
18.0,25,39,Atalanta,278339,Marco Palestra,sep,250002,42
19.0,25,39,Atalanta,208165,Berat Djimsiti,sep,250002,37
20.0,25,39,Atalanta,260697,Isak Hien,sep,250002,36
21.0,25,39,Atalanta,246875,Odilon Kossounou,sep,250002,31
22.0,25,39,Atalanta,207993,Sead Kolašinac,sep,250002,61
23.0,25,39,Atalanta,225793,Ben Godfrey,sep,250002,43
24.0,25,39,Atalanta,187598,Rafael Tolói,sep,250002,51
25.0,25,39,Atalanta,265188,Giorgio Scalvini,sep,250002,35
26.0,25,39,Atalanta,208461,Marten de Roon,sep,250002,70
27.0,25,39,Atalanta,252154,Marco Carnesecchi,sep,250002,82
28.0,25,39,Atalanta,178005,Rui Pedro dos Santos Patrício,sep,250002,76
29.0,25,39,Atalanta,194894,Francesco Rossi,sep,250002,61
0.0,25,46,Lazio,220502,Mattia Zaccagni,sep,250002,76
1.0,25,46,Lazio,273934,Diego González,sep,250002,67
2.0,25,46,Lazio,237712,Valentin Castellanos,sep,250002,78
3.0,25,46,Lazio,246242,Boulaye Dia,sep,250002,79
4.0,25,46,Lazio,245639,André Anderson Pomilio Lima,sep,250002,60
5.0,25,46,Lazio,264257,Tijjani Noslin,sep,250002,73
6.0,25,46,Lazio,248729,Gustav Isaksen,sep,250002,71
7.0,25,46,Lazio,264880,Loum Tchaouna,sep,250002,72
8.0,25,46,Lazio,189505,Pedro Rodríguez Ledesma,sep,250002,71
9.0,25,46,Lazio,258890,Fisayo Dele-Bashiru,sep,250002,68
10.0,25,46,Lazio,245275,Toma Bašić,sep,250002,63
11.0,25,46,Lazio,236496,Mattéo Guendouzi,sep,250002,70
12.0,25,46,Lazio,219985,Matías Vecino,sep,250002,72
13.0,25,46,Lazio,225014,Gaetano Castrovilli,sep,250002,66
14.0,25,46,Lazio,205343,Jean-Daniel Akpa Akpro,sep,250002,67
15.0,25,46,Lazio,73162,Cristobal Muñoz López,sep,250002,60
16.0,25,46,Lazio,255001,Nicolò Rovella,sep,250002,62
17.0,25,46,Lazio,224031,Adam Marušić,sep,250002,66
18.0,25,46,Lazio,251530,Nuno Albertino Varela Tavares,sep,250002,63
19.0,25,46,Lazio,210864,Elseid Hysaj,sep,250002,49
20.0,25,46,Lazio,243237,Luca Pellegrini,sep,250002,53
21.0,25,46,Lazio,210413,Alessio Romagnoli,sep,250002,39
22.0,25,46,Lazio,206098,Patricio Gabarrón Gil,sep,250002,51
23.0,25,46,Lazio,219581,Samuel Gigot,sep,250002,36
24.0,25,46,Lazio,268804,Mario Gila Fuentes,sep,250002,53
25.0,25,46,Lazio,235374,Manuel Lazzari,sep,250002,60
26.0,25,46,Lazio,224987,Ivan Provedel,sep,250002,83
27.0,25,46,Lazio,278032,Christos Mandas,sep,250002,72
28.0,25,46,Lazio,270217,Alessio Furlanetto,sep,250002,61
0.0,25,1745,Como,208596,Andrea Belotti,sep,250002,76
1.0,25,1745,Como,74705,Ali Jasim,sep,250002,62
2.0,25,1745,Como,237715,Patrick Cutrone,sep,250002,73
3.0,25,1745,Como,213829,Alberto Cerri,sep,250002,71
4.0,25,1745,Como,268674,Alessandro Gabrielloni,sep,250002,67
5.0,25,1745,Como,254579,Lucas Da Cunha,sep,250002,69
6.0,25,1745,Como,253120,Ben Lhassine Kone,sep,250002,60
7.0,25,1745,Como,277846,Nicolás Paz Martínez,sep,250002,61
8.0,25,1745,Como,196889,Simone Verdi,sep,250002,71
9.0,25,1745,Como,235949,Gabriel Tadeu Strefezza Rebelato,sep,250002,65
10.0,25,1745,Como,238474,Moutir Chajia,sep,250002,64
11.0,25,1745,Como,258505,Matthias Braunöder,sep,250002,57
12.0,25,1745,Como,267991,Máximo Perrone,sep,250002,53
13.0,25,1745,Como,221331,Luca Mazzitelli,sep,250002,62
14.0,25,1745,Como,262906,Yannik Engelhardt,sep,250002,45
15.0,25,1745,Como,205407,Daniele Baselli,sep,250002,68
16.0,25,1745,Como,205566,Alberto Moreno Pérez,sep,250002,67
17.0,25,1745,Como,252704,Marco Sala,sep,250002,53
18.0,25,1745,Como,237586,Alberto Dossena,sep,250002,43
19.0,25,1745,Como,210719,Marc-Oliver Kempf,sep,250002,41
20.0,25,1745,Como,211557,Federico Barba,sep,250002,31
21.0,25,1745,Como,223524,Edoardo Goldaniga,sep,250002,33
22.0,25,1745,Como,201535,Raphaël Varane,sep,250002,48
23.0,25,1745,Como,268673,Alessio Iovine,sep,250002,57
24.0,25,1745,Como,199564,Sergio Roberto Carnicer,sep,250002,62
25.0,25,1745,Como,251464,Ignace Van der Brempt,sep,250002,54
26.0,25,1745,Como,24630,José Manuel Reina Páez,sep,250002,76
27.0,25,1745,Como,228413,Emil Audero,sep,250002,79
28.0,25,1745,Como,186611,Mauro Vigorito,sep,250002,64
0.0,25,110374,Fiorentina,236610,Moise Kean,sep,250002,75
1.0,25,110374,Fiorentina,235866,Christian Kouamé,sep,250002,71
2.0,25,110374,Fiorentina,246258,Lucas Beltrán,sep,250002,75
3.0,25,110374,Fiorentina,238004,Albert Guðmundsson,sep,250002,78
4.0,25,110374,Fiorentina,251988,Andrea Colpani,sep,250002,75
5.0,25,110374,Fiorentina,237499,Abdelhamid Sabiri,sep,250002,69
6.0,25,110374,Fiorentina,201389,Cristiano Biraghi,sep,250002,67
7.0,25,110374,Fiorentina,223697,Robin Gosens,sep,250002,73
8.0,25,110374,Fiorentina,246431,Riccardo Sottil,sep,250002,65
9.0,25,110374,Fiorentina,225439,Rolando Mandragora,sep,250002,66
10.0,25,110374,Fiorentina,262236,Amir Richardson,sep,250002,63
11.0,25,110374,Fiorentina,258104,Gino Infantino,sep,250002,60
12.0,25,110374,Fiorentina,211361,Danilo Cataldi,sep,250002,71
13.0,25,110374,Fiorentina,262171,Edoardo Bove,sep,250002,66
14.0,25,110374,Fiorentina,243627,Yacine Adli,sep,250002,68
15.0,25,110374,Fiorentina,234112,Domilson Cordeiro dos Santos,sep,250002,57
16.0,25,110374,Fiorentina,234612,Jonathan Ikoné,sep,250002,66
17.0,25,110374,Fiorentina,240777,Luca Ranieri,sep,250002,40
18.0,25,110374,Fiorentina,258976,Fabiano Parisi,sep,250002,66
19.0,25,110374,Fiorentina,238370,Marin Pongračić,sep,250002,25
20.0,25,110374,Fiorentina,278340,Pietro Comuzzo,sep,250002,27
21.0,25,110374,Fiorentina,276820,Matías Moreno,sep,250002,27
22.0,25,110374,Fiorentina,228708,Lucas Martínez Quarta,sep,250002,55
23.0,25,110374,Fiorentina,277869,Michael Kayode,sep,250002,34
24.0,25,110374,Fiorentina,205812,Pietro Terracciano,sep,250002,79
25.0,25,110374,Fiorentina,193080,David De Gea Quintana,sep,250002,84
26.0,25,110374,Fiorentina,236758,Oliver Christensen,sep,250002,73
27.0,25,110374,Fiorentina,275325,Tommaso Martinelli,sep,250002,61
0.0,25,189,Bologna,257980,Dan Ndoye,sep,250002,66
1.0,25,189,Bologna,231836,Jesper Karlsson,sep,250002,74
2.0,25,189,Bologna,272379,Samuel Iling-Junior,sep,250002,61
3.0,25,189,Bologna,269558,Benjamín Domínguez,sep,250002,64
4.0,25,189,Bologna,268703,Nicolò Cambiaghi,sep,250002,71
5.0,25,189,Bologna,267861,Santiago Castro,sep,250002,71
6.0,25,189,Bologna,252021,Thijs Dallinga,sep,250002,75
7.0,25,189,Bologna,234671,Jens Odgaard,sep,250002,73
8.0,25,189,Bologna,233556,Riccardo Orsolini,sep,250002,80
9.0,25,189,Bologna,271019,Giovanni Fabbian,sep,250002,72
10.0,25,189,Bologna,202024,Remo Freuler,sep,250002,71
11.0,25,189,Bologna,244270,Nikola Moro,sep,250002,72
12.0,25,189,Bologna,269745,Oussama El Azzouzi,sep,250002,58
13.0,25,189,Bologna,242280,Lewis Ferguson,sep,250002,77
14.0,25,189,Bologna,252060,Tommaso Pobega,sep,250002,75
15.0,25,189,Bologna,274089,Niklas Pyyhtiä,sep,250002,56
16.0,25,189,Bologna,254819,Kacper Urbański,sep,250002,62
17.0,25,189,Bologna,236898,Michel Aebischer,sep,250002,66
18.0,25,189,Bologna,210381,Charalampos Lykogiannis,sep,250002,70
19.0,25,189,Bologna,240915,Juan Miranda González,sep,250002,60
20.0,25,189,Bologna,277704,Tommaso Corazza,sep,250002,54
21.0,25,189,Bologna,262394,Sam Beukema,sep,250002,54
22.0,25,189,Bologna,231207,Jhon Lucumí,sep,250002,36
23.0,25,189,Bologna,244456,Martin Erlić,sep,250002,35
24.0,25,189,Bologna,239770,Nicolò Casale,sep,250002,52
25.0,25,189,Bologna,70482,Mihajlo Ilić,sep,250002,41
26.0,25,189,Bologna,223671,Stefan Posch,sep,250002,53
27.0,25,189,Bologna,246656,Emil Holm,sep,250002,60
28.0,25,189,Bologna,170320,Lorenzo De Silvestri,sep,250002,66
29.0,25,189,Bologna,189908,Łukasz Skorupski,sep,250002,79
30.0,25,189,Bologna,240657,Federico Ravaglia,sep,250002,70
31.0,25,189,Bologna,271420,Nicola Bagnolini,sep,250002,60
0.0,25,54,Torino,215333,Duván Zapata,sep,250002,81
1.0,25,54,Torino,226093,Ché Adams,sep,250002,75
2.0,25,54,Torino,231826,Yann Karamoh,sep,250002,68
3.0,25,54,Torino,219932,Antonio Sanabria,sep,250002,74
4.0,25,54,Torino,258683,Ivan Ilić,sep,250002,71
5.0,25,54,Torino,273932,Gvidas Gineitis,sep,250002,57
6.0,25,54,Torino,253473,Samuele Ricci,sep,250002,54
7.0,25,54,Torino,70481,Aaron Ciammaglichella,sep,250002,57
8.0,25,54,Torino,241095,Nikola Vlašić,sep,250002,75
9.0,25,54,Torino,266257,Emirhan İlkhan,sep,250002,57
10.0,25,54,Torino,211408,Karol Linetty,sep,250002,61
11.0,25,54,Torino,211147,Valentino Lazaro,sep,250002,68
12.0,25,54,Torino,243388,Borna Sosa,sep,250002,51
13.0,25,54,Torino,225410,Adam Masina,sep,250002,40
14.0,25,54,Torino,265650,Saúl Basilio Coco Bassey Oubiña,sep,250002,56
15.0,25,54,Torino,219145,Guillermo Maripán,sep,250002,40
16.0,25,54,Torino,243497,Sebastian Walukiewicz,sep,250002,37
17.0,25,54,Torino,241854,Perr Schuurs,sep,250002,64
18.0,25,54,Torino,213242,Adrien Tameze,sep,250002,65
19.0,25,54,Torino,228349,Mërgim Vojvoda,sep,250002,52
20.0,25,54,Torino,243481,Marcus Holmgren Pedersen,sep,250002,47
21.0,25,54,Torino,273936,Ali Bina Dembélé,sep,250002,41
22.0,25,54,Torino,271480,Brian Jepthe Bayeye,sep,250002,50
23.0,25,54,Torino,224836,Vanja Milinković-Savić,sep,250002,77
24.0,25,54,Torino,235740,Alberto Paleari,sep,250002,71
25.0,25,54,Torino,201179,Antonio Donnarumma,sep,250002,66
0.0,25,111974,Sassuolo,243593,Armand Laurienté,sep,250002,75
1.0,25,111974,Sassuolo,243200,Samuele Mulattieri,sep,250002,68
2.0,25,111974,Sassuolo,255839,Janis Antiste,sep,250002,67
3.0,25,111974,Sassuolo,248787,Luca Moro,sep,250002,63
4.0,25,111974,Sassuolo,74504,Flavio Russo,sep,250002,57
5.0,25,111974,Sassuolo,241628,Nicholas Pierini,sep,250002,64
6.0,25,111974,Sassuolo,265761,Cristian Volpato,sep,250002,63
7.0,25,111974,Sassuolo,271482,Luca D'Andrea,sep,250002,58
8.0,25,111974,Sassuolo,210935,Domenico Berardi,sep,250002,80
9.0,25,111974,Sassuolo,243527,Fabrizio Caligara,sep,250002,58
10.0,25,111974,Sassuolo,242725,Kristian Thorstvedt,sep,250002,70
11.0,25,111974,Sassuolo,257164,Andrea Ghion,sep,250002,46
12.0,25,111974,Sassuolo,270657,Edoardo Iannoni,sep,250002,55
13.0,25,111974,Sassuolo,71401,Justin Kumi,sep,250002,56
14.0,25,111974,Sassuolo,268462,Daniel Boloca,sep,250002,58
15.0,25,111974,Sassuolo,200054,Pedro Mba Obiang Avomo,sep,250002,61
16.0,25,111974,Sassuolo,274702,Luca Lipani,sep,250002,43
17.0,25,111974,Sassuolo,255561,Josh Doig,sep,250002,61
18.0,25,111974,Sassuolo,276705,Edoardo Pieragnolo,sep,250002,33
19.0,25,111974,Sassuolo,226108,Filippo Romagna,sep,250002,31
20.0,25,111974,Sassuolo,277934,Kevin Miranda,sep,250002,31
21.0,25,111974,Sassuolo,262027,Tarik Muharemovic,sep,250002,22
22.0,25,111974,Sassuolo,262474,Cas Odenthal,sep,250002,35
23.0,25,111974,Sassuolo,258946,Matteo Lovato,sep,250002,30
24.0,25,111974,Sassuolo,214622,Jeremy Toljan,sep,250002,41
25.0,25,111974,Sassuolo,271006,Yeferson Paz,sep,250002,49
26.0,25,111974,Sassuolo,265762,Filippo Missori,sep,250002,34
27.0,25,111974,Sassuolo,235806,Giacomo Satalino,sep,250002,66
28.0,25,111974,Sassuolo,251136,Horațiu Moldovan,sep,250002,72
29.0,25,111974,Sassuolo,163489,Andrea Consigli,sep,250002,75
30.0,25,111974,Sassuolo,253003,Alessandro Russo,sep,250002,64
0.0,25,111811,Monza,192840,Milan Đurić,sep,250002,70
1.0,25,111811,Monza,234147,Dany Mota Carvalho,sep,250002,75
2.0,25,111811,Monza,215689,Andrea Petagna,sep,250002,73
3.0,25,111811,Monza,236213,Davide Diaw,sep,250002,67
4.0,25,111811,Monza,258027,Mirko Marić,sep,250002,69
5.0,25,111811,Monza,265595,Samuele Vignato,sep,250002,58
6.0,25,111811,Monza,255611,Daniel Maldini,sep,250002,70
7.0,25,111811,Monza,202848,Gianluca Caprari,sep,250002,73
8.0,25,111811,Monza,253213,Giorgos Kyriakopoulos,sep,250002,58
9.0,25,111811,Monza,257353,Warren Bondo,sep,250002,61
10.0,25,111811,Monza,239613,Matteo Pessina,sep,250002,69
11.0,25,111811,Monza,229857,Stefano Sensi,sep,250002,62
12.0,25,111811,Monza,212153,Roberto Gagliardini,sep,250002,62
13.0,25,111811,Monza,205089,Mattia Valoti,sep,250002,69
14.0,25,111811,Monza,271477,Alessandro Bianco,sep,250002,45
15.0,25,111811,Monza,237003,Samuele Birindelli,sep,250002,51
16.0,25,111811,Monza,219812,Patrick Ciurria,sep,250002,72
17.0,25,111811,Monza,268437,Omari Forson,sep,250002,59
18.0,25,111811,Monza,230824,Pedro Miguel Lopes Pereira,sep,250002,53
19.0,25,111811,Monza,199776,Luca Caldirola,sep,250002,41
20.0,25,111811,Monza,206654,Pablo Marí Villar,sep,250002,39
21.0,25,111811,Monza,198946,Danilo D'Ambrosio,sep,250002,55
22.0,25,111811,Monza,257000,Andrea Carboni,sep,250002,36
23.0,25,111811,Monza,216145,Armando Izzo,sep,250002,38
24.0,25,111811,Monza,254502,Stefano Turati,sep,250002,74
25.0,25,111811,Monza,268875,Semuel Pizzignacco,sep,250002,66
26.0,25,111811,Monza,205659,Alessio Cragno,sep,250002,74
27.0,25,111811,Monza,70251,Andrea Mazza,sep,250002,54
0.0,25,110556,Genoa,263829,Vítor Manuel Carvalho Oliveira,sep,250002,74
1.0,25,110556,Genoa,274721,Federico Accornero,sep,250002,54
2.0,25,110556,Genoa,235842,Andrea Pinamonti,sep,250002,75
3.0,25,110556,Genoa,239795,Caleb Ekuban,sep,250002,68
4.0,25,110556,Genoa,260789,David Ankeye,sep,250002,54
5.0,25,110556,Genoa,74485,Jeff Ekhator,sep,250002,53
6.0,25,110556,Genoa,242633,Morten Frendrup,sep,250002,58
7.0,25,110556,Genoa,234894,Emil Bohinen,sep,250002,61
8.0,25,110556,Genoa,240938,Junior Messias,sep,250002,72
9.0,25,110556,Genoa,231969,Ruslan Malinovskyi,sep,250002,79
10.0,25,110556,Genoa,268802,Fabio Miretti,sep,250002,60
11.0,25,110556,Genoa,222475,Morten Thorsby,sep,250002,61
12.0,25,110556,Genoa,276485,Patrizio Masini,sep,250002,47
13.0,25,110556,Genoa,237382,Filippo Melegoni,sep,250002,53
14.0,25,110556,Genoa,201144,Milan Badelj,sep,250002,61
15.0,25,110556,Genoa,236295,Aarón Martín Caricol,sep,250002,52
16.0,25,110556,Genoa,244349,Johan Vásquez,sep,250002,31
17.0,25,110556,Genoa,224378,Mattia Bani,sep,250002,19
18.0,25,110556,Genoa,245566,Alessandro Vogliacco,sep,250002,35
19.0,25,110556,Genoa,274082,Alan Matturro,sep,250002,28
20.0,25,110556,Genoa,276477,Alessandro Marcandalli,sep,250002,29
21.0,25,110556,Genoa,265774,Koni De Winter,sep,250002,38
22.0,25,110556,Genoa,206159,Stefano Sabelli,sep,250002,38
23.0,25,110556,Genoa,268656,Alessandro Zanoli,sep,250002,38
24.0,25,110556,Genoa,260653,Brooke Norton-Cuffy,sep,250002,37
25.0,25,110556,Genoa,211515,Pierluigi Gollini,sep,250002,76
26.0,25,110556,Genoa,201299,Nicola Leali,sep,250002,69
27.0,25,110556,Genoa,225432,Daniele Sommariva,sep,250002,62
28.0,25,110556,Genoa,70524,Franz Stolz,sep,250002,60
0.0,25,50,Parma,259565,Yoan Bonny,sep,250002,72
1.0,25,50,Parma,268464,Gabriel Charpentier,sep,250002,68
2.0,25,50,Parma,270716,Mateusz Kowalski,sep,250002,53
3.0,25,50,Parma,244634,Simon Sohm,sep,250002,65
4.0,25,50,Parma,278287,Anas Haj Mohamed,sep,250002,47
5.0,25,50,Parma,248060,Valentin Mihăilă,sep,250002,64
6.0,25,50,Parma,263929,Matteo Cancellieri,sep,250002,69
7.0,25,50,Parma,243154,Adrian Benedyczak,sep,250002,70
8.0,25,50,Parma,239978,Dennis Man,sep,250002,72
9.0,25,50,Parma,236706,Pontus Almqvist,sep,250002,66
10.0,25,50,Parma,264364,Drissa Camara,sep,250002,56
11.0,25,50,Parma,240992,Nahuel Estévez,sep,250002,69
12.0,25,50,Parma,252794,Adrián Bernabé García,sep,250002,70
13.0,25,50,Parma,225475,Hernani Azevedo Júnior,sep,250002,69
14.0,25,50,Parma,261539,Mandela Keita,sep,250002,55
15.0,25,50,Parma,212886,Wylan Cyprien,sep,250002,68
16.0,25,50,Parma,258714,Emanuele Valeri,sep,250002,65
17.0,25,50,Parma,216799,Gianluca Di Chiara,sep,250002,52
18.0,25,50,Parma,268913,Alessandro Circati,sep,250002,35
19.0,25,50,Parma,246164,Lautaro Valenti,sep,250002,51
20.0,25,50,Parma,258708,Botond Balogh,sep,250002,33
21.0,25,50,Parma,237297,Yordan Osorio,sep,250002,30
22.0,25,50,Parma,70824,Giovanni Leoni,sep,250002,26
23.0,25,50,Parma,251335,Woyo Coulibaly,sep,250002,49
24.0,25,50,Parma,252442,Enrico Delprato,sep,250002,53
25.0,25,50,Parma,271856,Antoine Hainaut,sep,250002,50
26.0,25,50,Parma,255981,Zion Suzuki,sep,250002,71
27.0,25,50,Parma,191628,Leandro Chichizola,sep,250002,72
28.0,25,50,Parma,271385,Edoardo Corvi,sep,250002,64
0.0,25,1842,Cagliari,248385,Roberto Piccoli,sep,250002,71
1.0,25,1842,Cagliari,211302,Gianluca Lapadula,sep,250002,72
2.0,25,1842,Cagliari,259011,Zito André Sebastião Luvumbo,sep,250002,70
3.0,25,1842,Cagliari,205850,Leonardo Pavoletti,sep,250002,68
4.0,25,1842,Cagliari,70049,Kingstone Mutandwa,sep,250002,62
5.0,25,1842,Cagliari,235813,Răzvan Marin,sep,250002,73
6.0,25,1842,Cagliari,226592,Jakub Jankto,sep,250002,66
7.0,25,1842,Cagliari,248857,Mattia Felici,sep,250002,61
8.0,25,1842,Cagliari,173160,Nicolas Viola,sep,250002,72
9.0,25,1842,Cagliari,229743,Alessandro Deiola,sep,250002,66
10.0,25,1842,Cagliari,246877,Gianluca Gaetano,sep,250002,71
11.0,25,1842,Cagliari,254982,Michel Ndary Adopo,sep,250002,57
12.0,25,1842,Cagliari,272725,Matteo Prati,sep,250002,64
13.0,25,1842,Cagliari,270597,Antoine Makoumbou,sep,250002,58
14.0,25,1842,Cagliari,240100,Tommaso Augello,sep,250002,55
15.0,25,1842,Cagliari,220534,Sebastiano Luperto,sep,250002,47
16.0,25,1842,Cagliari,220523,Yerry Mina,sep,250002,49
17.0,25,1842,Cagliari,217196,José Luis Palomino,sep,250002,34
18.0,25,1842,Cagliari,224302,Mateusz Wieteska,sep,250002,37
19.0,25,1842,Cagliari,266636,Adam Obert,sep,250002,43
20.0,25,1842,Cagliari,252964,Gabriele Zappa,sep,250002,53
21.0,25,1842,Cagliari,222388,Paulo Daniel Azzi Dentello,sep,250002,62
22.0,25,1842,Cagliari,252440,Nadir Zortea,sep,250002,58
23.0,25,1842,Cagliari,220048,Simone Scuffet,sep,250002,73
24.0,25,1842,Cagliari,73838,Alen Sherri,sep,250002,65
25.0,25,1842,Cagliari,271199,Giuseppe Ciocci,sep,250002,60
26.0,25,1842,Cagliari,277628,Velizar-Iliya Iliev,sep,250002,58
0.0,25,206,Hellas Verona,73853,Dailon Rocha Livramento,sep,250002,71
1.0,25,206,Hellas Verona,257920,Casper Tengstedt,sep,250002,69
2.0,25,206,Hellas Verona,266585,Daniel Mosquera,sep,250002,70
3.0,25,206,Hellas Verona,72322,Junior Ajayi,sep,250002,55
4.0,25,206,Hellas Verona,255453,Juan Manuel Cruz,sep,250002,67
5.0,25,206,Hellas Verona,256453,Amin Sarr,sep,250002,64
6.0,25,206,Hellas Verona,255233,Tomáš Suslov,sep,250002,70
7.0,25,206,Hellas Verona,212127,Darko Lazović,sep,250002,71
8.0,25,206,Hellas Verona,252000,Domagoj Bradarić,sep,250002,53
9.0,25,206,Hellas Verona,278326,Alphadjo Cissè,sep,250002,58
10.0,25,206,Hellas Verona,275163,Reda Belahyane,sep,250002,44
11.0,25,206,Hellas Verona,237335,Grigoris Kastanos,sep,250002,70
12.0,25,206,Hellas Verona,222148,Ondrej Duda,sep,250002,71
13.0,25,206,Hellas Verona,230065,Suat Serdar,sep,250002,70
14.0,25,206,Hellas Verona,241937,Abdou Harroui,sep,250002,68
15.0,25,206,Hellas Verona,270686,Daniel Filipe Bandeira e Silva,sep,250002,55
16.0,25,206,Hellas Verona,276787,Ayanda Sishuba,sep,250002,59
17.0,25,206,Hellas Verona,262937,Jackson Tchatchoua,sep,250002,55
18.0,25,206,Hellas Verona,264409,Faride Alidou,sep,250002,58
19.0,25,206,Hellas Verona,195272,Marco Davide Faraoni,sep,250002,71
20.0,25,206,Hellas Verona,278230,Mathis Lambourde,sep,250002,59
21.0,25,206,Hellas Verona,238009,Martin Frese,sep,250002,64
22.0,25,206,Hellas Verona,269181,Diego Coppola,sep,250002,39
23.0,25,206,Hellas Verona,242392,Giangiacomo Magnani,sep,250002,39
24.0,25,206,Hellas Verona,252017,Flavius Daniliuc,sep,250002,41
25.0,25,206,Hellas Verona,271458,Yllan Okou,sep,250002,31
26.0,25,206,Hellas Verona,72029,Christian Corradi,sep,250002,33
27.0,25,206,Hellas Verona,277695,Daniele Ghilardi,sep,250002,41
28.0,25,206,Hellas Verona,213404,Paweł Dawidowicz,sep,250002,47
29.0,25,206,Hellas Verona,215363,Lorenzo Montipò,sep,250002,77
30.0,25,206,Hellas Verona,210940,Simone Perilli,sep,250002,67
31.0,25,206,Hellas Verona,202793,Alessandro Berardi,sep,250002,62
32.0,25,206,Hellas Verona,271578,Mattia Chiesa,sep,250002,65
0.0,25,55,Udinese,268474,Lorenzo Lucca,sep,250002,72
1.0,25,55,Udinese,231743,Keinan Davis,sep,250002,68
2.0,25,55,Udinese,184941,Alexis Sánchez,sep,250002,80
3.0,25,55,Udinese,265194,Iker Bravo Solanilla,sep,250002,65
4.0,25,55,Udinese,268396,Damián Pizarro,sep,250002,59
5.0,25,55,Udinese,240332,Brenner Souza da Silva,sep,250002,70
6.0,25,55,Udinese,204970,Florian Thauvin,sep,250002,75
7.0,25,55,Udinese,243249,Jurgen Ekkelenkamp,sep,250002,67
8.0,25,55,Udinese,272783,Arthur Atta,sep,250002,53
9.0,25,55,Udinese,220421,Hassane Kamara,sep,250002,57
10.0,25,55,Udinese,259634,Jordan Zemura,sep,250002,37
11.0,25,55,Udinese,240970,Martín Payero,sep,250002,64
12.0,25,55,Udinese,214658,Jesper Karlström,sep,250002,54
13.0,25,55,Udinese,223866,Sandi Lovrič,sep,250002,62
14.0,25,55,Udinese,258615,Oier Zarraga Egaña,sep,250002,64
15.0,25,55,Udinese,225669,Kingsley Ehizibue,sep,250002,55
16.0,25,55,Udinese,274270,Rui Manuel Muati Modesto,sep,250002,59
17.0,25,55,Udinese,215147,Lautaro Giannetti,sep,250002,34
18.0,25,55,Udinese,244238,Jaka Bijol,sep,250002,58
19.0,25,55,Udinese,261573,Thomas Thiesson Kristensen,sep,250002,25
20.0,25,55,Udinese,264509,James Abankwah,sep,250002,29
21.0,25,55,Udinese,241007,Enzo Ebosse,sep,250002,33
22.0,25,55,Udinese,258972,Isaak Touré,sep,250002,29
23.0,25,55,Udinese,190324,Christian Kabasele,sep,250002,50
24.0,25,55,Udinese,257288,Maduka Okoye,sep,250002,74
25.0,25,55,Udinese,266803,Răzvan Sava,sep,250002,69
26.0,25,55,Udinese,162297,Daniele Padelli,sep,250002,69
0.0,25,1746,Empoli,256899,Lorenzo Colombo,sep,250002,74
1.0,25,1746,Empoli,238873,Pietro Pellegri,sep,250002,67
2.0,25,1746,Empoli,271923,Emmanuel Ekong,sep,250002,63
3.0,25,1746,Empoli,278181,Hemsley Akpa-Chukwu,sep,250002,60
4.0,25,1746,Empoli,247888,Sebastiano Esposito,sep,250002,73
5.0,25,1746,Empoli,266596,Jacopo Fazzini,sep,250002,65
6.0,25,1746,Empoli,248474,Tino Anjorin,sep,250002,63
7.0,25,1746,Empoli,230681,Giuseppe Pezzella,sep,250002,54
8.0,25,1746,Empoli,242429,Liberato Cacace,sep,250002,58
9.0,25,1746,Empoli,236838,Youssef Maleh,sep,250002,64
10.0,25,1746,Empoli,219952,Liam Henderson,sep,250002,63
11.0,25,1746,Empoli,239732,Szymon Żurkowski,sep,250002,71
12.0,25,1746,Empoli,220475,Alberto Grassi,sep,250002,62
13.0,25,1746,Empoli,225117,Nicolas Haas,sep,250002,60
14.0,25,1746,Empoli,270507,Luca Belardinelli,sep,250002,50
15.0,25,1746,Empoli,220491,Emmanuel Gyasi,sep,250002,62
16.0,25,1746,Empoli,242090,Ola Solbakken,sep,250002,67
17.0,25,1746,Empoli,223570,Junior Sambia,sep,250002,65
18.0,25,1746,Empoli,264044,Mattia Viti,sep,250002,34
19.0,25,1746,Empoli,258782,Ardian Ismajli,sep,250002,30
20.0,25,1746,Empoli,278013,Saba Sazonov,sep,250002,40
21.0,25,1746,Empoli,278319,Luca Marianucci,sep,250002,25
22.0,25,1746,Empoli,70252,Saba Goglichidze,sep,250002,24
23.0,25,1746,Empoli,206058,Mattia De Sciglio,sep,250002,45
24.0,25,1746,Empoli,224213,Tyronne Ebuehi,sep,250002,49
25.0,25,1746,Empoli,233189,Devis Vásquez,sep,250002,68
26.0,25,1746,Empoli,230858,Samuele Perisan,sep,250002,69
27.0,25,1746,Empoli,257580,Federico Brancolini,sep,250002,57
0.0,25,205,Venezia,220165,Joel Pohjanpalo,sep,250002,76
1.0,25,205,Venezia,201285,Christian Gytkjær,sep,250002,72
2.0,25,205,Venezia,269182,Antonio Raimondo,sep,250002,67
3.0,25,205,Venezia,264436,Mikael Egill Ellertsson,sep,250002,68
4.0,25,205,Venezia,242755,John Yeboah,sep,250002,60
5.0,25,205,Venezia,269276,Gaetano Oristanio,sep,250002,65
6.0,25,205,Venezia,74664,Saad El Haddad,sep,250002,49
7.0,25,205,Venezia,219655,Francesco Zampano,sep,250002,49
8.0,25,205,Venezia,270485,Franco Carboni,sep,250002,39
9.0,25,205,Venezia,210384,Ridgeciano Haps,sep,250002,61
10.0,25,205,Venezia,208535,Alfred Duncan,sep,250002,63
11.0,25,205,Venezia,253162,Hans Nicolussi Caviglia,sep,250002,52
12.0,25,205,Venezia,242332,Gianluca Busio,sep,250002,63
13.0,25,205,Venezia,237840,Magnus Kofod Andersen,sep,250002,58
14.0,25,205,Venezia,231137,Domen Črnigoj,sep,250002,60
15.0,25,205,Venezia,240343,Luca Fiordilino,sep,250002,56
16.0,25,205,Venezia,73379,Issa Doumbia,sep,250002,52
17.0,25,205,Venezia,252315,Antonio Candela,sep,250002,53
18.0,25,205,Venezia,258533,Bjarki Steinn Bjarkason,sep,250002,57
19.0,25,205,Venezia,275087,Richie Sagrado,sep,250002,43
20.0,25,205,Venezia,235800,Marin Šverko,sep,250002,36
21.0,25,205,Venezia,250779,Michael Svoboda,sep,250002,43
22.0,25,205,Venezia,263647,Giorgio Altare,sep,250002,38
23.0,25,205,Venezia,277214,Joël Schingtienne,sep,250002,24
24.0,25,205,Venezia,262396,Jay Idzes,sep,250002,46
25.0,25,205,Venezia,199904,Jesse Joronen,sep,250002,74
26.0,25,205,Venezia,269271,Filip Stanković,sep,250002,70
27.0,25,205,Venezia,247289,Bruno Oliveira Bertinato,sep,250002,63
28.0,25,205,Venezia,230636,Matteo Grandi,sep,250002,60
,26,110738,Pisa,273128,Rafiu Durosinmi,sep,260003,71
,26,110374,Fiorentina,246791,Manor Solomon,sep,260003,72
,26,52,Roma,76410,Robinio Vaz,sep,260003,60
,26,52,Roma,231447,Donyell Malen,sep,260003,78
,26,47,Milan,205431,Niclas Fullkrug,sep,260003,81
,26,46,Lazio,255009,Kenneth Taylor,sep,260003,75
,26,347,Lecce,277840,Omri Gandelman,sep,260003,70
,26,39,Atalanta,253002,Giacomo Raspadori,sep,260003,78
,26,110556,Genoa,232229,Justin Bijlow,sep,260003,75
,26,46,Lazio,275978,Petar Ratkov,sep,260003,66
,26,110738,Pisa,71230,Felipe Loyola,sep,260003,51
,26,44,Inter,231478,Lautaro Martínez,feb,260022,88
,26,44,Inter,228093,Marcus Thuram,feb,260022,82
,26,44,Inter,259565,Yoan Bonny,feb,260022,75
,26,44,Inter,277327,Francesco Pio Esposito,feb,260022,75
,26,44,Inter,82087,Matteo Lavelli,feb,260022,65
,26,44,Inter,210406,Piotr Zieliński,feb,260022,76
,26,44,Inter,268534,Andy Diouf,feb,260022,67
,26,44,Inter,224232,Nicolò Barella,feb,260022,78
,26,44,Inter,192883,Henrikh Mkhitaryan,feb,260022,78
,26,44,Inter,239807,Davide Frattesi,feb,260022,75
,26,44,Inter,276278,Petar Sučić,feb,260022,68
,26,44,Inter,208128,Hakan Çalhanoğlu,feb,260022,80
,26,44,Inter,226268,Federico Dimarco,feb,260022,78
,26,44,Inter,258648,Carlos Augusto Zopolato Neves,feb,260022,71
,26,44,Inter,77615,Matteo Cocchi,feb,260022,52
,26,44,Inter,237383,Alessandro Bastoni,feb,260022,46
,26,44,Inter,229237,Manuel Akanji,feb,260022,47
,26,44,Inter,199845,Francesco Acerbi,feb,260022,50
,26,44,Inter,198176,Stefan de Vrij,feb,260022,41
,26,44,Inter,77325,Leon Jakirović,feb,260022,48
,26,44,Inter,241736,Yann Aurel Bisseck,feb,260022,56
,26,44,Inter,256632,Luis Henrique Tomaz de Lima,feb,260022,72
,26,44,Inter,184392,Matteo Darmian,feb,260022,61
,26,44,Inter,233096,Denzel Dumfries,feb,260022,68
,26,44,Inter,177683,Yann Sommer,feb,260022,86
,26,44,Inter,243311,Josep Martínez Riera,feb,260022,75
,26,44,Inter,219715,Raffaele Di Gennaro,feb,260022,68
,26,44,Inter,77523,Alain Taho,feb,260022,65
,26,48,Napoli,241390,Eljif Elmas,feb,260022,70
,26,48,Napoli,236632,David Neres Campos,feb,260022,75
,26,48,Napoli,79270,Alisson de Almeida Santos,feb,260022,60
,26,48,Napoli,259399,Rasmus Højlund,feb,260022,76
,26,48,Napoli,80283,Giovane Santana,feb,260022,69
,26,48,Napoli,192505,Romelu Lukaku,feb,260022,81
,26,48,Napoli,216409,Matteo Politano,feb,260022,77
,26,48,Napoli,276706,Antonio Vergara,feb,260022,62
,26,48,Napoli,202884,Leonardo Spinazzola,feb,260022,67
,26,48,Napoli,261865,Miguel Gutiérrez Ortega,feb,260022,69
,26,48,Napoli,237238,Scott McTominay,feb,260022,81
,26,48,Napoli,240716,Mathías Olivera,feb,260022,49
,26,48,Napoli,216435,Stanislav Lobotka,feb,260022,66
,26,48,Napoli,227236,André-Franck Zambo Anguissa,feb,260022,75
,26,48,Napoli,245992,Billy Gilmour,feb,260022,57
,26,48,Napoli,192985,Kevin De Bruyne,feb,260022,82
,26,48,Napoli,217870,Giovanni Di Lorenzo,feb,260022,71
,26,48,Napoli,239679,Pasquale Mazzocchi,feb,260022,58
,26,48,Napoli,243241,Alessandro Buongiorno,feb,260022,45
,26,48,Napoli,244263,Amir Rrahmani,feb,260022,50
,26,48,Napoli,200752,Juan Guilherme Nunes Jesus,feb,260022,31
,26,48,Napoli,262394,Sam Beukema,feb,260022,53
,26,48,Napoli,224836,Vanja Milinković-Savić,feb,260022,79
,26,48,Napoli,225116,Alex Meret,feb,260022,82
,26,48,Napoli,220532,Nikita Contini,feb,260022,67
,26,48,Napoli,81526,Mathias Ferrante,feb,260022,53
,26,47,AC Milan,241721,Rafael da Conceição Leão,feb,260022,78
,26,47,AC Milan,245152,Santiago Giménez,feb,260022,79
,26,47,AC Milan,227796,Christian Pulisic,feb,260022,82
,26,47,AC Milan,205431,Niclas Füllkrug,feb,260022,80
,26,47,AC Milan,232411,Christopher Nkunku,feb,260022,78
,26,47,AC Milan,210008,Adrien Rabiot,feb,260022,78
,26,47,AC Milan,253473,Samuele Ricci,feb,260022,59
,26,47,AC Milan,213666,Ruben Loftus-Cheek,feb,260022,74
,26,47,AC Milan,74010,Jacopo Sardo,feb,260022,46
,26,47,AC Milan,81252,Cheveyo Balentien,feb,260022,56
,26,47,AC Milan,177003,Luka Modrić,feb,260022,74
,26,47,AC Milan,245630,Youssouf Fofana,feb,260022,66
,26,47,AC Milan,257186,Ardon Jashari,feb,260022,67
,26,47,AC Milan,278237,Davide Bartesaghi,feb,260022,52
,26,47,AC Milan,237942,Pervis Estupiñán,feb,260022,55
,26,47,AC Milan,265774,Koni De Winter,feb,260022,39
,26,47,AC Milan,240277,Matteo Gabbia,feb,260022,35
,26,47,AC Milan,254840,Strahinja Pavlović,feb,260022,42
,26,47,AC Milan,73286,David Odogu,feb,260022,32
,26,47,AC Milan,232756,Fikayo Tomori,feb,260022,39
,26,47,AC Milan,242664,Alexis Saelemaekers,feb,260022,66
,26,47,AC Milan,279782,Zachary Athekame,feb,260022,26
,26,47,AC Milan,215698,Mike Maignan,feb,260022,87
,26,47,AC Milan,205812,Pietro Terracciano,feb,260022,78
,26,47,AC Milan,80809,Matteo Pittarella,feb,260022,52
,26,47,AC Milan,72179,Lorenzo Torriani,feb,260022,62
,26,45,Juventus,243630,Jonathan David,feb,260022,80
,26,45,Juventus,243580,Loïs Openda,feb,260022,81
,26,45,Juventus,224422,Jérémie Boga,feb,260022,68
,26,45,Juventus,71000,Leonardo Cerri,feb,260022,67
,26,45,Juventus,205175,Arkadiusz Milik,feb,260022,80
,26,45,Juventus,246430,Dušan Vlahović,feb,260022,82
,26,45,Juventus,277954,Kenan Yıldız,feb,260022,78
,26,45,Juventus,240679,Teun Koopmeiners,feb,260022,78
,26,45,Juventus,261050,Francisco F. da Conceição,feb,260022,72
,26,45,Juventus,75085,Vasilije Adžić,feb,260022,62
,26,45,Juventus,258966,Andrea Cambiaso,feb,260022,70
,26,45,Juventus,208574,Filip Kostić,feb,260022,75
,26,45,Juventus,247246,Khéphren Thuram,feb,260022,74
,26,45,Juventus,222077,Manuel Locatelli,feb,260022,69
,26,45,Juventus,268802,Fabio Miretti,feb,260022,64
,26,45,Juventus,238744,Weston McKennie,feb,260022,71
,26,45,Juventus,246656,Emil Holm,feb,260022,60
,26,45,Juventus,239763,Edon Zhegrova,feb,260022,70
,26,45,Juventus,231512,Lloyd Kelly,feb,260022,43
,26,45,Juventus,239580,Gleison Bremer Silva Nascimento,feb,260022,50
,26,45,Juventus,266872,Federico Gatti,feb,260022,41
,26,45,Juventus,251870,Juan David Cabal,feb,260022,37
,26,45,Juventus,255654,Pierre Kalulu,feb,260022,52
,26,45,Juventus,235840,Michele Di Gregorio,feb,260022,81
,26,45,Juventus,189342,Carlo Pinsoglio,feb,260022,69
,26,45,Juventus,198009,Mattia Perin,feb,260022,78
,26,45,Juventus,71001,Simone Scaglia,feb,260022,63
,26,52,Roma,231447,Donyell Malen,feb,260022,78
,26,52,Roma,259608,Evan Ferguson,feb,260022,75
,26,52,Roma,79095,Antonio Arena,feb,260022,55
,26,52,Roma,242458,Artem Dovbyk,feb,260022,81
,26,52,Roma,76410,Robinio Vaz,feb,260022,69
,26,52,Roma,211110,Paulo Dybala,feb,260022,85
,26,52,Roma,265695,Matías Soulé,feb,260022,75
,26,52,Roma,228251,Lorenzo Pellegrini,feb,260022,76
,26,52,Roma,80170,Wesley Vinícius França Lima,feb,260022,60
,26,52,Roma,190813,Stephan El Shaarawy,feb,260022,75
,26,52,Roma,220651,José Ángel Esmoris Tasende,feb,260022,69
,26,52,Roma,232223,Kostas Tsimikas,feb,260022,55
,26,52,Roma,271916,Bryan Zaragoza Martínez,feb,260022,71
,26,52,Roma,250723,Kouadio Manu Koné,feb,260022,72
,26,52,Roma,208268,Bryan Cristante,feb,260022,73
,26,52,Roma,262745,Neil El Aynaoui,feb,260022,61
,26,52,Roma,275291,Niccolò Pisilli,feb,260022,65
,26,52,Roma,224490,Zeki Çelik,feb,260022,58
,26,52,Roma,76172,Lorenzo Venturino,feb,260022,52
,26,52,Roma,229668,Mario Hermoso Canseco,feb,260022,47
,26,52,Roma,236403,Evan Ndicka,feb,260022,51
,26,52,Roma,258826,Devyne Rensch,feb,260022,54
,26,52,Roma,276680,Jan Ziółkowski,feb,260022,27
,26,52,Roma,277695,Daniele Ghilardi,feb,260022,41
,26,52,Roma,229582,Gianluca Mancini,feb,260022,49
,26,52,Roma,230872,Mile Svilar,feb,260022,84
,26,52,Roma,211515,Pierluigi Gollini,feb,260022,74
,26,52,Roma,80045,Radosław Żelezny,feb,260022,64
,26,39,Atalanta,277839,Nikola Krstović,feb,260022,75
,26,39,Atalanta,226710,Gianluca Scamacca,feb,260022,79
,26,39,Atalanta,253002,Giacomo Raspadori,feb,260022,78
,26,39,Atalanta,262113,Nicola Zalewski,feb,260022,65
,26,39,Atalanta,251470,Charles De Ketelaere,feb,260022,78
,26,39,Atalanta,256035,Kamaldeen Sulemana,feb,260022,64
,26,39,Atalanta,74574,Lorenzo Bernasconi,feb,260022,57
,26,39,Atalanta,239368,Mitchel Bakker,feb,260022,61
,26,39,Atalanta,266866,Éderson José dos Santos,feb,260022,70
,26,39,Atalanta,256115,Lazar Samardžić,feb,260022,72
,26,39,Atalanta,208461,Marten de Roon,feb,260022,73
,26,39,Atalanta,223273,Mario Pašalić,feb,260022,76
,26,39,Atalanta,253177,Yunus Musah,feb,260022,68
,26,39,Atalanta,216150,Davide Zappacosta,feb,260022,72
,26,39,Atalanta,247229,Raoul Bellanova,feb,260022,52
,26,39,Atalanta,74483,Honest Ahanor,feb,260022,42
,26,39,Atalanta,208165,Berat Djimsiti,feb,260022,37
,26,39,Atalanta,260697,Isak Hien,feb,260022,36
,26,39,Atalanta,246875,Odilon Kossounou,feb,260022,31
,26,39,Atalanta,76955,Relja Obrić,feb,260022,29
,26,39,Atalanta,207993,Sead Kolašinac,feb,260022,61
,26,39,Atalanta,265188,Giorgio Scalvini,feb,260022,36
,26,39,Atalanta,252154,Marco Carnesecchi,feb,260022,85
,26,39,Atalanta,216065,Marco Sportiello,feb,260022,76
,26,39,Atalanta,194894,Francesco Rossi,feb,260022,62
,26,46,Lazio,220502,Mattia Zaccagni,feb,260022,77
,26,46,Lazio,246242,Boulaye Dia,feb,260022,79
,26,46,Lazio,264257,Tijjani Noslin,feb,260022,73
,26,46,Lazio,255611,Daniel Maldini,feb,260022,70
,26,46,Lazio,275978,Petar Ratkov,feb,260022,66
,26,46,Lazio,278338,Saná Fernandes,feb,260022,57
,26,46,Lazio,263929,Matteo Cancellieri,feb,260022,72
,26,46,Lazio,189505,Pedro Rodríguez Ledesma,feb,260022,73
,26,46,Lazio,248729,Gustav Isaksen,feb,260022,71
,26,46,Lazio,274444,Adrian Przyborek,feb,260022,56
,26,46,Lazio,245275,Toma Bašić,feb,260022,64
,26,46,Lazio,255009,Kenneth Taylor,feb,260022,75
,26,46,Lazio,275163,Reda Belahyane,feb,260022,48
,26,46,Lazio,73162,Cristobal Muñoz López,feb,260022,61
,26,46,Lazio,258890,Fisayo Dele-Bashiru,feb,260022,71
,26,46,Lazio,211361,Danilo Cataldi,feb,260022,71
,26,46,Lazio,255001,Nicolò Rovella,feb,260022,62
,26,46,Lazio,243237,Luca Pellegrini,feb,260022,53
,26,46,Lazio,210864,Elseid Hysaj,feb,260022,49
,26,46,Lazio,251530,Nuno Albertino Varela Tavares,feb,260022,66
,26,46,Lazio,210413,Alessio Romagnoli,feb,260022,39
,26,46,Lazio,266123,Oliver Provstgaard,feb,260022,38
,26,46,Lazio,268804,Mario Gila Fuentes,feb,260022,53
,26,46,Lazio,219581,Samuel Gigot,feb,260022,36
,26,46,Lazio,206098,Patricio Gabarrón Gil,feb,260022,51
,26,46,Lazio,224031,Adam Marušić,feb,260022,66
,26,46,Lazio,235374,Manuel Lazzari,feb,260022,60
,26,46,Lazio,224987,Ivan Provedel,feb,260022,83
,26,46,Lazio,277802,Edoardo Motta,feb,260022,65
,26,46,Lazio,270217,Alessio Furlanetto,feb,260022,61
,26,1745,Como,261478,Tasos Douvikas,feb,260022,74
,26,1745,Como,201153,Álvaro Borja Morata Martín,feb,260022,79
,26,1745,Como,277846,Nicolás Paz Martínez,feb,260022,70
,26,1745,Como,262842,Martin Baturina,feb,260022,71
,26,1745,Como,75055,Jesús Rodríguez Caraballo,feb,260022,68
,26,1745,Como,275324,Assane Diao,feb,260022,73
,26,1745,Como,279239,Jayden Addai,feb,260022,62
,26,1745,Como,239977,Nicolas Kühn,feb,260022,72
,26,1745,Como,254579,Lucas Da Cunha,feb,260022,71
,26,1745,Como,267991,Máximo Perrone,feb,260022,54
,26,1745,Como,246646,Maxence Caqueret,feb,260022,67
,26,1745,Como,199564,Sergio Roberto Carnicer,feb,260022,62
,26,1745,Como,75126,Adrian Lahdo,feb,260022,54
,26,1745,Como,273875,Álex Valle Gómez,feb,260022,57
,26,1745,Como,205566,Alberto Moreno Pérez,feb,260022,67
,26,1745,Como,219693,Diego Carlos Santos Silva,feb,260022,45
,26,1745,Como,210719,Marc-Oliver Kempf,feb,260022,45
,26,1745,Como,70966,Jacobo Ramón Naveros,feb,260022,29
,26,1745,Como,223524,Edoardo Goldaniga,feb,260022,33
,26,1745,Como,77163,Ivan Smolčić,feb,260022,54
,26,1745,Como,228349,Mërgim Vojvoda,feb,260022,53
,26,1745,Como,251464,Ignace Van der Brempt,feb,260022,55
,26,1745,Como,225149,Jean Butez,feb,260022,77
,26,1745,Como,186611,Mauro Vigorito,feb,260022,64
,26,1745,Como,270463,Nikola Čavlina,feb,260022,67
,26,1745,Como,80504,Henrique Menke Lopes,feb,260022,58
,26,1745,Como,255900,Noel Törnqvist,feb,260022,73
,26,110374,Fiorentina,238004,Albert Guðmundsson,feb,260022,77
,26,110374,Fiorentina,232080,Jack Harrison,feb,260022,68
,26,110374,Fiorentina,236610,Moise Kean,feb,260022,81
,26,110374,Fiorentina,248385,Roberto Piccoli,feb,260022,74
,26,110374,Fiorentina,80508,Riccardo Braschi,feb,260022,54
,26,110374,Fiorentina,235866,Christian Kouamé,feb,260022,70
,26,110374,Fiorentina,246791,Manor Solomon,feb,260022,72
,26,110374,Fiorentina,276682,Cher Ndour,feb,260022,63
,26,110374,Fiorentina,257785,Marco Brescianini,feb,260022,68
,26,110374,Fiorentina,225439,Rolando Mandragora,feb,260022,72
,26,110374,Fiorentina,271019,Giovanni Fabbian,feb,260022,69
,26,110374,Fiorentina,266596,Jacopo Fazzini,feb,260022,66
,26,110374,Fiorentina,237499,Abdelhamid Sabiri,feb,260022,69
,26,110374,Fiorentina,260823,Nicolò Fagioli,feb,260022,64
,26,110374,Fiorentina,223697,Robin Gosens,feb,260022,72
,26,110374,Fiorentina,72180,Niccolò Fortini,feb,260022,54
,26,110374,Fiorentina,258976,Fabiano Parisi,feb,260022,66
,26,110374,Fiorentina,238370,Marin Pongračić,feb,260022,25
,26,110374,Fiorentina,240777,Luca Ranieri,feb,260022,40
,26,110374,Fiorentina,278340,Pietro Comuzzo,feb,260022,29
,26,110374,Fiorentina,211320,Daniele Rugani,feb,260022,40
,26,110374,Fiorentina,80505,Eman Košpo,feb,260022,29
,26,110374,Fiorentina,74926,Eddy Kouadio,feb,260022,29
,26,110374,Fiorentina,234112,Domilson Cordeiro dos Santos,feb,260022,57
,26,110374,Fiorentina,242418,Tariq Lamptey,feb,260022,43
,26,110374,Fiorentina,193080,David De Gea Quintana,feb,260022,85
,26,110374,Fiorentina,236758,Oliver Christensen,feb,260022,71
,26,110374,Fiorentina,219584,Luca Lezzerini,feb,260022,69
,26,189,Bologna,267861,Santiago Castro,feb,260022,76
,26,189,Bologna,252021,Thijs Dallinga,feb,260022,73
,26,189,Bologna,234671,Jens Odgaard,feb,260022,77
,26,189,Bologna,266500,Jonathan Rowe,feb,260022,71
,26,189,Bologna,268703,Nicolò Cambiaghi,feb,260022,74
,26,189,Bologna,269558,Benjamín Domínguez,feb,260022,66
,26,189,Bologna,233556,Riccardo Orsolini,feb,260022,82
,26,189,Bologna,212404,Federico Bernardeschi,feb,260022,73
,26,189,Bologna,242280,Lewis Ferguson,feb,260022,77
,26,189,Bologna,202024,Remo Freuler,feb,260022,71
,26,189,Bologna,244634,Simon Sohm,feb,260022,67
,26,189,Bologna,252060,Tommaso Pobega,feb,260022,75
,26,189,Bologna,244270,Nikola Moro,feb,260022,71
,26,189,Bologna,240915,Juan Miranda González,feb,260022,60
,26,189,Bologna,210381,Charalampos Lykogiannis,feb,260022,68
,26,189,Bologna,231207,Jhon Lucumí,feb,260022,36
,26,189,Bologna,248342,Torbjørn Heggem,feb,260022,45
,26,189,Bologna,259748,Martin Vitík,feb,260022,37
,26,189,Bologna,239770,Nicolò Casale,feb,260022,52
,26,189,Bologna,278724,Eivind Helland,feb,260022,47
,26,189,Bologna,252440,Nadir Zortea,feb,260022,68
,26,189,Bologna,170320,Lorenzo De Silvestri,feb,260022,64
,26,189,Bologna,257290,João Mário Neto Lopes,feb,260022,61
,26,189,Bologna,240657,Federico Ravaglia,feb,260022,72
,26,189,Bologna,75741,Massimo Pessina,feb,260022,54
,26,189,Bologna,189908,Łukasz Skorupski,feb,260022,78
,26,54,Torino,216816,Giovanni Simeone,feb,260022,76
,26,54,Torino,75443,Tommaso Gabellini,feb,260022,56
,26,54,Torino,226093,Ché Adams,feb,260022,79
,26,54,Torino,215333,Duván Zapata,feb,260022,80
,26,54,Torino,236413,Sandro Kulenović,feb,260022,71
,26,54,Torino,70480,Alieu Njie,feb,260022,64
,26,54,Torino,273883,Cesare Casadei,feb,260022,69
,26,54,Torino,248564,Zakaria Aboukhlal,feb,260022,71
,26,54,Torino,273932,Gvidas Gineitis,feb,260022,58
,26,54,Torino,241095,Nikola Vlašić,feb,260022,77
,26,54,Torino,248474,Tino Anjorin,feb,260022,67
,26,54,Torino,76027,Sergiu Perciun,feb,260022,48
,26,54,Torino,266257,Emirhan İlkhan,feb,260022,57
,26,54,Torino,213242,Adrien Tameze,feb,260022,64
,26,54,Torino,272725,Matteo Prati,feb,260022,67
,26,54,Torino,258683,Ivan Ilić,feb,260022,71
,26,54,Torino,211147,Valentino Lazaro,feb,260022,66
,26,54,Torino,255150,Niels Nkounkou,feb,260022,47
,26,54,Torino,201389,Cristiano Biraghi,feb,260022,67
,26,54,Torino,258507,Rafael Obrador Burguera,feb,260022,41
,26,54,Torino,265650,Saúl Basilio Coco Bassey Oubiña,feb,260022,56
,26,54,Torino,219145,Guillermo Maripán,feb,260022,40
,26,54,Torino,241007,Enzo Ebosse,feb,260022,33
,26,54,Torino,278319,Luca Marianucci,feb,260022,25
,26,54,Torino,278013,Saba Sazonov,feb,260022,40
,26,54,Torino,241854,Perr Schuurs,feb,260022,64
,26,54,Torino,258782,Ardian Ismajli,feb,260022,30
,26,54,Torino,243481,Marcus Pedersen,feb,260022,47
,26,54,Torino,235740,Alberto Paleari,feb,260022,70
,26,54,Torino,270141,Franco Israel,feb,260022,75
,26,111974,Sassuolo,243593,Armand Laurienté,feb,260022,76
,26,111974,Sassuolo,263882,Alieu Fadera,feb,260022,63
,26,111974,Sassuolo,235842,Andrea Pinamonti,feb,260022,76
,26,111974,Sassuolo,240452,M'Bala Nzola,feb,260022,71
,26,111974,Sassuolo,248787,Luca Moro,feb,260022,66
,26,111974,Sassuolo,210935,Domenico Berardi,feb,260022,80
,26,111974,Sassuolo,265761,Cristian Volpato,feb,260022,67
,26,111974,Sassuolo,264207,Ismaël Koné,feb,260022,62
,26,111974,Sassuolo,242725,Kristian Thorstvedt,feb,260022,71
,26,111974,Sassuolo,252027,Aster Vranckx,feb,260022,64
,26,111974,Sassuolo,274702,Luca Lipani,feb,260022,46
,26,111974,Sassuolo,268462,Daniel Boloca,feb,260022,60
,26,111974,Sassuolo,270657,Edoardo Iannoni,feb,260022,59
,26,111974,Sassuolo,72098,Darryl Bakola,feb,260022,55
,26,111974,Sassuolo,191202,Nemanja Matić,feb,260022,66
,26,111974,Sassuolo,255561,Josh Doig,feb,260022,61
,26,111974,Sassuolo,223143,Ulisses Garcia,feb,260022,47
,26,111974,Sassuolo,276705,Edoardo Pieragnolo,feb,260022,33
,26,111974,Sassuolo,262027,Tarik Muharemović,feb,260022,22
,26,111974,Sassuolo,256856,Fali Candé,feb,260022,55
,26,111974,Sassuolo,262396,Jay Idzes,feb,260022,46
,26,111974,Sassuolo,226108,Filippo Romagna,feb,260022,31
,26,111974,Sassuolo,81732,Pedro Felipe de Jesus Gomes,feb,260022,48
,26,111974,Sassuolo,243497,Sebastian Walukiewicz,feb,260022,37
,26,111974,Sassuolo,251335,Woyo Coulibaly,feb,260022,51
,26,111974,Sassuolo,233164,Arijanet Murić,feb,260022,74
,26,111974,Sassuolo,254502,Stefano Turati,feb,260022,72
,26,111974,Sassuolo,235806,Giacomo Satalino,feb,260022,66
,26,111974,Sassuolo,80811,Gioele Zacchi,feb,260022,62
,26,111434,Cremonese,208830,Jamie Vardy,feb,260022,76
,26,111434,Cremonese,256669,Faris Pemi Moumbagna,feb,260022,71
,26,111434,Cremonese,223137,Federico Bonazzoli,feb,260022,75
,26,111434,Cremonese,192840,Milan Đurić,feb,260022,70
,26,111434,Cremonese,219932,Antonio Sanabria,feb,260022,74
,26,111434,Cremonese,233732,David Okereke,feb,260022,71
,26,111434,Cremonese,217338,Jari Vandeputte,feb,260022,64
,26,111434,Cremonese,236838,Youssef Maleh,feb,260022,64
,26,111434,Cremonese,240970,Martín Payero,feb,260022,65
,26,111434,Cremonese,268576,Michele Collocolo,feb,260022,61
,26,111434,Cremonese,220475,Alberto Grassi,feb,260022,61
,26,111434,Cremonese,222475,Morten Thorsby,feb,260022,61
,26,111434,Cremonese,257353,Warren Bondo,feb,260022,61
,26,111434,Cremonese,230681,Giuseppe Pezzella,feb,260022,59
,26,111434,Cremonese,237669,Alessio Zerbin,feb,260022,66
,26,111434,Cremonese,205363,Matteo Bianchetti,feb,260022,34
,26,111434,Cremonese,268573,Federico Baschirotto,feb,260022,52
,26,111434,Cremonese,210964,Federico Ceccherini,feb,260022,47
,26,111434,Cremonese,220534,Sebastiano Luperto,feb,260022,47
,26,111434,Cremonese,277118,Mikayil Faye,feb,260022,51
,26,111434,Cremonese,74448,Francesco Folino,feb,260022,35
,26,111434,Cremonese,271579,Filippo Terracciano,feb,260022,60
,26,111434,Cremonese,275162,Tommaso Barbieri,feb,260022,44
,26,111434,Cremonese,74071,Romano Floriani Mussolini,feb,260022,53
,26,111434,Cremonese,228413,Emil Audero,feb,260022,79
,26,111434,Cremonese,190745,Marco Silvestri,feb,260022,72
,26,111434,Cremonese,278331,Lapo Nava,feb,260022,60
,26,110556,Genoa,263829,Vítor Manuel Carvalho Oliveira,feb,260022,73
,26,110556,Genoa,256899,Lorenzo Colombo,feb,260022,74
,26,110556,Genoa,239795,Caleb Ekuban,feb,260022,68
,26,110556,Genoa,215798,Maxwel Cornet,feb,260022,74
,26,110556,Genoa,74485,Jeff Ekhator,feb,260022,62
,26,110556,Genoa,77830,Joi Nuredini,feb,260022,55
,26,110556,Genoa,264436,Mikael Egill Ellertsson,feb,260022,69
,26,110556,Genoa,269312,Tommaso Baldanzi,feb,260022,71
,26,110556,Genoa,240938,Junior Messias,feb,260022,72
,26,110556,Genoa,231969,Ruslan Malinovskyi,feb,260022,78
,26,110556,Genoa,79913,Alexsandro Amorim,feb,260022,59
,26,110556,Genoa,255934,Jean Onana,feb,260022,65
,26,110556,Genoa,242633,Morten Frendrup,feb,260022,58
,26,110556,Genoa,276485,Patrizio Masini,feb,260022,54
,26,110556,Genoa,236295,Aarón Martín Caricol,feb,260022,53
,26,110556,Genoa,244349,Johan Vásquez,feb,260022,32
,26,110556,Genoa,271882,Sebastian Otoa,feb,260022,33
,26,110556,Genoa,238516,Leo Østigård,feb,260022,37
,26,110556,Genoa,71553,Nils Zätterström,feb,260022,33
,26,110556,Genoa,276477,Alessandro Marcandalli,feb,260022,40
,26,110556,Genoa,260653,Brooke Norton-Cuffy,feb,260022,43
,26,110556,Genoa,206159,Stefano Sabelli,feb,260022,38
,26,110556,Genoa,201299,Nicola Leali,feb,260022,73
,26,110556,Genoa,202886,Benjamin Siegrist,feb,260022,70
,26,110556,Genoa,232229,Justin Bijlow,feb,260022,75
,26,110556,Genoa,81467,Ernestas Lysionok,feb,260022,56
,26,110556,Genoa,225432,Daniele Sommariva,feb,260022,62
,26,50,Parma,255460,Jacob Ondrejka,feb,260022,71
,26,50,Parma,263229,Mateo Pellegrino,feb,260022,68
,26,50,Parma,275130,Nesta Elphege,feb,260022,63
,26,50,Parma,275401,Matija Frigan,feb,260022,72
,26,50,Parma,269276,Gaetano Oristanio,feb,260022,72
,26,50,Parma,235949,Gabriel Tadeu Strefezza Rebelato,feb,260022,64
,26,50,Parma,236706,Pontus Almqvist,feb,260022,66
,26,50,Parma,261539,Mandela Keita,feb,260022,55
,26,50,Parma,257972,Oliver Sørensen,feb,260022,66
,26,50,Parma,252794,Adrián Bernabé García,feb,260022,70
,26,50,Parma,272687,Benjamin Cremaschi,feb,260022,55
,26,50,Parma,76121,Elia Plicco,feb,260022,45
,26,50,Parma,253162,Hans Nicolussi Caviglia,feb,260022,68
,26,50,Parma,240992,Nahuel Estévez,feb,260022,69
,26,50,Parma,273884,Christian Ordoñez,feb,260022,43
,26,50,Parma,258714,Emanuele Valeri,feb,260022,70
,26,50,Parma,270485,Franco Carboni,feb,260022,39
,26,50,Parma,246164,Lautaro Valenti,feb,260022,51
,26,50,Parma,259150,Abdoulaye Ndiaye,feb,260022,31
,26,50,Parma,268913,Alessandro Circati,feb,260022,35
,26,50,Parma,278436,Mariano Troilo,feb,260022,28
,26,50,Parma,252442,Enrico Delprato,feb,260022,53
,26,50,Parma,75647,Sascha Britschgi,feb,260022,28
,26,50,Parma,271385,Edoardo Corvi,feb,260022,66
,26,50,Parma,278280,Filippo Rinaldi,feb,260022,62
,26,50,Parma,81468,Gianluca Astaldi,feb,260022,56
,26,50,Parma,255981,Zion Suzuki,feb,260022,75
,26,1842,Cagliari,247888,Sebastiano Esposito,feb,260022,75
,26,1842,Cagliari,71730,Agustín Albarracín,feb,260022,69
,26,1842,Cagliari,82808,Yael Trepy,feb,260022,61
,26,1842,Cagliari,274616,Semih Kılıçsoy,feb,260022,71
,26,1842,Cagliari,252942,Gennaro Borrelli,feb,260022,66
,26,1842,Cagliari,208596,Andrea Belotti,feb,260022,74
,26,1842,Cagliari,205850,Leonardo Pavoletti,feb,260022,67
,26,1842,Cagliari,221331,Luca Mazzitelli,feb,260022,68
,26,1842,Cagliari,254982,Michel Ndary Adopo,feb,260022,59
,26,1842,Cagliari,268683,Michael Folorunsho,feb,260022,75
,26,1842,Cagliari,229743,Alessandro Deiola,feb,260022,67
,26,1842,Cagliari,80407,Joseph Liteta,feb,260022,50
,26,1842,Cagliari,246877,Gianluca Gaetano,feb,260022,71
,26,1842,Cagliari,271577,Ibrahim Sulemana,feb,260022,62
,26,1842,Cagliari,266636,Adam Obert,feb,260022,51
,26,1842,Cagliari,248857,Mattia Felici,feb,260022,66
,26,1842,Cagliari,73095,Riyad Idrissi,feb,260022,56
,26,1842,Cagliari,78037,Juan Rodríguez,feb,260022,40
,26,1842,Cagliari,220523,Yerry Mina,feb,260022,49
,26,1842,Cagliari,237586,Alberto Dossena,feb,260022,40
,26,1842,Cagliari,278668,José Pedro da Silva Figueiredo,feb,260022,51
,26,1842,Cagliari,278339,Marco Palestra,feb,260022,59
,26,1842,Cagliari,252964,Gabriele Zappa,feb,260022,59
,26,1842,Cagliari,74768,Othniël Raterink,feb,260022,40
,26,1842,Cagliari,255303,Elia Caprile,feb,260022,77
,26,1842,Cagliari,271199,Giuseppe Ciocci,feb,260022,59
,26,1842,Cagliari,81328,Vincenzo Sarno,feb,260022,52
,26,1842,Cagliari,73838,Alen Sherri,feb,260022,67
,26,206,Hellas Verona,273564,Gift Orban,feb,260022,79
,26,206,Hellas Verona,257104,Kieron Bowie,feb,260022,65
,26,206,Hellas Verona,256453,Amin Sarr,feb,260022,69
,26,206,Hellas Verona,266585,Daniel Mosquera,feb,260022,71
,26,206,Hellas Verona,72322,Junior Ajayi,feb,260022,55
,26,206,Hellas Verona,74092,Isaac Aguiar Tomich,feb,260022,67
,26,206,Hellas Verona,234795,Antoine Bernede,feb,260022,65
,26,206,Hellas Verona,255233,Tomáš Suslov,feb,260022,70
,26,206,Hellas Verona,248661,Cheikh Niasse,feb,260022,43
,26,206,Hellas Verona,230065,Suat Serdar,feb,260022,71
,26,206,Hellas Verona,205343,Jean-Daniel Akpa Akpro,feb,260022,67
,26,206,Hellas Verona,223866,Sandi Lovrič,feb,260022,62
,26,206,Hellas Verona,241937,Abdou Harroui,feb,260022,67
,26,206,Hellas Verona,212153,Roberto Gagliardini,feb,260022,61
,26,206,Hellas Verona,252308,Ali Al Musrati,feb,260022,65
,26,206,Hellas Verona,252000,Domagoj Bradarić,feb,260022,57
,26,206,Hellas Verona,238009,Martin Frese,feb,260022,64
,26,206,Hellas Verona,247497,Armel Bella-Kotchap,feb,260022,25
,26,206,Hellas Verona,235658,Victor Nelsson,feb,260022,42
,26,206,Hellas Verona,267681,Nicolás Valentini,feb,260022,32
,26,206,Hellas Verona,79069,Andrias Edmundsson,feb,260022,33
,26,206,Hellas Verona,262930,Daniel Oyegoke,feb,260022,41
,26,206,Hellas Verona,273628,Tobias Slotsager,feb,260022,27
,26,206,Hellas Verona,276314,Rafik Belghali,feb,260022,63
,26,206,Hellas Verona,80861,Fallou Cham,feb,260022,42
,26,206,Hellas Verona,235875,Pol Mikel Lirola Kosok,feb,260022,60
,26,206,Hellas Verona,215363,Lorenzo Montipò,feb,260022,76
,26,206,Hellas Verona,210940,Simone Perilli,feb,260022,67
,26,206,Hellas Verona,72397,Giacomo Toniolo,feb,260022,56
,26,55,Udinese,231743,Keinan Davis,feb,260022,71
,26,55,Udinese,238067,Nicolò Zaniolo,feb,260022,75
,26,55,Udinese,224438,Adam Buksa,feb,260022,72
,26,55,Udinese,246832,Vakoun Issouf Bayo,feb,260022,68
,26,55,Udinese,76411,Idrissa Gueye,feb,260022,67
,26,55,Udinese,272783,Arthur Atta,feb,260022,69
,26,55,Udinese,243249,Jurgen Ekkelenkamp,feb,260022,68
,26,55,Udinese,259634,Jordan Zemura,feb,260022,57
,26,55,Udinese,220421,Hassane Kamara,feb,260022,60
,26,55,Udinese,214658,Jesper Karlström,feb,260022,59
,26,55,Udinese,275522,Lennon Miller,feb,260022,63
,26,55,Udinese,229973,Jakub Piotrowski,feb,260022,63
,26,55,Udinese,258615,Oier Zarraga Egaña,feb,260022,60
,26,55,Udinese,77558,Abdoulaye Camara,feb,260022,39
,26,55,Udinese,268656,Alessandro Zanoli,feb,260022,52
,26,55,Udinese,225669,Kingsley Ehizibue,feb,260022,55
,26,55,Udinese,275647,Juan David Arizala,feb,260022,50
,26,55,Udinese,271475,Nicolò Bertola,feb,260022,32
,26,55,Udinese,261573,Thomas Kristensen,feb,260022,25
,26,55,Udinese,190324,Christian Kabasele,feb,260022,50
,26,55,Udinese,80380,Branimir Mlačić,feb,260022,48
,26,55,Udinese,242238,Oumar Solet,feb,260022,41
,26,55,Udinese,257288,Maduka Okoye,feb,260022,74
,26,55,Udinese,266803,Răzvan Sava,feb,260022,71
,26,55,Udinese,80203,Alessandro Nunziante,feb,260022,56
,26,55,Udinese,162297,Daniele Padelli,feb,260022,65
,26,110738,Pisa,277309,Henrik Meister,feb,260022,65
,26,110738,Pisa,273128,Rafiu Durosinmi,feb,260022,71
,26,110738,Pisa,255562,Filip Stojilković,feb,260022,67
,26,110738,Pisa,240797,Mattéo Tramoni,feb,260022,68
,26,110738,Pisa,81307,Lorran Lucas Pereira de Sousa,feb,260022,59
,26,110738,Pisa,236593,Calvin Stengs,feb,260022,67
,26,110738,Pisa,222959,Stefano Moreo,feb,260022,68
,26,110738,Pisa,270658,Samuele Angori,feb,260022,57
,26,110738,Pisa,272379,Samuel Iling-Junior,feb,260022,64
,26,110738,Pisa,236898,Michel Aebischer,feb,260022,66
,26,110738,Pisa,252313,Marius Marin,feb,260022,56
,26,110738,Pisa,268790,Gabriele Piccinini,feb,260022,57
,26,110738,Pisa,70471,Ebenezer Akinsanmiro,feb,260022,66
,26,110738,Pisa,253464,Malthe Højholt,feb,260022,43
,26,110738,Pisa,71230,Felipe Loyola,feb,260022,63
,26,110738,Pisa,71296,İsak Vural,feb,260022,56
,26,110738,Pisa,233396,Idrissa Touré,feb,260022,61
,26,110738,Pisa,193082,Juan Cuadrado,feb,260022,71
,26,110738,Pisa,240660,Mehdi Léris,feb,260022,61
,26,110738,Pisa,264480,Simone Canestrelli,feb,260022,44
,26,110738,Pisa,199174,Antonio Caracciolo,feb,260022,31
,26,110738,Pisa,157481,Raúl Albiol Tortajada,feb,260022,40
,26,110738,Pisa,278294,Francesco Coppola,feb,260022,25
,26,110738,Pisa,72912,Rosen Bozhinov,feb,260022,30
,26,110738,Pisa,74876,Daniel Denoon,feb,260022,32
,26,110738,Pisa,229574,Arturo Calabresi,feb,260022,30
,26,110738,Pisa,244274,Adrian Šemper,feb,260022,71
,26,110738,Pisa,220048,Simone Scuffet,feb,260022,72
,26,110738,Pisa,205496,David Nicolás Andrade,feb,260022,67
,26,347,Lecce,246431,Riccardo Sottil,feb,260022,65
,26,347,Lecce,273915,Nikola Štulić,feb,260022,72
,26,347,Lecce,268511,Walid Cheddira,feb,260022,71
,26,347,Lecce,279202,Francesco Camarda,feb,260022,66
,26,347,Lecce,246649,Filip Marchwiński,feb,260022,62
,26,347,Lecce,253139,Santiago Pierotti,feb,260022,67
,26,347,Lecce,271197,Lameck Banda,feb,260022,65
,26,347,Lecce,247668,Konan N'Dri,feb,260022,65
,26,347,Lecce,230107,Lassana Coulibaly,feb,260022,57
,26,347,Lecce,277840,Omri Gandelman,feb,260022,71
,26,347,Lecce,271198,Medon Berisha,feb,260022,58
,26,347,Lecce,263657,Þórir Jóhann Helgason,feb,260022,62
,26,347,Lecce,80604,Niko Kovač,feb,260022,55
,26,347,Lecce,266848,Oumar Ngom,feb,260022,48
,26,347,Lecce,243787,Ylber Ramadani,feb,260022,56
,26,347,Lecce,265732,Àlex Sala Herrero,feb,260022,67
,26,347,Lecce,263949,Sadik Fofana,feb,260022,44
,26,347,Lecce,80606,Olaf Gorter,feb,260022,51
,26,347,Lecce,244717,Antonino Gallo,feb,260022,50
,26,347,Lecce,247528,Corrie Ndaba,feb,260022,26
,26,347,Lecce,70555,Tiago Gabriel Coelho Oliveira,feb,260022,33
,26,347,Lecce,270888,Gaby Jean,feb,260022,33
,26,347,Lecce,275783,Kialonda Gaspar,feb,260022,30
,26,347,Lecce,259299,Jamil Siebert,feb,260022,32
,26,347,Lecce,80006,Matías Pérez,feb,260022,30
,26,347,Lecce,271539,Danilo Filipe Melo Veiga,feb,260022,56
,26,347,Lecce,210676,Wladimiro Falcone,feb,260022,82
,26,347,Lecce,235266,Christian Früchtl,feb,260022,70
,26,347,Lecce,278623,Jasper Samooja,feb,260022,61
,26,110738,Pisa,255562,Filip Stojilkovic,sep,260003,66
,26,54,Torino,236413,Sandro Kulenovic,sep,260003,68
,26,45,Juventus,224422,Jeremie Boga,sep,260003,68
,26,52,Roma,271916,Bryan Zaragoza,sep,260003,71
,26,110374,Fiorentina,232080,Jack Harrison,sep,260003,68
,26,1842,Cagliari,83827,Paul Mendy,feb,260022,64
,26,206,Hellas Verona,81251,Ioan Vermesan,feb,260022,58
,26,44,Inter,82088,Mattia Mosconi,feb,260022,58
,26,111974,Sassuolo,82435,Tommaso Macchioni,feb,260022,26
,26,50,Parma,74453,Daniel Mikolajewski,feb,260022,62
,26,111434,Cremonese,85232,Simone Lottici Tessadri,feb,260022,46
,26,110556,Genoa,85106,Jacopo Grossi,feb,260022,50
,25,44,Inter,231478,Lautaro Martínez,feb,250021,88
,25,44,Inter,228093,Marcus Thuram,feb,250021,81
,25,44,Inter,241788,Mehdi Taremi,feb,250021,78
,25,44,Inter,184200,Marko Arnautović,feb,250021,79
,25,44,Inter,215330,Joaquín Correa,feb,250021,73
,25,44,Inter,192883,Henrikh Mkhitaryan,feb,250021,78
,25,44,Inter,224232,Nicolò Barella,feb,250021,78
,25,44,Inter,210406,Piotr Zieliński,feb,250021,76
,25,44,Inter,239807,Davide Frattesi,feb,250021,74
,25,44,Inter,208128,Hakan Çalhanoğlu,feb,250021,80
,25,44,Inter,264699,Kristjan Asllani,feb,250021,60
,25,44,Inter,226268,Federico Dimarco,feb,250021,78
,25,44,Inter,258648,Carlos Augusto Zopolato Neves,feb,250021,71
,25,44,Inter,262113,Nicola Zalewski,feb,250021,64
,25,44,Inter,237383,Alessandro Bastoni,feb,250021,45
,25,44,Inter,199845,Francesco Acerbi,feb,250021,50
,25,44,Inter,198176,Stefan de Vrij,feb,250021,41
,25,44,Inter,241736,Yann Aurel Bisseck,feb,250021,56
,25,44,Inter,226851,Benjamin Pavard,feb,250021,67
,25,44,Inter,233096,Denzel Dumfries,feb,250021,68
,25,44,Inter,184392,Matteo Darmian,feb,250021,61
,25,44,Inter,177683,Yann Sommer,feb,250021,87
,25,44,Inter,243311,Josep Martínez Riera,feb,250021,75
,25,44,Inter,219715,Raffaele Di Gennaro,feb,250021,69
,25,44,Inter,234102,Ionuț Andrei Radu,feb,250021,71
,25,48,Napoli,236632,David Neres Campos,feb,250021,74
,25,48,Napoli,192505,Romelu Lukaku,feb,250021,80
,25,48,Napoli,253002,Giacomo Raspadori,feb,250021,76
,25,48,Napoli,246457,Cyril Ngonge,feb,250021,71
,25,48,Napoli,216816,Giovanni Simeone,feb,250021,77
,25,48,Napoli,216409,Matteo Politano,feb,250021,77
,25,48,Napoli,237238,Scott McTominay,feb,250021,78
,25,48,Napoli,216435,Stanislav Lobotka,feb,250021,66
,25,48,Napoli,220714,Philip Billing,feb,250021,76
,25,48,Napoli,245992,Billy Gilmour,feb,250021,57
,25,48,Napoli,70163,Luis Hasa,feb,250021,54
,25,48,Napoli,227236,André-Franck Zambo Anguissa,feb,250021,71
,25,48,Napoli,240716,Mathías Olivera,feb,250021,48
,25,48,Napoli,202884,Leonardo Spinazzola,feb,250021,64
,25,48,Napoli,243241,Alessandro Buongiorno,feb,250021,45
,25,48,Napoli,200752,Juan Guilherme Nunes Jesus,feb,250021,31
,25,48,Napoli,244263,Amir Rrahmani,feb,250021,50
,25,48,Napoli,277244,Rafael Marín Zamora,feb,250021,26
,25,48,Napoli,217870,Giovanni Di Lorenzo,feb,250021,69
,25,48,Napoli,239679,Pasquale Mazzocchi,feb,250021,58
,25,48,Napoli,225116,Alex Meret,feb,250021,81
,25,48,Napoli,220048,Simone Scuffet,feb,250021,72
,25,48,Napoli,220532,Nikita Contini,feb,250021,67
,25,47,AC Milan,241721,Rafael da Conceição Leão,feb,250021,78
,25,47,AC Milan,277013,Chaka Traorè,feb,250021,66
,25,47,AC Milan,231352,Tammy Abraham,feb,250021,75
,25,47,AC Milan,242530,Noah Okafor,feb,250021,76
,25,47,AC Milan,232432,Luka Jović,feb,250021,77
,25,47,AC Milan,213135,Divock Origi,feb,250021,71
,25,47,AC Milan,227796,Christian Pulisic,feb,250021,81
,25,47,AC Milan,246172,Samuel Chukwueze,feb,250021,73
,25,47,AC Milan,74094,Mattia Liberali,feb,250021,57
,25,47,AC Milan,76430,Bob Omoregbe,feb,250021,56
,25,47,AC Milan,240638,Tijjani Reijnders,feb,250021,74
,25,47,AC Milan,245630,Youssouf Fofana,feb,250021,66
,25,47,AC Milan,213666,Ruben Loftus-Cheek,feb,250021,75
,25,47,AC Milan,278351,Kevin Zeroli,feb,250021,57
,25,47,AC Milan,253177,Yunus Musah,feb,250021,68
,25,47,AC Milan,232656,Theo Hernández,feb,250021,75
,25,47,AC Milan,278928,Alejandro Jiménez Sánchez,feb,250021,51
,25,47,AC Milan,278237,Davide Bartesaghi,feb,250021,42
,25,47,AC Milan,232756,Fikayo Tomori,feb,250021,39
,25,47,AC Milan,254840,Strahinja Pavlović,feb,250021,42
,25,47,AC Milan,240277,Matteo Gabbia,feb,250021,35
,25,47,AC Milan,256261,Malick Thiaw,feb,250021,47
,25,47,AC Milan,188377,Kyle Walker,feb,250021,63
,25,47,AC Milan,247204,Emerson Leite De Souza,feb,250021,60
,25,47,AC Milan,228881,Davide Calabria,feb,250021,57
,25,47,AC Milan,203551,Alessandro Florenzi,feb,250021,74
,25,47,AC Milan,271579,Filippo Terracciano,feb,250021,60
,25,47,AC Milan,215698,Mike Maignan,feb,250021,87
,25,47,AC Milan,216065,Marco Sportiello,feb,250021,76
,25,47,AC Milan,278331,Lapo Nava,feb,250021,59
,25,47,AC Milan,72179,Lorenzo Torriani,feb,250021,60
,25,45,Juventus,246430,Dušan Vlahović,feb,250021,83
,25,45,Juventus,237679,Randal Kolo Muani,feb,250021,79
,25,45,Juventus,74706,Lorenzo Anghelè,feb,250021,63
,25,45,Juventus,205175,Arkadiusz Milik,feb,250021,82
,25,45,Juventus,75822,Diego Pugno,feb,250021,60
,25,45,Juventus,240679,Teun Koopmeiners,feb,250021,76
,25,45,Juventus,75085,Vasilije Adžić,feb,250021,54
,25,45,Juventus,277954,Kenan Yıldız,feb,250021,73
,25,45,Juventus,74566,Samuel Mbangula,feb,250021,66
,25,45,Juventus,261050,Francisco F. da Conceição,feb,250021,68
,25,45,Juventus,241496,Timothy Weah,feb,250021,73
,25,45,Juventus,240690,Nico Gonzalez,feb,250021,74
,25,45,Juventus,247246,Khéphren Thuram,feb,250021,69
,25,45,Juventus,222077,Manuel Locatelli,feb,250021,68
,25,45,Juventus,238744,Weston McKennie,feb,250021,71
,25,45,Juventus,260823,Nicolò Fagioli,feb,250021,63
,25,45,Juventus,236499,Douglas Luiz Soares de Paulo,feb,250021,75
,25,45,Juventus,258966,Andrea Cambiaso,feb,250021,67
,25,45,Juventus,273906,Renato Palma Veiga,feb,250021,60
,25,45,Juventus,74329,Jonas Rouhi,feb,250021,37
,25,45,Juventus,251870,Juan David Cabal,feb,250021,37
,25,45,Juventus,255654,Pierre Kalulu,feb,250021,52
,25,45,Juventus,266872,Federico Gatti,feb,250021,41
,25,45,Juventus,239580,Gleison Bremer Silva Nascimento,feb,250021,49
,25,45,Juventus,74310,Nicolò Savona,feb,250021,43
,25,45,Juventus,270674,Alberto Oliveira Baio,feb,250021,53
,25,45,Juventus,235840,Michele Di Gregorio,feb,250021,81
,25,45,Juventus,198009,Mattia Perin,feb,250021,79
,25,45,Juventus,189342,Carlo Pinsoglio,feb,250021,70
,25,52,Roma,242458,Artem Dovbyk,feb,250021,83
,25,52,Roma,269312,Tommaso Baldanzi,feb,250021,71
,25,52,Roma,211110,Paulo Dybala,feb,250021,85
,25,52,Roma,239964,Eldor Shomurodov,feb,250021,70
,25,52,Roma,228251,Lorenzo Pellegrini,feb,250021,77
,25,52,Roma,190813,Stephan El Shaarawy,feb,250021,75
,25,52,Roma,242664,Alexis Saelemaekers,feb,250021,66
,25,52,Roma,250723,Kouadio Manu Koné,feb,250021,72
,25,52,Roma,208268,Bryan Cristante,feb,250021,73
,25,52,Roma,265695,Matías Soulé,feb,250021,69
,25,52,Roma,275291,Niccolò Pisilli,feb,250021,65
,25,52,Roma,207439,Leandro Paredes,feb,250021,64
,25,52,Roma,220651,José Ángel Esmoris Tasende,feb,250021,69
,25,52,Roma,277252,Samuel Dahl,feb,250021,36
,25,52,Roma,236403,Evan Ndicka,feb,250021,51
,25,52,Roma,178603,Mats Hummels,feb,250021,58
,25,52,Roma,229582,Gianluca Mancini,feb,250021,49
,25,52,Roma,258826,Devyne Rensch,feb,250021,54
,25,52,Roma,224490,Zeki Çelik,feb,250021,58
,25,52,Roma,246688,Saud Abdulhamid,feb,250021,43
,25,52,Roma,279200,Aboubacar Sangaré Traoré,feb,250021,43
,25,52,Roma,230872,Mile Svilar,feb,250021,77
,25,52,Roma,211515,Pierluigi Gollini,feb,250021,74
,25,52,Roma,279880,Renato Marin,feb,250021,62
,25,39,Atalanta,230899,Ademola Lookman,feb,250021,82
,25,39,Atalanta,241850,Mateo Retegui,feb,250021,79
,25,39,Atalanta,226710,Gianluca Scamacca,feb,250021,80
,25,39,Atalanta,74924,Vanja Vlahović,feb,250021,63
,25,39,Atalanta,251470,Charles De Ketelaere,feb,250021,76
,25,39,Atalanta,255611,Daniel Maldini,feb,250021,70
,25,39,Atalanta,259584,Matteo Ruggeri,feb,250021,55
,25,39,Atalanta,216150,Davide Zappacosta,feb,250021,67
,25,39,Atalanta,266866,Éderson José dos Santos,feb,250021,68
,25,39,Atalanta,256115,Lazar Samardžić,feb,250021,72
,25,39,Atalanta,257785,Marco Brescianini,feb,250021,65
,25,39,Atalanta,208461,Marten de Roon,feb,250021,70
,25,39,Atalanta,223273,Mario Pašalić,feb,250021,77
,25,39,Atalanta,271577,Ibrahim Sulemana,feb,250021,61
,25,39,Atalanta,74576,Federico Cassa,feb,250021,41
,25,39,Atalanta,279574,Alberto Manzoni,feb,250021,48
,25,39,Atalanta,247229,Raoul Bellanova,feb,250021,41
,25,39,Atalanta,193082,Juan Cuadrado,feb,250021,72
,25,39,Atalanta,278339,Marco Palestra,feb,250021,42
,25,39,Atalanta,238067,Nicolò Zaniolo,feb,250021,74
,25,39,Atalanta,207993,Sead Kolašinac,feb,250021,61
,25,39,Atalanta,208165,Berat Djimsiti,feb,250021,37
,25,39,Atalanta,187598,Rafael Tolói,feb,250021,50
,25,39,Atalanta,223671,Stefan Posch,feb,250021,53
,25,39,Atalanta,246875,Odilon Kossounou,feb,250021,31
,25,39,Atalanta,265188,Giorgio Scalvini,feb,250021,35
,25,39,Atalanta,260697,Isak Hien,feb,250021,36
,25,39,Atalanta,252154,Marco Carnesecchi,feb,250021,83
,25,39,Atalanta,178005,Rui Pedro dos Santos Patrício,feb,250021,75
,25,39,Atalanta,194894,Francesco Rossi,feb,250021,61
,25,46,Lazio,237712,Valentin Castellanos,feb,250021,79
,25,46,Lazio,264257,Tijjani Noslin,feb,250021,73
,25,46,Lazio,264880,Loum Tchaouna,feb,250021,71
,25,46,Lazio,246242,Boulaye Dia,feb,250021,80
,25,46,Lazio,258890,Fisayo Dele-Bashiru,feb,250021,71
,25,46,Lazio,225014,Gaetano Castrovilli,feb,250021,66
,25,46,Lazio,245639,André Anderson Pomilio Lima,feb,250021,60
,25,46,Lazio,73162,Cristobal Muñoz López,feb,250021,60
,25,46,Lazio,220502,Mattia Zaccagni,feb,250021,77
,25,46,Lazio,266236,Arijon Ibrahimović,feb,250021,61
,25,46,Lazio,248729,Gustav Isaksen,feb,250021,71
,25,46,Lazio,189505,Pedro Rodríguez Ledesma,feb,250021,71
,25,46,Lazio,255001,Nicolò Rovella,feb,250021,62
,25,46,Lazio,245275,Toma Bašić,feb,250021,63
,25,46,Lazio,236496,Mattéo Guendouzi,feb,250021,70
,25,46,Lazio,219985,Matías Vecino,feb,250021,72
,25,46,Lazio,251530,Nuno Albertino Varela Tavares,feb,250021,66
,25,46,Lazio,224031,Adam Marušić,feb,250021,66
,25,46,Lazio,210864,Elseid Hysaj,feb,250021,49
,25,46,Lazio,243237,Luca Pellegrini,feb,250021,53
,25,46,Lazio,210413,Alessio Romagnoli,feb,250021,39
,25,46,Lazio,268804,Mario Gila Fuentes,feb,250021,53
,25,46,Lazio,219581,Samuel Gigot,feb,250021,36
,25,46,Lazio,206098,Patricio Gabarrón Gil,feb,250021,51
,25,46,Lazio,235374,Manuel Lazzari,feb,250021,60
,25,46,Lazio,224987,Ivan Provedel,feb,250021,83
,25,46,Lazio,278032,Christos Mandas,feb,250021,72
,25,46,Lazio,270217,Alessio Furlanetto,feb,250021,61
,25,1745,Como,237715,Patrick Cutrone,feb,250021,73
,25,1745,Como,208596,Andrea Belotti,feb,250021,75
,25,1745,Como,268674,Alessandro Gabrielloni,feb,250021,67
,25,1745,Como,277846,Nicolás Paz Martínez,feb,250021,63
,25,1745,Como,253120,Ben Lhassine Kone,feb,250021,60
,25,1745,Como,211117,Dele Alli,feb,250021,76
,25,1745,Como,196889,Simone Verdi,feb,250021,66
,25,1745,Como,263882,Alieu Fadera,feb,250021,63
,25,1745,Como,238474,Moutir Chajia,feb,250021,64
,25,1745,Como,235949,Gabriel Tadeu Strefezza Rebelato,feb,250021,65
,25,1745,Como,275324,Assane Diao Diaoune,feb,250021,68
,25,1745,Como,254579,Lucas Da Cunha,feb,250021,69
,25,1745,Como,267991,Máximo Perrone,feb,250021,54
,25,1745,Como,262906,Yannik Engelhardt,feb,250021,45
,25,1745,Como,221331,Luca Mazzitelli,feb,250021,62
,25,1745,Como,258505,Matthias Braunöder,feb,250021,57
,25,1745,Como,246646,Maxence Caqueret,feb,250021,61
,25,1745,Como,205407,Daniele Baselli,feb,250021,67
,25,1745,Como,205566,Alberto Moreno Pérez,feb,250021,67
,25,1745,Como,252704,Marco Sala,feb,250021,53
,25,1745,Como,273875,Álex Valle Gómez,feb,250021,55
,25,1745,Como,210719,Marc-Oliver Kempf,feb,250021,41
,25,1745,Como,75225,Fellipe Jack,feb,250021,25
,25,1745,Como,237586,Alberto Dossena,feb,250021,43
,25,1745,Como,223524,Edoardo Goldaniga,feb,250021,33
,25,1745,Como,251464,Ignace Van der Brempt,feb,250021,55
,25,1745,Como,199564,Sergio Roberto Carnicer,feb,250021,62
,25,1745,Como,268673,Alessio Iovine,feb,250021,57
,25,1745,Como,225149,Jean Butez,feb,250021,76
,25,1745,Como,228413,Emil Audero,feb,250021,78
,25,1745,Como,24630,José Manuel Reina Páez,feb,250021,75
,25,1745,Como,186611,Mauro Vigorito,feb,250021,64
,25,110374,Fiorentina,236610,Moise Kean,feb,250021,78
,25,110374,Fiorentina,238004,Albert Guðmundsson,feb,250021,79
,25,110374,Fiorentina,246258,Lucas Beltrán,feb,250021,75
,25,110374,Fiorentina,268683,Michael Folorunsho,feb,250021,76
,25,110374,Fiorentina,262171,Edoardo Bove,feb,250021,66
,25,110374,Fiorentina,75558,Tommaso Rubino,feb,250021,52
,25,110374,Fiorentina,246431,Riccardo Sottil,feb,250021,65
,25,110374,Fiorentina,251988,Andrea Colpani,feb,250021,75
,25,110374,Fiorentina,234612,Jonathan Ikoné,feb,250021,66
,25,110374,Fiorentina,243627,Yacine Adli,feb,250021,68
,25,110374,Fiorentina,225439,Rolando Mandragora,feb,250021,71
,25,110374,Fiorentina,262236,Amir Richardson,feb,250021,63
,25,110374,Fiorentina,211361,Danilo Cataldi,feb,250021,71
,25,110374,Fiorentina,223697,Robin Gosens,feb,250021,73
,25,110374,Fiorentina,201389,Cristiano Biraghi,feb,250021,67
,25,110374,Fiorentina,258976,Fabiano Parisi,feb,250021,66
,25,110374,Fiorentina,240777,Luca Ranieri,feb,250021,40
,25,110374,Fiorentina,267681,Nicolás Valentini,feb,250021,32
,25,110374,Fiorentina,278340,Pietro Comuzzo,feb,250021,27
,25,110374,Fiorentina,276820,Matías Moreno,feb,250021,27
,25,110374,Fiorentina,238370,Marin Pongračić,feb,250021,25
,25,110374,Fiorentina,234112,Domilson Cordeiro dos Santos,feb,250021,57
,25,110374,Fiorentina,193080,David De Gea Quintana,feb,250021,85
,25,110374,Fiorentina,205812,Pietro Terracciano,feb,250021,79
,25,110374,Fiorentina,275325,Tommaso Martinelli,feb,250021,67
,25,189,Bologna,267861,Santiago Castro,feb,250021,75
,25,189,Bologna,252021,Thijs Dallinga,feb,250021,75
,25,189,Bologna,268703,Nicolò Cambiaghi,feb,250021,71
,25,189,Bologna,234671,Jens Odgaard,feb,250021,74
,25,189,Bologna,271019,Giovanni Fabbian,feb,250021,71
,25,189,Bologna,242280,Lewis Ferguson,feb,250021,77
,25,189,Bologna,257980,Dan Ndoye,feb,250021,66
,25,189,Bologna,269558,Benjamín Domínguez,feb,250021,64
,25,189,Bologna,272379,Samuel Iling-Junior,feb,250021,62
,25,189,Bologna,233556,Riccardo Orsolini,feb,250021,80
,25,189,Bologna,244270,Nikola Moro,feb,250021,72
,25,189,Bologna,252060,Tommaso Pobega,feb,250021,75
,25,189,Bologna,202024,Remo Freuler,feb,250021,71
,25,189,Bologna,256036,Andri Fannar Baldursson,feb,250021,48
,25,189,Bologna,269745,Oussama El Azzouzi,feb,250021,58
,25,189,Bologna,236898,Michel Aebischer,feb,250021,66
,25,189,Bologna,240915,Juan Miranda González,feb,250021,60
,25,189,Bologna,210381,Charalampos Lykogiannis,feb,250021,70
,25,189,Bologna,231207,Jhon Lucumí,feb,250021,36
,25,189,Bologna,262394,Sam Beukema,feb,250021,53
,25,189,Bologna,239770,Nicolò Casale,feb,250021,52
,25,189,Bologna,244456,Martin Erlić,feb,250021,35
,25,189,Bologna,246656,Emil Holm,feb,250021,60
,25,189,Bologna,170320,Lorenzo De Silvestri,feb,250021,66
,25,189,Bologna,189908,Łukasz Skorupski,feb,250021,79
,25,189,Bologna,240657,Federico Ravaglia,feb,250021,70
,25,189,Bologna,271420,Nicola Bagnolini,feb,250021,60
,25,54,Torino,226093,Ché Adams,feb,250021,76
,25,54,Torino,241095,Nikola Vlašić,feb,250021,75
,25,54,Torino,219932,Antonio Sanabria,feb,250021,74
,25,54,Torino,231826,Yann Karamoh,feb,250021,68
,25,54,Torino,70480,Alieu Njie,feb,250021,62
,25,54,Torino,215333,Duván Zapata,feb,250021,80
,25,54,Torino,258683,Ivan Ilić,feb,250021,71
,25,54,Torino,273932,Gvidas Gineitis,feb,250021,57
,25,54,Torino,253473,Samuele Ricci,feb,250021,54
,25,54,Torino,241390,Eljif Elmas,feb,250021,69
,25,54,Torino,273883,Cesare Casadei,feb,250021,69
,25,54,Torino,70481,Aaron Ciammaglichella,feb,250021,57
,25,54,Torino,266257,Emirhan İlkhan,feb,250021,57
,25,54,Torino,211408,Karol Linetty,feb,250021,62
,25,54,Torino,243388,Borna Sosa,feb,250021,51
,25,54,Torino,265650,Saúl Basilio Coco Bassey Oubiña,feb,250021,56
,25,54,Torino,219145,Guillermo Maripán,feb,250021,40
,25,54,Torino,225410,Adam Masina,feb,250021,40
,25,54,Torino,243497,Sebastian Walukiewicz,feb,250021,37
,25,54,Torino,241854,Perr Schuurs,feb,250021,64
,25,54,Torino,213242,Adrien Tameze,feb,250021,64
,25,54,Torino,228349,Mërgim Vojvoda,feb,250021,52
,25,54,Torino,211147,Valentino Lazaro,feb,250021,66
,25,54,Torino,243481,Marcus Holmgren Pedersen,feb,250021,47
,25,54,Torino,273936,Ali Bina Dembélé,feb,250021,41
,25,54,Torino,271480,Brian Jepthe Bayeye,feb,250021,50
,25,54,Torino,224836,Vanja Milinković-Savić,feb,250021,78
,25,54,Torino,235740,Alberto Paleari,feb,250021,69
,25,54,Torino,201179,Antonio Donnarumma,feb,250021,65
,25,111974,Sassuolo,243593,Armand Laurienté,feb,250021,75
,25,111974,Sassuolo,243200,Samuele Mulattieri,feb,250021,70
,25,111974,Sassuolo,241628,Nicholas Pierini,feb,250021,66
,25,111974,Sassuolo,257324,Laurs Skjellerup,feb,250021,62
,25,111974,Sassuolo,255839,Janis Antiste,feb,250021,67
,25,111974,Sassuolo,248787,Luca Moro,feb,250021,63
,25,111974,Sassuolo,74504,Flavio Russo,feb,250021,63
,25,111974,Sassuolo,210935,Domenico Berardi,feb,250021,79
,25,111974,Sassuolo,265761,Cristian Volpato,feb,250021,63
,25,111974,Sassuolo,268462,Daniel Boloca,feb,250021,58
,25,111974,Sassuolo,257164,Andrea Ghion,feb,250021,47
,25,111974,Sassuolo,200054,Pedro Mba Obiang Avomo,feb,250021,61
,25,111974,Sassuolo,270657,Edoardo Iannoni,feb,250021,59
,25,111974,Sassuolo,274702,Luca Lipani,feb,250021,43
,25,111974,Sassuolo,242725,Kristian Thorstvedt,feb,250021,71
,25,111974,Sassuolo,255561,Josh Doig,feb,250021,61
,25,111974,Sassuolo,276705,Edoardo Pieragnolo,feb,250021,33
,25,111974,Sassuolo,262027,Tarik Muharemovic,feb,250021,22
,25,111974,Sassuolo,259443,Tijs Velthuis,feb,250021,30
,25,111974,Sassuolo,262474,Cas Odenthal,feb,250021,35
,25,111974,Sassuolo,226108,Filippo Romagna,feb,250021,31
,25,111974,Sassuolo,258946,Matteo Lovato,feb,250021,30
,25,111974,Sassuolo,214622,Jeremy Toljan,feb,250021,41
,25,111974,Sassuolo,271006,Yeferson Paz,feb,250021,49
,25,111974,Sassuolo,265762,Filippo Missori,feb,250021,34
,25,111974,Sassuolo,251136,Horațiu Moldovan,feb,250021,72
,25,111974,Sassuolo,235806,Giacomo Satalino,feb,250021,66
,25,111974,Sassuolo,163489,Andrea Consigli,feb,250021,70
,25,111974,Sassuolo,253003,Alessandro Russo,feb,250021,64
,25,111811,Monza,234147,Dany Mota Carvalho,feb,250021,74
,25,111811,Monza,215689,Andrea Petagna,feb,250021,72
,25,111811,Monza,265595,Samuele Vignato,feb,250021,58
,25,111811,Monza,236213,Davide Diaw,feb,250021,67
,25,111811,Monza,235513,Silvère Ganvoula,feb,250021,69
,25,111811,Monza,258027,Mirko Marić,feb,250021,69
,25,111811,Monza,219812,Patrick Ciurria,feb,250021,72
,25,111811,Monza,202848,Gianluca Caprari,feb,250021,73
,25,111811,Monza,254819,Kacper Urbański,feb,250021,62
,25,111811,Monza,253213,Giorgos Kyriakopoulos,feb,250021,58
,25,111811,Monza,271477,Alessandro Bianco,feb,250021,49
,25,111811,Monza,239613,Matteo Pessina,feb,250021,69
,25,111811,Monza,257353,Warren Bondo,feb,250021,61
,25,111811,Monza,212153,Roberto Gagliardini,feb,250021,61
,25,111811,Monza,205343,Jean-Daniel Akpa Akpro,feb,250021,67
,25,111811,Monza,229857,Stefano Sensi,feb,250021,60
,25,111811,Monza,205089,Mattia Valoti,feb,250021,67
,25,111811,Monza,230824,Pedro Miguel Lopes Pereira,feb,250021,56
,25,111811,Monza,237003,Samuele Birindelli,feb,250021,51
,25,111811,Monza,268437,Omari Forson,feb,250021,59
,25,111811,Monza,75256,Kevin Martins,feb,250021,51
,25,111811,Monza,257000,Andrea Carboni,feb,250021,36
,25,111811,Monza,206654,Pablo Marí Villar,feb,250021,39
,25,111811,Monza,199776,Luca Caldirola,feb,250021,41
,25,111811,Monza,198946,Danilo D'Ambrosio,feb,250021,55
,25,111811,Monza,238703,Arvid Brorsson,feb,250021,50
,25,111811,Monza,278033,Stefan Leković,feb,250021,54
,25,111811,Monza,268558,Tomás Palacios,feb,250021,36
,25,111811,Monza,216145,Armando Izzo,feb,250021,38
,25,111811,Monza,254502,Stefano Turati,feb,250021,74
,25,111811,Monza,268875,Semuel Pizzignacco,feb,250021,66
,25,111811,Monza,205659,Alessio Cragno,feb,250021,72
,25,111811,Monza,70251,Andrea Mazza,feb,250021,54
,25,110556,Genoa,235842,Andrea Pinamonti,feb,250021,75
,25,110556,Genoa,263829,Vítor Manuel Carvalho Oliveira,feb,250021,74
,25,110556,Genoa,74485,Jeff Ekhator,feb,250021,57
,25,110556,Genoa,239795,Caleb Ekuban,feb,250021,69
,25,110556,Genoa,186627,Mario Balotelli,feb,250021,77
,25,110556,Genoa,222475,Morten Thorsby,feb,250021,61
,25,110556,Genoa,231969,Ruslan Malinovskyi,feb,250021,79
,25,110556,Genoa,276485,Patrizio Masini,feb,250021,48
,25,110556,Genoa,268802,Fabio Miretti,feb,250021,60
,25,110556,Genoa,215798,Maxwel Cornet,feb,250021,74
,25,110556,Genoa,268656,Alessandro Zanoli,feb,250021,38
,25,110556,Genoa,240938,Junior Messias,feb,250021,72
,25,110556,Genoa,76172,Lorenzo Venturino,feb,250021,50
,25,110556,Genoa,242633,Morten Frendrup,feb,250021,58
,25,110556,Genoa,234894,Emil Bohinen,feb,250021,61
,25,110556,Genoa,201144,Milan Badelj,feb,250021,61
,25,110556,Genoa,74927,Lior Kasa,feb,250021,42
,25,110556,Genoa,255934,Jean Onana,feb,250021,65
,25,110556,Genoa,236295,Aarón Martín Caricol,feb,250021,52
,25,110556,Genoa,244349,Johan Vásquez,feb,250021,32
,25,110556,Genoa,274082,Alan Matturro,feb,250021,28
,25,110556,Genoa,224378,Mattia Bani,feb,250021,19
,25,110556,Genoa,265774,Koni De Winter,feb,250021,38
,25,110556,Genoa,271882,Sebastian Otoa,feb,250021,33
,25,110556,Genoa,206159,Stefano Sabelli,feb,250021,38
,25,110556,Genoa,260653,Brooke Norton-Cuffy,feb,250021,37
,25,110556,Genoa,201299,Nicola Leali,feb,250021,71
,25,110556,Genoa,202886,Benjamin Siegrist,feb,250021,69
,25,110556,Genoa,225432,Daniele Sommariva,feb,250021,62
,25,50,Parma,259565,Yoan Bonny,feb,250021,73
,25,50,Parma,192840,Milan Đurić,feb,250021,70
,25,50,Parma,268464,Gabriel Charpentier,feb,250021,68
,25,50,Parma,270716,Mateusz Kowalski,feb,250021,53
,25,50,Parma,225475,Hernani Azevedo Júnior,feb,250021,69
,25,50,Parma,278287,Anas Haj Mohamed,feb,250021,51
,25,50,Parma,248060,Valentin Mihăilă,feb,250021,65
,25,50,Parma,263929,Matteo Cancellieri,feb,250021,70
,25,50,Parma,243154,Adrian Benedyczak,feb,250021,70
,25,50,Parma,255460,Jacob Ondrejka,feb,250021,72
,25,50,Parma,239978,Dennis Man,feb,250021,73
,25,50,Parma,236706,Pontus Almqvist,feb,250021,66
,25,50,Parma,264364,Drissa Camara,feb,250021,56
,25,50,Parma,244634,Simon Sohm,feb,250021,65
,25,50,Parma,252794,Adrián Bernabé García,feb,250021,70
,25,50,Parma,261539,Mandela Keita,feb,250021,55
,25,50,Parma,240992,Nahuel Estévez,feb,250021,69
,25,50,Parma,258714,Emanuele Valeri,feb,250021,69
,25,50,Parma,216799,Gianluca Di Chiara,feb,250021,52
,25,50,Parma,264294,Mathias Løvik,feb,250021,37
,25,50,Parma,268913,Alessandro Circati,feb,250021,35
,25,50,Parma,246164,Lautaro Valenti,feb,250021,51
,25,50,Parma,258708,Botond Balogh,feb,250021,33
,25,50,Parma,245566,Alessandro Vogliacco,feb,250021,35
,25,50,Parma,237297,Yordan Osorio,feb,250021,30
,25,50,Parma,70824,Giovanni Leoni,feb,250021,26
,25,50,Parma,252442,Enrico Delprato,feb,250021,53
,25,50,Parma,271856,Antoine Hainaut,feb,250021,53
,25,50,Parma,255981,Zion Suzuki,feb,250021,72
,25,50,Parma,271385,Edoardo Corvi,feb,250021,64
,25,50,Parma,201354,Richard Marcone,feb,250021,61
,25,1842,Cagliari,248385,Roberto Piccoli,feb,250021,71
,25,1842,Cagliari,70049,Kingstone Mutandwa,feb,250021,62
,25,1842,Cagliari,205850,Leonardo Pavoletti,feb,250021,67
,25,1842,Cagliari,173160,Nicolas Viola,feb,250021,71
,25,1842,Cagliari,246877,Gianluca Gaetano,feb,250021,71
,25,1842,Cagliari,259011,Zito André Sebastião Luvumbo,feb,250021,67
,25,1842,Cagliari,248857,Mattia Felici,feb,250021,62
,25,1842,Cagliari,226592,Jakub Jankto,feb,250021,64
,25,1842,Cagliari,252440,Nadir Zortea,feb,250021,64
,25,1842,Cagliari,270597,Antoine Makoumbou,feb,250021,58
,25,1842,Cagliari,254982,Michel Ndary Adopo,feb,250021,58
,25,1842,Cagliari,235813,Răzvan Marin,feb,250021,74
,25,1842,Cagliari,229743,Alessandro Deiola,feb,250021,66
,25,1842,Cagliari,272725,Matteo Prati,feb,250021,65
,25,1842,Cagliari,240100,Tommaso Augello,feb,250021,56
,25,1842,Cagliari,266636,Adam Obert,feb,250021,48
,25,1842,Cagliari,220534,Sebastiano Luperto,feb,250021,47
,25,1842,Cagliari,217196,José Luis Palomino,feb,250021,35
,25,1842,Cagliari,220523,Yerry Mina,feb,250021,49
,25,1842,Cagliari,252964,Gabriele Zappa,feb,250021,56
,25,1842,Cagliari,255303,Elia Caprile,feb,250021,74
,25,1842,Cagliari,73838,Alen Sherri,feb,250021,67
,25,1842,Cagliari,271199,Giuseppe Ciocci,feb,250021,59
,25,1842,Cagliari,277628,Velizar-Iliya Iliev,feb,250021,57
,25,206,Hellas Verona,256453,Amin Sarr,feb,250021,68
,25,206,Hellas Verona,257920,Casper Tengstedt,feb,250021,73
,25,206,Hellas Verona,266585,Daniel Mosquera,feb,250021,70
,25,206,Hellas Verona,73853,Dailon Rocha Livramento,feb,250021,71
,25,206,Hellas Verona,72322,Junior Ajayi,feb,250021,55
,25,206,Hellas Verona,255453,Juan Manuel Cruz,feb,250021,67
,25,206,Hellas Verona,255233,Tomáš Suslov,feb,250021,70
,25,206,Hellas Verona,237335,Grigoris Kastanos,feb,250021,70
,25,206,Hellas Verona,278326,Alphadjo Cissè,feb,250021,58
,25,206,Hellas Verona,276787,Ayanda Sishuba,feb,250021,59
,25,206,Hellas Verona,212127,Darko Lazović,feb,250021,71
,25,206,Hellas Verona,252000,Domagoj Bradarić,feb,250021,53
,25,206,Hellas Verona,222148,Ondrej Duda,feb,250021,72
,25,206,Hellas Verona,230065,Suat Serdar,feb,250021,70
,25,206,Hellas Verona,275163,Reda Belahyane,feb,250021,48
,25,206,Hellas Verona,270686,Daniel Filipe Bandeira e Silva,feb,250021,55
,25,206,Hellas Verona,248661,Cheikh Niasse,feb,250021,43
,25,206,Hellas Verona,241937,Abdou Harroui,feb,250021,68
,25,206,Hellas Verona,262937,Jackson Tchatchoua,feb,250021,58
,25,206,Hellas Verona,195272,Marco Davide Faraoni,feb,250021,71
,25,206,Hellas Verona,278230,Mathis Lambourde,feb,250021,60
,25,206,Hellas Verona,277695,Daniele Ghilardi,feb,250021,41
,25,206,Hellas Verona,269181,Diego Coppola,feb,250021,39
,25,206,Hellas Verona,252017,Flavius Daniliuc,feb,250021,41
,25,206,Hellas Verona,238009,Martin Frese,feb,250021,64
,25,206,Hellas Verona,72029,Christian Corradi,feb,250021,33
,25,206,Hellas Verona,262930,Daniel Oyegoke,feb,250021,35
,25,206,Hellas Verona,271458,Yllan Okou,feb,250021,31
,25,206,Hellas Verona,213404,Paweł Dawidowicz,feb,250021,47
,25,206,Hellas Verona,215363,Lorenzo Montipò,feb,250021,76
,25,206,Hellas Verona,210940,Simone Perilli,feb,250021,67
,25,206,Hellas Verona,202793,Alessandro Berardi,feb,250021,62
,25,55,Udinese,268474,Lorenzo Lucca,feb,250021,74
,25,55,Udinese,231743,Keinan Davis,feb,250021,70
,25,55,Udinese,204970,Florian Thauvin,feb,250021,76
,25,55,Udinese,240332,Brenner Souza da Silva,feb,250021,70
,25,55,Udinese,184941,Alexis Sánchez,feb,250021,79
,25,55,Udinese,265194,Iker Bravo Solanilla,feb,250021,66
,25,55,Udinese,268396,Damián Pizarro,feb,250021,59
,25,55,Udinese,240970,Martín Payero,feb,250021,64
,25,55,Udinese,271575,Simone Pafundi,feb,250021,64
,25,55,Udinese,223866,Sandi Lovrič,feb,250021,62
,25,55,Udinese,243249,Jurgen Ekkelenkamp,feb,250021,67
,25,55,Udinese,258615,Oier Zarraga Egaña,feb,250021,64
,25,55,Udinese,272783,Arthur Atta,feb,250021,53
,25,55,Udinese,214658,Jesper Karlström,feb,250021,54
,25,55,Udinese,220421,Hassane Kamara,feb,250021,60
,25,55,Udinese,259634,Jordan Zemura,feb,250021,48
,25,55,Udinese,242238,Oumar Solet,feb,250021,41
,25,55,Udinese,244238,Jaka Bijol,feb,250021,58
,25,55,Udinese,190324,Christian Kabasele,feb,250021,50
,25,55,Udinese,258972,Isaak Touré,feb,250021,29
,25,55,Udinese,215147,Lautaro Giannetti,feb,250021,34
,25,55,Udinese,261573,Thomas Thiesson Kristensen,feb,250021,25
,25,55,Udinese,225669,Kingsley Ehizibue,feb,250021,55
,25,55,Udinese,274270,Rui Manuel Muati Modesto,feb,250021,59
,25,55,Udinese,266803,Răzvan Sava,feb,250021,70
,25,55,Udinese,162297,Daniele Padelli,feb,250021,67
,25,55,Udinese,257288,Maduka Okoye,feb,250021,74
,25,1746,Empoli,247888,Sebastiano Esposito,feb,250021,73
,25,1746,Empoli,256899,Lorenzo Colombo,feb,250021,74
,25,1746,Empoli,238873,Pietro Pellegri,feb,250021,67
,25,1746,Empoli,235866,Christian Kouamé,feb,250021,70
,25,1746,Empoli,278181,Hemsley Akpa-Chukwu,feb,250021,60
,25,1746,Empoli,75083,Ismael Konate,feb,250021,54
,25,1746,Empoli,230681,Giuseppe Pezzella,feb,250021,54
,25,1746,Empoli,242429,Liberato Cacace,feb,250021,58
,25,1746,Empoli,236838,Youssef Maleh,feb,250021,64
,25,1746,Empoli,248474,Tino Anjorin,feb,250021,63
,25,1746,Empoli,219952,Liam Henderson,feb,250021,63
,25,1746,Empoli,266596,Jacopo Fazzini,feb,250021,65
,25,1746,Empoli,225117,Nicolas Haas,feb,250021,60
,25,1746,Empoli,239732,Szymon Żurkowski,feb,250021,69
,25,1746,Empoli,220491,Emmanuel Gyasi,feb,250021,62
,25,1746,Empoli,242090,Ola Solbakken,feb,250021,66
,25,1746,Empoli,223570,Junior Sambia,feb,250021,65
,25,1746,Empoli,220475,Alberto Grassi,feb,250021,61
,25,1746,Empoli,264044,Mattia Viti,feb,250021,34
,25,1746,Empoli,258782,Ardian Ismajli,feb,250021,30
,25,1746,Empoli,278319,Luca Marianucci,feb,250021,25
,25,1746,Empoli,278013,Saba Sazonov,feb,250021,40
,25,1746,Empoli,70252,Saba Goglichidze,feb,250021,24
,25,1746,Empoli,206058,Mattia De Sciglio,feb,250021,45
,25,1746,Empoli,224213,Tyronne Ebuehi,feb,250021,49
,25,1746,Empoli,233189,Devis Vásquez,feb,250021,70
,25,1746,Empoli,190745,Marco Silvestri,feb,250021,74
,25,1746,Empoli,257580,Federico Brancolini,feb,250021,57
,25,1746,Empoli,278356,Jacopo Seghetti,feb,250021,61
,25,205,Venezia,220165,Joel Pohjanpalo,feb,250021,76
,25,205,Venezia,201285,Christian Gytkjær,feb,250021,72
,25,205,Venezia,242332,Gianluca Busio,feb,250021,63
,25,205,Venezia,242755,John Yeboah,feb,250021,60
,25,205,Venezia,269276,Gaetano Oristanio,feb,250021,66
,25,205,Venezia,74664,Saad El Haddad,feb,250021,49
,25,205,Venezia,219655,Francesco Zampano,feb,250021,49
,25,205,Venezia,210384,Ridgeciano Haps,feb,250021,61
,25,205,Venezia,270485,Franco Carboni,feb,250021,39
,25,205,Venezia,237669,Alessio Zerbin,feb,250021,67
,25,205,Venezia,208535,Alfred Duncan,feb,250021,63
,25,205,Venezia,264436,Mikael Egill Ellertsson,feb,250021,68
,25,205,Venezia,236760,Enrique Pérez Muñoz,feb,250021,63
,25,205,Venezia,253162,Hans Nicolussi Caviglia,feb,250021,56
,25,205,Venezia,73379,Issa Doumbia,feb,250021,52
,25,205,Venezia,270512,Cheick Condé,feb,250021,64
,25,205,Venezia,231137,Domen Črnigoj,feb,250021,59
,25,205,Venezia,252315,Antonio Candela,feb,250021,53
,25,205,Venezia,258533,Bjarki Steinn Bjarkason,feb,250021,57
,25,205,Venezia,275087,Richie Sagrado,feb,250021,43
,25,205,Venezia,235800,Marin Šverko,feb,250021,36
,25,205,Venezia,250779,Michael Svoboda,feb,250021,43
,25,205,Venezia,256856,Fali Candé,feb,250021,55
,25,205,Venezia,276477,Alessandro Marcandalli,feb,250021,29
,25,205,Venezia,277214,Joël Schingtienne,feb,250021,24
,25,205,Venezia,262396,Jay Idzes,feb,250021,46
,25,205,Venezia,199904,Jesse Joronen,feb,250021,73
,25,205,Venezia,269271,Filip Stanković,feb,250021,72
,25,205,Venezia,230636,Matteo Grandi,feb,250021,60
,25,347,,271198,,sep,250002,47
,25,39,,214979,,sep,250002,79
,25,347,Lecce,239671,José Antonio Morente Oliva,feb,250021,69
,25,347,Lecce,231836,Jesper Karlsson,feb,250021,74
,25,347,Lecce,220018,Ante Rebić,feb,250021,74
,25,347,Lecce,271197,Lameck Banda,feb,250021,65
,25,347,Lecce,277839,Nikola Krstović,feb,250021,73
,25,347,Lecce,247668,Konan N'Dri,feb,250021,62
,25,347,Lecce,246649,Filip Marchwiński,feb,250021,63
,25,347,Lecce,201858,Nicola Sansone,feb,250021,70
,25,347,Lecce,277636,Rares Burnete,feb,250021,64
,25,347,Lecce,271494,Joel Voelkerling Persson,feb,250021,59
,25,347,Lecce,253139,Santiago Pierotti,feb,250021,66
,25,347,Lecce,266501,Balthazar Pierret,feb,250021,50
,25,347,Lecce,230107,Lassana Coulibaly,feb,250021,57
,25,347,Lecce,243787,Ylber Ramadani,feb,250021,56
,25,347,Lecce,263657,Þórir Jóhann Helgason,feb,250021,62
,25,347,Lecce,263469,Mohamed Kaba,feb,250021,51
,25,347,Lecce,271198,Medon Berisha,feb,250021,47
,25,347,Lecce,271196,Joan González Cañellas,feb,250021,61
,25,347,Lecce,251790,Hamza Rafia,feb,250021,65
,25,347,Lecce,244717,Antonino Gallo,feb,250021,51
,25,347,Lecce,270888,Gaby Jean,feb,250021,33
,25,347,Lecce,268573,Federico Baschirotto,feb,250021,52
,25,347,Lecce,275783,Kialonda Gaspar,feb,250021,30
,25,347,Lecce,70555,Tiago Gabriel Coelho Oliveira,feb,250021,33
,25,347,Lecce,235290,Kevin Bonifazi,feb,250021,35
,25,347,Lecce,227222,Frédéric Guilbert,feb,250021,45
,25,347,Lecce,271539,Danilo Filipe Melo Veiga,feb,250021,56
,25,347,Lecce,210676,Wladimiro Falcone,feb,250021,80
,25,347,Lecce,235266,Christian Früchtl,feb,250021,70
,25,347,Lecce,277734,Alexandru Borbei,feb,250021,58
,25,347,Lecce,278623,Jasper Samooja,feb,250021,61
,25,347,Lecce,263714,Ed McJannet,feb,250021,50
,25,347,Lecce,233265,Rémi Oudin,feb,250021,69
,25,347,Lecce,277839,Nikola Krstović,feb,250002,74
,25,347,Lecce,220018,Ante Rebić,feb,250002,75
,25,347,Lecce,277636,Rares Burnete,feb,250002,64
,25,347,Lecce,253139,Santiago Pierotti,feb,250002,66
,25,347,Lecce,251790,Hamza Rafia,feb,250002,65
,25,347,Lecce,201858,Nicola Sansone,feb,250002,70
,25,347,Lecce,263657,Þórir Jóhann Helgason,feb,250002,62
,25,347,Lecce,70163,Luis Hasa,feb,250002,54
,25,347,Lecce,271196,Joan González Cañellas,feb,250002,61
,25,347,Lecce,246649,Filip Marchwiński,feb,250002,63
,25,347,Lecce,263714,Ed McJannet,feb,250002,50
,25,347,Lecce,271197,Lameck Banda,feb,250002,65
,25,347,Lecce,239671,José Antonio Morente Oliva,feb,250002,69
,25,347,Lecce,233265,Rémi Oudin,feb,250002,70
,25,347,Lecce,279815,Henri Salomaa,feb,250002,64
,25,347,Lecce,266501,Balthazar Pierret,feb,250002,50
,25,347,Lecce,243787,Ylber Ramadani,feb,250002,56
,25,347,Lecce,263469,Mohamed Kaba,feb,250002,51
,25,347,Lecce,230107,Lassana Coulibaly,feb,250002,57
,25,347,Lecce,244717,Antonino Gallo,feb,250002,51
,25,347,Lecce,277432,Patrick Dorgu,feb,250002,49
,25,347,Lecce,275783,Kialonda Gaspar,feb,250002,30
,25,347,Lecce,270888,Gaby Jean,feb,250002,33
,25,347,Lecce,268573,Federico Baschirotto,feb,250002,52
,25,347,Lecce,247412,Andy Pelmard,feb,250002,33
,25,347,Lecce,235290,Kevin Bonifazi,feb,250002,35
,25,347,Lecce,227222,Frédéric Guilbert,feb,250002,45
,25,347,Lecce,210676,Wladimiro Falcone,feb,250002,80
,25,347,Lecce,235266,Christian Früchtl,feb,250002,70
,25,347,Lecce,277734,Alexandru Borbei,feb,250002,58
,25,347,Lecce,278623,Jasper Samooja,feb,250002,61
,25,347,Lecce,245863,Valentin Gendrey,sep,250002,32
,25,110374,Fiorentina,236791,Antonin Barak,sep,250002,76
,25,1745,Como,263882,Alieu Fadera,sep,250002,63
,25,54,Torino,70480,Alieu Njie,sep,250002,64
,25,47,Milan,245152,Santiago Gimenez,sep,250002,79
,25,110556,Genoa,74483,Honest Ahanor,sep,250002,42
,25,47,Milan,279202,Francesco Camarda,sep,250002,66
,25,110556,Genoa,74927,Lior Kasa,sep,250002,42
,25,45,Juventus,75085,Vasilije Adzic,sep,250002,65
,25,110556,Genoa,186627,,sep,250002,77
,25,55,Udinese,242238,Oumar Solet,sep,250002,41
,25,1745,Como,225149,Jean Butez,sep,250002,77
,25,1745,Como,275324,Assane Diao,sep,250002,68
,25,1746,Empoli,278356,Jacopo Seghetti,sep,250002,61
,25,1745,Como,246646,Maxence Caqueret,sep,250002,61
,25,45,Juventus,237679,Randal Kolo Muani,sep,250002,79
,25,50,Parma,264294,Mathias Lovik,sep,250002,37
,25,52,Roma,258826,Devyne Rensch,sep,250002,54
,25,47,Milan,279202,Francesco Camarda,feb,250021,66
,25,45,Juventus,231512,LLoyd Kelly,feb,250021,38
,25,1745,Como,77163,Ivan Smolcic,feb,250021,54
,25,206,Hellas Verona,234795,Antoine Bernede,feb,250021,60
,25,47,Milan,242444,Joao Felix,feb,250021,78
,25,47,Milan,245152,Santiago Gimenez,feb,250021,79
,25,205,Venezia,267593,Daniel Fila,feb,250021,70
,25,52,Roma,257271,Lucas Gourna-Douath,feb,250021,50
,25,1842,Cagliari,238274,Florinel Coman,feb,250021,69
,25,52,Roma,268728,Anass Salah-Eddine,feb,250021,39
,25,1746,Empoli,228698,Vitor Kovalenko,feb,250021,69
,25,1746,Empoli,76025,Thomas Campaniello,feb,250021,55
,25,50,Parma,263229,Mateo Pellegrino,feb,250021,65
,25,111811,Monza,215785,Keita Balde Diao,feb,250021,69
,25,110374,Fiorentina,276682,Cher Ndour,feb,250021,61
,25,52,Roma,235658,Victor Nelsson,feb,250021,42
,25,1745,Como,261478,Anastasios Douvikas,feb,250021,71
,25,189,Bologna,266158,Estanislau Pedrola,feb,250021,67
,25,110556,Genoa,74483,Honest Ahanor,feb,250021,42
,25,54,Torino,76027,Sergiu Perciun,feb,250021,48
,25,54,,75443,,feb,250021,56
,24,48,Napoli,247635,Khvicha Kvaratskhelia,sep,240002,78
,24,48,Napoli,237669,Alessio Zerbin,sep,240002,67
,24,48,Napoli,232293,Victor Osimhen,sep,240002,85
,24,48,Napoli,253002,Giacomo Raspadori,sep,240002,77
,24,48,Napoli,216816,Giovanni Simeone,sep,240002,79
,24,48,Napoli,216409,Matteo Politano,sep,240002,77
,24,48,Napoli,210406,Piotr Zieliński,sep,240002,76
,24,48,Napoli,227236,André-Franck Zambo Anguissa,sep,240002,66
,24,48,Napoli,241390,Eljif Elmas,sep,240002,71
,24,48,Napoli,245741,Jesper Lindstrøm,sep,240002,71
,24,48,Napoli,246877,Gianluca Gaetano,sep,240002,70
,24,48,Napoli,216435,Stanislav Lobotka,sep,240002,68
,24,48,Napoli,202325,Diego Demme,sep,240002,45
,24,48,Napoli,244472,Jens-Lys Cajuste,sep,240002,61
,24,48,Napoli,240716,Mathías Olivera,sep,240002,48
,24,48,Napoli,204614,Mário Rui Silva Duarte,sep,240002,56
,24,48,Napoli,264392,Karim Zedadka,sep,240002,52
,24,48,Napoli,200752,Juan Guilherme Nunes Jesus,sep,240002,31
,24,48,Napoli,277537,Bernardo de Souza,sep,240002,33
,24,48,Napoli,244263,Amir Rrahmani,sep,240002,50
,24,48,Napoli,238516,Leo Østigård,sep,240002,37
,24,48,Napoli,217870,Giovanni Di Lorenzo,sep,240002,66
,24,48,Napoli,268656,Alessandro Zanoli,sep,240002,38
,24,48,Napoli,225116,Alex Meret,sep,240002,83
,24,48,Napoli,211515,Pierluigi Gollini,sep,240002,76
,24,48,Napoli,271957,Hubert Idasiak,sep,240002,55
,24,48,Napoli,220532,Nikita Contini,sep,240002,67
,24,47,AC Milan,241721,Rafael da Conceição Leão,sep,240002,79
,24,47,AC Milan,277013,Chaka Traorè,sep,240002,67
,24,47,AC Milan,178509,Olivier Giroud,sep,240002,83
,24,47,AC Milan,232432,Luka Jović,sep,240002,76
,24,47,AC Milan,242530,Noah Okafor,sep,240002,73
,24,47,AC Milan,227796,Christian Pulisic,sep,240002,70
,24,47,AC Milan,246172,Samuel Chukwueze,sep,240002,75
,24,47,AC Milan,258467,Luka Romero,sep,240002,60
,24,47,AC Milan,213666,Ruben Loftus-Cheek,sep,240002,67
,24,47,AC Milan,252060,Tommaso Pobega,sep,240002,75
,24,47,AC Milan,240638,Tijjani Reijnders,sep,240002,73
,24,47,AC Milan,253177,Yunus Musah,sep,240002,67
,24,47,AC Milan,243627,Yacine Adli,sep,240002,67
,24,47,AC Milan,229758,Rade Krunić,sep,240002,71
,24,47,AC Milan,226754,Ismaël Bennacer,sep,240002,71
,24,47,AC Milan,232656,Theo Hernández,sep,240002,70
,24,47,AC Milan,232756,Fikayo Tomori,sep,240002,39
,24,47,AC Milan,179645,Simon Kjær,sep,240002,54
,24,47,AC Milan,255654,Pierre Kalulu,sep,240002,49
,24,47,AC Milan,256261,Malick Thiaw,sep,240002,47
,24,47,AC Milan,220477,Mattia Caldara,sep,240002,34
,24,47,AC Milan,274947,Marco Pellegrino,sep,240002,39
,24,47,AC Milan,228881,Davide Calabria,sep,240002,57
,24,47,AC Milan,203551,Alessandro Florenzi,sep,240002,76
,24,47,AC Milan,215698,Mike Maignan,sep,240002,87
,24,47,AC Milan,216065,Marco Sportiello,sep,240002,77
,24,47,AC Milan,140293,Antonio Mirante,sep,240002,71
,24,45,Juventus,235805,Federico Chiesa,sep,240002,81
,24,45,Juventus,205175,Arkadiusz Milik,sep,240002,82
,24,45,Juventus,246430,Dušan Vlahović,sep,240002,84
,24,45,Juventus,236610,Moise Kean,sep,240002,75
,24,45,Juventus,208574,Filip Kostić,sep,240002,75
,24,45,Juventus,258966,Andrea Cambiaso,sep,240002,53
,24,45,Juventus,277954,Kenan Yıldız,sep,240002,55
,24,45,Juventus,272379,Samuel Iling-Junior,sep,240002,59
,24,45,Juventus,210008,Adrien Rabiot,sep,240002,75
,24,45,Juventus,260823,Nicolò Fagioli,sep,240002,63
,24,45,Juventus,238744,Weston McKennie,sep,240002,71
,24,45,Juventus,268802,Fabio Miretti,sep,240002,60
,24,45,Juventus,253162,Hans Nicolussi Caviglia,sep,240002,52
,24,45,Juventus,241496,Timothy Weah,sep,240002,70
,24,45,Juventus,206058,Mattia De Sciglio,sep,240002,45
,24,45,Juventus,222077,Manuel Locatelli,sep,240002,70
,24,45,Juventus,199304,Danilo Luiz da Silva,sep,240002,67
,24,45,Juventus,239580,Gleison Bremer Silva Nascimento,sep,240002,49
,24,45,Juventus,191043,Alex Sandro Lobo Silva,sep,240002,64
,24,45,Juventus,211320,Daniele Rugani,sep,240002,40
,24,45,Juventus,266872,Federico Gatti,sep,240002,35
,24,45,Juventus,186153,Wojciech Szczęsny,sep,240002,86
,24,45,Juventus,198009,Mattia Perin,sep,240002,79
,24,45,Juventus,189342,Carlo Pinsoglio,sep,240002,72
,24,45,Juventus,271583,Giovanni Garofani,sep,240002,61
,24,52,Roma,208596,Andrea Belotti,sep,240002,75
,24,52,Roma,192505,Romelu Lukaku,sep,240002,83
,24,52,Roma,264845,Julen Jon Guerrero Landabaso,sep,240002,54
,24,52,Roma,211110,Paulo Dybala,sep,240002,85
,24,52,Roma,277862,Filippo Alessio,sep,240002,61
,24,52,Roma,213955,Sardar Azmoun,sep,240002,74
,24,52,Roma,231352,Tammy Abraham,sep,240002,76
,24,52,Roma,202884,Leonardo Spinazzola,sep,240002,63
,24,52,Roma,190813,Stephan El Shaarawy,sep,240002,75
,24,52,Roma,234906,Houssem Aouar,sep,240002,68
,24,52,Roma,208268,Bryan Cristante,sep,240002,72
,24,52,Roma,228251,Lorenzo Pellegrini,sep,240002,76
,24,52,Roma,262171,Edoardo Bove,sep,240002,66
,24,52,Roma,230767,Renato Júnior Luz Sanches,sep,240002,69
,24,52,Roma,276951,Riccardo Pagano,sep,240002,54
,24,52,Roma,275291,Niccolò Pisilli,sep,240002,56
,24,52,Roma,233301,Rasmus Kristensen,sep,240002,66
,24,52,Roma,262113,Nicola Zalewski,sep,240002,58
,24,52,Roma,224490,Zeki Çelik,sep,240002,58
,24,52,Roma,222558,Rick Karsdorp,sep,240002,62
,24,52,Roma,207439,Leandro Paredes,sep,240002,64
,24,52,Roma,212602,Diego Javier Llorente Ríos,sep,240002,39
,24,52,Roma,189881,Chris Smalling,sep,240002,47
,24,52,Roma,236403,Evan Ndicka,sep,240002,51
,24,52,Roma,245426,Marash Kumbulla,sep,240002,32
,24,52,Roma,229582,Gianluca Mancini,sep,240002,44
,24,52,Roma,178005,Rui Pedro dos Santos Patrício,sep,240002,81
,24,52,Roma,230872,Mile Svilar,sep,240002,71
,24,52,Roma,259973,Pietro Boer,sep,240002,60
,24,39,Atalanta,230899,Ademola Lookman,sep,240002,80
,24,39,Atalanta,226710,Gianluca Scamacca,sep,240002,78
,24,39,Atalanta,199110,Luis Muriel,sep,240002,80
,24,39,Atalanta,255529,El Bilal Touré,sep,240002,70
,24,39,Atalanta,240679,Teun Koopmeiners,sep,240002,74
,24,39,Atalanta,223273,Mario Pašalić,sep,240002,77
,24,39,Atalanta,251470,Charles De Ketelaere,sep,240002,72
,24,39,Atalanta,214092,Alexey Miranchuk,sep,240002,70
,24,39,Atalanta,259584,Matteo Ruggeri,sep,240002,48
,24,39,Atalanta,239368,Mitchel Bakker,sep,240002,53
,24,39,Atalanta,266866,Éderson José dos Santos,sep,240002,65
,24,39,Atalanta,208461,Marten de Roon,sep,240002,69
,24,39,Atalanta,254982,Michel Ndary Adopo,sep,240002,53
,24,39,Atalanta,216150,Davide Zappacosta,sep,240002,67
,24,39,Atalanta,246656,Emil Holm,sep,240002,59
,24,39,Atalanta,252440,Nadir Zortea,sep,240002,44
,24,39,Atalanta,220093,Hans Hateboer,sep,240002,62
,24,39,Atalanta,207993,Sead Kolašinac,sep,240002,61
,24,39,Atalanta,208165,Berat Djimsiti,sep,240002,37
,24,39,Atalanta,187598,Rafael Tolói,sep,240002,51
,24,39,Atalanta,217196,José Luis Palomino,sep,240002,32
,24,39,Atalanta,265188,Giorgio Scalvini,sep,240002,31
,24,39,Atalanta,214979,Juan Musso,sep,240002,79
,24,39,Atalanta,252154,Marco Carnesecchi,sep,240002,79
,24,39,Atalanta,194894,Francesco Rossi,sep,240002,61
,24,46,Lazio,220502,Mattia Zaccagni,sep,240002,76
,24,46,Lazio,273934,Diego Luis Gonzalez Alcaraz,sep,240002,68
,24,46,Lazio,192387,Ciro Immobile,sep,240002,87
,24,46,Lazio,237712,Valentin Castellanos,sep,240002,78
,24,46,Lazio,233809,Alessandro Rossi,sep,240002,63
,24,46,Lazio,245639,André Anderson Pomilio Lima,sep,240002,58
,24,46,Lazio,201995,Felipe Anderson Pereira Gomes,sep,240002,78
,24,46,Lazio,189505,Pedro Rodríguez Ledesma,sep,240002,73
,24,46,Lazio,248729,Gustav Isaksen,sep,240002,69
,24,46,Lazio,198706,Luis Alberto Romero Alconchel,sep,240002,76
,24,46,Lazio,245275,Toma Bašić,sep,240002,65
,24,46,Lazio,232730,Daichi Kamada,sep,240002,71
,24,46,Lazio,219985,Matías Vecino,sep,240002,72
,24,46,Lazio,255001,Nicolò Rovella,sep,240002,62
,24,46,Lazio,236496,Mattéo Guendouzi,sep,240002,67
,24,46,Lazio,211361,Danilo Cataldi,sep,240002,71
,24,46,Lazio,224031,Adam Marušić,sep,240002,66
,24,46,Lazio,210864,Elseid Hysaj,sep,240002,49
,24,46,Lazio,243237,Luca Pellegrini,sep,240002,53
,24,46,Lazio,210413,Alessio Romagnoli,sep,240002,39
,24,46,Lazio,239770,Nicolò Casale,sep,240002,52
,24,46,Lazio,206098,Patricio Gabarrón Gil,sep,240002,51
,24,46,Lazio,268804,Mario Gila Fuentes,sep,240002,39
,24,46,Lazio,235374,Manuel Lazzari,sep,240002,60
,24,46,Lazio,224987,Ivan Provedel,sep,240002,82
,24,46,Lazio,191011,Luigi Sepe,sep,240002,73
,24,46,Lazio,278032,Christos Mandas,sep,240002,55
,24,110374,Fiorentina,234711,Josip Brekalo,sep,240002,73
,24,110374,Fiorentina,246431,Riccardo Sottil,sep,240002,65
,24,110374,Fiorentina,240452,M'Bala Nzola,sep,240002,73
,24,110374,Fiorentina,246258,Lucas Beltrán,sep,240002,75
,24,110374,Fiorentina,235866,Christian Kouamé,sep,240002,71
,24,110374,Fiorentina,240690,Nicolás González,sep,240002,75
,24,110374,Fiorentina,234612,Jonathan Ikoné,sep,240002,66
,24,110374,Fiorentina,258104,Gino Infantino,sep,240002,60
,24,110374,Fiorentina,189125,Giacomo Bonaventura,sep,240002,77
,24,110374,Fiorentina,225439,Rolando Mandragora,sep,240002,66
,24,110374,Fiorentina,236791,Antonín Barák,sep,240002,76
,24,110374,Fiorentina,208535,Alfred Duncan,sep,240002,63
,24,110374,Fiorentina,230658,Arthur Henrique Ramos Oliveira Melo,sep,240002,65
,24,110374,Fiorentina,224030,Maxime Lopez,sep,240002,70
,24,110374,Fiorentina,225014,Gaetano Castrovilli,sep,240002,66
,24,110374,Fiorentina,278096,Lorenzo Amatucci,sep,240002,45
,24,110374,Fiorentina,201389,Cristiano Biraghi,sep,240002,67
,24,110374,Fiorentina,258976,Fabiano Parisi,sep,240002,66
,24,110374,Fiorentina,228708,Lucas Martínez Quarta,sep,240002,55
,24,110374,Fiorentina,240777,Luca Ranieri,sep,240002,40
,24,110374,Fiorentina,257786,Christian Dalle Mura,sep,240002,29
,24,110374,Fiorentina,238095,Nikola Milenković,sep,240002,45
,24,110374,Fiorentina,220523,Yerry Mina,sep,240002,53
,24,110374,Fiorentina,234112,Domilson Cordeiro dos Santos,sep,240002,57
,24,110374,Fiorentina,277869,Michael Kayode,sep,240002,33
,24,110374,Fiorentina,205812,Pietro Terracciano,sep,240002,79
,24,110374,Fiorentina,236758,Oliver Christensen,sep,240002,73
,24,189,Bologna,250961,Joshua Zirkzee,sep,240002,73
,24,189,Bologna,244601,Sydney van Hooijdonk,sep,240002,74
,24,189,Bologna,242280,Lewis Ferguson,sep,240002,73
,24,189,Bologna,271019,Giovanni Fabbian,sep,240002,62
,24,189,Bologna,254819,Kacper Urbański,sep,240002,51
,24,189,Bologna,231836,Jesper Karlsson,sep,240002,75
,24,189,Bologna,233556,Riccardo Orsolini,sep,240002,74
,24,189,Bologna,242664,Alexis Saelemaekers,sep,240002,66
,24,189,Bologna,236898,Michel Aebischer,sep,240002,64
,24,189,Bologna,257980,Dan Ndoye,sep,240002,64
,24,189,Bologna,244270,Nikola Moro,sep,240002,70
,24,189,Bologna,202024,Remo Freuler,sep,240002,68
,24,189,Bologna,269745,Oussama El Azzouzi,sep,240002,43
,24,189,Bologna,259762,Victor Kristiansen,sep,240002,54
,24,189,Bologna,257711,Riccardo Calafiori,sep,240002,46
,24,189,Bologna,277704,Tommaso Corazza,sep,240002,49
,24,189,Bologna,210381,Charalampos Lykogiannis,sep,240002,67
,24,189,Bologna,231207,Jhon Lucumí,sep,240002,27
,24,189,Bologna,262394,Sam Beukema,sep,240002,54
,24,189,Bologna,235290,Kevin Bonifazi,sep,240002,35
,24,189,Bologna,200353,Adama Soumaoro,sep,240002,37
,24,189,Bologna,269183,Wisdom Amey,sep,240002,38
,24,189,Bologna,223671,Stefan Posch,sep,240002,28
,24,189,Bologna,170320,Lorenzo De Silvestri,sep,240002,65
,24,189,Bologna,189908,Łukasz Skorupski,sep,240002,77
,24,189,Bologna,240657,Federico Ravaglia,sep,240002,65
,24,189,Bologna,271420,Nicola Bagnolini,sep,240002,55
,24,54,Torino,215333,Duván Zapata,sep,240002,80
,24,54,Torino,238873,Pietro Pellegri,sep,240002,67
,24,54,Torino,266877,Demba Seck,sep,240002,63
,24,54,Torino,219932,Antonio Sanabria,sep,240002,75
,24,54,Torino,241095,Nikola Vlašić,sep,240002,75
,24,54,Torino,231826,Yann Karamoh,sep,240002,68
,24,54,Torino,243656,Nemanja Radonjić,sep,240002,74
,24,54,Torino,228349,Mërgim Vojvoda,sep,240002,52
,24,54,Torino,271481,Sebastian Wade,sep,240002,31
,24,54,Torino,258683,Ivan Ilić,sep,240002,71
,24,54,Torino,273932,Gvidas Gineitis,sep,240002,53
,24,54,Torino,253473,Samuele Ricci,sep,240002,54
,24,54,Torino,211408,Karol Linetty,sep,240002,61
,24,54,Torino,213242,Adrien Tameze,sep,240002,63
,24,54,Torino,247229,Raoul Bellanova,sep,240002,30
,24,54,Torino,258407,Brandon Soppy,sep,240002,48
,24,54,Torino,211147,Valentino Lazaro,sep,240002,68
,24,54,Torino,193352,Ricardo Rodríguez,sep,240002,66
,24,54,Torino,243241,Alessandro Buongiorno,sep,240002,45
,24,54,Torino,203884,Koffi Djidji,sep,240002,31
,24,54,Torino,255687,David Zima,sep,240002,38
,24,54,Torino,278013,Saba Sazonov,sep,240002,40
,24,54,Torino,273928,Ange Caumenan N'Guessan,sep,240002,31
,24,54,Torino,241854,Perr Schuurs,sep,240002,64
,24,54,Torino,224836,Vanja Milinković-Savić,sep,240002,76
,24,54,Torino,253688,Mihai Popa,sep,240002,68
,24,54,Torino,266333,Luca Gemello,sep,240002,64
,24,54,Torino,272392,Matteo Fiorenza,sep,240002,48
,24,347,Lecce,201858,Nicola Sansone,sep,240002,71
,24,347,Lecce,233265,Rémi Oudin,sep,240002,69
,24,347,Lecce,271197,Lameck Banda,sep,240002,64
,24,347,Lecce,228751,Marcin Listkowski,sep,240002,58
,24,347,Lecce,277839,Nikola Krstović,sep,240002,73
,24,347,Lecce,248385,Roberto Piccoli,sep,240002,67
,24,347,Lecce,236706,Pontus Almqvist,sep,240002,63
,24,347,Lecce,277636,Rares Burnete,sep,240002,64
,24,347,Lecce,235949,Gabriel Tadeu Strefezza Rebelato,sep,240002,66
,24,347,Lecce,270976,Jeppe Corfitzen,sep,240002,55
,24,347,Lecce,277918,Baylin Johnson,sep,240002,55
,24,347,Lecce,271196,Joan González Cañellas,sep,240002,59
,24,347,Lecce,243787,Ylber Ramadani,sep,240002,56
,24,347,Lecce,222982,Alexis Blin,sep,240002,52
,24,347,Lecce,263469,Mohamed Kaba,sep,240002,51
,24,347,Lecce,271198,Medon Berisha,sep,240002,47
,24,347,Lecce,272450,Giacomo Faticanti,sep,240002,43
,24,347,Lecce,264335,Daniel Samek,sep,240002,64
,24,347,Lecce,263714,Ed McJannet,sep,240002,50
,24,347,Lecce,251790,Hamza Rafia,sep,240002,63
,24,347,Lecce,244717,Antonino Gallo,sep,240002,48
,24,347,Lecce,277432,Patrick Dorgu,sep,240002,49
,24,347,Lecce,238370,Marin Pongračić,sep,240002,25
,24,347,Lecce,236535,Ahmed Touba,sep,240002,52
,24,347,Lecce,230143,Kastriot Dermaku,sep,240002,37
,24,347,Lecce,268573,Federico Baschirotto,sep,240002,52
,24,347,Lecce,276899,Zinedin Smajlović,sep,240002,31
,24,347,Lecce,245863,Valentin Gendrey,sep,240002,32
,24,347,Lecce,220509,Lorenzo Venuti,sep,240002,25
,25,50,,212886,,sep,250001,68
,25,110374,,205812,,sep,250001,79
,25,50,,264364,,sep,250001,56
,25,110374,,277869,,sep,250001,34
,25,50,,255981,,sep,250001,71
,25,110374,,201389,,sep,250001,67
,25,110374,,234112,,sep,250001,57
,25,110374,,225439,,sep,250001,66
,25,110374,,234612,,sep,250001,66
,25,110374,,251988,,sep,250001,75
,25,50,,252794,,sep,250001,70
,25,50,,259565,,sep,250001,72
,25,110374,,236610,,sep,250001,75
,25,50,,240992,,sep,250001,69
,25,50,,248060,,sep,250001,64
,25,50,,239978,,sep,250001,72
,25,50,,244634,,sep,250001,65
,25,110374,,228708,,sep,250001,55
,25,47,,240638,,sep,250001,74
,25,54,,224836,,sep,250001,77
,25,47,,253177,,sep,250001,68
,25,47,,232656,,sep,250001,76
,25,47,,242530,,sep,250001,77
,25,47,,201153,,sep,250001,80
,25,47,,241721,,sep,250001,78
,25,54,,228349,,sep,250001,52
,25,47,,215698,,sep,250001,87
,25,47,,232756,,sep,250001,39
,25,47,,227796,,sep,250001,81
,25,54,,215333,,sep,250001,81
,25,47,,246172,,sep,250001,73
,25,47,,232432,,sep,250001,78
,25,54,,258683,,sep,250001,71
,25,54,,256261,,sep,250001,47
,25,54,,247229,,sep,250001,30
,25,111811,,215689,,sep,250001,72
,25,1746,,233189,,sep,250001,68
,25,1746,,242090,,sep,250001,67
,25,111811,,268875,,sep,250001,67
,25,1746,,256899,,sep,250001,74
,25,111811,,199776,,sep,250001,41
,25,1746,,264044,,sep,250001,34
,25,1746,,258782,,sep,250001,30
,25,1746,,247888,,sep,250001,73
,25,1746,,219952,,sep,250001,63
,25,111811,,237003,,sep,250001,51
,25,1746,,220491,,sep,250001,62
,25,1746,,236838,,sep,250001,64
,25,111811,,255611,,sep,250001,68
,25,55,,259634,,sep,250001,37
,25,189,,189908,,sep,250001,79
,25,189,,236898,,sep,250001,66
,25,55,,257288,,sep,250001,74
,25,189,,268703,,sep,250001,71
,25,189,,271019,,sep,250001,72
,25,189,,267861,,sep,250001,71
,25,55,,215147,,sep,250001,34
,25,55,,204970,,sep,250001,75
,25,189,,233556,,sep,250001,80
,25,189,,244270,,sep,250001,72
,25,189,,257980,,sep,250001,66
,25,189,,262394,,sep,250001,54
,25,55,,240970,,sep,250001,64
,25,206,,266585,,sep,250001,70
,25,48,,225116,,sep,250001,81
,25,206,,212127,,sep,250001,71
,25,48,,246457,,sep,250001,71
,25,206,,215363,,sep,250001,77
,25,48,,253002,,sep,250001,76
,25,206,,242392,,sep,250001,39
,25,48,,227236,,sep,250001,66
,25,48,,216409,,sep,250001,77
,25,206,,262937,,sep,250001,55
,25,206,,73853,,sep,250001,71
,25,206,,237335,,sep,250001,70
,25,48,,244263,,sep,250001,50
,25,48,,247635,,sep,250001,77
,25,48,,216435,,sep,250001,66
,25,48,,200752,,sep,250001,31
,25,52,,190813,,sep,250001,75
,25,1842,,220048,,sep,250001,73
,25,1842,,205850,,sep,250001,68
,25,52,,230872,,sep,250001,75
,25,52,,242458,,sep,250001,83
,25,1842,,248385,,sep,250001,71
,25,1842,,235813,,sep,250001,73
,25,52,,220651,,sep,250001,69
,25,52,,229582,,sep,250001,44
,25,52,,211110,,sep,250001,85
,25,52,,269312,,sep,250001,71
,25,52,,208268,,sep,250001,73
,25,52,,228251,,sep,250001,77
,25,52,,265695,,sep,250001,69
,25,1842,,229743,,sep,250001,66
,25,52,,262113,,sep,250001,64
,25,1842,,259011,,sep,250001,69
,25,52,,224490,,sep,250001,58
,25,1842,,224302,,sep,250001,37
,25,205,,263647,,sep,250001,38
,25,46,,224987,,sep,250001,83
,25,205,,241628,,sep,250001,64
,25,46,,264880,,sep,250001,72
,25,205,,199904,,sep,250001,74
,25,46,,237712,,sep,250001,78
,25,46,,258890,,sep,250001,68
,25,205,,210384,,sep,250001,61
,25,205,,208535,,sep,250001,63
,25,46,,220502,,sep,250001,76
,25,46,,239770,,sep,250001,52
,25,205,,201285,,sep,250001,72
,25,46,,224031,,sep,250001,66
,25,205,,219655,,sep,250001,49
,25,205,,264436,,sep,250001,68
,25,205,,275087,,sep,250001,43
,25,205,,237840,,sep,250001,58
,25,347,,271198,,sep,250001,47
,25,39,,214979,,sep,250001,79
,25,347,,253139,,sep,250001,66
,25,347,,277432,,sep,250001,49
,25,347,,268573,,sep,250001,52
,25,347,,271197,,sep,250001,65
,25,347,,243787,,sep,250001,56
,25,39,,223273,,sep,250001,77
,25,347,,210676,,sep,250001,80
,25,39,,257785,,sep,250001,62
,25,347,,277839,,sep,250001,74
,25,39,,241850,,sep,250001,74
,25,347,,245863,,sep,250001,32
,25,39,,216150,,sep,250001,67
,25,39,,251470,,sep,250001,76
,25,347,,251790,,sep,250001,65
,25,347,,244717,,sep,250001,51
,25,347,,275783,,sep,250001,30
,25,110556,,263829,,sep,250001,74
,25,44,,177683,,sep,250001,87
,25,110556,,240938,,sep,250001,72
,25,110556,,222475,,sep,250001,61
,25,44,,264699,,sep,250001,60
,25,110556,,211515,,sep,250001,76
,25,44,,228093,,sep,250001,80
,25,110556,,206159,,sep,250001,38
,25,44,,239807,,sep,250001,74
,25,44,,226268,,sep,250001,76
,25,44,,224232,,sep,250001,77
,25,110556,,231969,,sep,250001,79
,25,44,,192883,,sep,250001,78
,25,110556,,242633,,sep,250001,58
,25,110556,,201144,,sep,250001,61
,25,44,,241736,,sep,250001,53
,25,44,,231478,,sep,250001,88
,25,110556,,245566,,sep,250001,35
,25,110556,,224378,,sep,250001,19
,25,44,,208128,,sep,250001,80
,25,45,,236499,,sep,250001,77
,25,1745,,24630,,sep,250001,76
,25,45,,258966,,sep,250001,61
,25,45,,277954,,sep,250001,60
,25,1745,,235949,,sep,250001,65
,25,45,,235840,,sep,250001,80
,25,1745,,268674,,sep,250001,67
,25,45,,251870,,sep,250001,37
,25,45,,246430,,sep,250001,84
,25,45,,241496,,sep,250001,70
,25,1745,,208596,,sep,250001,76
,25,45,,74566,,sep,250001,71
,25,50,,236706,,sep,250001,66
,25,44,,184200,,sep,250001,79
,25,44,,184392,,sep,250001,61
,25,44,,241788,,sep,250001,78
,25,111811,,192840,,sep,250001,70
,25,111811,,265595,,sep,250001,58
,25,111811,,206654,,sep,250001,39
,25,111811,,253213,,sep,250001,48
,25,110556,,239795,,sep,250001,68
,25,111811,,216145,,sep,250001,33
,25,110556,,236295,,sep,250001,52
,25,110556,,235842,,sep,250001,75
,25,110374,,246431,,sep,250001,65
,25,205,,250779,,sep,250001,43
,25,205,,269182,,sep,250001,67
,25,110374,,236791,,sep,250001,76
,25,110374,,262236,,sep,250001,63
,25,110374,,258976,,sep,250001,66
,25,110374,,235866,,sep,250001,71
,25,205,,262396,,sep,250001,46
,25,39,,252154,,sep,250001,82
,25,50,,263929,,sep,250001,69
,25,47,,254840,,sep,250001,42
,25,46,,248729,,sep,250001,71
,25,46,,219985,,sep,250001,72
,25,46,,246242,,sep,250001,79
,25,55,,223866,,sep,250001,62
,25,55,,268474,,sep,250001,72
,25,55,,240332,,sep,250001,70
,25,46,,210413,,sep,250001,39
,25,46,,236496,,sep,250001,70
,25,55,,225669,,sep,250001,55
,25,46,,264257,,sep,250001,73
,25,39,,256115,,sep,250001,70
,25,39,,279574,,sep,250001,48
,25,39,,238067,,sep,250001,75
,25,54,,226093,,sep,250001,75
,25,54,,211147,,sep,250001,68
,25,39,,208165,,sep,250001,37
,25,39,,266866,,sep,250001,67
,25,54,,253473,,sep,250001,54
,25,1746,,271923,,sep,250001,63
,25,52,,239964,,sep,250001,70
,25,52,,246350,,sep,250001,55
,25,1746,,266596,,sep,250001,65
,25,1746,,242429,,sep,250001,58
,25,1746,,230681,,sep,250001,54
,25,52,,207439,,sep,250001,64
,25,48,,216816,,sep,250001,78
,25,48,,202884,,sep,250001,64
,25,189,,240915,,sep,250001,60
,25,48,,217870,,sep,250001,66
,25,48,,239679,,sep,250001,58
,25,1745,,213829,,sep,250001,71
,25,1842,,211302,,sep,250001,72
,25,1745,,277846,,sep,250001,61
,25,1745,,237715,,sep,250001,73
,25,1842,,240100,,sep,250001,54
,25,1842,,254982,,sep,250001,55
,25,1745,,237586,,sep,250001,43
,25,1842,,220523,,sep,250001,49
,25,1842,,222388,,sep,250001,62
,25,1745,,205566,,sep,250001,67
,25,1745,,254579,,sep,250001,68
,25,206,,257920,,sep,250001,69
,25,206,,241937,,sep,250001,68
,25,206,,255233,,sep,250001,70
,25,45,,260823,,sep,250001,63
,25,45,,74310,,sep,250001,52
,25,45,,222077,,sep,250001,70
,25,50,,252794,,sep,250004,70
,25,1745,,228413,,sep,250004,79
,25,1745,,221331,,sep,250004,62
,25,50,,255981,,sep,250004,71
,25,50,,268464,,sep,250004,68
,25,50,,248060,,sep,250004,65
,25,1745,,267991,,sep,250004,53
,25,50,,259565,,sep,250004,72
,25,1745,,237715,,sep,250004,73
,25,1745,,251464,,sep,250004,54
,25,1745,,277846,,sep,250004,61
,25,1745,,235949,,sep,250004,65
,25,50,,271856,,sep,250004,53
,25,1745,,237586,,sep,250004,43
,25,50,,244634,,sep,250004,65
,25,110556,,235842,,sep,250004,75
,25,189,,240657,,sep,250004,70
,25,189,,234671,,sep,250004,73
,25,110556,,201299,,sep,250004,69
,25,110556,,268802,,sep,250004,60
,25,189,,240915,,sep,250004,60
,25,110556,,260653,,sep,250004,37
,25,110556,,236295,,sep,250004,52
,25,110556,,237382,,sep,250004,53
,25,189,,233556,,sep,250004,80
,25,189,,269558,,sep,250004,64
,25,189,,244270,,sep,250004,72
,25,55,,190324,,sep,250004,50
,25,47,,215698,,sep,250004,87
,25,47,,213666,,sep,250004,75
,25,55,,257288,,sep,250004,74
,25,55,,244238,,sep,250004,58
,25,55,,240970,,sep,250004,64
,25,47,,231352,,sep,250004,76
,25,47,,227796,,sep,250004,81
,25,55,,243249,,sep,250004,67
,25,55,,258615,,sep,250004,64
,25,55,,225669,,sep,250004,55
,25,47,,246172,,sep,250004,73
,25,55,,259634,,sep,250004,37
,25,55,,214658,,sep,250004,54
,25,47,,240638,,sep,250004,74
,25,47,,201153,,sep,250004,80
,25,47,,242530,,sep,250004,77
,25,55,,223866,,sep,250004,62
,25,45,,246430,,sep,250004,84
,25,46,,224987,,sep,250004,83
,25,45,,75085,Vasilije Adzic,sep,250004,65
,25,45,,268804,Mario Gila,sep,250004,53
,25,45,,260823,Nicolo Fagioli,sep,250004,63
,25,45,,236499,Douglas Luiz,sep,250004,77
,25,45,,247246,Khephren Thuram,sep,250004,69
,25,45,,251870,Juan Cabal,sep,250004,37
,25,46,,236496,Matteo Guendouzi,sep,250004,70
,25,45,,235840,Michele Di Gregorio,sep,250004,80
,25,45,,266872,Federico Gatti,sep,250004,36
,25,48,,236632,David Neres,sep,250004,74
,25,1746,,233189,Devis Vasquez,sep,250004,68
,25,48,,245992,Billy Gilmour,sep,250004,57
,25,48,,237238,Scott McTominay,sep,250004,77
,25,48,,247635,Khvicha Kvaratskhelia,sep,250004,77
,25,48,,216816,Giovanni Simeone,sep,250004,78
,25,48,,227236,Frank Anguissa,sep,250004,66
,25,1746,,247888,Sebastiano Esposito,sep,250004,73
,25,48,,255303,Elia Caprile,sep,250004,74
,25,1746,,264044,Mattia Viti,sep,250004,34
,25,1746,,266596,Jacopo Fazzini,sep,250004,65
,25,1746,,256899,Lorenzo Colombo,sep,250004,74
,25,1746,,248474,Tino Anjorin,sep,250004,63
,25,48,,192505,Romelu Lukaku,sep,250004,81
,25,48,,243241,Alessandro Buongiorno,sep,250004,45
,25,48,,217870,Giovanni Di Lorenzo,sep,250004,66
,25,1746,,230681,Giuseppe Pezzella,sep,250004,54
,25,110374,,246431,Riccardo Sottil,sep,250004,65
,25,347,,210676,Wladimiro Falcone,sep,250004,80
,25,110374,,258976,Fabiano Parisi,sep,250004,66
,25,110374,,235866,Christian Kouame,sep,250004,71
,25,110374,,246258,Lucas Beltran,sep,250004,75
,25,347,,277839,Nikola Krstovic,sep,250004,74
,25,110374,,193080,David De Gea,sep,250004,84
,25,110374,,251988,Andrea Colpani,sep,250004,75
,25,347,,230107,Lassana Coulibaly,sep,250004,57
,25,110374,,211361,Danilo Cataldi,sep,250004,71
,25,110374,,236610,Moise Kean,sep,250004,75
,25,110374,,240777,Luca Ranieri,sep,250004,40
,25,110374,,262171,Edoardo Bove,sep,250004,66
,25,347,,268573,Federico Baschirotto,sep,250004,52
,25,205,,208535,Alfred Duncan,sep,250004,63
,25,39,,252154,Marco Carnesecchi,sep,250004,82
,25,205,,242332,Gianluca Busio,sep,250004,63
,25,205,,242755,John Yeboah,sep,250004,60
,25,205,,210384,Ridgeciano Haps,sep,250004,61
,25,39,,193082,Juan Cuadrado,sep,250004,73
,25,205,,269271,Filip Stankovic,sep,250004,70
,25,39,,216150,Davide Zappacosta,sep,250004,67
,25,39,,223273,Mario Pasalic,sep,250004,77
,25,39,,256115,Lazar Samardzic,sep,250004,70
,25,205,,269276,Gaetano Oristanio,sep,250004,65
,25,205,,252315,Antonio Candela,sep,250004,53
,25,39,,266866,Ederson,sep,250004,67
,25,39,,241850,Mateo Retegui,sep,250004,74
,25,39,,251470,Charles De Ketelaere,sep,250004,76
,25,39,,247229,Raoul Bellanova,sep,250004,30
,25,39,,230899,Ademola Lookman,sep,250004,80
,25,205,,219655,Francesco Zampano,sep,250004,49
,25,205,,220165,Joel Pohjanpalo,sep,250004,76
,25,54,,273932,Gvidas Gineitis,sep,250004,57
,25,1842,,220048,Simone Scuffet,sep,250004,73
,25,54,,219932,Antonio Sanabria,sep,250004,74
,25,54,,226093,Che Adams,sep,250004,75
,25,54,,231826,Yann Karamoh,sep,250004,68
,25,54,,228349,Mergim Vojvoda,sep,250004,52
,25,1842,,265650,Saul Coco,sep,250004,56
,25,54,,224836,Vanja Milinkovic-Savic,sep,250004,77
,25,1842,,217196,Jose Luis Palomino,sep,250004,35
,25,1842,,220534,Sebastiano Luperto,sep,250004,47
,25,1842,,248385,Roberto Piccoli,sep,250004,71
,25,54,,211408,Karol Linetty,sep,250004,61
,25,1842,,254982,Michel Adopo,sep,250004,57
,25,1842,,220523,Yerry Mina,sep,250004,49
,25,1842,,173160,Nicolas Viola,sep,250004,72
,25,1842,,259011,Zito Luvumbo,sep,250004,70
,25,54,,241095,Nikola Vlasic,sep,250004,75
,25,1842,,270597,Antoine Makoumbou,sep,250004,58
,25,54,,253473,Samuele Ricci,sep,250004,54
,25,1842,,252440,Nadir Zortea,sep,250004,58
,25,52,,265695,Matias Soule,sep,250004,69
,25,44,,177683,Yann Sommer,sep,250004,87
,25,52,,269312,Tommaso Baldanzi,sep,250004,71
,25,44,,224232,Nicolo Barella,sep,250004,77
,25,52,,230872,Mile Svilar,sep,250004,76
,25,44,,233096,Denzel Dumfries,sep,250004,64
,25,52,,275291,Niccolo Pisilli,sep,250004,58
,25,44,,228093,Marcus Thuram,sep,250004,80
,25,52,,242458,Artem Dovbyk,sep,250004,83
,25,52,,211110,Paulo Dybala,sep,250004,85
,25,52,,208268,Bryan Cristante,sep,250004,73
,25,44,,231478,Lautaro Martinez,sep,250004,88
,25,52,,224490,Zeki Celik,sep,250004,58
,25,52,,228251,Lorenzo Pellegrini,sep,250004,77
,25,52,,236403,Evan Ndicka,sep,250004,51
,25,44,,192883,Henrikh Mkhitaryan,sep,250004,78
,25,206,,275163,Reda Belahyane,sep,250004,45
,25,111811,,254502,Stefano Turati,sep,250004,74
,25,206,,195272,Davide Faraoni,sep,250004,71
,25,111811,,271477,Alessandro Bianco,sep,250004,45
,25,206,,215363,Lorenzo Montipo,sep,250004,77
,25,111811,,234147,Dany Mota,sep,250004,75
,25,206,,277695,Daniele Ghilardi,sep,250004,41
,25,206,,237335,Grigoris Kastanos,sep,250004,70
,25,206,,230065,Suat Serdar,sep,250004,70
,25,111811,,253213,Georgios Kyriakopoulos,sep,250004,58
,25,111811,,239613,Matteo Pessina,sep,250004,69
,25,111811,,202848,Gianluca Caprari,sep,250004,73
,25,111811,,192840,Milan Duric,sep,250004,70
,25,206,,242392,Giangiacomo Magnani,sep,250004,39
,25,206,,212127,Darko Lazovic,sep,250004,71
,25,206,,257920,Casper Tengstedt,sep,250004,70
,25,206,,255233,Tomas Suslov,sep,250004,70
,25,206,,222148,Ondrej Duda,sep,250004,71
,25,206,,266585,Daniel Mosquera,sep,250004,70
,25,111811,,230824,Pedro Pereira,sep,250004,53
,25,1842,,229743,Alessandro Deiola,sep,250005,66
,25,55,,257288,Maduka Okoye,sep,250005,74
,25,55,,265194,Iker Bravo,sep,250005,65
,25,1842,,220048,Simone Scuffet,sep,250005,73
,25,55,,214658,Jesper Karlstrom,sep,250005,54
,25,55,,231743,Keinan Davis,sep,250005,68
,25,55,,223866,Sandi Lovric,sep,250005,62
,25,1842,,220523,Yerry Mina,sep,250005,49
,25,55,,190324,Christian Kabasele,sep,250005,50
,25,1842,,248385,Roberto Piccoli,sep,250005,71
,25,55,,268474,Lorenzo Lucca,sep,250005,72
,25,55,,225669,Kingsley Ehizibue,sep,250005,55
,25,55,,240970,Martin Payero,sep,250005,64
,25,1745,,237715,Patrick Cutrone,sep,250005,73
,25,54,,224836,Vanja Milinkovic-Savic,sep,250005,77
,25,1745,,258505,Matthias Braunoder,sep,250005,57
,25,1745,,223524,Edoardo Goldaniga,sep,250005,33
,25,1745,,221331,Luca Mazzitelli,sep,250005,62
,25,1745,,267991,Maximo Perrone,sep,250005,53
,25,1745,,210719,Marc Kempf,sep,250005,41
,25,54,,70480,Alieu Njie,sep,250005,60
,25,1745,,228413,Emil Audero,sep,250005,79
,25,1745,,237586,Alberto Dossena,sep,250005,43
,25,1745,,277846,Nico Paz,sep,250005,61
,25,1745,,235949,Gabriel Strefezza,sep,250005,65
,25,54,,211147,Valentino Lazaro,sep,250005,68
,25,54,,241095,Nikola Vlasic,sep,250005,75
,25,54,,226093,Che Adams,sep,250005,75
,25,54,,253473,Samuele Ricci,sep,250005,54
,25,1745,,263882,Alieu Fadera,sep,250005,63
,25,1745,,199564,Sergi Roberto,sep,250005,62
,25,347,,277432,Patrick Dorgu,sep,250005,51
,25,48,,225116,Alex Meret,sep,250005,81
,25,347,,233265,Remi Oudin,sep,250005,70
,25,347,,277839,Nikola Krstovic,sep,250005,74
,25,48,,253002,Giacomo Raspadori,sep,250005,76
,25,347,,210676,Wladimiro Falcone,sep,250005,80
,25,48,,217870,Giovanni Di Lorenzo,sep,250005,66
,25,48,,237238,Scott McTominay,sep,250005,77
,25,48,,244263,Amir Rrahmani,sep,250005,50
,25,48,,192505,Romelu Lukaku,sep,250005,81
,25,48,,227236,Frank Anguissa,sep,250005,66
,25,48,,236632,David Neres,sep,250005,74
,25,347,,271197,Lameck Banda,sep,250005,65
,25,48,,245992,Billy Gilmour,sep,250005,57
,25,48,,246457,Cyril Ngonge,sep,250005,71
,25,347,,275783,Kialonda Gaspar,sep,250005,30
,25,347,,268573,Federico Baschirotto,sep,250005,52
,25,347,,253139,Santiago Pierotti,sep,250005,66
,25,48,,240716,Mathias Olivera,sep,250005,48
,25,206,,270686,Dani Silva,sep,250005,55
,25,39,,252154,Marco Carnesecchi,sep,250005,82
,25,39,,223273,Mario Pasalic,sep,250005,77
,25,206,,215363,Lorenzo Montipo,sep,250005,77
,25,206,,256453,Amin Sarr,sep,250005,64
,25,39,,241850,Mateo Retegui,sep,250005,75
,25,39,,230899,Ademola Lookman,sep,250005,80
,25,206,,73853,Dailon Rocha Livramento,sep,250005,71
,25,39,,266866,Ederson,sep,250005,67
,25,39,,251470,Charles De Ketelaere,sep,250005,76
,25,39,,208461,Marten de Roon,sep,250005,70
,25,39,,207993,Sead Kolasinac,sep,250005,61
,25,50,,268464,Gabriel Charpentier,sep,250005,68
,25,1746,,233189,Devis Vasquez,sep,250005,68
,25,50,,248060,Valentin Mihaila,sep,250005,65
,25,50,,259565,Ange-Yoan Bonny,sep,250005,72
,25,50,,252794,Adrian Bernabe,sep,250005,70
,25,1746,,256899,Lorenzo Colombo,sep,250005,74
,25,50,,255981,Zion Suzuki,sep,250005,71
,25,50,,236706,Pontus Almqvist,sep,250005,66
,25,50,,261539,Mandela Keita,sep,250005,55
,25,50,,258714,Emanuele Valeri,sep,250005,69
,25,1746,,248474,Tino Anjorin,sep,250005,63
,25,50,,263929,Matteo Cancellieri,sep,250005,70
,25,1746,,251335,Woyo Coulibaly,sep,250005,49
,25,1746,,266596,Jacopo Fazzini,sep,250005,65
,25,1746,,230681,Giuseppe Pezzella,sep,250005,54
,25,46,,219985,Matias Vecino,sep,250005,72
,25,110556,,201299,Nicola Leali,sep,250005,69
,25,46,,264880,Loum Tchaouna,sep,250005,72
,25,46,,189505,Pedro,sep,250005,71
,25,46,,206098,Patric,sep,250005,51
,25,46,,264257,Tijjani Noslin,sep,250005,73
,25,46,,248729,Gustav Isaksen,sep,250005,71
,25,46,,251530,Nuno Tavares,sep,250005,65
,25,46,,237712,Valentin Castellanos,sep,250005,79
,25,110556,,222475,Morten Thorsby,sep,250005,61
,25,46,,224987,Ivan Provedel,sep,250005,83
,25,110556,,260653,Brooke Norton-Cuffy,sep,250005,37
,25,110556,,236295,Aaron Martin,sep,250005,52
,25,110556,,245566,Alessandro Vogliacco,sep,250005,35
,25,110556,,242633,Morten Frendrup,sep,250005,58
,25,111811,,253213,Georgios Kyriakopoulos,sep,250005,58
,25,205,,269271,Filip Stankovic,sep,250005,70
,25,205,,242332,Gianluca Busio,sep,250005,63
,25,111811,,254502,Stefano Turati,sep,250005,74
,25,111811,,216145,Armando Izzo,sep,250005,38
,25,111811,,234147,Dany Mota,sep,250005,75
,25,111811,,271477,Alessandro Bianco,sep,250005,45
,25,111811,,198946,Danilo D'Ambrosio,sep,250005,55
,25,111811,,192840,Milan Duric,sep,250005,70
,25,111811,,257000,Andrea Carboni,sep,250005,36
,25,205,,250779,Michael Svoboda,sep,250005,43
,25,111811,,257353,Warren Bondo,sep,250005,61
,25,205,,264436,Mikael Ellertsson,sep,250005,68
,25,205,,269276,Gaetano Oristanio,sep,250005,65
,25,205,,210384,Ridgeciano Haps,sep,250005,61
,25,44,,239807,Davide Frattesi,sep,250005,74
,25,45,,235840,Michele Di Gregorio,sep,250005,80
,25,45,,277954,Kenan Yildiz,sep,250005,65
,25,44,,177683,Yann Sommer,sep,250005,87
,25,44,,231478,Lautaro Martinez,sep,250005,88
,25,44,,228093,Marcus Thuram,sep,250005,81
,25,44,,198176,Stefan de Vrij,sep,250005,41
,25,44,,224232,Nicolo Barella,sep,250005,77
,25,44,,226268,Federico Dimarco,sep,250005,76
,25,45,,255654,Pierre Kalulu,sep,250005,49
,25,45,,261050,Francisco Conceicao,sep,250005,66
,25,44,,233096,Denzel Dumfries,sep,250005,64
,25,45,,241496,Timothy Weah,sep,250005,70
,25,44,,210406,Piotr Zielinski,sep,250005,75
,25,44,,192883,Henrikh Mkhitaryan,sep,250005,78
,25,45,,251870,Juan Cabal,sep,250005,37
,25,45,,246430,Dusan Vlahovic,sep,250005,84
,25,110374,,262236,Amir Richardson,sep,250005,63
,25,52,,230872,Mile Svilar,sep,250005,76
,25,110374,,246431,Riccardo Sottil,sep,250005,65
,25,110374,,223697,Robin Gosens,sep,250005,73
,25,110374,,251988,Andrea Colpani,sep,250005,75
,25,110374,,240777,Luca Ranieri,sep,250005,40
,25,110374,,178603,Mats Hummels,sep,250005,58
,25,52,,275291,Niccolo Pisilli,sep,250005,58
,25,110374,,193080,David De Gea,sep,250005,84
,25,52,,269312,Tommaso Baldanzi,sep,250005,71
,25,52,,211110,Paulo Dybala,sep,250005,85
,25,52,,236403,Evan Ndicka,sep,250005,51
,25,110374,,236610,Moise Kean,sep,250005,75
,25,52,,242458,Artem Dovbyk,sep,250005,83
,25,110374,,262171,Edoardo Bove,sep,250005,66
,25,52,,228251,Lorenzo Pellegrini,sep,250005,77
,25,52,,250723,Manu Kone,sep,250005,71
,25,52,,208268,Bryan Cristante,sep,250005,73
,25,110374,,211361,Danilo Cataldi,sep,250005,71
,25,110374,,246258,Lucas Beltran,sep,250005,75
,25,110374,,234112,Dodo,sep,250005,57
,25,1842,,211302,Gianluca Lapadula,sep,250005,72
,25,189,,189908,Lukasz Skorupski,sep,250005,79
,25,189,,262394,Sam Beukema,sep,250005,53
,25,1842,,266636,Adam Obert,sep,250005,43
,25,1842,,246877,Gianluca Gaetano,sep,250005,71
,25,189,,234671,Jens Odgaard,sep,250005,73
,25,189,,257980,Dan Ndoye,sep,250005,66
,25,189,,233556,Riccardo Orsolini,sep,250005,80
,25,1842,,173160,Nicolas Viola,sep,250005,72
,25,189,,231207,Jhon Lucumi,sep,250005,36
,25,189,,244270,Nikola Moro,sep,250005,72
,25,189,,240915,Juan Miranda,sep,250005,60
,25,1842,,235813,Razvan Marin,sep,250005,73
,25,1842,,252440,Nadir Zortea,sep,250005,58
,25,206,,266585,Daniel Mosquera,sep,250005,70
,25,347,,239671,Tete Morente,sep,250005,69
,25,206,,210940,Simone Perilli,sep,250005,67
,25,347,,243787,Ylber Ramadani,sep,250005,56
,25,206,,255233,Tomas Suslov,sep,250005,70
,25,347,,266501,Balthazar Pierret,sep,250005,50
,25,347,,251790,Hamza Rafia,sep,250005,65
,25,206,,222148,Ondrej Duda,sep,250005,71
,25,206,,230065,Suat Serdar,sep,250005,70
,25,47,,253177,Yunus Musah,sep,250005,68
,25,47,,215698,Mike Maignan,sep,250005,87
,25,47,,227796,Christian Pulisic,sep,250005,81
,25,47,,241721,Rafael Leao,sep,250005,78
,25,47,,245630,Youssouf Fofana,sep,250005,66
,25,47,,201153,Alvaro Morata,sep,250005,80
,25,48,,247635,Khvicha Kvaratskhelia,sep,250005,77
,25,48,,216409,Matteo Politano,sep,250005,77
,25,47,,213666,Ruben Loftus-Cheek,sep,250005,75
,25,47,,242530,Noah Okafor,sep,250005,77
,25,47,,247204,Emerson Royal,sep,250005,60
,25,47,,246172,Samuel Chukwueze,sep,250005,73
,25,47,,271579,Filippo Terracciano,sep,250005,60
,25,44,,224232,Nicolo Barella,sep,250006,77
,25,1746,,233189,Devis Vasquez,sep,250006,68
,25,44,,231478,Lautaro Martinez,sep,250006,88
,25,44,,239807,Davide Frattesi,sep,250006,74
,25,44,,241736,Yann Bisseck,sep,250006,53
,25,44,,228093,Marcus Thuram,sep,250006,81
,25,1746,,256899,Lorenzo Colombo,sep,250006,74
,25,44,,177683,Yann Sommer,sep,250006,87
,25,1746,,264044,Mattia Viti,sep,250006,34
,25,1746,,266596,Jacopo Fazzini,sep,250006,65
,25,44,,226268,Federico Dimarco,sep,250006,76
,25,1746,,242090,Ola Solbakken,sep,250006,67
,25,205,,210384,Ridgeciano Haps,sep,250006,61
,25,55,,257288,Maduka Okoye,sep,250006,74
,25,205,,220165,Joel Pohjanpalo,sep,250006,76
,25,205,,208535,Alfred Duncan,sep,250006,63
,25,205,,237840,Magnus Andersen,sep,250006,58
,25,205,,269276,Gaetano Oristanio,sep,250006,65
,25,55,,190324,Christian Kabasele,sep,250006,50
,25,205,,269271,Filip Stankovic,sep,250006,70
,25,205,,264436,Mikael Ellertsson,sep,250006,68
,25,55,,268474,Lorenzo Lucca,sep,250006,72
,25,55,,244238,Jaka Bijol,sep,250006,58
,25,205,,242332,Gianluca Busio,sep,250006,63
,25,205,,253162,Hans Nicolussi Caviglia,sep,250006,52
,25,55,,223866,Sandi Lovric,sep,250006,62
,25,55,,258972,Isaak Toure,sep,250006,29
,25,55,,240970,Martin Payero,sep,250006,64
,25,55,,265194,Iker Bravo,sep,250006,65
,25,205,,242755,John Yeboah,sep,250006,60
,25,39,,246875,Odilon Kossounou,sep,250006,31
,25,111811,,254502,Stefano Turati,sep,250006,74
,25,39,,216150,Davide Zappacosta,sep,250006,67
,25,39,,241850,Mateo Retegui,sep,250006,75
,25,39,,256115,Lazar Samardzic,sep,250006,70
,25,111811,,253213,Georgios Kyriakopoulos,sep,250006,58
,25,39,,252154,Marco Carnesecchi,sep,250006,82
,25,39,,207993,Sead Kolasinac,sep,250006,61
,25,39,,193082,Juan Cuadrado,sep,250006,73
,25,111811,,192840,Milan Duric,sep,250006,70
,25,111811,,230824,Pedro Pereira,sep,250006,53
,25,111811,,271477,Alessandro Bianco,sep,250006,45
,25,39,,230899,Ademola Lookman,sep,250006,80
,25,39,,247229,Raoul Bellanova,sep,250006,30
,25,39,,208461,Marten de Roon,sep,250006,70
,25,39,,208165,Berat Djimsiti,sep,250006,37
,25,39,,251470,Charles De Ketelaere,sep,250006,76
,25,45,,277954,Kenan Yildiz,sep,250006,65
,25,50,,255981,Zion Suzuki,sep,250006,71
,25,45,,261050,Francisco Conceicao,sep,250006,66
,25,45,,222077,Manuel Locatelli,sep,250006,70
,25,50,,258708,Botond Balogh,sep,250006,33
,25,45,,235840,Michele Di Gregorio,sep,250006,80
,25,50,,236706,Pontus Almqvist,sep,250006,66
,25,45,,240679,Teun Koopmeiners,sep,250006,77
,25,50,,244634,Simon Sohm,sep,250006,65
,25,45,,260823,Nicolo Fagioli,sep,250006,63
,25,50,,268464,Gabriel Charpentier,sep,250006,68
,25,45,,246430,Dusan Vlahovic,sep,250006,84
,25,45,,199304,Danilo,sep,250006,67
,25,50,,259565,Ange-Yoan Bonny,sep,250006,72
,25,50,,252794,Adrian Bernabe,sep,250006,70
,25,45,,241496,Timothy Weah,sep,250006,70
,25,45,,247246,Khephren Thuram,sep,250006,69
,25,45,,238744,Weston McKennie,sep,250006,72
,25,45,,266872,Federico Gatti,sep,250006,36
,25,50,,252442,Enrico Delprato,sep,250006,53
,25,110556,,245566,Alessandro Vogliacco,sep,250006,35
,25,110374,,193080,David De Gea,sep,250006,84
,25,110374,,235866,Christian Kouame,sep,250006,71
,25,110556,,201299,Nicola Leali,sep,250006,69
,25,110556,,244349,Johan Vasquez,sep,250006,31
,25,110556,,276485,Patrizio Masini,sep,250006,47
,25,110556,,235842,Andrea Pinamonti,sep,250006,75
,25,110374,,223697,Robin Gosens,sep,250006,73
,25,110556,,236295,Aaron Martin,sep,250006,52
,25,110374,,251988,Andrea Colpani,sep,250006,75
,25,110374,,234112,Dodo,sep,250006,57
,25,110374,,246431,Riccardo Sottil,sep,250006,65
,25,110556,,74485,Jeff Ekhator,sep,250006,53
,25,110374,,246258,Lucas Beltran,sep,250006,75
,25,110374,,262236,Amir Richardson,sep,250006,63
,25,110556,,206159,Stefano Sabelli,sep,250006,38
,25,110556,,201144,Milan Badelj,sep,250006,61
,25,110556,,274082,Alan Matturro,sep,250006,28
,25,52,,224490,Zeki Celik,sep,250006,58
,25,54,,224836,Vanja Milinkovic-Savic,sep,250006,77
,25,54,,70480,Alieu Njie,sep,250006,60
,25,52,,230872,Mile Svilar,sep,250006,76
,25,52,,211110,Paulo Dybala,sep,250006,85
,25,52,,246350,Enzo Le Fee,sep,250006,55
,25,54,,219145,Guillermo Maripan,sep,250006,40
,25,54,,265650,Saul Coco,sep,250006,56
,25,54,,211408,Karol Linetty,sep,250006,61
,25,52,,220651,Angelino,sep,250006,69
,25,52,,269312,Tommaso Baldanzi,sep,250006,71
,25,52,,236403,Evan Ndicka,sep,250006,51
,25,46,,264880,Loum Tchaouna,sep,250006,72
,25,1745,,228413,Emil Audero,sep,250006,79
,25,1745,,210719,Marc Kempf,sep,250006,41
,25,46,,224987,Ivan Provedel,sep,250006,83
,25,1745,,277846,Nico Paz,sep,250006,61
,25,1745,,262906,Yannick Engelhardt,sep,250006,45
,25,46,,237712,Valentin Castellanos,sep,250006,79
,25,1745,,213829,Alberto Cerri,sep,250006,71
,25,1745,,237715,Patrick Cutrone,sep,250006,73
,25,46,,206098,Patric,sep,250006,51
,25,46,,246242,Boulaye Dia,sep,250006,79
,25,1745,,205566,Alberto Moreno,sep,250006,67
,25,1745,,221331,Luca Mazzitelli,sep,250006,62
,25,1745,,258505,Matthias Braunoder,sep,250006,57
,25,46,,251530,Nuno Tavares,sep,250006,65
,25,46,,189505,Pedro,sep,250006,71
,25,1745,,237586,Alberto Dossena,sep,250006,43
,25,46,,248729,Gustav Isaksen,sep,250006,71
,25,189,,254819,Kacper Urbanski,sep,250006,62
,25,347,,210676,Wladimiro Falcone,sep,250006,80
,25,189,,271019,Giovanni Fabbian,sep,250006,72
,25,189,,233556,Riccardo Orsolini,sep,250006,80
,25,189,,257980,Dan Ndoye,sep,250006,66
,25,347,,277839,Nikola Krstovic,sep,250006,74
,25,189,,240657,Federico Ravaglia,sep,250006,70
,25,189,,240915,Juan Miranda,sep,250006,60
,25,189,,252021,Thijs Dallinga,sep,250006,75
,25,189,,231207,Jhon Lucumi,sep,250006,36
,25,347,,277432,Patrick Dorgu,sep,250006,51
,25,189,,267861,Santiago Castro,sep,250006,74
,25,189,,202024,Remo Freuler,sep,250006,71
,25,189,,234671,Jens Odgaard,sep,250006,73
,25,189,,170320,Lorenzo De Silvestri,sep,250006,66
,25,347,,253139,Santiago Pierotti,sep,250006,66
,25,45,,251870,Juan Cabal,sep,250006,37
,25,55,,214658,Jesper Karlstrom,sep,250006,54
,25,55,,231743,Keinan Davis,sep,250006,68
,25,55,,220421,Hassane Kamara,sep,250006,57
,25,45,,74310,Nicolo Savona,sep,250006,35
,25,55,,204970,Florian Thauvin,sep,250006,76
,25,111811,,255611,Daniel Maldini,sep,250006,70
,25,47,,215698,Mike Maignan,sep,250006,87
,25,47,,241721,Rafael Leao,sep,250006,78
,25,47,,254840,Strahinja Pavlovic,sep,250006,42
,25,47,,201153,Alvaro Morata,sep,250006,80
,25,111811,,258027,Mirko Maric,sep,250006,69
,25,111811,,265595,Samuele Vignato,sep,250006,58
,25,111811,,257353,Warren Bondo,sep,250006,61
,25,47,,232656,Theo Hernandez,sep,250006,76
,25,47,,245630,Youssouf Fofana,sep,250006,66
,25,47,,246172,Samuel Chukwueze,sep,250006,73
,25,47,,240638,Tijjani Reijnders,sep,250006,74
,25,111811,,234147,Dany Mota,sep,250006,75
,25,47,,242530,Noah Okafor,sep,250006,77
,25,48,,225116,Alex Meret,sep,250006,81
,25,48,,246457,Cyril Ngonge,sep,250006,71
,25,48,,202884,Leonardo Spinazzola,sep,250006,64
,25,48,,236632,David Neres,sep,250006,74
,25,48,,216816,Giovanni Simeone,sep,250006,78
,25,48,,243241,Alessandro Buongiorno,sep,250006,45
,25,39,,266866,Ederson,sep,250006,67
,25,48,,244263,Amir Rrahmani,sep,250006,50
,25,48,,247635,Khvicha Kvaratskhelia,sep,250006,77
,25,39,,223273,Mario Pasalic,sep,250006,77
,25,48,,192505,Romelu Lukaku,sep,250006,81
,25,48,,227236,Frank Anguissa,sep,250006,66
,25,48,,237238,Scott McTominay,sep,250006,77
,25,110374,,201389,Cristiano Biraghi,sep,250006,67
,25,110374,,225439,Rolando Mandragora,sep,250006,71
,25,54,,243481,Marcus Pedersen,sep,250006,47
,25,54,,241095,Nikola Vlasic,sep,250006,75
,25,54,,219932,Antonio Sanabria,sep,250006,74
,25,54,,213242,Adrien Tameze,sep,250006,65
,25,110374,,236610,Moise Kean,sep,250006,75
,25,54,,226093,Che Adams,sep,250006,75
,25,52,,208268,Bryan Cristante,sep,250006,73
,25,206,,215363,Lorenzo Montipo,sep,250006,77
,25,206,,241937,Abdou Harroui,sep,250006,68
,25,206,,252000,Domagoj Bradaric,sep,250006,53
,25,206,,230065,Suat Serdar,sep,250006,70
,25,206,,222148,Ondrej Duda,sep,250006,71
,25,52,,242458,Artem Dovbyk,sep,250006,83
,25,206,,242392,Giangiacomo Magnani,sep,250006,39
,25,206,,257920,Casper Tengstedt,sep,250006,70
,25,52,,262113,Nicola Zalewski,sep,250006,64
,25,52,,228251,Lorenzo Pellegrini,sep,250006,77
,25,52,,265695,Matias Soule,sep,250006,69
,25,44,,198176,Stefan de Vrij,sep,250006,41
,25,44,,208128,Hakan Calhanoglu,sep,250006,80
,25,44,,210406,Piotr Zielinski,sep,250006,75
,25,44,,233096,Denzel Dumfries,sep,250006,64
,25,44,,192883,Henrikh Mkhitaryan,sep,250006,78
,25,205,,262396,Jay Idzes,sep,250006,46
,25,44,,237383,Alessandro Bastoni,sep,250006,43
,25,1746,,236838,Youssef Maleh,sep,250006,64
,25,1745,,24630,Pepe Reina,sep,250006,76
,25,1746,,206058,Mattia De Sciglio,sep,250006,45
,25,1746,,238873,Pietro Pellegri,sep,250006,67
,25,1746,,220491,Emmanuel Gyasi,sep,250006,62
,25,1745,,235949,Gabriel Strefezza,sep,250006,65
,25,1745,,208596,Andrea Belotti,sep,250006,76
,25,1745,,263882,Alieu Fadera,sep,250006,63
,25,50,,243154,Adrian Benedyczak,sep,250006,70
,25,110556,,74483,Honest Ahanor,sep,250006,42
,25,50,,239978,Dennis Man,sep,250006,72
,25,50,,240992,Nahuel Estevez,sep,250006,69
,25,110556,,222475,Morten Thorsby,sep,250006,61
,25,110556,,242633,Morten Frendrup,sep,250006,58
,25,50,,248060,Valentin Mihaila,sep,250006,65
,25,50,,278287,Anas Haj Mohamed,sep,250006,51
,25,1842,,220048,Simone Scuffet,sep,250006,73
,25,1842,,229743,Alessandro Deiola,sep,250006,66
,25,46,,255001,Nicolo Rovella,sep,250006,62
,25,46,,219985,Matias Vecino,sep,250006,72
,25,46,,220502,Mattia Zaccagni,sep,250006,77
,25,1842,,248385,Roberto Piccoli,sep,250006,71
,25,46,,235374,Manuel Lazzari,sep,250006,60
,25,1842,,259011,Zito Luvumbo,sep,250006,70
,25,46,,264257,Tijjani Noslin,sep,250006,73
,25,1842,,254982,Michel Adopo,sep,250006,57
,25,1842,,270597,Antoine Makoumbou,sep,250006,58
,25,46,,243237,Luca Pellegrini,sep,250006,53
,25,1745,,254579,Lucas Da Cunha,sep,250006,69
,25,1746,,256899,Lorenzo Colombo,sep,250007,74
,25,347,,210676,Wladimiro Falcone,sep,250007,80
,25,347,,277839,Nikola Krstovic,sep,250007,74
,25,1746,,233189,Devis Vasquez,sep,250007,68
,25,1746,,271923,Emmanuel Ekong,sep,250007,63
,25,347,,201858,Nicola Sansone,sep,250007,70
,25,347,,220018,Ante Rebic,sep,250007,75
,25,347,,253139,Santiago Pierotti,sep,250007,66
,25,347,,277432,Patrick Dorgu,sep,250007,51
,25,1746,,225117,Nicolas Haas,sep,250007,60
,25,1746,,242429,Liberato Cacace,sep,250007,58
,25,347,,244717,Antonino Gallo,sep,250007,51
,25,1746,,238873,Pietro Pellegri,sep,250007,67
,25,347,,275783,Kialonda Gaspar,sep,250007,30
,25,347,,251790,Hamza Rafia,sep,250007,65
,25,1746,,236838,Youssef Maleh,sep,250007,64
,25,205,,201285,Christian Gytkjaer,sep,250007,72
,25,50,,255981,Zion Suzuki,sep,250007,71
,25,205,,220165,Joel Pohjanpalo,sep,250007,76
,25,50,,259565,Ange-Yoan Bonny,sep,250007,73
,25,205,,269271,Filip Stankovic,sep,250007,70
,25,50,,239978,Dennis Man,sep,250007,73
,25,205,,219655,Francesco Zampano,sep,250007,49
,25,205,,269276,Gaetano Oristanio,sep,250007,65
,25,50,,263929,Matteo Cancellieri,sep,250007,70
,25,50,,268464,Gabriel Charpentier,sep,250007,68
,25,50,,248060,Valentin Mihaila,sep,250007,65
,25,205,,208535,Alfred Duncan,sep,250007,63
,25,50,,244634,Simon Sohm,sep,250007,65
,25,205,,210384,Ridgeciano Haps,sep,250007,61
,25,50,,243154,Adrian Benedyczak,sep,250007,70
,25,205,,242332,Gianluca Busio,sep,250007,63
,25,50,,258714,Emanuele Valeri,sep,250007,69
,25,50,,271856,Antoine Hainaut,sep,250007,53
,25,205,,253162,Hans Nicolussi Caviglia,sep,250007,52
,25,47,,242530,Noah Okafor,sep,250007,77
,25,1842,,73838,Alen Sherri,sep,250007,66
,25,1842,,205850,Leonardo Pavoletti,sep,250007,68
,25,47,,215698,Mike Maignan,sep,250007,87
,25,1842,,252964,Gabriele Zappa,sep,250007,54
,25,47,,245630,Youssouf Fofana,sep,250007,66
,25,47,,227796,Christian Pulisic,sep,250007,81
,25,47,,231352,Tammy Abraham,sep,250007,76
,25,47,,240638,Tijjani Reijnders,sep,250007,74
,25,1842,,270597,Antoine Makoumbou,sep,250007,58
,25,47,,279202,Francesco Camarda,sep,250007,66
,25,1842,,252440,Nadir Zortea,sep,250007,58
,25,47,,246172,Samuel Chukwueze,sep,250007,73
,25,1842,,248385,Roberto Piccoli,sep,250007,71
,25,1842,,259011,Zito Luvumbo,sep,250007,70
,25,47,,241721,Rafael Leao,sep,250007,78
,25,1842,,173160,Nicolas Viola,sep,250007,72
,25,1842,,220534,Sebastiano Luperto,sep,250007,47
,25,1842,,229743,Alessandro Deiola,sep,250007,66
,25,54,,219932,Antonio Sanabria,sep,250007,74
,25,45,,198009,Mattia Perin,sep,250007,79
,25,54,,243388,Borna Sosa,sep,250007,51
,25,45,,277954,Kenan Yildiz,sep,250007,65
,25,54,,224836,Vanja Milinkovic-Savic,sep,250007,77
,25,45,,261050,Francisco Conceicao,sep,250007,66
,25,54,,70480,Alieu Njie,sep,250007,60
,25,45,,258966,Andrea Cambiaso,sep,250007,61
,25,45,,240679,Teun Koopmeiners,sep,250007,77
,25,54,,211408,Karol Linetty,sep,250007,62
,25,54,,265650,Saul Coco,sep,250007,56
,25,45,,246430,Dusan Vlahovic,sep,250007,84
,25,54,,241095,Nikola Vlasic,sep,250007,75
,25,45,,241496,Timothy Weah,sep,250007,70
,25,39,,230899,Ademola Lookman,sep,250007,80
,25,55,,257288,Maduka Okoye,sep,250007,74
,25,39,,257785,Marco Brescianini,sep,250007,62
,25,55,,214658,Jesper Karlstrom,sep,250007,54
,25,39,,252154,Marco Carnesecchi,sep,250007,82
,25,39,,223273,Mario Pasalic,sep,250007,77
,25,39,,258972,Isaak Toure,sep,250007,29
,25,55,,231743,Keinan Davis,sep,250007,68
,25,55,,204970,Florian Thauvin,sep,250007,76
,25,55,,220421,Hassane Kamara,sep,250007,57
,25,39,,246875,Odilon Kossounou,sep,250007,31
,25,55,,223866,Sandi Lovric,sep,250007,62
,25,55,,240970,Martin Payero,sep,250007,64
,25,39,,241850,Mateo Retegui,sep,250007,75
,25,39,,259584,Matteo Ruggeri,sep,250007,55
,25,189,,252021,Thijs Dallinga,sep,250007,75
,25,52,,230872,Mile Svilar,sep,250007,76
,25,52,,190813,Stephan El Shaarawy,sep,250007,75
,25,189,,189908,Lukasz Skorupski,sep,250007,79
,25,189,,231836,Jesper Karlsson,sep,250007,74
,25,52,,229582,Gianluca Mancini,sep,250007,49
,25,189,,233556,Riccardo Orsolini,sep,250007,80
,25,52,,236403,Evan Ndicka,sep,250007,51
,25,52,,269312,Tommaso Baldanzi,sep,250007,71
,25,52,,208268,Bryan Cristante,sep,250007,73
,25,52,,265695,Matias Soule,sep,250007,69
,25,52,,242458,Artem Dovbyk,sep,250007,83
,25,189,,267861,Santiago Castro,sep,250007,74
,25,189,,262394,Sam Beukema,sep,250007,53
,25,189,,252060,Tommaso Pobega,sep,250007,75
,25,189,,257980,Dan Ndoye,sep,250007,66
,25,52,,275291,Niccolo Pisilli,sep,250007,58
,25,189,,234671,Jens Odgaard,sep,250007,73
,25,189,,240915,Juan Miranda,sep,250007,60
,25,52,,250723,Manu Kone,sep,250007,71
,25,110374,,236610,Moise Kean,sep,250007,75
,25,206,,215363,Lorenzo Montipo,sep,250007,77
,25,206,,242392,Giangiacomo Magnani,sep,250007,39
,25,110374,,193080,David De Gea,sep,250007,84
,25,206,,266585,Daniel Mosquera,sep,250007,70
,25,206,,269181,Diego Coppola,sep,250007,39
,25,110374,,246431,Riccardo Sottil,sep,250007,65
,25,110374,,251988,Andrea Colpani,sep,250007,75
,25,110374,,246258,Lucas Beltran,sep,250007,75
,25,206,,257920,Casper Tengstedt,sep,250007,70
,25,110374,,223697,Robin Gosens,sep,250007,73
,25,206,,230065,Suat Serdar,sep,250007,70
,25,206,,241937,Abdou Harroui,sep,250007,68
,25,111811,,202848,Gianluca Caprari,sep,250007,73
,25,46,,224987,Ivan Provedel,sep,250007,83
,25,111811,,192840,Milan Duric,sep,250007,70
,25,46,,219985,Matias Vecino,sep,250007,72
,25,111811,,254502,Stefano Turati,sep,250007,74
,25,46,,237712,Valentin Castellanos,sep,250007,79
,25,111811,,271477,Alessandro Bianco,sep,250007,47
,25,46,,248729,Gustav Isaksen,sep,250007,71
,25,111811,,255611,Daniel Maldini,sep,250007,70
,25,111811,,216145,Armando Izzo,sep,250007,38
,25,46,,251530,Nuno Tavares,sep,250007,65
,25,111811,,234147,Dany Mota,sep,250007,75
,25,46,,255001,Nicolo Rovella,sep,250007,62
,25,46,,236496,Matteo Guendouzi,sep,250007,70
,25,46,,220502,Mattia Zaccagni,sep,250007,77
,25,46,,189505,Pedro,sep,250007,71
,25,111811,,253213,Georgios Kyriakopoulos,sep,250007,58
,25,46,,224031,Adam Marusic,sep,250007,66
,25,46,,246242,Boulaye Dia,sep,250007,79
,25,48,,216816,Giovanni Simeone,sep,250007,78
,25,44,,177683,Yann Sommer,sep,250007,87
,25,44,,224232,Nicolo Barella,sep,250007,77
,25,48,,225116,Alex Meret,sep,250007,81
,25,48,,247635,Khvicha Kvaratskhelia,sep,250007,77
,25,44,,208128,Hakan Calhanoglu,sep,250007,80
,25,44,,226268,Federico Dimarco,sep,250007,76
,25,44,,231478,Lautaro Martinez,sep,250007,88
,25,44,,199845,Francesco Acerbi,sep,250007,50
,25,48,,237238,Scott McTominay,sep,250007,77
,25,48,,244263,Amir Rrahmani,sep,250007,50
,25,44,,226851,Benjamin Pavard,sep,250007,67
,25,44,,215330,Joaquin Correa,sep,250008,73
,25,206,,215363,Lorenzo Montipo,sep,250008,77
,25,44,,192883,Henrikh Mkhitaryan,sep,250008,78
,25,206,,212127,Darko Lazovic,sep,250008,71
,25,44,,177683,Yann Sommer,sep,250008,87
,25,206,,230065,Suat Serdar,sep,250008,70
,25,44,,264699,Kristjan Asllani,sep,250008,60
,25,44,,210406,Piotr Zielinski,sep,250008,75
,25,44,,241736,Yann Bisseck,sep,250008,53
,25,206,,257920,Casper Tengstedt,sep,250008,70
,25,206,,266585,Daniel Mosquera,sep,250008,70
,25,44,,198176,Stefan de Vrij,sep,250008,41
,25,44,,228093,Marcus Thuram,sep,250008,81
,25,44,,199845,Francesco Acerbi,sep,250008,50
,25,44,,258648,Carlos Augusto,sep,250008,71
,25,206,,252017,Flavius Daniliuc,sep,250008,41
,25,47,,232656,Theo Hernandez,sep,250008,76
,25,45,,235840,Michele Di Gregorio,sep,250008,80
,25,47,,227796,Christian Pulisic,sep,250008,81
,25,45,,260823,Nicolo Fagioli,sep,250008,63
,25,47,,215698,Mike Maignan,sep,250008,87
,25,47,,245630,Youssouf Fofana,sep,250008,66
,25,47,,240638,Tijjani Reijnders,sep,250008,74
,25,45,,247246,Khephren Thuram,sep,250008,69
,25,45,,258966,Andrea Cambiaso,sep,250008,61
,25,47,,247204,Emerson Royal,sep,250008,60
,25,47,,201153,Alvaro Morata,sep,250008,80
,25,45,,277954,Kenan Yildiz,sep,250008,65
,25,45,,266872,Federico Gatti,sep,250008,36
,25,45,,240679,Teun Koopmeiners,sep,250008,77
,25,45,,261050,Francisco Conceicao,sep,250008,66
,25,50,,258714,Emanuele Valeri,sep,250008,69
,25,39,,252154,Marco Carnesecchi,sep,250008,82
,25,50,,248060,Valentin Mihaila,sep,250008,65
,25,39,,257785,Marco Brescianini,sep,250008,62
,25,50,,255981,Zion Suzuki,sep,250008,71
,25,39,,230899,Ademola Lookman,sep,250008,80
,25,50,,251335,Woyo Coulibaly,sep,250008,49
,25,50,,240992,Nahuel Estevez,sep,250008,69
,25,50,,263929,Matteo Cancellieri,sep,250008,70
,25,50,,239978,Dennis Man,sep,250008,73
,25,50,,259565,Ange-Yoan Bonny,sep,250008,73
,25,39,,241850,Mateo Retegui,sep,250008,75
,25,39,,260697,Isak Hien,sep,250008,36
,25,39,,259584,Matteo Ruggeri,sep,250008,55
,25,39,,266866,Ederson,sep,250008,67
,25,39,,247229,Raoul Bellanova,sep,250008,30
,25,110556,,263829,Vitinha,sep,250008,74
,25,1842,,73838,Alen Sherri,sep,250008,66
,25,1842,,248385,Roberto Piccoli,sep,250008,71
,25,110556,,201299,Nicola Leali,sep,250008,69
,25,110556,,235842,Andrea Pinamonti,sep,250008,75
,25,1842,,205850,Leonardo Pavoletti,sep,250008,68
,25,1842,,220523,Yerry Mina,sep,250008,49
,25,1842,,246877,Gianluca Gaetano,sep,250008,71
,25,110556,,240938,Junior Messias,sep,250008,72
,25,110556,,222475,Morten Thorsby,sep,250008,61
,25,110556,,268802,Fabio Miretti,sep,250008,60
,25,110556,,242633,Morten Frendrup,sep,250008,58
,25,1842,,252440,Nadir Zortea,sep,250008,58
,25,1842,,235813,Razvan Marin,sep,250008,73
,25,110556,,268656,Alessandro Zanoli,sep,250008,38
,25,1842,,254982,Michel Adopo,sep,250008,57
,25,1745,,208596,Andrea Belotti,sep,250008,75
,25,110374,,193080,David De Gea,sep,250008,84
,25,110374,,234612,Jonathan Ikone,sep,250008,66
,25,1745,,228413,Emil Audero,sep,250008,79
,25,110374,,246431,Riccardo Sottil,sep,250008,65
,25,1745,,196889,Simone Verdi,sep,250008,66
,25,110374,,236610,Moise Kean,sep,250008,75
,25,1745,,277846,Nico Paz,sep,250008,61
,25,1745,,237715,Patrick Cutrone,sep,250008,73
,25,1745,,211557,Federico Barba,sep,250008,31
,25,1745,,223524,Edoardo Goldaniga,sep,250008,33
,25,1745,,263882,Alieu Fadera,sep,250008,63
,25,110374,,243627,Yacine Adli,sep,250008,68
,25,54,,70480,Alieu Njie,sep,250008,60
,25,111811,,254502,Stefano Turati,sep,250008,74
,25,54,,253473,Samuele Ricci,sep,250008,54
,25,54,,219932,Antonio Sanabria,sep,250008,74
,25,54,,226093,Che Adams,sep,250008,76
,25,54,,243497,Sebastian Walukiewicz,sep,250008,37
,25,54,,273932,Gvidas Gineitis,sep,250008,57
,25,111811,,265595,Samuele Vignato,sep,250008,58
,25,54,,224836,Vanja Milinkovic-Savic,sep,250008,77
,25,111811,,234147,Dany Mota,sep,250008,75
,25,111811,,192840,Milan Duric,sep,250008,70
,25,54,,225410,Adam Masina,sep,250008,40
,25,111811,,255611,Daniel Maldini,sep,250008,70
,25,54,,265650,Saul Coco,sep,250008,56
,25,111811,,257353,Warren Bondo,sep,250008,61
,25,111811,,230824,Pedro Pereira,sep,250008,56
,25,48,,236632,David Neres,sep,250008,74
,25,52,,230872,Mile Svilar,sep,250008,76
,25,48,,268683,Michael Folorunsho,sep,250008,76
,25,52,,178603,Mats Hummels,sep,250008,58
,25,48,,225116,Alex Meret,sep,250008,81
,25,52,,242458,Artem Dovbyk,sep,250008,83
,25,52,,269312,Tommaso Baldanzi,sep,250008,71
,25,48,,192505,Romelu Lukaku,sep,250008,81
,25,52,,220651,Angelino,sep,250008,69
,25,48,,227236,Frank Anguissa,sep,250008,66
,25,48,,247635,Khvicha Kvaratskhelia,sep,250008,77
,25,48,,216409,Matteo Politano,sep,250008,77
,25,48,,244263,Amir Rrahmani,sep,250008,50
,25,48,,237238,Scott McTominay,sep,250008,77
,25,52,,275291,Niccolo Pisilli,sep,250008,58
,25,52,,228251,Lorenzo Pellegrini,sep,250008,77
,25,46,,258890,Fisayo Dele-Bashiru,sep,250008,68
,25,189,,240657,Federico Ravaglia,sep,250008,70
,25,46,,264880,Loum Tchaouna,sep,250008,72
,25,46,,243237,Luca Pellegrini,sep,250008,53
,25,46,,248729,Gustav Isaksen,sep,250008,71
,25,46,,220502,Mattia Zaccagni,sep,250008,77
,25,46,,219581,Samuel Gigot,sep,250008,36
,25,189,,234671,Jens Odgaard,sep,250008,73
,25,46,,224987,Ivan Provedel,sep,250008,83
,25,46,,237712,Valentin Castellanos,sep,250008,79
,25,46,,189505,Pedro,sep,250008,71
,25,189,,267861,Santiago Castro,sep,250008,74
,25,189,,233556,Riccardo Orsolini,sep,250008,80
,25,46,,219985,Matias Vecino,sep,250008,72
,25,55,,243249,Jurgen Ekkelenkamp,sep,250008,67
,25,1746,,233189,Devis Vasquez,sep,250008,68
,25,1746,,236838,Youssef Maleh,sep,250008,64
,25,55,,257288,Maduka Okoye,sep,250008,74
,25,55,,214658,Jesper Karlstrom,sep,250008,54
,25,55,,268474,Lorenzo Lucca,sep,250008,73
,25,55,,231743,Keinan Davis,sep,250008,68
,25,55,,204970,Florian Thauvin,sep,250008,76
,25,55,,258972,Isaak Toure,sep,250008,29
,25,55,,223866,Sandi Lovric,sep,250008,62
,25,55,,244238,Jaka Bijol,sep,250008,58
,25,1746,,238873,Pietro Pellegri,sep,250008,67
,25,1746,,242429,Liberato Cacace,sep,250008,58
,25,347,,263657,Thorir Johann Helgason,sep,250008,62
,25,205,,269271,Filip Stankovic,sep,250008,70
,25,347,,220018,Ante Rebic,sep,250008,75
,25,205,,220165,Joel Pohjanpalo,sep,250008,76
,25,347,,210676,Wladimiro Falcone,sep,250008,80
,25,205,,264436,Mikael Ellertsson,sep,250008,68
,25,347,,277432,Patrick Dorgu,sep,250008,51
,25,205,,242332,Gianluca Busio,sep,250008,63
,25,205,,208535,Alfred Duncan,sep,250008,63
,25,205,,269276,Gaetano Oristanio,sep,250008,65
,25,205,,262396,Jay Idzes,sep,250008,46
,25,205,,253162,Hans Nicolussi Caviglia,sep,250008,52
,25,347,,275783,Kialonda Gaspar,sep,250008,30
,25,205,,250779,Michael Svoboda,sep,250008,43
,25,1842,,266636,Adam Obert,sep,250010,43
,25,206,,215363,Lorenzo Montipo,sep,250010,77
,25,1842,,173160,Nicolas Viola,sep,250010,72
,25,1842,,248857,Mattia Felici,sep,250010,61
,25,1842,,254982,Michel Adopo,sep,250010,57
,25,206,,230065,Suat Serdar,sep,250010,70
,25,1842,,73838,Alen Sherri,sep,250010,66
,25,1842,,252964,Gabriele Zappa,sep,250010,54
,25,1842,,248385,Roberto Piccoli,sep,250010,71
,25,1842,,259011,Zito Luvumbo,sep,250010,70
,25,206,,255233,Tomas Suslov,sep,250010,70
,25,206,,212127,Darko Lazovic,sep,250010,71
,25,206,,252000,Domagoj Bradaric,sep,250010,53
,25,206,,257920,Casper Tengstedt,sep,250010,70
,25,1842,,211302,Gianluca Lapadula,sep,250010,72
,25,1842,,235813,Razvan Marin,sep,250010,74
,25,206,,73853,Dailon Rocha Livramento,sep,250010,71
,25,1842,,220523,Yerry Mina,sep,250010,49
,25,1745,,208596,Andrea Belotti,sep,250010,75
,25,111811,,254502,Stefano Turati,sep,250010,74
,25,111811,,192840,Milan Duric,sep,250010,70
,25,1745,,24630,Pepe Reina,sep,250010,76
,25,1745,,210719,Marc Kempf,sep,250010,41
,25,1745,,277846,Nico Paz,sep,250010,60
,25,1745,,268673,Alessio Iovine,sep,250010,57
,25,1745,,196889,Simone Verdi,sep,250010,66
,25,1745,,237715,Patrick Cutrone,sep,250010,73
,25,111811,,255611,Daniel Maldini,sep,250010,70
,25,111811,,202848,Gianluca Caprari,sep,250010,73
,25,1745,,235949,Gabriel Strefezza,sep,250010,65
,25,1745,,262906,Yannick Engelhardt,sep,250010,45
,25,1745,,223524,Edoardo Goldaniga,sep,250010,33
,25,111811,,199776,Luca Caldirola,sep,250010,41
,25,111811,,271477,Alessandro Bianco,sep,250010,47
,25,111811,,234147,Dany Mota,sep,250010,75
,25,111811,,253213,Georgios Kyriakopoulos,sep,250010,58
,25,1745,,263882,Alieu Fadera,sep,250010,63
,25,47,,231352,Tammy Abraham,sep,250010,76
,25,1746,,233189,Devis Vasquez,sep,250010,68
,25,47,,279202,Francesco Camarda,sep,250010,66
,25,47,,246172,Samuel Chukwueze,sep,250010,73
,25,47,,227796,Christian Pulisic,sep,250010,81
,25,1746,,247888,Sebastiano Esposito,sep,250010,73
,25,47,,215698,Mike Maignan,sep,250010,87
,25,47,,247204,Emerson Royal,sep,250010,60
,25,47,,240638,Tijjani Reijnders,sep,250010,74
,25,1746,,248474,Tino Anjorin,sep,250010,63
,25,1746,,236838,Youssef Maleh,sep,250010,64
,25,1746,,238873,Pietro Pellegri,sep,250010,67
,25,1746,,219952,Liam Henderson,sep,250010,63
,25,47,,201153,Alvaro Morata,sep,250010,80
,25,47,,241721,Rafael Leao,sep,250010,78
,25,1746,,256899,Lorenzo Colombo,sep,250010,74
,25,47,,245630,Youssouf Fofana,sep,250010,66
,25,189,,269558,Benjamin Dominguez,sep,250010,64
,25,205,,269271,Filip Stankovic,sep,250010,70
,25,205,,220165,Joel Pohjanpalo,sep,250010,76
,25,189,,189908,Lukasz Skorupski,sep,250010,79
,25,189,,252021,Thijs Dallinga,sep,250010,75
,25,189,,257980,Dan Ndoye,sep,250010,66
,25,189,,233556,Riccardo Orsolini,sep,250010,80
,25,189,,234671,Jens Odgaard,sep,250010,73
,25,189,,231836,Jesper Karlsson,sep,250010,74
,25,189,,240915,Juan Miranda,sep,250010,60
,25,205,,253162,Hans Nicolussi Caviglia,sep,250010,52
,25,205,,269276,Gaetano Oristanio,sep,250010,65
,25,189,,202024,Remo Freuler,sep,250010,71
,25,110556,,186627,Mario Balotelli,sep,250010,78
,25,55,,257288,Maduka Okoye,sep,250010,74
,25,110556,,240938,Junior Messias,sep,250010,72
,25,55,,243249,Jurgen Ekkelenkamp,sep,250010,67
,25,110556,,201299,Nicola Leali,sep,250010,69
,25,110556,,244349,Johan Vasquez,sep,250010,31
,25,110556,,215147,Lautaro Giannetti,sep,250010,34
,25,55,,204970,Florian Thauvin,sep,250010,76
,25,110556,,268656,Alessandro Zanoli,sep,250010,38
,25,110556,,235842,Andrea Pinamonti,sep,250010,75
,25,110556,,268802,Fabio Miretti,sep,250010,60
,25,55,,259634,Jordan Zemura,sep,250010,44
,25,110556,,222475,Morten Thorsby,sep,250010,61
,25,110556,,242633,Morten Frendrup,sep,250010,58
,25,110556,,201144,Milan Badelj,sep,250010,61
,25,50,,252442,Enrico Delprato,sep,250010,53
,25,46,,224987,Ivan Provedel,sep,250010,83
,25,46,,236496,Matteo Guendouzi,sep,250010,70
,25,50,,255981,Zion Suzuki,sep,250010,71
,25,46,,189505,Pedro,sep,250010,71
,25,46,,264880,Loum Tchaouna,sep,250010,72
,25,46,,237712,Valentin Castellanos,sep,250010,79
,25,46,,243237,Luca Pellegrini,sep,250010,53
,25,46,,210413,Alessio Romagnoli,sep,250010,39
,25,50,,244634,Simon Sohm,sep,250010,65
,25,50,,268464,Gabriel Charpentier,sep,250010,68
,25,50,,239978,Dennis Man,sep,250010,73
,25,50,,278287,Anas Haj Mohamed,sep,250010,51
,25,46,,268804,Mario Gila,sep,250010,53
,25,46,,248729,Gustav Isaksen,sep,250010,71
,25,46,,220502,Mattia Zaccagni,sep,250010,77
,25,50,,263929,Matteo Cancellieri,sep,250010,70
,25,46,,255001,Nicolo Rovella,sep,250010,62
,25,50,,259565,Ange-Yoan Bonny,sep,250010,73
,25,50,,258714,Emanuele Valeri,sep,250010,69
,25,48,,216816,Giovanni Simeone,sep,250010,78
,25,54,,224836,Vanja Milinkovic-Savic,sep,250010,77
,25,48,,192505,Romelu Lukaku,sep,250010,81
,25,48,,244263,Amir Rrahmani,sep,250010,50
,25,54,,231826,Yann Karamoh,sep,250010,68
,25,48,,225116,Alex Meret,sep,250010,81
,25,48,,240716,Mathias Olivera,sep,250010,48
,25,48,,216409,Matteo Politano,sep,250010,77
,25,48,,217870,Giovanni Di Lorenzo,sep,250010,67
,25,48,,247635,Khvicha Kvaratskhelia,sep,250010,77
,25,54,,253473,Samuele Ricci,sep,250010,54
,25,54,,228349,Mergim Vojvoda,sep,250010,52
,25,54,,226093,Che Adams,sep,250010,76
,25,48,,237238,Scott McTominay,sep,250010,77
,25,48,,243241,Alessandro Buongiorno,sep,250010,45
,25,347,,220018,Ante Rebic,sep,250010,75
,25,45,,198009,Mattia Perin,sep,250010,79
,25,347,,277839,Nikola Krstovic,sep,250010,74
,25,45,,74566,Samuel Mbangula,sep,250010,63
,25,347,,210676,Wladimiro Falcone,sep,250010,80
,25,45,,222077,Manuel Locatelli,sep,250010,70
,25,45,,240679,Teun Koopmeiners,sep,250010,77
,25,45,,258966,Andrea Cambiaso,sep,250010,61
,25,45,,261050,Francisco Conceicao,sep,250010,66
,25,45,,266872,Federico Gatti,sep,250010,36
,25,347,,277432,Patrick Dorgu,sep,250010,51
,25,347,,239671,Tete Morente,sep,250010,69
,25,45,,255654,Pierre Kalulu,sep,250010,49
,25,45,,277954,Kenan Yildiz,sep,250010,65
,25,45,,241496,Timothy Weah,sep,250010,70
,25,45,,247246,Khephren Thuram,sep,250010,69
,25,52,,190813,Stephan El Shaarawy,sep,250010,75
,25,39,,252154,Marco Carnesecchi,sep,250010,82
,25,39,,256115,Lazar Samardzic,sep,250010,70
,25,52,,230872,Mile Svilar,sep,250010,76
,25,39,,238067,Nicolo Zaniolo,sep,250010,75
,25,39,,208165,Berat Djimsiti,sep,250010,37
,25,39,,257785,Marco Brescianini,sep,250010,62
,25,39,,266866,Ederson,sep,250010,67
,25,39,,193082,Juan Cuadrado,sep,250010,73
,25,52,,229582,Gianluca Mancini,sep,250010,49
,25,52,,239964,Eldor Shomurodov,sep,250010,70
,25,39,,208461,Marten de Roon,sep,250010,70
,25,39,,207993,Sead Kolasinac,sep,250010,61
,25,39,,241850,Mateo Retegui,sep,250010,75
,25,39,,247229,Raoul Bellanova,sep,250010,30
,25,39,,251470,Charles De Ketelaere,sep,250010,76
,25,52,,250723,Manu Kone,sep,250010,71
,25,52,,207439,Leandro Paredes,sep,250010,64
,25,110374,,236610,Moise Kean,sep,250017,77
,25,44,,177683,Yann Sommer,sep,250017,87
,25,44,,184200,Marko Arnautovic,sep,250017,79
,25,110374,,193080,David De Gea,sep,250017,84
,25,110374,,258976,Fabiano Parisi,sep,250017,66
,25,44,,226268,Federico Dimarco,sep,250017,78
,25,44,,224232,Nicolo Barella,sep,250017,78
,25,44,,231478,Lautaro Martinez,sep,250017,88
,25,110374,,240777,Luca Ranieri,sep,250017,40
,25,44,,239807,Davide Frattesi,sep,250017,74
,25,44,,228093,Marcus Thuram,sep,250017,81
,25,44,,208128,Hakan Calhanoglu,sep,250017,80
,25,110374,,234112,Dodo,sep,250017,57
,25,44,,237383,Alessandro Bastoni,sep,250017,45
,25,110374,,251988,Andrea Colpani,sep,250017,75
,25,50,,184392,Matteo Darmian,sep,250010,61
,25,44,,177683,Yann Sommer,sep,250010,87
,25,44,,241736,Yann Bisseck,sep,250010,53
,25,44,,231478,Lautaro Martinez,sep,250010,88
,25,44,,215330,Joaquin Correa,sep,250010,73
,25,44,,228093,Marcus Thuram,sep,250010,81
,25,44,,233096,Denzel Dumfries,sep,250010,64
,25,44,,224232,Nicolo Barella,sep,250010,77
,25,44,,226268,Federico Dimarco,sep,250010,77
,25,44,,208128,Hakan Calhanoglu,sep,250010,80
,25,44,,192883,Henrikh Mkhitaryan,sep,250010,78
,25,39,,230899,Ademola Lookman,sep,250010,80
,25,47,,253177,Yunus Musah,sep,250010,68
,25,39,,223273,Mario Pasalic,sep,250010,77
,25,47,,232656,Theo Hernandez,sep,250010,76
,25,54,,213242,Adrien Tameze,sep,250010,64
,25,54,,273932,Gvidas Gineitis,sep,250010,57
,25,54,,211408,Karol Linetty,sep,250010,62
,25,189,,267861,Santiago Castro,sep,250010,74
,25,189,,231207,Jhon Lucumi,sep,250010,36
,25,45,,246430,Dusan Vlahovic,sep,250010,84
,25,189,,252060,Tommaso Pobega,sep,250010,75
,25,45,,260823,Nicolo Fagioli,sep,250010,63
,25,52,,211110,Paulo Dybala,sep,250010,85
,25,347,,271198,Medon Berisha,sep,250010,47
,25,347,,253139,Santiago Pierotti,sep,250010,66
,25,52,,275291,Niccolo Pisilli,sep,250010,58
,25,52,,220651,Angelino,sep,250010,69
,25,52,,242664,Alexis Saelemaekers,sep,250010,66
,25,52,,236403,Evan Ndicka,sep,250010,51
,25,110374,,193080,David De Gea,sep,250010,84
,25,1842,,246877,Gianluca Gaetano,sep,250010,71
,25,110374,,234612,Jonathan Ikone,sep,250010,66
,25,110374,,243627,Yacine Adli,sep,250010,68
,25,110374,,246258,Lucas Beltran,sep,250010,75
,25,1842,,220534,Sebastiano Luperto,sep,250010,47
,25,110374,,211361,Danilo Cataldi,sep,250010,71
,25,1842,,270597,Antoine Makoumbou,sep,250010,58
,25,110374,,234112,Dodo,sep,250010,57
,25,110374,,246431,Riccardo Sottil,sep,250010,65
,25,1746,,70252,Saba Goglichidze,sep,250010,24
,25,1746,,278319,Luca Marianucci,sep,250010,25
,25,206,,237335,Grigoris Kastanos,sep,250010,70
,25,206,,266585,Daniel Mosquera,sep,250010,70
,25,206,,241937,Abdou Harroui,sep,250010,68
,25,1746,,271923,Emmanuel Ekong,sep,250010,63
,25,1746,,220491,Emmanuel Gyasi,sep,250010,62
,25,206,,262937,Jackson Tchatchoua,sep,250010,58
,25,206,,213404,Pawel Dawidowicz,sep,250010,47
,25,206,,242392,Giangiacomo Magnani,sep,250010,39
,25,1746,,242429,Liberato Cacace,sep,250010,58
,25,1746,,230681,Giuseppe Pezzella,sep,250010,54
,25,205,,231137,Domen Crnigoj,sep,250010,60
,25,1745,,252315,Antonio Candela,sep,250010,53
,25,48,,236632,David Neres,sep,250010,74
,25,46,,264257,Tijjani Noslin,sep,250010,73
,25,48,,227236,Frank Anguissa,sep,250010,66
,25,46,,258890,Fisayo Dele-Bashiru,sep,250010,68
,25,46,,251530,Nuno Tavares,sep,250010,65
,25,48,,216435,Stanislav Lobotka,sep,250010,66
,25,55,,264509,James Abankwah,sep,250010,29
,25,55,,266803,Razvan Sava,sep,250010,69
,25,55,,268474,Lorenzo Lucca,sep,250010,73
,25,55,,244238,Jaka Bijol,sep,250010,58
,25,111811,,230824,Pedro Pereira,sep,250010,56
,25,111811,,257353,Warren Bondo,sep,250010,61
,25,111811,,216145,Armando Izzo,sep,250010,38
,25,55,,214658,Jesper Karlstrom,sep,250010,54
,25,111811,,257000,Andrea Carboni,sep,250010,36
,25,54,,226093,Che Adams,sep,250012,76
,25,1746,,233189,Devis Vasquez,sep,250012,69
,25,54,,241095,Nikola Vlasic,sep,250012,75
,25,1746,,247888,Sebastiano Esposito,sep,250012,73
,25,54,,224836,Vanja Milinkovic-Savic,sep,250012,77
,25,1746,,242429,Liberato Cacace,sep,250012,58
,25,1746,,248474,Tino Anjorin,sep,250012,63
,25,54,,211408,Karol Linetty,sep,250012,62
,25,1746,,256899,Lorenzo Colombo,sep,250012,74
,25,54,,265650,Saul Coco,sep,250012,56
,25,54,,231826,Yann Karamoh,sep,250012,68
,25,54,,219932,Antonio Sanabria,sep,250012,74
,25,54,,243481,Marcus Pedersen,sep,250012,47
,25,54,,253473,Samuele Ricci,sep,250012,54
,25,1746,,220491,Emmanuel Gyasi,sep,250012,62
,25,1842,,220534,Sebastiano Luperto,sep,250012,47
,25,39,,252154,Marco Carnesecchi,sep,250012,82
,25,1842,,220523,Yerry Mina,sep,250012,49
,25,1842,,205850,Leonardo Pavoletti,sep,250012,68
,25,1842,,235813,Razvan Marin,sep,250012,74
,25,39,,238067,Nicolo Zaniolo,sep,250012,75
,25,1842,,73838,Alen Sherri,sep,250012,66
,25,39,,247229,Raoul Bellanova,sep,250012,30
,25,39,,230899,Ademola Lookman,sep,250012,80
,25,1842,,248385,Roberto Piccoli,sep,250012,71
,25,1842,,254982,Michel Adopo,sep,250012,57
,25,39,,246875,Odilon Kossounou,sep,250012,31
,25,39,,208165,Berat Djimsiti,sep,250012,37
,25,39,,251470,Charles De Ketelaere,sep,250012,76
,25,39,,223273,Mario Pasalic,sep,250012,77
,25,1842,,252440,Nadir Zortea,sep,250012,61
,25,39,,257785,Marco Brescianini,sep,250012,62
,25,39,,266866,Ederson,sep,250012,68
,25,48,,216816,Giovanni Simeone,sep,250012,78
,25,55,,266803,Razvan Sava,sep,250012,69
,25,48,,227236,Frank Anguissa,sep,250012,66
,25,48,,215147,Lautaro Giannetti,sep,250012,34
,25,48,,236632,David Neres,sep,250012,74
,25,48,,244263,Amir Rrahmani,sep,250012,50
,25,48,,192505,Romelu Lukaku,sep,250012,80
,25,48,,216409,Matteo Politano,sep,250012,77
,25,48,,240716,Mathias Olivera,sep,250012,48
,25,55,,243249,Jurgen Ekkelenkamp,sep,250012,67
,25,48,,225116,Alex Meret,sep,250012,81
,25,55,,272783,Arthur Atta,sep,250012,53
,25,48,,217870,Giovanni Di Lorenzo,sep,250012,67
,25,48,,237238,Scott McTominay,sep,250012,77
,25,55,,223866,Sandi Lovric,sep,250012,62
,25,55,,204970,Florian Thauvin,sep,250012,76
,25,45,,246430,Dusan Vlahovic,sep,250012,84
,25,205,,269271,Filip Stankovic,sep,250012,70
,25,45,,261050,Francisco Conceicao,sep,250012,66
,25,205,,252315,Antonio Candela,sep,250012,53
,25,45,,235840,Michele Di Gregorio,sep,250012,80
,25,45,,236499,Douglas Luiz,sep,250012,77
,25,205,,262396,Jay Idzes,sep,250012,46
,25,205,,264436,Mikael Ellertsson,sep,250012,68
,25,45,,255654,Pierre Kalulu,sep,250012,49
,25,45,,238744,Weston McKennie,sep,250012,72
,25,45,,277954,Kenan Yildiz,sep,250012,65
,25,205,,253162,Hans Nicolussi Caviglia,sep,250012,52
,25,45,,247246,Khephren Thuram,sep,250012,69
,25,205,,220165,Joel Pohjanpalo,sep,250012,76
,25,205,,242332,Gianluca Busio,sep,250012,63
,25,205,,237840,Magnus Andersen,sep,250012,58
,25,45,,266872,Federico Gatti,sep,250012,36
,25,347,,277432,Patrick Dorgu,sep,250012,51
,25,111811,,254502,Stefano Turati,sep,250012,74
,25,111811,,268437,Omari Forson,sep,250012,59
,25,347,,210676,Wladimiro Falcone,sep,250012,80
,25,111811,,255611,Daniel Maldini,sep,250012,70
,25,111811,,234147,Dany Mota,sep,250012,75
,25,111811,,253213,Georgios Kyriakopoulos,sep,250012,58
,25,111811,,257353,Warren Bondo,sep,250012,61
,25,347,,271198,Medon Berisha,sep,250012,47
,25,347,,277839,Nikola Krstovic,sep,250012,74
,25,347,,268573,Federico Baschirotto,sep,250012,52
,25,111811,,237003,Samuele Birindelli,sep,250012,51
,25,347,,239671,Tete Morente,sep,250012,69
,25,110374,,234612,Jonathan Ikone,sep,250012,66
,25,189,,189908,Lukasz Skorupski,sep,250012,79
,25,189,,242280,Lewis Ferguson,sep,250012,77
,25,110374,,193080,David De Gea,sep,250012,84
,25,110374,,262236,Amir Richardson,sep,250012,63
,25,189,,252060,Tommaso Pobega,sep,250012,75
,25,189,,234671,Jens Odgaard,sep,250012,73
,25,189,,246656,Emil Holm,sep,250012,60
,25,110374,,236610,Moise Kean,sep,250012,75
,25,189,,267861,Santiago Castro,sep,250012,75
,25,189,,257980,Dan Ndoye,sep,250012,66
,25,110374,,211361,Danilo Cataldi,sep,250012,71
,25,110374,,246258,Lucas Beltran,sep,250012,75
,25,110374,,238004,Albert Gudmundsson,sep,250012,79
,25,110374,,251988,Andrea Colpani,sep,250012,75
,25,189,,202024,Remo Freuler,sep,250012,71
,25,189,,269558,Benjamin Dominguez,sep,250012,64
,25,50,,271856,Antoine Hainaut,sep,250012,53
,25,206,,215363,Lorenzo Montipo,sep,250012,77
,25,50,,244634,Simon Sohm,sep,250012,65
,25,50,,236706,Pontus Almqvist,sep,250012,66
,25,206,,275163,Reda Belahyane,sep,250012,45
,25,50,,255981,Zion Suzuki,sep,250012,71
,25,206,,266585,Daniel Mosquera,sep,250012,70
,25,206,,73853,Dailon Rocha Livramento,sep,250012,71
,25,50,,239978,Dennis Man,sep,250012,73
,25,50,,258714,Emanuele Valeri,sep,250012,69
,25,206,,241937,Abdou Harroui,sep,250012,68
,25,206,,256453,Amin Sarr,sep,250012,64
,25,206,,212127,Darko Lazovic,sep,250012,71
,25,50,,252442,Enrico Delprato,sep,250012,53
,25,50,,259565,Ange-Yoan Bonny,sep,250012,73
,25,206,,213404,Pawel Dawidowicz,sep,250012,47
,25,206,,269181,Diego Coppola,sep,250012,39
,25,1745,,277846,Nico Paz,sep,250012,60
,25,52,,230872,Mile Svilar,sep,250012,76
,25,1745,,268674,Alessandro Gabrielloni,sep,250012,67
,25,1745,,263882,Alieu Fadera,sep,250012,63
,25,1745,,253120,Ben Lhassine Kone,sep,250012,60
,25,52,,211110,Paulo Dybala,sep,250012,85
,25,1745,,24630,Pepe Reina,sep,250012,76
,25,1745,,223524,Edoardo Goldaniga,sep,250012,33
,25,1745,,237715,Patrick Cutrone,sep,250012,73
,25,1745,,262906,Yannick Engelhardt,sep,250012,45
,25,1745,,254579,Lucas Da Cunha,sep,250012,69
,25,52,,246688,Saud Abdulhamid,sep,250012,43
,25,1745,,235949,Gabriel Strefezza,sep,250012,65
,25,52,,224490,Zeki Celik,sep,250012,58
,25,52,,242664,Alexis Saelemaekers,sep,250012,66
,25,52,,229668,Mario Hermoso,sep,250012,47
,25,47,,240638,Tijjani Reijnders,sep,250012,74
,25,110556,,201299,Nicola Leali,sep,250012,69
,25,47,,241721,Rafael Leao,sep,250012,78
,25,110556,,236295,Aaron Martin,sep,250012,52
,25,47,,215698,Mike Maignan,sep,250012,87
,25,110556,,201144,Milan Badelj,sep,250012,61
,25,110556,,244349,Johan Vasquez,sep,250012,31
,25,47,,240277,Matteo Gabbia,sep,250012,35
,25,47,,201153,Alvaro Morata,sep,250012,80
,25,47,,278928,Alex Jimenez,sep,250012,50
,25,47,,74094,Mattia Liberali,sep,250012,57
,25,47,,247204,Emerson Royal,sep,250012,60
,25,47,,231352,Tammy Abraham,sep,250012,76
,25,47,,245630,Youssouf Fofana,sep,250012,66
,25,47,,246172,Samuel Chukwueze,sep,250012,73
,25,110556,,268802,Fabio Miretti,sep,250012,60
,25,44,,228093,Marcus Thuram,sep,250012,81
,25,46,,224987,Ivan Provedel,sep,250012,83
,25,44,,210406,Piotr Zielinski,sep,250012,75
,25,46,,264880,Loum Tchaouna,sep,250012,72
,25,44,,177683,Yann Sommer,sep,250012,87
,25,44,,258648,Carlos Augusto,sep,250012,71
,25,46,,255001,Nicolo Rovella,sep,250012,62
,25,44,,233096,Denzel Dumfries,sep,250012,64
,25,44,,224232,Nicolo Barella,sep,250012,77
,25,46,,248729,Gustav Isaksen,sep,250012,71
,25,44,,208128,Hakan Calhanoglu,sep,250012,80
,25,44,,226268,Federico Dimarco,sep,250012,77
,25,46,,264257,Tijjani Noslin,sep,250012,73
,25,46,,251530,Nuno Tavares,sep,250012,66
,25,206,,255233,Tomas Suslov,sep,250013,70
,25,47,,215698,Mike Maignan,sep,250013,87
,25,47,,228881,Davide Calabria,sep,250013,57
,25,206,,215363,Lorenzo Montipo,sep,250013,77
,25,47,,240638,Tijjani Reijnders,sep,250013,74
,25,206,,73853,Dailon Rocha Livramento,sep,250013,71
,25,206,,230065,Suat Serdar,sep,250013,70
,25,47,,278928,Alex Jimenez,sep,250013,50
,25,206,,222148,Ondrej Duda,sep,250013,71
,25,47,,240277,Matteo Gabbia,sep,250013,35
,25,47,,247204,Emerson Royal,sep,250013,60
,25,47,,245630,Youssouf Fofana,sep,250013,66
,25,47,,246172,Samuel Chukwueze,sep,250013,73
,25,47,,271579,Filippo Terracciano,sep,250013,60
,25,47,,231352,Tammy Abraham,sep,250013,76
,25,206,,237335,Grigoris Kastanos,sep,250013,70
,25,47,,241721,Rafael Leao,sep,250013,78
,25,206,,262937,Jackson Tchatchoua,sep,250013,58
,25,189,,252060,Tommaso Pobega,sep,250013,75
,25,54,,224836,Vanja Milinkovic-Savic,sep,250013,77
,25,189,,252021,Thijs Dallinga,sep,250013,75
,25,54,,253473,Samuele Ricci,sep,250013,54
,25,189,,240657,Federico Ravaglia,sep,250013,70
,25,54,,226093,Che Adams,sep,250013,76
,25,189,,202024,Remo Freuler,sep,250013,71
,25,189,,267861,Santiago Castro,sep,250013,75
,25,189,,269558,Benjamin Dominguez,sep,250013,64
,25,54,,243481,Marcus Pedersen,sep,250013,47
,25,54,,243388,Borna Sosa,sep,250013,51
,25,54,,225410,Adam Masina,sep,250013,40
,25,54,,231826,Yann Karamoh,sep,250013,68
,25,48,,247635,Khvicha Kvaratskhelia,sep,250013,77
,25,110556,,201299,Nicola Leali,sep,250013,69
,25,48,,216816,Giovanni Simeone,sep,250013,78
,25,110556,,239795,Caleb Ekuban,sep,250013,68
,25,48,,225116,Alex Meret,sep,250013,81
,25,48,,240716,Mathias Olivera,sep,250013,48
,25,110556,,235842,Andrea Pinamonti,sep,250013,75
,25,48,,216409,Matteo Politano,sep,250013,77
,25,48,,237238,Scott McTominay,sep,250013,77
,25,110556,,244349,Johan Vasquez,sep,250013,31
,25,110556,,201144,Milan Badelj,sep,250013,61
,25,48,,244263,Amir Rrahmani,sep,250013,50
,25,48,,227236,Frank Anguissa,sep,250013,66
,25,48,,236632,David Neres,sep,250013,74
,25,110556,,263829,Vitinha,sep,250013,74
,25,48,,192505,Romelu Lukaku,sep,250013,80
,25,347,,239671,Tete Morente,sep,250013,69
,25,46,,224987,Ivan Provedel,sep,250013,83
,25,347,,253139,Santiago Pierotti,sep,250013,66
,25,347,,263469,Mohamed Kaba,sep,250013,51
,25,46,,236496,Matteo Guendouzi,sep,250013,70
,25,347,,210676,Wladimiro Falcone,sep,250013,80
,25,46,,224031,Adam Marusic,sep,250013,66
,25,46,,237712,Valentin Castellanos,sep,250013,79
,25,347,,220018,Ante Rebic,sep,250013,75
,25,347,,271198,Medon Berisha,sep,250013,47
,25,347,,277432,Patrick Dorgu,sep,250013,51
,25,46,,246242,Boulaye Dia,sep,250013,80
,25,46,,248729,Gustav Isaksen,sep,250013,71
,25,347,,277839,Nikola Krstovic,sep,250013,74
,25,46,,235374,Manuel Lazzari,sep,250013,60
,25,46,,255001,Nicolo Rovella,sep,250013,62
,25,50,,239978,Dennis Man,sep,250013,73
,25,52,,230872,Mile Svilar,sep,250013,76
,25,52,,211110,Paulo Dybala,sep,250013,85
,25,50,,255981,Zion Suzuki,sep,250013,71
,25,50,,244634,Simon Sohm,sep,250013,65
,25,50,,264364,Drissa Camara,sep,250013,56
,25,52,,242458,Artem Dovbyk,sep,250013,83
,25,52,,207439,Leandro Paredes,sep,250013,64
,25,52,,242664,Alexis Saelemaekers,sep,250013,66
,25,52,,250723,Manu Kone,sep,250013,71
,25,52,,178603,Mats Hummels,sep,250013,58
,25,52,,190813,Stephan El Shaarawy,sep,250013,75
,25,52,,229582,Gianluca Mancini,sep,250013,49
,25,50,,258714,Emanuele Valeri,sep,250013,69
,25,50,,225475,Hernani,sep,250013,69
,25,50,,259565,Ange-Yoan Bonny,sep,250013,73
,25,1842,,252964,Gabriele Zappa,sep,250013,54
,25,205,,269271,Filip Stankovic,sep,250013,70
,25,1842,,248857,Mattia Felici,sep,250013,61
,25,1842,,211302,Gianluca Lapadula,sep,250013,72
,25,1842,,205850,Leonardo Pavoletti,sep,250013,68
,25,205,,235800,Marin Sverko,sep,250013,36
,25,1842,,73838,Alen Sherri,sep,250013,66
,25,1842,,246877,Gianluca Gaetano,sep,250013,71
,25,205,,220165,Joel Pohjanpalo,sep,250013,76
,25,205,,253162,Hans Nicolussi Caviglia,sep,250013,52
,25,205,,269276,Gaetano Oristanio,sep,250013,65
,25,205,,237840,Magnus Andersen,sep,250013,58
,25,205,,262396,Jay Idzes,sep,250013,46
,25,1842,,252440,Nadir Zortea,sep,250013,61
,25,205,,219655,Francesco Zampano,sep,250013,49
,25,1842,,254982,Michel Adopo,sep,250013,57
,25,1842,,220523,Yerry Mina,sep,250013,49
,25,205,,242332,Gianluca Busio,sep,250013,63
,25,1746,,220491,Emmanuel Gyasi,sep,250013,62
,25,39,,252154,Marco Carnesecchi,sep,250013,82
,25,39,,251470,Charles De Ketelaere,sep,250013,76
,25,1746,,233189,Devis Vasquez,sep,250013,69
,25,39,,256115,Lazar Samardzic,sep,250013,70
,25,1746,,219952,Liam Henderson,sep,250013,63
,25,39,,238067,Nicolo Zaniolo,sep,250013,75
,25,39,,230899,Ademola Lookman,sep,250013,80
,25,1746,,247888,Sebastiano Esposito,sep,250013,73
,25,39,,223273,Mario Pasalic,sep,250013,77
,25,39,,216150,Davide Zappacosta,sep,250013,67
,25,39,,208165,Berat Djimsiti,sep,250013,37
,25,1746,,242429,Liberato Cacace,sep,250013,58
,25,39,,207993,Sead Kolasinac,sep,250013,61
,25,1746,,256899,Lorenzo Colombo,sep,250013,74
,25,39,,266866,Ederson,sep,250013,68
,25,45,,277954,Kenan Yildiz,sep,250013,65
,25,111811,,254502,Stefano Turati,sep,250013,74
,25,111811,,271477,Alessandro Bianco,sep,250013,47
,25,45,,235840,Michele Di Gregorio,sep,250013,80
,25,45,,247246,Khephren Thuram,sep,250013,69
,25,111811,,219812,Patrick Ciurria,sep,250013,72
,25,111811,,257353,Warren Bondo,sep,250013,61
,25,45,,266872,Federico Gatti,sep,250013,36
,25,111811,,234147,Dany Mota,sep,250013,75
,25,111811,,198946,Danilo D'Ambrosio,sep,250013,55
,25,45,,246430,Dusan Vlahovic,sep,250013,84
,25,111811,,253213,Georgios Kyriakopoulos,sep,250013,58
,25,45,,240690,Nicolas Gonzalez,sep,250013,75
,25,45,,261050,Francisco Conceicao,sep,250013,66
,25,111811,,202848,Gianluca Caprari,sep,250013,73
,25,111811,,237003,Samuele Birindelli,sep,250013,51
,25,45,,238744,Weston McKennie,sep,250013,72
,25,110374,,236610,Moise Kean,sep,250013,75
,25,55,,266803,Razvan Sava,sep,250013,69
,25,110374,,278340,Pietro Comuzzo,sep,250013,27
,25,55,,223866,Sandi Lovric,sep,250013,62
,25,110374,,193080,David De Gea,sep,250013,84
,25,110374,,234612,Jonathan Ikone,sep,250013,66
,25,110374,,235866,Christian Kouame,sep,250013,70
,25,110374,,211361,Danilo Cataldi,sep,250013,71
,25,55,,225669,Kingsley Ehizibue,sep,250013,55
,25,55,,272783,Arthur Atta,sep,250013,53
,25,55,,204970,Florian Thauvin,sep,250013,76
,25,110374,,243627,Yacine Adli,sep,250013,68
,25,110374,,251988,Andrea Colpani,sep,250013,75
,25,55,,268474,Lorenzo Lucca,sep,250013,73
,25,110374,,246431,Riccardo Sottil,sep,250013,65
,25,55,,259634,Jordan Zemura,sep,250013,48
,25,110374,,240777,Luca Ranieri,sep,250013,40
,25,55,,243249,Jurgen Ekkelenkamp,sep,250013,67
,25,44,,228093,Marcus Thuram,sep,250013,81
,25,1745,,24630,Pepe Reina,sep,250013,76
,25,1745,,237715,Patrick Cutrone,sep,250013,73
,25,44,,177683,Yann Sommer,sep,250013,87
,25,44,,233096,Denzel Dumfries,sep,250013,64
,25,1745,,208596,Andrea Belotti,sep,250013,75
,25,44,,237383,Alessandro Bastoni,sep,250013,43
,25,44,,226268,Federico Dimarco,sep,250013,77
,25,44,,231478,Lautaro Martinez,sep,250013,88
,25,1745,,277846,Nico Paz,sep,250013,60
,25,44,,241736,Yann Bisseck,sep,250013,53
,25,44,,258648,Carlos Augusto,sep,250013,71
,25,1745,,263882,Alieu Fadera,sep,250013,63
,25,44,,192883,Henrikh Mkhitaryan,sep,250013,78
,25,44,,224232,Nicolo Barella,sep,250013,77
,25,1745,,251464,Ignace Van der Brempt,sep,250013,55
,25,110556,,263829,Vitinha,sep,250014,74
,25,1746,,233189,Devis Vasquez,sep,250014,69
,25,110556,,206159,Stefano Sabelli,sep,250014,38
,25,1746,,247888,Sebastiano Esposito,sep,250014,73
,25,110556,,201299,Nicola Leali,sep,250014,69
,25,1746,,256899,Lorenzo Colombo,sep,250014,74
,25,1746,,248474,Tino Anjorin,sep,250014,63
,25,110556,,239795,Caleb Ekuban,sep,250014,68
,25,110556,,268802,Fabio Miretti,sep,250014,60
,25,110556,,201144,Milan Badelj,sep,250014,61
,25,110556,,235842,Andrea Pinamonti,sep,250014,75
,25,1746,,242429,Liberato Cacace,sep,250014,58
,25,110556,,268656,Alessandro Zanoli,sep,250014,38
,25,1746,,219952,Liam Henderson,sep,250014,63
,25,110556,,244349,Johan Vasquez,sep,250014,31
,25,50,,246164,Lautaro Valenti,sep,250014,51
,25,111811,,254502,Stefano Turati,sep,250014,74
,25,50,,258714,Emanuele Valeri,sep,250014,69
,25,111811,,230824,Pedro Pereira,sep,250014,56
,25,50,,255981,Zion Suzuki,sep,250014,71
,25,50,,244634,Simon Sohm,sep,250014,65
,25,50,,264364,Drissa Camara,sep,250014,56
,25,50,,259565,Ange-Yoan Bonny,sep,250014,73
,25,50,,225475,Hernani,sep,250014,69
,25,111811,,237003,Samuele Birindelli,sep,250014,51
,25,111811,,271477,Alessandro Bianco,sep,250014,47
,25,111811,,216145,Armando Izzo,sep,250014,38
,25,111811,,202848,Gianluca Caprari,sep,250014,73
,25,50,,248060,Valentin Mihaila,sep,250014,65
,25,111811,,198946,Danilo D'Ambrosio,sep,250014,55
,25,111811,,255611,Daniel Maldini,sep,250014,68
,25,1842,,248857,Mattia Felici,sep,250014,61
,25,44,,177683,Yann Sommer,sep,250014,87
,25,44,,208128,Hakan Calhanoglu,sep,250014,80
,25,1842,,220048,Simone Scuffet,sep,250014,73
,25,44,,198176,Stefan de Vrij,sep,250014,41
,25,44,,231478,Lautaro Martinez,sep,250014,88
,25,44,,241736,Yann Bisseck,sep,250014,56
,25,44,,237383,Alessandro Bastoni,sep,250014,45
,25,44,,224232,Nicolo Barella,sep,250014,78
,25,44,,226268,Federico Dimarco,sep,250014,78
,25,1842,,254982,Michel Adopo,sep,250014,57
,25,1842,,240100,Tommaso Augello,sep,250014,55
,25,44,,192883,Henrikh Mkhitaryan,sep,250014,78
,25,1842,,246877,Gianluca Gaetano,sep,250014,72
,25,44,,228093,Marcus Thuram,sep,250014,81
,25,39,,193082,Juan Cuadrado,sep,250014,73
,25,46,,224987,Ivan Provedel,sep,250014,83
,25,39,,257785,Marco Brescianini,sep,250014,62
,25,46,,237712,Valentin Castellanos,sep,250014,79
,25,39,,252154,Marco Carnesecchi,sep,250014,82
,25,46,,246242,Boulaye Dia,sep,250014,80
,25,39,,230899,Ademola Lookman,sep,250014,80
,25,39,,266866,Ederson,sep,250014,68
,25,39,,256115,Lazar Samardzic,sep,250014,72
,25,39,,208165,Berat Djimsiti,sep,250014,37
,25,39,,223273,Mario Pasalic,sep,250014,77
,25,46,,264880,Loum Tchaouna,sep,250014,72
,25,46,,258890,Fisayo Dele-Bashiru,sep,250014,68
,25,46,,255001,Nicolo Rovella,sep,250014,62
,25,39,,216150,Davide Zappacosta,sep,250014,67
,25,46,,236496,Matteo Guendouzi,sep,250014,70
,25,39,,247229,Raoul Bellanova,sep,250014,30
,25,55,,184941,Alexis Sanchez,sep,250014,80
,25,54,,224836,Vanja Milinkovic-Savic,sep,250014,77
,25,54,,211147,Valentino Lazaro,sep,250014,66
,25,55,,266803,Razvan Sava,sep,250014,69
,25,55,,268474,Lorenzo Lucca,sep,250014,73
,25,54,,265650,Saul Coco,sep,250014,56
,25,54,,253473,Samuele Ricci,sep,250014,54
,25,55,,259634,Jordan Zemura,sep,250014,48
,25,54,,226093,Che Adams,sep,250014,76
,25,55,,204970,Florian Thauvin,sep,250014,76
,25,55,,258972,Isaak Toure,sep,250014,29
,25,55,,244238,Jaka Bijol,sep,250014,58
,25,54,,231826,Yann Karamoh,sep,250014,68
,25,55,,225669,Kingsley Ehizibue,sep,250014,55
,25,54,,243481,Marcus Pedersen,sep,250014,47
,25,48,,236632,David Neres,sep,250014,74
,25,205,,269271,Filip Stankovic,sep,250014,70
,25,48,,237238,Scott McTominay,sep,250014,77
,25,48,,216409,Matteo Politano,sep,250014,77
,25,48,,192505,Romelu Lukaku,sep,250014,80
,25,48,,240716,Mathias Olivera,sep,250014,48
,25,48,,253002,Giacomo Raspadori,sep,250014,76
,25,48,,247635,Khvicha Kvaratskhelia,sep,250014,77
,25,205,,253162,Hans Nicolussi Caviglia,sep,250014,52
,25,48,,225116,Alex Meret,sep,250014,81
,25,205,,242755,John Yeboah,sep,250014,60
,25,48,,227236,Frank Anguissa,sep,250014,66
,25,48,,244263,Amir Rrahmani,sep,250014,50
,25,45,,261050,Francisco Conceicao,sep,250014,66
,25,110374,,193080,David De Gea,sep,250014,84
,25,110374,,246431,Riccardo Sottil,sep,250014,65
,25,45,,235840,Michele Di Gregorio,sep,250014,80
,25,110374,,236610,Moise Kean,sep,250014,77
,25,45,,240690,Nicolas Gonzalez,sep,250014,75
,25,110374,,246258,Lucas Beltran,sep,250014,75
,25,45,,246430,Dusan Vlahovic,sep,250014,84
,25,110374,,234112,Dodo,sep,250014,57
,25,45,,266872,Federico Gatti,sep,250014,36
,25,45,,277954,Kenan Yildiz,sep,250014,65
,25,45,,247246,Khephren Thuram,sep,250014,69
,25,45,,222077,Manuel Locatelli,sep,250014,70
,25,110374,,238004,Albert Gudmundsson,sep,250014,79
,25,110374,,243627,Yacine Adli,sep,250014,68
,25,110374,,251988,Andrea Colpani,sep,250014,75
,25,52,,211110,Paulo Dybala,sep,250014,85
,25,47,,215698,Mike Maignan,sep,250014,87
,25,52,,228251,Lorenzo Pellegrini,sep,250014,77
,25,52,,190813,Stephan El Shaarawy,sep,250014,75
,25,47,,247204,Emerson Royal,sep,250014,60
,25,52,,230872,Mile Svilar,sep,250014,77
,25,52,,275291,Niccolo Pisilli,sep,250014,60
,25,47,,232656,Theo Hernandez,sep,250014,76
,25,47,,226754,Ismael Bennacer,sep,250014,71
,25,47,,256261,Malick Thiaw,sep,250014,47
,25,47,,246172,Samuel Chukwueze,sep,250014,73
,25,47,,245630,Youssouf Fofana,sep,250014,66
,25,52,,242458,Artem Dovbyk,sep,250014,83
,25,52,,178603,Mats Hummels,sep,250014,58
,25,47,,201153,Alvaro Morata,sep,250014,80
,25,47,,240638,Tijjani Reijnders,sep,250014,74
,25,47,,240277,Matteo Gabbia,sep,250014,35
,25,347,,220018,Ante Rebic,sep,250014,75
,25,1745,,24630,Pepe Reina,sep,250014,76
,25,347,,239671,Tete Morente,sep,250014,69
,25,1745,,237715,Patrick Cutrone,sep,250014,73
,25,347,,210676,Wladimiro Falcone,sep,250014,80
,25,1745,,251464,Ignace Van der Brempt,sep,250014,55
,25,1745,,235949,Gabriel Strefezza,sep,250014,65
,25,1745,,254579,Lucas Da Cunha,sep,250014,69
,25,1745,,263882,Alieu Fadera,sep,250014,63
,25,347,,253139,Santiago Pierotti,sep,250014,66
,25,347,,263469,Mohamed Kaba,sep,250014,51
,25,1745,,277846,Nico Paz,sep,250014,60
,25,347,,251790,Hamza Rafia,sep,250014,65
,25,347,,277839,Nikola Krstovic,sep,250014,74
,25,189,,252021,Thijs Dallinga,sep,250014,75
,25,206,,215363,Lorenzo Montipo,sep,250014,77
,25,189,,267861,Santiago Castro,sep,250014,75
,25,189,,189908,Lukasz Skorupski,sep,250014,79
,25,206,,230065,Suat Serdar,sep,250014,70
,25,206,,266585,Daniel Mosquera,sep,250014,70
,25,189,,269558,Benjamin Dominguez,sep,250014,64
,25,189,,234671,Jens Odgaard,sep,250014,73
,25,189,,271019,Giovanni Fabbian,sep,250014,72
,25,189,,262394,Sam Beukema,sep,250014,53
,25,206,,255233,Tomas Suslov,sep,250014,70
,25,206,,257920,Casper Tengstedt,sep,250014,70
,25,206,,256453,Amin Sarr,sep,250014,64
,25,189,,246656,Emil Holm,sep,250014,60
,25,189,,252060,Tommaso Pobega,sep,250014,75
,25,1746,,219952,Liam Henderson,sep,250015,63
,25,205,,269271,Filip Stankovic,sep,250015,70
,25,1746,,242429,Liberato Cacace,sep,250015,58
,25,1746,,247888,Sebastiano Esposito,sep,250015,73
,25,205,,242332,Gianluca Busio,sep,250015,63
,25,1746,,233189,Devis Vasquez,sep,250015,69
,25,205,,220165,Joel Pohjanpalo,sep,250015,76
,25,205,,253162,Hans Nicolussi Caviglia,sep,250015,52
,25,1746,,256899,Lorenzo Colombo,sep,250015,74
,25,1746,,236838,Youssef Maleh,sep,250015,64
,25,1746,,248474,Tino Anjorin,sep,250015,63
,25,1746,,258782,Ardian Ismajli,sep,250015,30
,25,205,,270485,Franco Carboni,sep,250015,39
,25,48,,216816,Giovanni Simeone,sep,250015,78
,25,110374,,193080,David De Gea,sep,250015,84
,25,110374,,240777,Luca Ranieri,sep,250015,40
,25,48,,225116,Alex Meret,sep,250015,81
,25,48,,227236,Frank Anguissa,sep,250015,66
,25,110374,,246431,Riccardo Sottil,sep,250015,65
,25,48,,237238,Scott McTominay,sep,250015,77
,25,110374,,223697,Robin Gosens,sep,250015,73
,25,110374,,243627,Yacine Adli,sep,250015,68
,25,48,,236632,David Neres,sep,250015,74
,25,110374,,246258,Lucas Beltran,sep,250015,75
,25,110374,,251988,Andrea Colpani,sep,250015,75
,25,110374,,225439,Rolando Mandragora,sep,250015,71
,25,48,,192505,Romelu Lukaku,sep,250015,80
,25,110374,,234112,Dodo,sep,250015,57
,25,48,,244263,Amir Rrahmani,sep,250015,50
,25,48,,202884,Leonardo Spinazzola,sep,250015,64
,25,55,,220421,Hassane Kamara,sep,250015,60
,25,206,,215363,Lorenzo Montipo,sep,250015,77
,25,55,,272783,Arthur Atta,sep,250015,53
,25,55,,204970,Florian Thauvin,sep,250015,76
,25,55,,268474,Lorenzo Lucca,sep,250015,73
,25,206,,262937,Jackson Tchatchoua,sep,250015,58
,25,55,,266803,Razvan Sava,sep,250015,70
,25,206,,266585,Daniel Mosquera,sep,250015,70
,25,206,,255233,Tomas Suslov,sep,250015,70
,25,206,,230065,Suat Serdar,sep,250015,70
,25,55,,223866,Sandi Lovric,sep,250015,62
,25,206,,257920,Casper Tengstedt,sep,250015,70
,25,206,,222148,Ondrej Duda,sep,250015,71
,25,206,,277695,Daniele Ghilardi,sep,250015,41
,25,55,,242238,Oumar Solet,sep,250015,41
,25,55,,240970,Martin Payero,sep,250015,64
,25,111811,,192840,Milan Duric,sep,250015,70
,25,1842,,220048,Simone Scuffet,sep,250015,73
,25,1842,,211302,Gianluca Lapadula,sep,250015,72
,25,111811,,254502,Stefano Turati,sep,250015,74
,25,1842,,173160,Nicolas Viola,sep,250015,72
,25,111811,,230824,Pedro Pereira,sep,250015,56
,25,1842,,248385,Roberto Piccoli,sep,250015,71
,25,111811,,229857,Stefano Sensi,sep,250015,60
,25,1842,,254982,Michel Adopo,sep,250015,57
,25,111811,,257353,Warren Bondo,sep,250015,61
,25,1842,,220534,Sebastiano Luperto,sep,250015,47
,25,1842,,252440,Nadir Zortea,sep,250015,62
,25,1842,,266636,Adam Obert,sep,250015,43
,25,111811,,202848,Gianluca Caprari,sep,250015,73
,25,111811,,219812,Patrick Ciurria,sep,250015,72
,25,1842,,248857,Mattia Felici,sep,250015,61
,25,347,,227222,Frederic Guilbert,sep,250015,45
,25,110556,,201299,Nicola Leali,sep,250015,69
,25,347,,268573,Federico Baschirotto,sep,250015,52
,25,347,,231836,Jesper Karlsson,sep,250015,74
,25,110556,,268656,Alessandro Zanoli,sep,250015,38
,25,347,,210676,Wladimiro Falcone,sep,250015,80
,25,347,,277839,Nikola Krstovic,sep,250015,74
,25,110556,,235842,Andrea Pinamonti,sep,250015,75
,25,347,,277432,Patrick Dorgu,sep,250015,51
,25,110556,,222475,Morten Thorsby,sep,250015,61
,25,347,,251790,Hamza Rafia,sep,250015,65
,25,347,,239671,Tete Morente,sep,250015,69
,25,54,,211408,Karol Linetty,sep,250015,62
,25,50,,255981,Zion Suzuki,sep,250015,71
,25,54,,226093,Che Adams,sep,250015,76
,25,54,,241095,Nikola Vlasic,sep,250015,75
,25,50,,259565,Ange-Yoan Bonny,sep,250015,73
,25,54,,224836,Vanja Milinkovic-Savic,sep,250015,77
,25,54,,70480,Alieu Njie,sep,250015,62
,25,54,,243481,Marcus Pedersen,sep,250015,47
,25,50,,248060,Valentin Mihaila,sep,250015,65
,25,50,,244634,Simon Sohm,sep,250015,65
,25,50,,225475,Hernani,sep,250015,69
,25,54,,231826,Yann Karamoh,sep,250015,68
,25,46,,264880,Loum Tchaouna,sep,250015,72
,25,52,,230872,Mile Svilar,sep,250015,77
,25,46,,251530,Nuno Tavares,sep,250015,66
,25,46,,237712,Valentin Castellanos,sep,250015,79
,25,46,,255001,Nicolo Rovella,sep,250015,62
,25,52,,228251,Lorenzo Pellegrini,sep,250015,77
,25,46,,224987,Ivan Provedel,sep,250015,83
,25,46,,236496,Matteo Guendouzi,sep,250015,70
,25,46,,210413,Alessio Romagnoli,sep,250015,39
,25,52,,178603,Mats Hummels,sep,250015,58
,25,46,,258890,Fisayo Dele-Bashiru,sep,250015,68
,25,52,,242664,Alexis Saelemaekers,sep,250015,66
,25,46,,248729,Gustav Isaksen,sep,250015,71
,25,46,,224031,Adam Marusic,sep,250015,66
,25,52,,250723,Manu Kone,sep,250015,72
,25,1745,,208596,Andrea Belotti,sep,250016,75
,25,47,,215698,Mike Maignan,sep,250016,87
,25,1745,,237715,Patrick Cutrone,sep,250016,73
,25,1745,,237586,Alberto Dossena,sep,250016,43
,25,47,,241721,Rafael Leao,sep,250016,78
,25,1745,,225149,Jean Butez,sep,250016,76
,25,47,,232656,Theo Hernandez,sep,250016,76
,25,47,,240277,Matteo Gabbia,sep,250016,35
,25,1745,,275324,Assane Diao,sep,250016,68
,25,47,,278928,Alex Jimenez,sep,250016,50
,25,47,,240638,Tijjani Reijnders,sep,250016,74
,25,1745,,254579,Lucas Da Cunha,sep,250016,69
,25,47,,245630,Youssouf Fofana,sep,250016,66
,25,47,,201153,Alvaro Morata,sep,250016,80
,25,1745,,235949,Gabriel Strefezza,sep,250016,65
,25,1745,,210719,Marc Kempf,sep,250016,41
,25,47,,247204,Emerson Royal,sep,250016,60
,25,45,,277954,Kenan Yildiz,sep,250016,69
,25,39,,252154,Marco Carnesecchi,sep,250016,82
,25,39,,238067,Nicolo Zaniolo,sep,250016,75
,25,45,,235840,Michele Di Gregorio,sep,250016,80
,25,45,,222077,Manuel Locatelli,sep,250016,70
,25,39,,241850,Mateo Retegui,sep,250016,77
,25,39,,230899,Ademola Lookman,sep,250016,80
,25,39,,266866,Ederson,sep,250016,68
,25,45,,240679,Teun Koopmeiners,sep,250016,77
,25,45,,238744,Weston McKennie,sep,250016,72
,25,39,,265188,Giorgio Scalvini,sep,250016,35
,25,39,,216150,Davide Zappacosta,sep,250016,67
,25,45,,255654,Pierre Kalulu,sep,250016,49
,25,39,,223273,Mario Pasalic,sep,250016,77
,25,45,,240690,Nicolas Gonzalez,sep,250016,75
,25,45,,247246,Khephren Thuram,sep,250016,69
,25,45,,266872,Federico Gatti,sep,250016,36
,25,39,,251470,Charles De Ketelaere,sep,250016,76
,25,189,,267861,Santiago Castro,sep,250016,75
,25,44,,177683,Yann Sommer,sep,250016,87
,25,189,,233556,Riccardo Orsolini,sep,250016,80
,25,189,,246656,Emil Holm,sep,250016,60
,25,44,,231478,Lautaro Martinez,sep,250016,88
,25,189,,189908,Lukasz Skorupski,sep,250016,79
,25,44,,226268,Federico Dimarco,sep,250016,78
,25,189,,234671,Jens Odgaard,sep,250016,73
,25,189,,239770,Nicolo Casale,sep,250016,52
,25,189,,257980,Dan Ndoye,sep,250016,66
,25,44,,233096,Denzel Dumfries,sep,250016,64
,25,44,,224232,Nicolo Barella,sep,250016,78
,25,189,,244270,Nikola Moro,sep,250016,72
,25,44,,228093,Marcus Thuram,sep,250016,81
,25,46,,224031,Adam Marusic,sep,250016,66
,25,1745,,221331,Luca Mazzitelli,sep,250016,62
,25,46,,224987,Ivan Provedel,sep,250016,83
,25,46,,255001,Nicolo Rovella,sep,250016,62
,25,46,,236496,Matteo Guendouzi,sep,250016,70
,25,46,,258890,Fisayo Dele-Bashiru,sep,250016,71
,25,1745,,263882,Alieu Fadera,sep,250016,63
,25,46,,248729,Gustav Isaksen,sep,250016,71
,25,1745,,262906,Yannick Engelhardt,sep,250016,45
,25,46,,246242,Boulaye Dia,sep,250016,80
,25,46,,243237,Luca Pellegrini,sep,250016,53
,25,46,,235374,Manuel Lazzari,sep,250016,60
,25,46,,264880,Loum Tchaouna,sep,250016,72
,25,1745,,277846,Nico Paz,sep,250016,60
,25,1746,,266596,Jacopo Fazzini,sep,250016,65
,25,347,,210676,Wladimiro Falcone,sep,250016,80
,25,347,,277839,Nikola Krstovic,sep,250016,74
,25,1746,,278356,Jacopo Seghetti,sep,250016,61
,25,1746,,247888,Sebastiano Esposito,sep,250016,73
,25,1746,,223570,Junior Sambia,sep,250016,65
,25,347,,277432,Patrick Dorgu,sep,250016,51
,25,347,,239671,Tete Morente,sep,250016,69
,25,1746,,256899,Lorenzo Colombo,sep,250016,74
,25,1746,,242429,Liberato Cacace,sep,250016,58
,25,1746,,206058,Mattia De Sciglio,sep,250016,45
,25,347,,253139,Santiago Pierotti,sep,250016,66
,25,1746,,220475,Alberto Grassi,sep,250016,62
,25,347,,263657,Thorir Johann Helgason,sep,250016,62
,25,39,,256115,Lazar Samardzic,sep,250016,72
,25,55,,266803,Razvan Sava,sep,250016,70
,25,39,,246875,Odilon Kossounou,sep,250016,31
,25,55,,204970,Florian Thauvin,sep,250016,76
,25,55,,220421,Hassane Kamara,sep,250016,60
,25,55,,225669,Kingsley Ehizibue,sep,250016,55
,25,55,,223866,Sandi Lovric,sep,250016,62
,25,55,,184941,Alexis Sanchez,sep,250016,80
,25,55,,244238,Jaka Bijol,sep,250016,58
,25,55,,240970,Martin Payero,sep,250016,64
,25,54,,224836,Vanja Milinkovic-Savic,sep,250016,77
,25,45,,258966,Andrea Cambiaso,sep,250016,61
,25,54,,211147,Valentino Lazaro,sep,250016,66
,25,45,,236499,Douglas Luiz,sep,250016,77
,25,45,,241496,Timothy Weah,sep,250016,70
,25,54,,231826,Yann Karamoh,sep,250016,68
,25,54,,219145,Guillermo Maripan,sep,250016,40
,25,54,,265650,Saul Coco,sep,250016,56
,25,54,,228349,Mergim Vojvoda,sep,250016,52
,25,54,,241095,Nikola Vlasic,sep,250016,75
,25,54,,253473,Samuele Ricci,sep,250016,54
,25,54,,211408,Karol Linetty,sep,250016,62
,25,1842,,255303,Elia Caprile,sep,250016,74
,25,1842,,235813,Razvan Marin,sep,250016,74
,25,47,,231352,Tammy Abraham,sep,250016,76
,25,47,,227796,Christian Pulisic,sep,250016,81
,25,1842,,252440,Nadir Zortea,sep,250016,62
,25,1842,,248385,Roberto Piccoli,sep,250016,71
,25,1842,,248857,Mattia Felici,sep,250016,61
,25,47,,228881,Davide Calabria,sep,250016,57
,25,1842,,173160,Nicolas Viola,sep,250016,72
,25,110556,,235842,Andrea Pinamonti,sep,250016,75
,25,50,,255981,Zion Suzuki,sep,250016,71
,25,110556,,74927,Lior Kasa,sep,250016,42
,25,50,,246164,Lautaro Valenti,sep,250016,51
,25,110556,,201299,Nicola Leali,sep,250016,69
,25,50,,264364,Drissa Camara,sep,250016,56
,25,50,,263929,Matteo Cancellieri,sep,250016,70
,25,50,,259565,Ange-Yoan Bonny,sep,250016,73
,25,110556,,242633,Morten Frendrup,sep,250016,58
,25,50,,225475,Hernani,sep,250016,69
,25,50,,244634,Simon Sohm,sep,250016,65
,25,50,,252442,Enrico Delprato,sep,250016,53
,25,50,,236706,Pontus Almqvist,sep,250016,66
,25,110556,,224378,Mattia Bani,sep,250016,19
,25,110556,,268656,Alessandro Zanoli,sep,250016,38
,25,110556,,268802,Fabio Miretti,sep,250016,60
,25,110556,,201144,Milan Badelj,sep,250016,61
,25,110556,,244349,Johan Vasquez,sep,250016,31
,25,205,,220165,Joel Pohjanpalo,sep,250016,76
,25,205,,242755,John Yeboah,sep,250016,60
,25,44,,239807,Davide Frattesi,sep,250016,74
,25,205,,269271,Filip Stankovic,sep,250016,70
,25,205,,242332,Gianluca Busio,sep,250016,63
,25,44,,241788,Mehdi Taremi,sep,250016,78
,25,205,,73379,Issa Doumbia,sep,250016,52
,25,205,,269276,Gaetano Oristanio,sep,250016,65
,25,44,,264699,Kristjan Asllani,sep,250016,60
,25,44,,258648,Carlos Augusto,sep,250016,71
,25,44,,184392,Matteo Darmian,sep,250016,61
,25,205,,253162,Hans Nicolussi Caviglia,sep,250016,52
,25,52,,242458,Artem Dovbyk,sep,250016,83
,25,52,,236403,Evan Ndicka,sep,250016,51
,25,52,,230872,Mile Svilar,sep,250016,77
,25,189,,252021,Thijs Dallinga,sep,250016,75
,25,189,,242280,Lewis Ferguson,sep,250016,77
,25,52,,242664,Alexis Saelemaekers,sep,250016,66
,25,189,,202024,Remo Freuler,sep,250016,71
,25,52,,207439,Leandro Paredes,sep,250016,64
,25,52,,250723,Manu Kone,sep,250016,72
,25,189,,269558,Benjamin Dominguez,sep,250016,64
,25,52,,211110,Paulo Dybala,sep,250016,85
,25,48,,253002,Giacomo Raspadori,sep,250016,76
,25,206,,215363,Lorenzo Montipo,sep,250016,77
,25,206,,73853,Dailon Rocha Livramento,sep,250016,71
,25,48,,225116,Alex Meret,sep,250016,81
,25,48,,246457,Cyril Ngonge,sep,250016,71
,25,206,,237335,Grigoris Kastanos,sep,250016,70
,25,206,,222148,Ondrej Duda,sep,250016,71
,25,48,,227236,Frank Anguissa,sep,250016,66
,25,48,,216409,Matteo Politano,sep,250016,77
,25,48,,244263,Amir Rrahmani,sep,250016,50
,25,48,,237238,Scott McTominay,sep,250016,77
,25,206,,257920,Casper Tengstedt,sep,250016,70
,25,48,,192505,Romelu Lukaku,sep,250016,80
,25,48,,217870,Giovanni Di Lorenzo,sep,250016,67
,25,110374,,234612,Jonathan Ikone,sep,250016,66
,25,111811,,254502,Stefano Turati,sep,250016,74
,25,111811,,192840,Milan Duric,sep,250016,70
,25,110374,,193080,David De Gea,sep,250016,84
,25,111811,,257353,Warren Bondo,sep,250016,61
,25,110374,,235866,Christian Kouame,sep,250016,70
,25,111811,,255611,Daniel Maldini,sep,250016,68
,25,111811,,230824,Pedro Pereira,sep,250016,56
,25,110374,,246258,Lucas Beltran,sep,250016,75
,25,110374,,223697,Robin Gosens,sep,250016,73
,25,110374,,243627,Yacine Adli,sep,250016,68
,25,110374,,234112,Dodo,sep,250016,57
,25,110374,,236610,Moise Kean,sep,250016,77
,25,111811,,219812,Patrick Ciurria,sep,250016,72
,25,110374,,251988,Andrea Colpani,sep,250016,75
,25,110374,,246431,Riccardo Sottil,sep,250016,65
,25,110374,,238004,Albert Gudmundsson,sep,250016,79
,25,52,,265695,Matias Soule,sep,250016,69
,25,52,,190813,Stephan El Shaarawy,sep,250016,75
,25,52,,239964,Eldor Shomurodov,sep,250016,70
,25,52,,275291,Niccolo Pisilli,sep,250016,60
,25,110556,,276485,Patrizio Masini,sep,250016,47
,25,52,,228251,Lorenzo Pellegrini,sep,250016,77
,25,52,,178603,Mats Hummels,sep,250016,58
,25,189,,231207,Jhon Lucumi,sep,250016,36
,25,189,,170320,Lorenzo De Silvestri,sep,250016,66
,25,189,,240657,Federico Ravaglia,sep,250016,70
,25,111811,,271477,Alessandro Bianco,sep,250016,47
,25,189,,262394,Sam Beukema,sep,250016,53
,25,189,,223671,Stefan Posch,sep,250016,53
,25,45,,246430,Dusan Vlahovic,sep,250016,84
,25,47,,279202,Francesco Camarda,sep,250016,66
,25,47,,253177,Yunus Musah,sep,250016,68
,25,45,,74566,Samuel Mbangula,sep,250016,63
,25,47,,226754,Ismael Bennacer,sep,250016,71
,25,39,,257785,Marco Brescianini,sep,250016,62
,25,48,,240716,Mathias Olivera,sep,250016,48
,25,39,,247229,Raoul Bellanova,sep,250016,41
,25,54,,225410,Adam Masina,sep,250016,40
,25,54,,273932,Gvidas Gineitis,sep,250016,57
,25,110374,,240777,Luca Ranieri,sep,250016,40
,25,54,,70480,Alieu Njie,sep,250016,62
,25,110374,,225439,Rolando Mandragora,sep,250016,71
,25,110374,,278340,Pietro Comuzzo,sep,250016,27
,25,110374,,268683,Michael Folorunsho,sep,250016,76
,25,54,,213242,Adrien Tameze,sep,250016,64
,25,347,,277636,Rares Burnete,sep,250016,64
,25,1842,,240100,Tommaso Augello,sep,250016,56
,25,1842,,246877,Gianluca Gaetano,sep,250016,72
,25,1842,,266636,Adam Obert,sep,250016,43
,25,1842,,220534,Sebastiano Luperto,sep,250016,47
,25,1842,,229743,Alessandro Deiola,sep,250016,66
,25,347,,266501,Balthazar Pierret,sep,250016,50
,25,1842,,252964,Gabriele Zappa,sep,250016,54
,25,1842,,254982,Michel Adopo,sep,250016,57
,25,50,,239978,Dennis Man,sep,250016,73
,25,205,,237669,Alessio Zerbin,sep,250016,67
,25,50,,258714,Emanuele Valeri,sep,250016,69
,25,50,,248060,Valentin Mihaila,sep,250016,65
,25,206,,269181,Diego Coppola,sep,250016,39
,25,46,,237712,Valentin Castellanos,sep,250016,79
,25,206,,212127,Darko Lazovic,sep,250016,71
,25,206,,252000,Domagoj Bradaric,sep,250016,53
,25,46,,220502,Mattia Zaccagni,sep,250016,77
,25,206,,255233,Tomas Suslov,sep,250016,70
,25,206,,230065,Suat Serdar,sep,250016,70
,25,206,,256453,Amin Sarr,sep,250016,64
,25,46,,219581,Samuel Gigot,sep,250016,36
,25,1746,,233189,Devis Vasquez,sep,250016,69
,25,1746,,230681,Giuseppe Pezzella,sep,250016,54
,25,44,,210406,Piotr Zielinski,sep,250016,76
,25,1746,,264044,Mattia Viti,sep,250016,34
,25,55,,214658,Jesper Karlstrom,sep,250016,54
,25,55,,274270,Rui Modesto,sep,250016,59
,25,1745,,246646,Maxence Caqueret,sep,250016,61
,25,1842,,205850,Leonardo Pavoletti,sep,250016,67
,25,54,,226093,Che Adams,sep,250016,76
,25,54,,243481,Marcus Pedersen,sep,250016,47
,25,1842,,220523,Yerry Mina,sep,250016,49
,25,1745,,267991,Maximo Perrone,sep,250016,54
,25,1745,,205566,Alberto Moreno,sep,250016,67
,25,45,,237679,Randal Kolo Muani,sep,250016,79
,25,48,,216435,Stanislav Lobotka,sep,250016,66
,25,1746,,236838,Youssef Maleh,sep,250016,64
,25,47,,246172,Samuel Chukwueze,sep,250016,73
,25,47,,254840,Strahinja Pavlovic,sep,250016,42
,25,50,,264294,Mathias Lovik,sep,250016,37
,25,47,,232432,Luka Jovic,sep,250016,78
,25,52,,229582,Gianluca Mancini,sep,250016,49
,25,55,,272783,Arthur Atta,sep,250016,53
,25,52,,262113,Nicola Zalewski,sep,250016,64
,25,55,,268474,Lorenzo Lucca,sep,250016,73
,25,52,,258826,Devyne Rensch,sep,250016,54
,25,55,,190324,Christian Kabasele,sep,250016,50
,25,52,,269312,Tommaso Baldanzi,sep,250016,71
,25,347,,231836,Jesper Karlsson,sep,250016,74
,25,347,,243787,Ylber Ramadani,sep,250016,56
,25,347,,268573,Federico Baschirotto,sep,250016,52
,25,44,,192883,Henrikh Mkhitaryan,sep,250016,78
,25,347,,227222,Frederic Guilbert,sep,250016,45
,25,46,,189505,Pedro,sep,250016,71
,25,46,,210413,Alessio Romagnoli,sep,250016,39
,25,46,,268804,Mario Gila,sep,250016,53
,25,205,,219655,Francesco Zampano,sep,250016,49
,25,206,,266585,Daniel Mosquera,sep,250016,70
,25,206,,262937,Jackson Tchatchoua,sep,250016,58
,25,206,,277695,Daniele Ghilardi,sep,250016,41
,25,205,,264436,Mikael Ellertsson,sep,250016,68
,25,110556,,74485,Jeff Ekhator,sep,250016,53
,25,110556,,265774,Koni De Winter,sep,250016,38
,25,110556,,239795,Caleb Ekuban,sep,250016,68
,25,111811,,257000,Andrea Carboni,sep,250016,36
,25,110556,,222475,Morten Thorsby,sep,250016,61
,25,111811,,198946,Danilo D'Ambrosio,sep,250016,55
,25,111811,,234147,Dany Mota,sep,250016,75
,25,111811,,202848,Gianluca Caprari,sep,250016,73
,25,110556,,236295,Aaron Martin,sep,250016,52
,25,111811,,253213,Georgios Kyriakopoulos,sep,250016,58
,25,347,,253139,Santiago Pierotti,sep,250017,66
,25,50,,255981,Zion Suzuki,sep,250017,71
,25,50,,264364,Drissa Camara,sep,250017,56
,25,347,,210676,Wladimiro Falcone,sep,250017,80
,25,50,,258714,Emanuele Valeri,sep,250017,69
,25,347,,239671,Tete Morente,sep,250017,69
,25,50,,192840,Milan Duric,sep,250017,70
,25,50,,246164,Lautaro Valenti,sep,250017,51
,25,50,,263929,Matteo Cancellieri,sep,250017,70
,25,50,,259565,Ange-Yoan Bonny,sep,250017,73
,25,50,,248060,Valentin Mihaila,sep,250017,65
,25,347,,277839,Nikola Krstovic,sep,250017,74
,25,50,,278287,Anas Haj Mohamed,sep,250017,51
,25,347,,231836,Jesper Karlsson,sep,250017,74
,25,111811,,225014,Gaetano Castrovilli,sep,250017,66
,25,206,,215363,Lorenzo Montipo,sep,250017,77
,25,111811,,278033,Stefan Lekovic,sep,250017,54
,25,206,,255233,Tomas Suslov,sep,250017,70
,25,111811,,254502,Stefano Turati,sep,250017,74
,25,111811,,254819,Kacper Urbanski,sep,250017,62
,25,206,,266585,Daniel Mosquera,sep,250017,70
,25,206,,277695,Daniele Ghilardi,sep,250017,41
,25,206,,252017,Flavius Daniliuc,sep,250017,41
,25,206,,248661,Cheikh Niasse,sep,250017,43
,25,111811,,229857,Stefano Sensi,sep,250017,60
,25,206,,230065,Suat Serdar,sep,250017,70
,25,111811,,234147,Dany Mota,sep,250017,75
,25,206,,275163,Reda Belahyane,sep,250017,45
,25,111811,,219812,Patrick Ciurria,sep,250017,72
,25,205,,264436,Mikael Ellertsson,sep,250017,68
,25,55,,266803,Razvan Sava,sep,250017,70
,25,205,,242755,John Yeboah,sep,250017,60
,25,55,,265194,Iker Bravo,sep,250017,66
,25,205,,269271,Filip Stankovic,sep,250017,70
,25,205,,201285,Christian Gytkjaer,sep,250017,72
,25,205,,256856,Fali Cande,sep,250017,55
,25,205,,236760,Kike Perez,sep,250017,63
,25,55,,223866,Sandi Lovric,sep,250017,62
,25,55,,244238,Jaka Bijol,sep,250017,58
,25,55,,268474,Lorenzo Lucca,sep,250017,73
,25,55,,272783,Arthur Atta,sep,250017,53
,25,205,,253162,Hans Nicolussi Caviglia,sep,250017,52
,25,205,,242332,Gianluca Busio,sep,250017,63
,25,55,,204970,Florian Thauvin,sep,250017,76
,25,55,,242238,Oumar Solet,sep,250017,41
,25,55,,243249,Jurgen Ekkelenkamp,sep,250017,67
,25,55,,240970,Martin Payero,sep,250017,64
,25,205,,269276,Gaetano Oristanio,sep,250017,65
,25,205,,73379,Issa Doumbia,sep,250017,52
,25,39,,208461,Marten de Roon,sep,250017,70
,25,54,,224836,Vanja Milinkovic-Savic,sep,250017,77
,25,39,,256115,Lazar Samardzic,sep,250017,72
,25,39,,193082,Juan Cuadrado,sep,250017,73
,25,54,,70480,Alieu Njie,sep,250017,62
,25,39,,178005,Rui Patricio,sep,250017,76
,25,39,,226710,Gianluca Scamacca,sep,250017,80
,25,39,,223273,Mario Pasalic,sep,250017,77
,25,39,,241850,Mateo Retegui,sep,250017,77
,25,39,,251470,Charles De Ketelaere,sep,250017,76
,25,54,,253473,Samuele Ricci,sep,250017,54
,25,54,,226093,Che Adams,sep,250017,76
,25,39,,257785,Marco Brescianini,sep,250017,62
,25,39,,260697,Isak Hien,sep,250017,36
,25,54,,231826,Yann Karamoh,sep,250017,68
,25,54,,219145,Guillermo Maripan,sep,250017,40
,25,39,,208165,Berat Djimsiti,sep,250017,37
,25,39,,247229,Raoul Bellanova,sep,250017,41
,25,1745,,277846,Nico Paz,sep,250017,60
,25,189,,189908,Lukasz Skorupski,sep,250017,79
,25,189,,234671,Jens Odgaard,sep,250017,73
,25,1745,,225149,Jean Butez,sep,250017,76
,25,189,,262394,Sam Beukema,sep,250017,53
,25,1745,,234612,Jonathan Ikone,sep,250017,66
,25,189,,271019,Giovanni Fabbian,sep,250017,72
,25,189,,252021,Thijs Dallinga,sep,250017,75
,25,189,,269558,Benjamin Dominguez,sep,250017,64
,25,1745,,275324,Assane Diao,sep,250017,68
,25,189,,244270,Nikola Moro,sep,250017,72
,25,1745,,237715,Patrick Cutrone,sep,250017,73
,25,189,,170320,Lorenzo De Silvestri,sep,250017,66
,25,189,,231207,Jhon Lucumi,sep,250017,36
,25,189,,210381,Charalampos Lykogiannis,sep,250017,70
,25,1745,,273875,Alex Valle,sep,250017,55
,25,45,,261050,Francisco Conceicao,sep,250017,66
,25,1746,,233189,Devis Vasquez,sep,250017,69
,25,45,,246430,Dusan Vlahovic,sep,250017,84
,25,1746,,247888,Sebastiano Esposito,sep,250017,73
,25,45,,235840,Michele Di Gregorio,sep,250017,80
,25,1746,,242429,Liberato Cacace,sep,250017,58
,25,1746,,256899,Lorenzo Colombo,sep,250017,74
,25,1746,,219952,Liam Henderson,sep,250017,63
,25,1746,,239732,Szymon Zurkowski,sep,250017,71
,25,45,,240679,Teun Koopmeiners,sep,250017,77
,25,45,,237679,Randal Kolo Muani,sep,250017,79
,25,45,,241496,Timothy Weah,sep,250017,70
,25,45,,266872,Federico Gatti,sep,250017,36
,25,45,,240690,Nicolas Gonzalez,sep,250017,75
,25,45,,273906,Renato Veiga,sep,250017,60
,25,45,,277954,Kenan Yildiz,sep,250017,69
,25,45,,74310,Nicolo Savona,sep,250017,38
,25,45,,238744,Weston McKennie,sep,250017,72
,25,1746,,206058,Mattia De Sciglio,sep,250017,45
,25,110556,,242633,Morten Frendrup,sep,250017,58
,25,110374,,235866,Christian Kouame,sep,250017,70
,25,110556,,201299,Nicola Leali,sep,250017,69
,25,110556,,263829,Vitinha,sep,250017,74
,25,110556,,239795,Caleb Ekuban,sep,250017,68
,25,110556,,265774,Koni De Winter,sep,250017,38
,25,110374,,238370,Marin Pongracic,sep,250017,25
,25,110556,,268802,Fabio Miretti,sep,250017,60
,25,110556,,235842,Andrea Pinamonti,sep,250017,75
,25,110374,,238004,Albert Gudmundsson,sep,250017,79
,25,110556,,215798,Maxwel Cornet,sep,250017,74
,25,110556,,244349,Johan Vasquez,sep,250017,31
,25,110556,,276485,Patrizio Masini,sep,250017,47
,25,110556,,236295,Aaron Martin,sep,250017,52
,25,44,,198176,Stefan de Vrij,sep,250017,41
,25,47,,215698,Mike Maignan,sep,250017,87
,25,44,,233096,Denzel Dumfries,sep,250017,64
,25,47,,279202,Francesco Camarda,sep,250017,66
,25,44,,258648,Carlos Augusto,sep,250017,71
,25,44,,192883,Henrikh Mkhitaryan,sep,250017,78
,25,47,,240638,Tijjani Reijnders,sep,250017,74
,25,44,,241736,Yann Bisseck,sep,250017,56
,25,47,,232656,Theo Hernandez,sep,250017,76
,25,47,,241721,Rafael Leao,sep,250017,78
,25,47,,254840,Strahinja Pavlovic,sep,250017,42
,25,47,,227796,Christian Pulisic,sep,250017,81
,25,52,,220651,Angelino,sep,250017,69
,25,48,,225116,Alex Meret,sep,250017,81
,25,52,,211110,Paulo Dybala,sep,250017,85
,25,48,,237238,Scott McTominay,sep,250017,77
,25,52,,230872,Mile Svilar,sep,250017,77
,25,52,,207439,Leandro Paredes,sep,250017,64
,25,52,,250723,Manu Kone,sep,250017,72
,25,52,,236403,Evan Ndicka,sep,250017,51
,25,52,,275291,Niccolo Pisilli,sep,250017,60
,25,48,,202884,Leonardo Spinazzola,sep,250017,64
,25,52,,265695,Matias Soule,sep,250017,69
,25,52,,190813,Stephan El Shaarawy,sep,250017,75
,25,48,,192505,Romelu Lukaku,sep,250017,80
,25,1842,,205850,Leonardo Pavoletti,sep,250017,67
,25,46,,224987,Ivan Provedel,sep,250017,83
,25,1842,,248857,Mattia Felici,sep,250017,61
,25,1842,,240100,Tommaso Augello,sep,250017,56
,25,1842,,229743,Alessandro Deiola,sep,250017,66
,25,1842,,252440,Nadir Zortea,sep,250017,62
,25,1842,,220523,Yerry Mina,sep,250017,49
,25,46,,248729,Gustav Isaksen,sep,250017,71
,25,1842,,255303,Elia Caprile,sep,250017,74
,25,46,,219581,Samuel Gigot,sep,250017,36
,25,46,,220502,Mattia Zaccagni,sep,250017,77
,25,1842,,248385,Roberto Piccoli,sep,250017,71
,25,46,,237712,Valentin Castellanos,sep,250017,79
,25,46,,210413,Alessio Romagnoli,sep,250017,39
,25,1842,,254982,Michel Adopo,sep,250017,57
,25,46,,268804,Mario Gila,sep,250017,53
,25,1842,,173160,Nicolas Viola,sep,250017,72
,25,46,,224031,Adam Marusic,sep,250017,66
,25,1745,,237586,Alberto Dossena,feb,250018,43
,25,45,,235840,Michele Di Gregorio,feb,250018,80
,25,45,,237679,Randal Kolo Muani,feb,250018,79
,25,1745,,225149,Jean Butez,feb,250018,76
,25,45,,231512,Lloyd Kelly,feb,250018,38
,25,45,,236499,Douglas Luiz,feb,250018,75
,25,45,,240690,Nicolas Gonzalez,feb,250018,75
,25,1745,,237715,Patrick Cutrone,feb,250018,73
,25,1745,,77163,Ivan Smolcic,feb,250018,54
,25,1745,,273875,Alex Valle,feb,250018,55
,25,1745,,254579,Lucas Da Cunha,feb,250018,69
,25,1745,,235949,Gabriel Strefezza,feb,250018,65
,25,1745,,277846,Nico Paz,feb,250018,63
,25,1745,,275324,Assane Diao,feb,250018,68
,25,45,,266872,Federico Gatti,feb,250018,41
,25,206,,213404,Pawel Dawidowicz,feb,250018,47
,25,39,,178005,Rui Patricio,feb,250018,76
,25,206,,237335,Grigoris Kastanos,feb,250018,70
,25,206,,266585,Daniel Mosquera,feb,250018,70
,25,39,,216150,Davide Zappacosta,feb,250018,67
,25,206,,215363,Lorenzo Montipo,feb,250018,76
,25,206,,269181,Diego Coppola,feb,250018,39
,25,206,,262937,Jackson Tchatchoua,feb,250018,58
,25,206,,255233,Tomas Suslov,feb,250018,70
,25,39,,241850,Mateo Retegui,feb,250018,79
,25,39,,223273,Mario Pasalic,feb,250018,77
,25,39,,223671,Stefan Posch,feb,250018,53
,25,206,,277695,Daniele Ghilardi,feb,250018,41
,25,39,,266866,Ederson,feb,250018,68
,25,39,,251470,Charles De Ketelaere,feb,250018,76
,25,206,,248661,Cheikh Niasse,feb,250018,43
,25,39,,193082,Juan Cuadrado,feb,250018,72
,25,39,,208165,Berat Djimsiti,feb,250018,37
,25,206,,252017,Flavius Daniliuc,feb,250018,41
,25,206,,234795,Antoine Bernede,feb,250018,60
,25,1746,,70252,Saba Goglichidze,feb,250018,24
,25,47,,215698,Mike Maignan,feb,250018,87
,25,1746,,75083,Ismael Konate,feb,250018,54
,25,47,,242444,Joao Felix,feb,250018,78
,25,1746,,233189,Devis Vasquez,feb,250018,70
,25,47,,245152,Santiago Gimenez,feb,250018,79
,25,47,,241721,Rafael Leao,feb,250018,78
,25,47,,227796,Christian Pulisic,feb,250018,81
,25,1746,,247888,Sebastiano Esposito,feb,250018,73
,25,1746,,278319,Luca Marianucci,feb,250018,25
,25,47,,240638,Tijjani Reijnders,feb,250018,74
,25,47,,254840,Strahinja Pavlovic,feb,250018,42
,25,47,,232656,Theo Hernandez,feb,250018,76
,25,1746,,256899,Lorenzo Colombo,feb,250018,74
,25,1746,,220475,Alberto Grassi,feb,250018,62
,25,47,,253177,Yunus Musah,feb,250018,68
,25,54,,273883,Cesare Casadei,feb,250018,69
,25,110556,,201299,Nicola Leali,feb,250018,71
,25,54,,253473,Samuele Ricci,feb,250018,54
,25,110556,,268656,Alessandro Zanoli,feb,250018,38
,25,54,,224836,Vanja Milinkovic-Savic,feb,250018,77
,25,110556,,235842,Andrea Pinamonti,feb,250018,75
,25,54,,273932,Gvidas Gineitis,feb,250018,57
,25,54,,226093,Che Adams,feb,250018,76
,25,54,,211147,Valentino Lazaro,feb,250018,66
,25,110556,,240938,Junior Messias,feb,250018,72
,25,54,,222475,Morten Thorsby,feb,250018,61
,25,54,,231826,Yann Karamoh,feb,250018,68
,25,110556,,263829,Vitinha,feb,250018,74
,25,54,,241095,Nikola Vlasic,feb,250018,75
,25,54,,243388,Borna Sosa,feb,250018,51
,25,110556,,244349,Johan Vasquez,feb,250018,32
,25,52,,224490,Zeki Celik,feb,250018,58
,25,205,,234102,Ionut Radu,feb,250018,72
,25,205,,237669,Alessio Zerbin,feb,250018,67
,25,52,,230872,Mile Svilar,feb,250018,77
,25,52,,242458,Artem Dovbyk,feb,250018,83
,25,52,,208268,Bryan Cristante,feb,250018,73
,25,52,,229582,Gianluca Mancini,feb,250018,49
,25,205,,267593,Daniel Fila,feb,250018,70
,25,205,,236760,Kike Perez,feb,250018,63
,25,52,,211110,Paulo Dybala,feb,250018,85
,25,205,,242332,Gianluca Busio,feb,250018,63
,25,205,,262396,Jay Idzes,feb,250018,46
,25,205,,276477,Alessandro Marcandalli,feb,250018,29
,25,205,,264436,Mikael Ellertsson,feb,250018,68
,25,52,,257271,Lucas Gourna-Douath,feb,250018,50
,25,205,,242755,John Yeboah,feb,250018,60
,25,1842,,205850,Leonardo Pavoletti,feb,250018,67
,25,50,,255981,Zion Suzuki,feb,250018,71
,25,50,,70824,Giovanni Leoni,feb,250018,26
,25,1842,,255303,Elia Caprile,feb,250018,74
,25,50,,259565,Ange-Yoan Bonny,feb,250018,73
,25,50,,258714,Emanuele Valeri,feb,250018,69
,25,1842,,238274,Florinel Coman,feb,250018,69
,25,1842,,248857,Mattia Felici,feb,250018,62
,25,1842,,252440,Nadir Zortea,feb,250018,64
,25,1842,,245566,Alessandro Vogliacco,feb,250018,35
,25,1842,,254982,Michel Adopo,feb,250018,58
,25,50,,244634,Simon Sohm,feb,250018,65
,25,1842,,173160,Nicolas Viola,feb,250018,72
,25,50,,264364,Drissa Camara,feb,250018,56
,25,1842,,220523,Yerry Mina,feb,250018,49
,25,1842,,248385,Roberto Piccoli,feb,250018,71
,25,1842,,252964,Gabriele Zappa,feb,250018,56
,25,50,,252794,Adrian Bernabe,feb,250018,70
,25,46,,258890,Fisayo Dele-Bashiru,feb,250018,71
,25,111811,,268875,Semuel Pizzignacco,feb,250018,66
,25,111811,,229857,Stefano Sensi,feb,250018,60
,25,46,,224987,Ivan Provedel,feb,250018,83
,25,46,,189505,Pedro,feb,250018,71
,25,111811,,253213,Georgios Kyriakopoulos,feb,250018,58
,25,111811,,230824,Pedro Pereira,feb,250018,56
,25,46,,237712,Valentin Castellanos,feb,250018,79
,25,46,,224031,Adam Marusic,feb,250018,66
,25,46,,251530,Nuno Tavares,feb,250018,66
,25,46,,248729,Gustav Isaksen,feb,250018,71
,25,46,,246242,Boulaye Dia,feb,250018,80
,25,46,,220502,Mattia Zaccagni,feb,250018,77
,25,46,,236496,Matteo Guendouzi,feb,250018,70
,25,46,,210413,Alessio Romagnoli,feb,250018,39
,25,189,,252021,Thijs Dallinga,feb,250018,75
,25,347,,210676,Wladimiro Falcone,feb,250018,80
,25,347,,277839,Nikola Krstovic,feb,250018,74
,25,189,,189908,Lukasz Skorupski,feb,250018,79
,25,189,,267861,Santiago Castro,feb,250018,75
,25,347,,271198,Medon Berisha,feb,250018,47
,25,347,,268573,Federico Baschirotto,feb,250018,52
,25,189,,202024,Remo Freuler,feb,250018,71
,25,189,,252060,Tommaso Pobega,feb,250018,75
,25,347,,227222,Frederic Guilbert,feb,250018,45
,25,189,,170320,Lorenzo De Silvestri,feb,250018,66
,25,347,,263657,Thorir Johann Helgason,feb,250018,62
,25,347,,239671,Tete Morente,feb,250018,69
,25,48,,242530,Noah Okafor,feb,250018,77
,25,55,,266803,Razvan Sava,feb,250018,70
,25,48,,200752,Juan Jesus,feb,250018,31
,25,48,,244263,Amir Rrahmani,feb,250018,50
,25,48,,227236,Frank Anguissa,feb,250018,71
,25,48,,192505,Romelu Lukaku,feb,250018,80
,25,48,,237238,Scott McTominay,feb,250018,78
,25,48,,236632,David Neres,feb,250018,74
,25,55,,268474,Lorenzo Lucca,feb,250018,74
,25,48,,225116,Alex Meret,feb,250018,81
,25,55,,223866,Sandi Lovric,feb,250018,62
,25,55,,243249,Jurgen Ekkelenkamp,feb,250018,67
,25,48,,216409,Matteo Politano,feb,250018,77
,25,55,,244238,Jaka Bijol,feb,250018,58
,25,48,,217870,Giovanni Di Lorenzo,feb,250018,69
,25,48,,216435,Stanislav Lobotka,feb,250018,66
,25,55,,204970,Florian Thauvin,feb,250018,76
,25,44,,210406,Piotr Zielinski,feb,250018,76
,25,110374,,193080,David De Gea,feb,250018,84
,25,110374,,223697,Robin Gosens,feb,250018,73
,25,44,,177683,Yann Sommer,feb,250018,87
,25,44,,224232,Nicolo Barella,feb,250018,78
,25,44,,258648,Carlos Augusto,feb,250018,71
,25,110374,,238067,Nicolo Zaniolo,feb,250018,75
,25,44,,239807,Davide Frattesi,feb,250018,74
,25,44,,226851,Benjamin Pavard,feb,250018,67
,25,44,,262113,Nicola Zalewski,feb,250018,64
,25,44,,231478,Lautaro Martinez,feb,250018,88
,25,44,,184200,Marko Arnautovic,feb,250018,79
,25,110374,,225439,Rolando Mandragora,feb,250018,71
,25,44,,238370,Marin Pongracic,feb,250018,25
,25,44,,228093,Marcus Thuram,feb,250018,81
,25,44,,237383,Alessandro Bastoni,feb,250018,45
,25,44,,192883,Henrikh Mkhitaryan,feb,250018,78
,25,110374,,262236,Amir Richardson,feb,250018,63
,25,44,,208128,Hakan Calhanoglu,feb,250018,80
,25,189,,201389,Cristiano Biraghi,feb,250019,67
,25,54,,224836,Vanja Milinkovic-Savic,feb,250019,77
,25,189,,267861,Santiago Castro,feb,250019,75
,25,189,,202024,Remo Freuler,feb,250019,71
,25,54,,265650,Saul Coco,feb,250019,56
,25,189,,189908,Lukasz Skorupski,feb,250019,79
,25,54,,226093,Che Adams,feb,250019,76
,25,189,,246656,Emil Holm,feb,250019,60
,25,189,,257980,Dan Ndoye,feb,250019,66
,25,189,,268703,Nicolo Cambiaghi,feb,250019,71
,25,54,,273883,Cesare Casadei,feb,250019,69
,25,54,,241390,Eljif Elmas,feb,250019,69
,25,189,,244270,Nikola Moro,feb,250019,72
,25,189,,240915,Juan Miranda,feb,250019,60
,25,189,,262394,Sam Beukema,feb,250019,53
,25,54,,241095,Nikola Vlasic,feb,250019,75
,25,189,,252060,Tommaso Pobega,feb,250019,75
,25,189,,269558,Benjamin Dominguez,feb,250019,64
,25,54,,231826,Yann Karamoh,feb,250019,68
,25,39,,223273,Mario Pasalic,feb,250019,77
,25,1842,,255303,Elia Caprile,feb,250019,74
,25,39,,74924,Vanja Vlahovic,feb,250019,63
,25,39,,208461,Marten de Roon,feb,250019,70
,25,39,,266866,Ederson,feb,250019,68
,25,39,,251470,Charles De Ketelaere,feb,250019,76
,25,1842,,252440,Nadir Zortea,feb,250019,64
,25,39,,252154,Marco Carnesecchi,feb,250019,82
,25,1842,,229743,Alessandro Deiola,feb,250019,66
,25,39,,187598,Rafael Toloi,feb,250019,50
,25,39,,256115,Lazar Samardzic,feb,250019,72
,25,39,,241850,Mateo Retegui,feb,250019,79
,25,46,,264257,Tijjani Noslin,feb,250019,73
,25,48,,225116,Alex Meret,feb,250019,81
,25,48,,216409,Matteo Politano,feb,250019,77
,25,46,,224987,Ivan Provedel,feb,250019,83
,25,46,,246242,Boulaye Dia,feb,250019,80
,25,46,,251530,Nuno Tavares,feb,250019,66
,25,48,,244263,Amir Rrahmani,feb,250019,50
,25,48,,224031,Adam Marusic,feb,250019,66
,25,48,,253002,Giacomo Raspadori,feb,250019,76
,25,46,,189505,Pedro,feb,250019,71
,25,46,,220502,Mattia Zaccagni,feb,250019,77
,25,46,,248729,Gustav Isaksen,feb,250019,71
,25,48,,192505,Romelu Lukaku,feb,250019,80
,25,46,,255001,Nicolo Rovella,feb,250019,62
,25,46,,237712,Valentin Castellanos,feb,250019,79
,25,47,,241721,Rafael Leao,feb,250019,78
,25,206,,215363,Lorenzo Montipo,feb,250019,76
,25,206,,278326,Alphadjo Cisse,feb,250019,58
,25,47,,215698,Mike Maignan,feb,250019,87
,25,206,,266585,Daniel Mosquera,feb,250019,70
,25,47,,245152,Santiago Gimenez,feb,250019,79
,25,47,,242444,Joao Felix,feb,250019,78
,25,47,,253177,Yunus Musah,feb,250019,68
,25,47,,256261,Malick Thiaw,feb,250019,47
,25,47,,245630,Youssouf Fofana,feb,250019,66
,25,206,,237335,Grigoris Kastanos,feb,250019,70
,25,47,,240638,Tijjani Reijnders,feb,250019,74
,25,206,,222148,Ondrej Duda,feb,250019,72
,25,206,,267681,Nicolas Valentini,feb,250019,32
,25,47,,188377,Kyle Walker,feb,250019,63
,25,110374,,258976,Fabiano Parisi,feb,250019,66
,25,1745,,225149,Jean Butez,feb,250019,76
,25,110374,,268683,Michael Folorunsho,feb,250019,76
,25,1745,,223524,Edoardo Goldaniga,feb,250019,33
,25,110374,,193080,David De Gea,feb,250019,84
,25,1745,,275324,Assane Diao,feb,250019,68
,25,1745,,277846,Nico Paz,feb,250019,63
,25,1745,,267991,Maximo Perrone,feb,250019,54
,25,110374,,238067,Nicolo Zaniolo,feb,250019,75
,25,110374,,223697,Robin Gosens,feb,250019,73
,25,347,,243787,Ylber Ramadani,feb,250019,56
,25,111811,,254502,Stefano Turati,feb,250019,74
,25,347,,277839,Nikola Krstovic,feb,250019,74
,25,347,,239671,Tete Morente,feb,250019,69
,25,347,,253139,Santiago Pierotti,feb,250019,66
,25,347,,263657,Thorir Johann Helgason,feb,250019,62
,25,111811,,202848,Gianluca Caprari,feb,250019,73
,25,347,,210676,Wladimiro Falcone,feb,250019,80
,25,111811,,253213,Georgios Kyriakopoulos,feb,250019,58
,25,111811,,257000,Andrea Carboni,feb,250019,36
,25,111811,,235513,Silvere Ganvoula,feb,250019,69
,25,111811,,230824,Pedro Pereira,feb,250019,56
,25,111811,,198946,Danilo D'Ambrosio,feb,250019,55
,25,111811,,254819,Kacper Urbanski,feb,250019,62
,25,55,,204970,Florian Thauvin,feb,250019,76
,25,1746,,190745,Marco Silvestri,feb,250019,75
,25,55,,240970,Martin Payero,feb,250019,64
,25,1746,,235866,Christian Kouame,feb,250019,70
,25,55,,266803,Razvan Sava,feb,250019,70
,25,1746,,220491,Emmanuel Gyasi,feb,250019,62
,25,1746,,230681,Giuseppe Pezzella,feb,250019,54
,25,55,,223866,Sandi Lovric,feb,250019,62
,25,55,,243249,Jurgen Ekkelenkamp,feb,250019,67
,25,55,,268474,Lorenzo Lucca,feb,250019,74
,25,1746,,242429,Liberato Cacace,feb,250019,58
,25,1746,,247888,Sebastiano Esposito,feb,250019,73
,25,1746,,256899,Lorenzo Colombo,feb,250019,74
,25,1746,,236838,Youssef Maleh,feb,250019,64
,25,1746,,219952,Liam Henderson,feb,250019,63
,25,55,,272783,Arthur Atta,feb,250019,53
,25,55,,244238,Jaka Bijol,feb,250019,58
,25,52,,220651,Angelino,feb,250019,69
,25,50,,255981,Zion Suzuki,feb,250019,71
,25,52,,275291,Niccolo Pisilli,feb,250019,65
,25,50,,244634,Simon Sohm,feb,250019,65
,25,52,,230872,Mile Svilar,feb,250019,77
,25,52,,239964,Eldor Shomurodov,feb,250019,70
,25,52,,265695,Matias Soule,feb,250019,69
,25,50,,263929,Matteo Cancellieri,feb,250019,70
,25,52,,224490,Zeki Celik,feb,250019,58
,25,52,,228251,Lorenzo Pellegrini,feb,250019,77
,25,52,,268728,Anass Salah-Eddine,feb,250019,39
,25,52,,207439,Leandro Paredes,feb,250019,64
,25,50,,252794,Adrian Bernabe,feb,250019,70
,25,50,,259565,Ange-Yoan Bonny,feb,250019,73
,25,44,,228093,Marcus Thuram,feb,250019,81
,25,45,,235840,Michele Di Gregorio,feb,250019,80
,25,45,,237679,Randal Kolo Muani,feb,250019,79
,25,44,,177683,Yann Sommer,feb,250019,87
,25,45,,277954,Kenan Yildiz,feb,250019,73
,25,44,,210406,Piotr Zielinski,feb,250019,76
,25,45,,240679,Teun Koopmeiners,feb,250019,76
,25,45,,261050,Francisco Conceicao,feb,250019,68
,25,44,,192883,Henrikh Mkhitaryan,feb,250019,78
,25,45,,266872,Federico Gatti,feb,250019,41
,25,45,,273906,Renato Veiga,feb,250019,60
,25,44,,233096,Denzel Dumfries,feb,250019,64
,25,44,,226268,Federico Dimarco,feb,250019,78
,25,44,,231478,Lautaro Martinez,feb,250019,88
,25,45,,241496,Timothy Weah,feb,250019,73
,25,45,,238744,Weston McKennie,feb,250019,71
,25,45,,240690,Nicolas Gonzalez,feb,250019,75
,25,44,,241788,Mehdi Taremi,feb,250019,78
,25,44,,224232,Nicolo Barella,feb,250019,78
,25,44,,199845,Francesco Acerbi,feb,250019,50
,25,110556,,215798,Maxwel Cornet,feb,250019,74
,25,205,,234102,Ionut Radu,feb,250019,72
,25,110556,,235842,Andrea Pinamonti,feb,250019,75
,25,110556,,239795,Caleb Ekuban,feb,250019,69
,25,205,,236760,Kike Perez,feb,250019,63
,25,110556,,201299,Nicola Leali,feb,250019,71
,25,110556,,236295,Aaron Martin,feb,250019,52
,25,110556,,242633,Morten Frendrup,feb,250019,58
,25,205,,237669,Alessio Zerbin,feb,250019,67
,25,110556,,244349,Johan Vasquez,feb,250019,32
,25,110556,,224378,Mattia Bani,feb,250019,19
,25,205,,253162,Hans Nicolussi Caviglia,feb,250019,52
,25,110556,,268802,Fabio Miretti,feb,250019,60
,25,205,,269276,Gaetano Oristanio,feb,250019,65
,25,110556,,240938,Junior Messias,feb,250019,72
,25,347,,271198,Medon Berisha,feb,250019,47
,25,347,,231836,Jesper Karlsson,feb,250019,74
,25,55,,265194,Iker Bravo,feb,250019,66
,25,347,,227222,Frederic Guilbert,feb,250019,45
,25,55,,184941,Alexis Sanchez,feb,250019,79
,25,55,,220421,Hassane Kamara,feb,250019,60
,25,189,,271019,Giovanni Fabbian,feb,250019,72
,25,50,,239978,Dennis Man,feb,250019,73
,25,189,,240657,Federico Ravaglia,feb,250019,70
,25,189,,233556,Riccardo Orsolini,feb,250019,80
,25,189,,231207,Jhon Lucumi,feb,250019,36
,25,205,,242755,John Yeboah,feb,250019,60
,25,46,,278032,Christos Mandas,feb,250019,72
,25,205,,264436,Mikael Ellertsson,feb,250019,68
,25,46,,268804,Mario Gila,feb,250019,53
,25,205,,258027,Mirko Maric,feb,250019,69
,25,46,,258890,Fisayo Dele-Bashiru,feb,250019,71
,25,205,,73379,Issa Doumbia,feb,250019,52
,25,47,,254840,Strahinja Pavlovic,feb,250019,42
,25,47,,246431,Riccardo Sottil,feb,250019,65
,25,47,,279202,Francesco Camarda,feb,250019,66
,25,54,,219932,Antonio Sanabria,feb,250019,74
,25,54,,273932,Gvidas Gineitis,feb,250019,57
,25,47,,278928,Alex Jimenez,feb,250019,50
,25,47,,232656,Theo Hernandez,feb,250019,76
,25,54,,219145,Guillermo Maripan,feb,250019,40
,25,54,,243481,Marcus Pedersen,feb,250019,47
,25,47,,227796,Christian Pulisic,feb,250019,81
,25,110556,,255934,Jean Onana,feb,250019,65
,25,44,,243311,Josep Martinez,feb,250019,75
,25,110556,,76172,Lorenzo Venturino,feb,250019,50
,25,110556,,276485,Patrizio Masini,feb,250019,48
,25,44,,226851,Benjamin Pavard,feb,250019,67
,25,44,,264699,Kristjan Asllani,feb,250019,60
,25,110556,,74485,Jeff Ekhator,feb,250019,57
,25,48,,227236,Frank Anguissa,feb,250019,71
,25,48,,217870,Giovanni Di Lorenzo,feb,250019,69
,25,48,,237238,Scott McTominay,feb,250019,78
,25,1745,,235949,Gabriel Strefezza,feb,250019,65
,25,1745,,254579,Lucas Da Cunha,feb,250019,69
,25,1745,,273875,Alex Valle,feb,250019,55
,25,48,,220714,Philip Billing,feb,250019,76
,25,48,,216435,Stanislav Lobotka,feb,250019,66
,25,48,,202884,Leonardo Spinazzola,feb,250019,64
,25,206,,234795,Antoine Bernede,feb,250019,60
,25,206,,262930,Daniel Oyegoke,feb,250019,35
,25,206,,213404,Pawel Dawidowicz,feb,250019,47
,25,206,,256453,Amin Sarr,feb,250019,68
,25,110374,,225439,Rolando Mandragora,feb,250019,71
,25,206,,73853,Dailon Rocha Livramento,feb,250019,71
,25,206,,248661,Cheikh Niasse,feb,250019,43
,25,110374,,236610,Moise Kean,feb,250019,78
,25,110374,,278340,Pietro Comuzzo,feb,250019,27
,25,110374,,211361,Danilo Cataldi,feb,250019,71
,25,1746,,228698,Viktor Kovalenko,feb,250019,69
,25,1746,,76025,Thomas Campaniello,feb,250019,55
,25,39,,216150,Davide Zappacosta,feb,250019,67
,25,1746,,220475,Alberto Grassi,feb,250019,62
,25,39,,230899,Ademola Lookman,feb,250019,80
,25,1746,,70252,Saba Goglichidze,feb,250019,24
,25,39,,247229,Raoul Bellanova,feb,250019,41
,25,39,,208165,Berat Djimsiti,feb,250019,37
,25,39,,223671,Stefan Posch,feb,250019,53
,25,45,,74566,Samuel Mbangula,feb,250019,66
,25,1842,,173160,Nicolas Viola,feb,250019,72
,25,1842,,238274,Florinel Coman,feb,250019,69
,25,1842,,235813,Razvan Marin,feb,250019,74
,25,45,,246430,Dusan Vlahovic,feb,250019,84
,25,1842,,254982,Michel Adopo,feb,250019,58
,25,1842,,220534,Sebastiano Luperto,feb,250019,47
,25,1842,,270597,Antoine Makoumbou,feb,250019,58
,25,45,,222077,Manuel Locatelli,feb,250019,70
,25,111811,,268558,Tomas Palacios,feb,250019,36
,25,52,,208268,Bryan Cristante,feb,250019,73
,25,52,,178603,Mats Hummels,feb,250019,58
,25,52,,211110,Paulo Dybala,feb,250019,85
,25,111811,,278351,Kevin Zeroli,feb,250019,57
,25,52,,269312,Tommaso Baldanzi,feb,250019,71
,25,111811,,234147,Dany Mota,feb,250019,74
,25,52,,242664,Alexis Saelemaekers,feb,250019,66
,25,52,,236403,Evan Ndicka,feb,250019,51
,25,205,,201285,Christian Gytkjaer,feb,250022,72
,25,1745,,225149,Jean Butez,feb,250022,76
,25,1745,,277846,Nico Paz,feb,250022,63
,25,205,,234102,Ionut Radu,feb,250022,71
,25,1745,,223524,Edoardo Goldaniga,feb,250022,33
,25,1745,,234612,Jonathan Ikone,feb,250022,66
,25,205,,73379,Issa Doumbia,feb,250022,52
,25,205,,262396,Jay Idzes,feb,250022,46
,25,205,,208535,Alfred Duncan,feb,250022,63
,25,205,,269276,Gaetano Oristanio,feb,250022,66
,25,205,,258027,Mirko Maric,feb,250022,69
,25,1745,,235949,Gabriel Strefezza,feb,250022,65
,25,205,,256856,Fali Cande,feb,250022,55
,25,1745,,254579,Lucas Da Cunha,feb,250022,69
,25,1745,,273875,Alex Valle,feb,250022,55
,25,1745,,77163,Ivan Smolcic,feb,250022,50
,25,205,,237669,Alessio Zerbin,feb,250022,67
,25,50,,239978,Dennis Man,feb,250022,73
,25,54,,224836,Vanja Milinkovic-Savic,feb,250022,78
,25,50,,263229,Mateo Pellegrino,feb,250022,65
,25,54,,226093,Che Adams,feb,250022,76
,25,50,,255981,Zion Suzuki,feb,250022,72
,25,50,,258714,Emanuele Valeri,feb,250022,69
,25,50,,236706,Pontus Almqvist,feb,250022,66
,25,50,,263929,Matteo Cancellieri,feb,250022,70
,25,50,,259565,Ange-Yoan Bonny,feb,250022,73
,25,50,,245566,Alessandro Vogliacco,feb,250022,35
,25,54,,241390,Eljif Elmas,feb,250022,69
,25,54,,201389,Cristiano Biraghi,feb,250022,67
,25,47,,231352,Tammy Abraham,feb,250022,75
,25,347,,210676,Wladimiro Falcone,feb,250022,80
,25,47,,242444,Joao Felix,feb,250022,78
,25,347,,277839,Nikola Krstovic,feb,250022,73
,25,47,,216065,Marco Sportiello,feb,250022,76
,25,47,,227796,Christian Pulisic,feb,250022,81
,25,47,,241721,Rafael Leao,feb,250022,78
,25,347,,243787,Ylber Ramadani,feb,250022,56
,25,47,,244717,Antonino Gallo,feb,250022,51
,25,47,,253177,Yunus Musah,feb,250022,68
,25,47,,256261,Malick Thiaw,feb,250022,47
,25,47,,245152,Santiago Gimenez,feb,250022,79
,25,347,,263657,Thorir Johann Helgason,feb,250022,62
,25,347,,227222,Frederic Guilbert,feb,250022,45
,25,347,,253139,Santiago Pierotti,feb,250022,66
,25,47,,257353,Warren Bondo,feb,250022,61
,25,347,,239671,Tete Morente,feb,250022,69
,25,111811,,278033,Stefan Lekovic,feb,250022,54
,25,44,,243311,Josep Martinez,feb,250022,75
,25,44,,231478,Lautaro Martinez,feb,250022,88
,25,111811,,254502,Stefano Turati,feb,250022,74
,25,44,,208128,Hakan Calhanoglu,feb,250022,80
,25,44,,224232,Nicolo Barella,feb,250022,78
,25,44,,228093,Marcus Thuram,feb,250022,81
,25,44,,253213,Georgios Kyriakopoulos,feb,250022,58
,25,111811,,215785,Keita Balde,feb,250022,67
,25,111811,,271477,Alessandro Bianco,feb,250022,49
,25,44,,241736,Yann Bisseck,feb,250022,56
,25,44,,233096,Denzel Dumfries,feb,250022,68
,25,44,,184200,Marko Arnautovic,feb,250022,79
,25,44,,192883,Henrikh Mkhitaryan,feb,250022,78
,25,111811,,237003,Samuele Birindelli,feb,250022,51
,25,44,,237383,Alessandro Bastoni,feb,250022,45
,25,189,,252021,Thijs Dallinga,feb,250022,75
,25,206,,215363,Lorenzo Montipo,feb,250022,76
,25,206,,212127,Darko Lazovic,feb,250022,71
,25,189,,189908,Lukasz Skorupski,feb,250022,79
,25,206,,266585,Daniel Mosquera,feb,250022,70
,25,189,,268703,Nicolo Cambiaghi,feb,250022,71
,25,206,,257920,Casper Tengstedt,feb,250022,73
,25,189,,240915,Juan Miranda,feb,250022,60
,25,189,,267861,Santiago Castro,feb,250022,75
,25,189,,236898,Michel Aebischer,feb,250022,66
,25,189,,257980,Dan Ndoye,feb,250022,66
,25,206,,256453,Amin Sarr,feb,250022,68
,25,189,,233556,Riccardo Orsolini,feb,250022,80
,25,189,,234671,Jens Odgaard,feb,250022,74
,25,206,,267681,Nicolas Valentini,feb,250022,32
,25,110374,,276682,Cher Ndour,feb,250022,61
,25,48,,225116,Alex Meret,feb,250022,81
,25,48,,216816,Giovanni Simeone,feb,250022,77
,25,110374,,193080,David De Gea,feb,250022,85
,25,48,,220714,Philip Billing,feb,250022,76
,25,110374,,236610,Moise Kean,feb,250022,78
,25,110374,,260823,Nicolo Fagioli,feb,250022,63
,25,48,,216409,Matteo Politano,feb,250022,77
,25,110374,,238004,Albert Gudmundsson,feb,250022,79
,25,48,,253002,Giacomo Raspadori,feb,250022,76
,25,48,,244263,Amir Rrahmani,feb,250022,50
,25,48,,237238,Scott McTominay,feb,250022,78
,25,48,,202884,Leonardo Spinazzola,feb,250022,64
,25,48,,217870,Giovanni Di Lorenzo,feb,250022,69
,25,48,,192505,Romelu Lukaku,feb,250022,80
,25,48,,243241,Alessandro Buongiorno,feb,250022,45
,25,1746,,235866,Christian Kouame,feb,250022,70
,25,52,,230872,Mile Svilar,feb,250022,77
,25,52,,242458,Artem Dovbyk,feb,250022,83
,25,1746,,190745,Marco Silvestri,feb,250022,74
,25,52,,220651,Angelino,feb,250022,69
,25,52,,269312,Tommaso Baldanzi,feb,250022,71
,25,52,,228251,Lorenzo Pellegrini,feb,250022,77
,25,52,,265695,Matias Soule,feb,250022,69
,25,52,,250723,Manu Kone,feb,250022,72
,25,52,,235658,Victor Nelsson,feb,250022,42
,25,52,,207439,Leandro Paredes,feb,250022,64
,25,52,,239964,Eldor Shomurodov,feb,250022,70
,25,1746,,256899,Lorenzo Colombo,feb,250022,74
,25,1746,,206058,Mattia De Sciglio,feb,250022,45
,25,39,,251470,Charles De Ketelaere,feb,250022,76
,25,45,,235840,Michele Di Gregorio,feb,250022,81
,25,45,,238744,Weston McKennie,feb,250022,71
,25,39,,252154,Marco Carnesecchi,feb,250022,83
,25,45,,246430,Dusan Vlahovic,feb,250022,83
,25,39,,230899,Ademola Lookman,feb,250022,82
,25,39,,257785,Marco Brescianini,feb,250022,65
,25,39,,216150,Davide Zappacosta,feb,250022,67
,25,45,,270674,Alberto Costa,feb,250022,53
,25,39,,208461,Marten de Roon,feb,250022,70
,25,39,,241850,Mateo Retegui,feb,250022,79
,25,39,,266866,Ederson,feb,250022,68
,25,45,,241496,Timothy Weah,feb,250022,73
,25,39,,260697,Isak Hien,feb,250022,36
,25,45,,231512,Lloyd Kelly,feb,250022,38
,25,45,,247246,Khephren Thuram,feb,250022,69
,25,55,,272783,Arthur Atta,feb,250022,53
,25,46,,224987,Ivan Provedel,feb,250022,83
,25,55,,259634,Jordan Zemura,feb,250022,48
,25,46,,224031,Adam Marusic,feb,250022,66
,25,55,,257288,Maduka Okoye,feb,250022,74
,25,46,,264257,Tijjani Noslin,feb,250022,73
,25,55,,240970,Martin Payero,feb,250022,64
,25,46,,220502,Mattia Zaccagni,feb,250022,77
,25,55,,268474,Lorenzo Lucca,feb,250022,74
,25,55,,223866,Sandi Lovric,feb,250022,62
,25,46,,264880,Loum Tchaouna,feb,250022,71
,25,46,,210413,Alessio Romagnoli,feb,250022,39
,25,46,,219985,Matias Vecino,feb,250022,72
,25,55,,204970,Florian Thauvin,feb,250022,76
,25,55,,220421,Hassane Kamara,feb,250022,60
,25,110556,,235842,Andrea Pinamonti,feb,250023,75
,25,347,,210676,Wladimiro Falcone,feb,250023,80
,25,347,,231836,Jesper Karlsson,feb,250023,74
,25,110556,,201299,Nicola Leali,feb,250023,71
,25,347,,244717,Antonino Gallo,feb,250023,51
,25,347,,247668,N'Dri Konan,feb,250023,62
,25,347,,271198,Medon Berisha,feb,250023,47
,25,347,,277839,Nikola Krstovic,feb,250023,73
,25,347,,271539,Danilo Veiga,feb,250023,56
,25,110556,,242633,Morten Frendrup,feb,250023,58
,25,110556,,231969,Ruslan Malinovskyi,feb,250023,79
,25,110556,,268802,Fabio Miretti,feb,250023,60
,25,347,,263657,Thorir Johann Helgason,feb,250023,62
,25,347,,239671,Tete Morente,feb,250023,69
,25,50,,255460,Jacob Ondrejka,feb,250023,72
,25,111811,,254502,Stefano Turati,feb,250023,74
,25,50,,278287,Anas Haj Mohamed,feb,250023,51
,25,111811,,215785,Keita Balde,feb,250023,67
,25,50,,255981,Zion Suzuki,feb,250023,72
,25,50,,259565,Ange-Yoan Bonny,feb,250023,73
,25,50,,258714,Emanuele Valeri,feb,250023,69
,25,111811,,278351,Kevin Zeroli,feb,250023,57
,25,50,,263229,Mateo Pellegrino,feb,250023,65
,25,111811,,216145,Armando Izzo,feb,250023,38
,25,111811,,225014,Gaetano Castrovilli,feb,250023,66
,25,50,,261539,Mandela Keita,feb,250023,55
,25,50,,239978,Dennis Man,feb,250023,73
,25,111811,,253213,Georgios Kyriakopoulos,feb,250023,58
,25,50,,236706,Pontus Almqvist,feb,250023,66
,25,111811,,271477,Alessandro Bianco,feb,250023,49
,25,111811,,234147,Dany Mota,feb,250023,74
,25,111811,,237003,Samuele Birindelli,feb,250023,51
,25,206,,237335,Grigoris Kastanos,feb,250023,70
,25,55,,257288,Maduka Okoye,feb,250023,74
,25,55,,272783,Arthur Atta,feb,250023,53
,25,206,,215363,Lorenzo Montipo,feb,250023,76
,25,55,,259634,Jordan Zemura,feb,250023,48
,25,206,,222148,Ondrej Duda,feb,250023,72
,25,55,,223866,Sandi Lovric,feb,250023,62
,25,206,,255233,Tomas Suslov,feb,250023,70
,25,55,,225669,Kingsley Ehizibue,feb,250023,55
,25,55,,268474,Lorenzo Lucca,feb,250023,74
,25,206,,266585,Daniel Mosquera,feb,250023,70
,25,55,,242238,Oumar Solet,feb,250023,41
,25,55,,261573,Thomas Kristensen,feb,250023,25
,25,55,,240970,Martin Payero,feb,250023,64
,25,1745,,275324,Assane Diao,feb,250023,68
,25,47,,215698,Mike Maignan,feb,250023,87
,25,1745,,277846,Nico Paz,feb,250023,63
,25,47,,240638,Tijjani Reijnders,feb,250023,74
,25,1745,,225149,Jean Butez,feb,250023,76
,25,1745,,237715,Patrick Cutrone,feb,250023,73
,25,1745,,246646,Maxence Caqueret,feb,250023,61
,25,1745,,254579,Lucas Da Cunha,feb,250023,69
,25,47,,227796,Christian Pulisic,feb,250023,81
,25,1745,,210719,Marc Kempf,feb,250023,41
,25,1745,,273875,Alex Valle,feb,250023,55
,25,47,,245152,Santiago Gimenez,feb,250023,79
,25,47,,241721,Rafael Leao,feb,250023,78
,25,1745,,235949,Gabriel Strefezza,feb,250023,65
,25,47,,253177,Yunus Musah,feb,250023,68
,25,47,,232656,Theo Hernandez,feb,250023,75
,25,1746,,75083,Ismael Konate,feb,250023,54
,25,54,,224836,Vanja Milinkovic-Savic,feb,250023,78
,25,54,,231826,Yann Karamoh,feb,250023,68
,25,1746,,190745,Marco Silvestri,feb,250023,74
,25,54,,241095,Nikola Vlasic,feb,250023,75
,25,54,,201389,Cristiano Biraghi,feb,250023,67
,25,1746,,220491,Emmanuel Gyasi,feb,250023,62
,25,1746,,230681,Giuseppe Pezzella,feb,250023,54
,25,1746,,235866,Christian Kouame,feb,250023,70
,25,54,,273932,Gvidas Gineitis,feb,250023,57
,25,54,,225410,Adam Masina,feb,250023,40
,25,54,,241390,Eljif Elmas,feb,250023,69
,25,1746,,258782,Ardian Ismajli,feb,250023,30
,25,1746,,223570,Junior Sambia,feb,250023,65
,25,1746,,247888,Sebastiano Esposito,feb,250023,73
,25,54,,265650,Saul Coco,feb,250023,56
,25,1746,,219952,Liam Henderson,feb,250023,63
,25,1746,,220475,Alberto Grassi,feb,250023,61
,25,205,,253162,Hans Nicolussi Caviglia,feb,250023,56
,25,48,,225116,Alex Meret,feb,250023,81
,25,48,,216816,Giovanni Simeone,feb,250023,77
,25,205,,234102,Ionut Radu,feb,250023,71
,25,205,,269276,Gaetano Oristanio,feb,250023,66
,25,205,,73379,Issa Doumbia,feb,250023,52
,25,48,,216409,Matteo Politano,feb,250023,77
,25,48,,244263,Amir Rrahmani,feb,250023,50
,25,48,,192505,Romelu Lukaku,feb,250023,80
,25,48,,237238,Scott McTominay,feb,250023,78
,25,48,,217870,Giovanni Di Lorenzo,feb,250023,69
,25,205,,267593,Daniel Fila,feb,250023,70
,25,205,,236760,Kike Perez,feb,250023,63
,25,48,,202884,Leonardo Spinazzola,feb,250023,64
,25,48,,253002,Giacomo Raspadori,feb,250023,76
,25,205,,237669,Alessio Zerbin,feb,250023,67
,25,189,,269558,Benjamin Dominguez,feb,250023,64
,25,46,,224987,Ivan Provedel,feb,250023,83
,25,46,,255001,Nicolo Rovella,feb,250023,62
,25,189,,189908,Lukasz Skorupski,feb,250023,79
,25,46,,266236,Arijon Ibrahimovic,feb,250023,61
,25,46,,264880,Loum Tchaouna,feb,250023,71
,25,189,,271019,Giovanni Fabbian,feb,250023,71
,25,189,,267861,Santiago Castro,feb,250023,75
,25,189,,262394,Sam Beukema,feb,250023,53
,25,189,,233556,Riccardo Orsolini,feb,250023,80
,25,189,,228881,Davide Calabria,feb,250023,57
,25,46,,220502,Mattia Zaccagni,feb,250023,77
,25,189,,202024,Remo Freuler,feb,250023,71
,25,189,,257980,Dan Ndoye,feb,250023,66
,25,189,,240915,Juan Miranda,feb,250023,60
,25,46,,224031,Adam Marusic,feb,250023,66
,25,189,,234671,Jens Odgaard,feb,250023,74
,25,46,,236496,Matteo Guendouzi,feb,250023,70
,25,1842,,205850,Leonardo Pavoletti,feb,250023,67
,25,52,,230872,Mile Svilar,feb,250023,77
,25,1842,,70049,Kingstone Mutandwa,feb,250023,62
,25,1842,,220523,Yerry Mina,feb,250023,49
,25,1842,,248385,Roberto Piccoli,feb,250023,71
,25,52,,242458,Artem Dovbyk,feb,250023,83
,25,1842,,255303,Elia Caprile,feb,250023,74
,25,52,,207439,Leandro Paredes,feb,250023,64
,25,52,,265695,Matias Soule,feb,250023,69
,25,1842,,272725,Matteo Prati,feb,250023,65
,25,1842,,229743,Alessandro Deiola,feb,250023,66
,25,1842,,252440,Nadir Zortea,feb,250023,64
,25,52,,229582,Gianluca Mancini,feb,250023,49
,25,52,,220651,Angelino,feb,250023,69
,25,52,,250723,Manu Kone,feb,250023,72
,25,45,,237679,Randal Kolo Muani,feb,250023,79
,25,110374,,193080,David De Gea,feb,250023,85
,25,45,,261050,Francisco Conceicao,feb,250023,68
,25,45,,247246,Khephren Thuram,feb,250023,69
,25,110374,,236610,Moise Kean,feb,250023,78
,25,45,,235840,Michele Di Gregorio,feb,250023,81
,25,110374,,238004,Albert Gudmundsson,feb,250023,79
,25,45,,273906,Renato Veiga,feb,250023,60
,25,45,,238744,Weston McKennie,feb,250023,71
,25,45,,240690,Nicolas Gonzalez,feb,250023,74
,25,110374,,234112,Dodo,feb,250023,57
,25,45,,240679,Teun Koopmeiners,feb,250023,76
,25,110374,,225439,Rolando Mandragora,feb,250023,71
,25,45,,241496,Timothy Weah,feb,250023,73
,25,110374,,223697,Robin Gosens,feb,250023,73
,25,39,,259584,Matteo Ruggeri,feb,250023,55
,25,44,,177683,Yann Sommer,feb,250023,87
,25,39,,216150,Davide Zappacosta,feb,250023,67
,25,39,,256115,Lazar Samardzic,feb,250023,72
,25,39,,255611,Daniel Maldini,feb,250023,70
,25,44,,237383,Alessandro Bastoni,feb,250023,45
,25,39,,252154,Marco Carnesecchi,feb,250023,83
,25,44,,258648,Carlos Augusto,feb,250023,71
,25,44,,239807,Davide Frattesi,feb,250023,74
,25,44,,231478,Lautaro Martinez,feb,250023,88
,25,44,,241736,Yann Bisseck,feb,250023,56
,25,44,,224232,Nicolo Barella,feb,250023,78
,25,44,,208128,Hakan Calhanoglu,feb,250023,80
,25,39,,230899,Ademola Lookman,feb,250023,82
,25,39,,266866,Ederson,feb,250023,68
,25,39,,241850,Mateo Retegui,feb,250023,79
,25,39,,207993,Sead Kolasinac,feb,250023,61
,25,39,,223273,Mario Pasalic,feb,250023,77
,25,39,,208461,Marten de Roon,feb,250023,70
,25,44,,228093,Marcus Thuram,feb,250023,81
,25,1745,,223524,Edoardo Goldaniga,feb,250025,33
,25,1746,,233189,Devis Vasquez,feb,250025,70
,25,1745,,254579,Lucas Da Cunha,feb,250025,69
,25,1745,,234612,Jonathan Ikone,feb,250025,66
,25,1745,,268674,Alessandro Gabrielloni,feb,250025,67
,25,1746,,235866,Christian Kouame,feb,250025,70
,25,1745,,225149,Jean Butez,feb,250025,76
,25,1745,,267991,Maximo Perrone,feb,250025,54
,25,1745,,235949,Gabriel Strefezza,feb,250025,65
,25,1745,,261478,Anastasios Douvikas,feb,250025,71
,25,1746,,220491,Emmanuel Gyasi,feb,250025,62
,25,1745,,205566,Alberto Moreno,feb,250025,67
,25,1745,,246646,Maxence Caqueret,feb,250025,61
,25,1746,,247888,Sebastiano Esposito,feb,250025,73
,25,1746,,220475,Alberto Grassi,feb,250025,61
,25,1745,,237715,Patrick Cutrone,feb,250025,73
,25,1746,,70252,Saba Goglichidze,feb,250025,24
,25,1746,,242429,Liberato Cacace,feb,250025,58
,25,1746,,219952,Liam Henderson,feb,250025,63
,25,1745,,275324,Assane Diao,feb,250025,69
,25,189,,242280,Lewis Ferguson,feb,250025,77
,25,205,,234102,Ionut Radu,feb,250025,71
,25,189,,271019,Giovanni Fabbian,feb,250025,71
,25,189,,266158,Estanis Pedrola,feb,250025,66
,25,189,,233556,Riccardo Orsolini,feb,250025,80
,25,205,,242755,John Yeboah,feb,250025,60
,25,189,,189908,Lukasz Skorupski,feb,250025,79
,25,205,,242332,Gianluca Busio,feb,250025,63
,25,189,,234671,Jens Odgaard,feb,250025,74
,25,205,,236760,Kike Perez,feb,250025,63
,25,189,,262394,Sam Beukema,feb,250025,53
,25,205,,262396,Jay Idzes,feb,250025,46
,25,205,,237669,Alessio Zerbin,feb,250025,67
,25,189,,252021,Thijs Dallinga,feb,250025,75
,25,45,,241496,Timothy Weah,feb,250025,74
,25,110556,,201299,Nicola Leali,feb,250025,71
,25,45,,273906,Renato Veiga,feb,250025,60
,25,45,,222077,Manuel Locatelli,feb,250025,68
,25,110556,,265774,Koni De Winter,feb,250025,38
,25,45,,235840,Michele Di Gregorio,feb,250025,81
,25,110556,,76172,Lorenzo Venturino,feb,250025,50
,25,110556,,231969,Ruslan Malinovskyi,feb,250025,79
,25,45,,255654,Pierre Kalulu,feb,250025,52
,25,45,,246430,Dusan Vlahovic,feb,250025,83
,25,110556,,244349,Johan Vasquez,feb,250025,32
,25,110556,,235842,Andrea Pinamonti,feb,250025,75
,25,110556,,242633,Morten Frendrup,feb,250025,58
,25,110556,,274082,Alan Matturro,feb,250025,28
,25,45,,277954,Kenan Yildiz,feb,250025,73
,25,45,,240679,Teun Koopmeiners,feb,250025,76
,25,45,,240690,Nicolas Gonzalez,feb,250025,74
,25,52,,239964,Eldor Shomurodov,feb,250025,70
,25,347,,210676,Wladimiro Falcone,feb,250025,80
,25,347,,268573,Federico Baschirotto,feb,250025,52
,25,52,,230872,Mile Svilar,feb,250025,78
,25,347,,271198,Medon Berisha,feb,250025,47
,25,347,,247668,N'Dri Konan,feb,250025,62
,25,347,,271197,Lameck Banda,feb,250025,65
,25,52,,242458,Artem Dovbyk,feb,250025,83
,25,347,,243787,Ylber Ramadani,feb,250025,56
,25,52,,208268,Bryan Cristante,feb,250025,73
,25,52,,265695,Matias Soule,feb,250025,69
,25,347,,277839,Nikola Krstovic,feb,250025,73
,25,347,,227222,Frederic Guilbert,feb,250025,45
,25,347,,253139,Santiago Pierotti,feb,250025,66
,25,52,,228251,Lorenzo Pellegrini,feb,250025,77
,25,347,,231836,Jesper Karlsson,feb,250025,74
,25,347,,244717,Antonino Gallo,feb,250025,51
,25,52,,250723,Manu Kone,feb,250025,72
,25,347,,263657,Thorir Johann Helgason,feb,250025,62
,25,52,,220651,Angelino,feb,250025,69
,25,1842,,259011,Zito Luvumbo,feb,250025,67
,25,111811,,254502,Stefano Turati,feb,250025,74
,25,1842,,205850,Leonardo Pavoletti,feb,250025,67
,25,111811,,202848,Gianluca Caprari,feb,250025,73
,25,1842,,255303,Elia Caprile,feb,250025,74
,25,1842,,246877,Gianluca Gaetano,feb,250025,71
,25,111811,,219812,Patrick Ciurria,feb,250025,72
,25,111811,,215785,Keita Balde,feb,250025,67
,25,111811,,198946,Danilo D'Ambrosio,feb,250025,55
,25,111811,,225014,Gaetano Castrovilli,feb,250025,66
,25,1842,,173160,Nicolas Viola,feb,250025,71
,25,1842,,248385,Roberto Piccoli,feb,250025,71
,25,111811,,253213,Georgios Kyriakopoulos,feb,250025,58
,25,111811,,271477,Alessandro Bianco,feb,250025,49
,25,111811,,234147,Dany Mota,feb,250025,74
,25,110374,,238067,Nicolo Zaniolo,feb,250025,74
,25,39,,252154,Marco Carnesecchi,feb,250025,83
,25,110374,,225439,Rolando Mandragora,feb,250025,71
,25,39,,193082,Juan Cuadrado,feb,250025,72
,25,110374,,193080,David De Gea,feb,250025,85
,25,110374,,240777,Luca Ranieri,feb,250025,40
,25,110374,,258976,Fabiano Parisi,feb,250025,66
,25,110374,,206654,Pablo Mari,feb,250025,39
,25,39,,251470,Charles De Ketelaere,feb,250025,76
,25,39,,256115,Lazar Samardzic,feb,250025,72
,25,110374,,236610,Moise Kean,feb,250025,78
,25,39,,223273,Mario Pasalic,feb,250025,77
,25,110374,,260823,Nicolo Fagioli,feb,250025,63
,25,110374,,238004,Albert Gudmundsson,feb,250025,79
,25,39,,241850,Mateo Retegui,feb,250025,79
,25,39,,230899,Ademola Lookman,feb,250025,82
,25,55,,240970,Martin Payero,feb,250025,64
,25,44,,177683,Yann Sommer,feb,250025,87
,25,55,,242238,Oumar Solet,feb,250025,41
,25,44,,215330,Joaquin Correa,feb,250025,73
,25,55,,257288,Maduka Okoye,feb,250025,74
,25,44,,192883,Henrikh Mkhitaryan,feb,250025,78
,25,55,,268474,Lorenzo Lucca,feb,250025,75
,25,55,,265194,Iker Bravo,feb,250025,66
,25,44,,226268,Federico Dimarco,feb,250025,78
,25,44,,258648,Carlos Augusto,feb,250025,71
,25,55,,220421,Hassane Kamara,feb,250025,60
,25,44,,226851,Benjamin Pavard,feb,250025,67
,25,44,,228093,Marcus Thuram,feb,250025,81
,25,44,,239807,Davide Frattesi,feb,250025,75
,25,44,,184200,Marko Arnautovic,feb,250025,79
,25,44,,208128,Hakan Calhanoglu,feb,250025,80
,25,47,,246172,Samuel Chukwueze,feb,250025,73
,25,48,,225116,Alex Meret,feb,250025,82
,25,47,,232432,Luka Jovic,feb,250025,77
,25,48,,239679,Pasquale Mazzocchi,feb,250025,58
,25,47,,215698,Mike Maignan,feb,250025,87
,25,47,,240638,Tijjani Reijnders,feb,250025,74
,25,47,,254840,Strahinja Pavlovic,feb,250025,42
,25,47,,245152,Santiago Gimenez,feb,250025,79
,25,48,,216409,Matteo Politano,feb,250025,77
,25,47,,241721,Rafael Leao,feb,250025,78
,25,47,,245630,Youssouf Fofana,feb,250025,66
,25,47,,231352,Tammy Abraham,feb,250025,75
,25,48,,236632,David Neres,feb,250025,75
,25,48,,227236,Frank Anguissa,feb,250025,71
,25,48,,192505,Romelu Lukaku,feb,250025,80
,25,206,,257920,Casper Tengstedt,feb,250025,73
,25,50,,255981,Zion Suzuki,feb,250025,72
,25,50,,255460,Jacob Ondrejka,feb,250025,72
,25,206,,215363,Lorenzo Montipo,feb,250025,76
,25,50,,258714,Emanuele Valeri,feb,250025,69
,25,50,,252794,Adrian Bernabe,feb,250025,70
,25,50,,259565,Ange-Yoan Bonny,feb,250025,73
,25,206,,266585,Daniel Mosquera,feb,250025,70
,25,50,,244634,Simon Sohm,feb,250025,65
,25,50,,236706,Pontus Almqvist,feb,250025,66
,25,206,,256453,Amin Sarr,feb,250025,69
,25,46,,224031,Adam Marusic,feb,250025,66
,25,54,,224836,Vanja Milinkovic-Savic,feb,250025,78
,25,46,,264257,Tijjani Noslin,feb,250025,73
,25,54,,273932,Gvidas Gineitis,feb,250025,57
,25,46,,224987,Ivan Provedel,feb,250025,83
,25,46,,236496,Matteo Guendouzi,feb,250025,70
,25,46,,255001,Nicolo Rovella,feb,250025,62
,25,46,,220502,Mattia Zaccagni,feb,250025,77
,25,54,,219145,Guillermo Maripan,feb,250025,40
,25,46,,189505,Pedro,feb,250025,71
,25,54,,226093,Che Adams,feb,250025,76
,25,46,,248729,Gustav Isaksen,feb,250025,71
,25,46,,246242,Boulaye Dia,feb,250025,80
,25,54,,241390,Eljif Elmas,feb,250025,69
,25,54,,265650,Saul Coco,feb,250025,56
,25,110556,,244349,Johan Vasquez,feb,250027,32
,25,55,,257288,Maduka Okoye,feb,250027,74
,25,110556,,222475,Morten Thorsby,feb,250027,61
,25,110556,,239795,Caleb Ekuban,feb,250027,69
,25,110556,,268656,Alessandro Zanoli,feb,250027,38
,25,55,,274270,Rui Modesto,feb,250027,59
,25,110556,,201299,Nicola Leali,feb,250027,71
,25,55,,268474,Lorenzo Lucca,feb,250027,75
,25,55,,265194,Iker Bravo,feb,250027,66
,25,110556,,235842,Andrea Pinamonti,feb,250027,75
,25,55,,243249,Jurgen Ekkelenkamp,feb,250027,68
,25,110556,,231969,Ruslan Malinovskyi,feb,250027,79
,25,1745,,273875,Alex Valle,feb,250027,55
,25,111811,,254502,Stefano Turati,feb,250027,74
,25,111811,,202848,Gianluca Caprari,feb,250027,73
,25,1745,,225149,Jean Butez,feb,250027,76
,25,1745,,261478,Anastasios Douvikas,feb,250027,71
,25,1745,,275324,Assane Diao,feb,250027,69
,25,1745,,235949,Gabriel Strefezza,feb,250027,65
,25,111811,,234147,Dany Mota,feb,250027,74
,25,1745,,228349,Mergim Vojvoda,feb,250027,52
,25,111811,,215785,Keita Balde,feb,250027,67
,25,111811,,198946,Danilo D'Ambrosio,feb,250027,55
,25,1745,,234612,Jonathan Ikone,feb,250027,66
,25,111811,,253213,Georgios Kyriakopoulos,feb,250027,58
,25,111811,,219812,Patrick Ciurria,feb,250027,72
,25,1745,,277846,Nico Paz,feb,250027,63
,25,50,,263229,Mateo Pellegrino,feb,250027,65
,25,44,,177683,Yann Sommer,feb,250027,87
,25,50,,255460,Jacob Ondrejka,feb,250027,72
,25,44,,241736,Yann Bisseck,feb,250027,56
,25,50,,255981,Zion Suzuki,feb,250027,72
,25,44,,239807,Davide Frattesi,feb,250027,75
,25,44,,264699,Kristjan Asllani,feb,250027,60
,25,44,,228093,Marcus Thuram,feb,250027,81
,25,44,,208128,Hakan Calhanoglu,feb,250027,80
,25,50,,252794,Adrian Bernabe,feb,250027,70
,25,50,,259565,Ange-Yoan Bonny,feb,250027,73
,25,44,,184392,Matteo Darmian,feb,250027,61
,25,44,,231478,Lautaro Martinez,feb,250027,88
,25,50,,239978,Dennis Man,feb,250027,73
,25,44,,226268,Federico Dimarco,feb,250027,78
,25,50,,236706,Pontus Almqvist,feb,250027,66
,25,110374,,206654,Pablo Mari,feb,250027,39
,25,47,,215698,Mike Maignan,feb,250027,87
,25,110374,,236610,Moise Kean,feb,250027,78
,25,47,,232656,Theo Hernandez,feb,250027,75
,25,110374,,193080,David De Gea,feb,250027,85
,25,110374,,246258,Lucas Beltran,feb,250027,75
,25,47,,256261,Malick Thiaw,feb,250027,47
,25,110374,,225439,Rolando Mandragora,feb,250027,71
,25,47,,227796,Christian Pulisic,feb,250027,81
,25,47,,245630,Youssouf Fofana,feb,250027,66
,25,47,,232432,Luka Jovic,feb,250027,77
,25,110374,,260823,Nicolo Fagioli,feb,250027,63
,25,47,,245152,Santiago Gimenez,feb,250027,79
,25,47,,240638,Tijjani Reijnders,feb,250027,76
,25,47,,231352,Tammy Abraham,feb,250027,75
,25,47,,241721,Rafael Leao,feb,250027,78
,25,110374,,238004,Albert Gudmundsson,feb,250027,79
,25,110374,,234112,Dodo,feb,250027,57
,25,347,,277839,Nikola Krstovic,feb,250027,73
,25,205,,234102,Ionut Radu,feb,250027,71
,25,205,,269276,Gaetano Oristanio,feb,250027,66
,25,347,,210676,Wladimiro Falcone,feb,250027,80
,25,347,,271198,Medon Berisha,feb,250027,47
,25,205,,73379,Issa Doumbia,feb,250027,52
,25,347,,268573,Federico Baschirotto,feb,250027,52
,25,347,,247668,N'Dri Konan,feb,250027,62
,25,205,,236760,Kike Perez,feb,250027,63
,25,205,,267593,Daniel Fila,feb,250027,70
,25,347,,239671,Tete Morente,feb,250027,69
,25,205,,244717,Antonino Gallo,feb,250027,51
,25,205,,201285,Christian Gytkjaer,feb,250027,72
,25,205,,242755,John Yeboah,feb,250027,60
,25,205,,242332,Gianluca Busio,feb,250027,63
,25,347,,243787,Ylber Ramadani,feb,250027,56
,25,205,,253162,Hans Nicolussi Caviglia,feb,250027,56
,25,347,,227222,Frederic Guilbert,feb,250027,45
,25,1842,,272725,Matteo Prati,feb,250027,65
,25,1746,,233189,Devis Vasquez,feb,250027,70
,25,1746,,242429,Liberato Cacace,feb,250027,58
,25,1842,,255303,Elia Caprile,feb,250027,74
,25,1842,,238274,Florinel Coman,feb,250027,69
,25,1746,,223570,Junior Sambia,feb,250027,65
,25,1746,,235866,Christian Kouame,feb,250027,70
,25,1746,,219952,Liam Henderson,feb,250027,63
,25,1842,,173160,Nicolas Viola,feb,250027,71
,25,1842,,252440,Nadir Zortea,feb,250027,64
,25,1842,,248385,Roberto Piccoli,feb,250027,71
,25,1746,,247888,Sebastiano Esposito,feb,250027,73
,25,1842,,240100,Tommaso Augello,feb,250027,56
,25,206,,267681,Nicolas Valentini,feb,250027,32
,25,54,,224836,Vanja Milinkovic-Savic,feb,250027,78
,25,54,,241390,Eljif Elmas,feb,250027,69
,25,206,,215363,Lorenzo Montipo,feb,250027,76
,25,206,,256453,Amin Sarr,feb,250027,69
,25,54,,226093,Che Adams,feb,250027,76
,25,206,,266585,Daniel Mosquera,feb,250027,70
,25,206,,234795,Antoine Bernede,feb,250027,60
,25,54,,265650,Saul Coco,feb,250027,56
,25,54,,201389,Cristiano Biraghi,feb,250027,67
,25,39,,255611,Daniel Maldini,feb,250027,70
,25,46,,278032,Christos Mandas,feb,250027,72
,25,39,,257785,Marco Brescianini,feb,250027,65
,25,46,,248729,Gustav Isaksen,feb,250027,71
,25,39,,252154,Marco Carnesecchi,feb,250027,83
,25,39,,251470,Charles De Ketelaere,feb,250027,77
,25,46,,243237,Luca Pellegrini,feb,250027,53
,25,39,,216150,Davide Zappacosta,feb,250027,69
,25,39,,208461,Marten de Roon,feb,250027,71
,25,39,,241850,Mateo Retegui,feb,250027,80
,25,46,,258890,Fisayo Dele-Bashiru,feb,250027,71
,25,46,,246242,Boulaye Dia,feb,250027,80
,25,46,,235374,Manuel Lazzari,feb,250027,60
,25,46,,255001,Nicolo Rovella,feb,250027,62
,25,45,,273906,Renato Veiga,feb,250027,60
,25,52,,230872,Mile Svilar,feb,250027,78
,25,45,,238744,Weston McKennie,feb,250027,71
,25,45,,277954,Kenan Yildiz,feb,250027,73
,25,52,,242458,Artem Dovbyk,feb,250027,83
,25,45,,235840,Michele Di Gregorio,feb,250027,81
,25,52,,190813,Stephan El Shaarawy,feb,250027,75
,25,52,,239964,Eldor Shomurodov,feb,250027,70
,25,52,,236403,Evan Ndicka,feb,250027,51
,25,45,,222077,Manuel Locatelli,feb,250027,68
,25,45,,240690,Nicolas Gonzalez,feb,250027,74
,25,45,,246430,Dusan Vlahovic,feb,250027,83
,25,52,,208268,Bryan Cristante,feb,250027,73
,25,52,,220651,Angelino,feb,250027,69
,25,45,,247246,Khephren Thuram,feb,250027,69
,25,45,,241496,Timothy Weah,feb,250027,74
,25,48,,253002,Giacomo Raspadori,feb,250027,76
,25,189,,189908,Lukasz Skorupski,feb,250027,79
,25,189,,246656,Emil Holm,feb,250027,60
,25,48,,220048,Simone Scuffet,feb,250027,72
,25,189,,202024,Remo Freuler,feb,250027,71
,25,189,,257980,Dan Ndoye,feb,250027,66
,25,189,,233556,Riccardo Orsolini,feb,250027,80
,25,189,,252021,Thijs Dallinga,feb,250027,75
,25,189,,236898,Michel Aebischer,feb,250027,66
,25,48,,216409,Matteo Politano,feb,250027,77
,25,48,,237238,Scott McTominay,feb,250027,78
,25,189,,234671,Jens Odgaard,feb,250027,74
,25,48,,227236,Frank Anguissa,feb,250027,71
,25,55,,272783,Arthur Atta,feb,250029,53
,25,47,,215698,Mike Maignan,feb,250029,87
,25,55,,271575,Simone Pafundi,feb,250029,64
,25,55,,240970,Martin Payero,feb,250029,64
,25,47,,278237,Davide Bartesaghi,feb,250029,42
,25,55,,257288,Maduka Okoye,feb,250029,74
,25,55,,242238,Oumar Solet,feb,250029,41
,25,47,,227796,Christian Pulisic,feb,250029,81
,25,47,,240638,Tijjani Reijnders,feb,250029,76
,25,55,,268474,Lorenzo Lucca,feb,250029,75
,25,47,,232656,Theo Hernandez,feb,250029,75
,25,55,,265194,Iker Bravo,feb,250029,66
,25,55,,223866,Sandi Lovric,feb,250029,63
,25,47,,254840,Strahinja Pavlovic,feb,250029,42
,25,47,,241721,Rafael Leao,feb,250029,78
,25,55,,214658,Jesper Karlstrom,feb,250029,54
,25,47,,245630,Youssouf Fofana,feb,250029,66
,25,55,,243249,Jurgen Ekkelenkamp,feb,250029,68
,25,55,,225669,Kingsley Ehizibue,feb,250029,55
,25,47,,278928,Alex Jimenez,feb,250029,51
,25,111811,,199776,Luca Caldirola,feb,250029,41
,25,205,,234102,Ionut Radu,feb,250029,71
,25,111811,,202848,Gianluca Caprari,feb,250029,73
,25,205,,73379,Issa Doumbia,feb,250029,52
,25,111811,,254502,Stefano Turati,feb,250029,74
,25,111811,,230824,Pedro Pereira,feb,250029,56
,25,205,,253162,Hans Nicolussi Caviglia,feb,250029,56
,25,205,,267593,Daniel Fila,feb,250029,70
,25,111811,,234147,Dany Mota,feb,250029,74
,25,111811,,237003,Samuele Birindelli,feb,250029,51
,25,111811,,254819,Kacper Urbanski,feb,250029,62
,25,205,,269276,Gaetano Oristanio,feb,250029,66
,25,205,,276477,Alessandro Marcandalli,feb,250029,29
,25,1842,,254982,Michel Adopo,feb,250029,58
,25,44,,177683,Yann Sommer,feb,250029,87
,25,44,,241736,Yann Bisseck,feb,250029,56
,25,1842,,255303,Elia Caprile,feb,250029,74
,25,1842,,248385,Roberto Piccoli,feb,250029,71
,25,1842,,259011,Zito Luvumbo,feb,250029,67
,25,1842,,252440,Nadir Zortea,feb,250029,64
,25,44,,239807,Davide Frattesi,feb,250029,75
,25,44,,258648,Carlos Augusto,feb,250029,71
,25,44,,226268,Federico Dimarco,feb,250029,78
,25,1842,,220523,Yerry Mina,feb,250029,49
,25,44,,198176,Stefan de Vrij,feb,250029,41
,25,44,,231478,Lautaro Martinez,feb,250029,88
,25,44,,184200,Marko Arnautovic,feb,250029,79
,25,347,,275783,Kialonda Gaspar,feb,250029,30
,25,45,,235840,Michele Di Gregorio,feb,250029,81
,25,347,,263657,Thorir Johann Helgason,feb,250029,62
,25,347,,268573,Federico Baschirotto,feb,250029,52
,25,347,,220018,Ante Rebic,feb,250029,74
,25,45,,241496,Timothy Weah,feb,250029,74
,25,347,,210676,Wladimiro Falcone,feb,250029,80
,25,45,,258966,Andrea Cambiaso,feb,250029,67
,25,45,,246430,Dusan Vlahovic,feb,250029,83
,25,347,,239671,Tete Morente,feb,250029,69
,25,347,,266501,Balthazar Pierret,feb,250029,50
,25,347,,271539,Danilo Veiga,feb,250029,56
,25,45,,222077,Manuel Locatelli,feb,250029,68
,25,347,,253139,Santiago Pierotti,feb,250029,66
,25,347,,277839,Nikola Krstovic,feb,250029,73
,25,45,,231512,Lloyd Kelly,feb,250029,38
,25,45,,240690,Nicolas Gonzalez,feb,250029,74
,25,45,,277954,Kenan Yildiz,feb,250029,73
,25,45,,238744,Weston McKennie,feb,250029,71
,25,45,,240679,Teun Koopmeiners,feb,250029,76
,25,45,,247246,Khephren Thuram,feb,250029,69
,25,45,,273906,Renato Veiga,feb,250029,60
,25,189,,269558,Benjamin Dominguez,feb,250029,64
,25,39,,252154,Marco Carnesecchi,feb,250029,83
,25,189,,202024,Remo Freuler,feb,250029,71
,25,189,,268703,Nicolo Cambiaghi,feb,250029,71
,25,189,,257980,Dan Ndoye,feb,250029,66
,25,189,,240915,Juan Miranda,feb,250029,60
,25,39,,216150,Davide Zappacosta,feb,250029,69
,25,189,,240657,Federico Ravaglia,feb,250029,70
,25,39,,266866,Ederson,feb,250029,68
,25,189,,170320,Lorenzo De Silvestri,feb,250029,66
,25,189,,233556,Riccardo Orsolini,feb,250029,80
,25,39,,223273,Mario Pasalic,feb,250029,77
,25,39,,241850,Mateo Retegui,feb,250029,80
,25,50,,261539,Mandela Keita,feb,250029,55
,25,110374,,193080,David De Gea,feb,250029,85
,25,50,,252442,Enrico Delprato,feb,250029,53
,25,110374,,236610,Moise Kean,feb,250029,78
,25,50,,255981,Zion Suzuki,feb,250029,72
,25,110374,,243627,Yacine Adli,feb,250029,68
,25,110374,,234112,Dodo,feb,250029,57
,25,110374,,206654,Pablo Mari,feb,250029,39
,25,110374,,260823,Nicolo Fagioli,feb,250029,63
,25,110374,,225439,Rolando Mandragora,feb,250029,71
,25,50,,263229,Mateo Pellegrino,feb,250029,65
,25,110374,,211361,Danilo Cataldi,feb,250029,71
,25,50,,252794,Adrian Bernabe,feb,250029,70
,25,206,,238009,Martin Frese,feb,250029,64
,25,110556,,201299,Nicola Leali,feb,250029,71
,25,206,,237335,Grigoris Kastanos,feb,250029,70
,25,206,,267681,Nicolas Valentini,feb,250029,32
,25,206,,266585,Daniel Mosquera,feb,250029,70
,25,206,,73853,Dailon Rocha Livramento,feb,250029,71
,25,206,,252000,Domagoj Bradaric,feb,250029,53
,25,110556,,263829,Vitinha,feb,250029,74
,25,206,,215363,Lorenzo Montipo,feb,250029,76
,25,206,,222148,Ondrej Duda,feb,250029,72
,25,110556,,268656,Alessandro Zanoli,feb,250029,38
,25,206,,262937,Jackson Tchatchoua,feb,250029,58
,25,110556,,236295,Aaron Martin,feb,250029,53
,25,54,,241390,Eljif Elmas,feb,250029,69
,25,1745,,225149,Jean Butez,feb,250029,76
,25,54,,219932,Antonio Sanabria,feb,250029,74
,25,1745,,275324,Assane Diao,feb,250029,69
,25,54,,224836,Vanja Milinkovic-Savic,feb,250029,78
,25,1745,,210719,Marc Kempf,feb,250029,41
,25,1745,,223524,Edoardo Goldaniga,feb,250029,33
,25,1745,,254579,Lucas Da Cunha,feb,250029,69
,25,54,,273932,Gvidas Gineitis,feb,250029,57
,25,1745,,234612,Jonathan Ikone,feb,250029,66
,25,54,,226093,Che Adams,feb,250029,76
,25,1745,,205566,Alberto Moreno,feb,250029,67
,25,1745,,261478,Anastasios Douvikas,feb,250029,71
,25,1745,,228349,Mergim Vojvoda,feb,250029,52
,25,54,,211408,Karol Linetty,feb,250029,62
,25,46,,264257,Tijjani Noslin,feb,250029,73
,25,52,,230872,Mile Svilar,feb,250029,78
,25,52,,265695,Matias Soule,feb,250029,69
,25,46,,278032,Christos Mandas,feb,250029,72
,25,46,,246242,Boulaye Dia,feb,250029,80
,25,46,,189505,Pedro,feb,250029,71
,25,52,,242664,Alexis Saelemaekers,feb,250029,66
,25,46,,220502,Mattia Zaccagni,feb,250029,77
,25,52,,224490,Zeki Celik,feb,250029,58
,25,46,,258890,Fisayo Dele-Bashiru,feb,250029,71
,25,46,,236496,Matteo Guendouzi,feb,250029,70
,25,52,,229582,Gianluca Mancini,feb,250029,49
,25,46,,210413,Alessio Romagnoli,feb,250029,39
,25,46,,243237,Luca Pellegrini,feb,250029,53
,25,46,,248729,Gustav Isaksen,feb,250029,71
,25,52,,236403,Evan Ndicka,feb,250029,51
,25,52,,228251,Lorenzo Pellegrini,feb,250029,76
,25,46,,255001,Nicolo Rovella,feb,250029,62
,25,1746,,220475,Alberto Grassi,feb,250029,61
,25,48,,225116,Alex Meret,feb,250029,82
,25,1746,,247888,Sebastiano Esposito,feb,250029,73
,25,48,,192505,Romelu Lukaku,feb,250029,80
,25,1746,,233189,Devis Vasquez,feb,250029,70
,25,48,,240716,Mathias Olivera,feb,250029,49
,25,48,,237238,Scott McTominay,feb,250029,78
,25,1746,,219952,Liam Henderson,feb,250029,63
,25,48,,200752,Juan Jesus,feb,250029,31
,25,48,,245992,Billy Gilmour,feb,250029,57
,25,1746,,266596,Jacopo Fazzini,feb,250029,65
,25,1746,,278319,Luca Marianucci,feb,250029,25
,25,48,,236632,David Neres,feb,250029,75
,25,1746,,242429,Liberato Cacace,feb,250029,58
,25,48,,216409,Matteo Politano,feb,250029,77
,25,1746,,220491,Emmanuel Gyasi,feb,250029,62
,25,347,,277839,Nikola Krstovic,feb,250030,73
,25,1745,,225149,Jean Butez,feb,250030,76
,25,1745,,275324,Assane Diao,feb,250030,69
,25,347,,210676,Wladimiro Falcone,feb,250030,80
,25,347,,271197,Lameck Banda,feb,250030,65
,25,1745,,268674,Alessandro Gabrielloni,feb,250030,67
,25,347,,247668,N'Dri Konan,feb,250030,62
,25,1745,,223524,Edoardo Goldaniga,feb,250030,33
,25,347,,239671,Tete Morente,feb,250030,69
,25,347,,243787,Ylber Ramadani,feb,250030,56
,25,1745,,234612,Jonathan Ikone,feb,250030,66
,25,1745,,261478,Anastasios Douvikas,feb,250030,71
,25,1745,,267991,Maximo Perrone,feb,250030,54
,25,347,,263657,Thorir Johann Helgason,feb,250030,62
,25,1745,,277846,Nico Paz,feb,250030,66
,25,111811,,202848,Gianluca Caprari,feb,250030,73
,25,48,,225116,Alex Meret,feb,250030,82
,25,111811,,254819,Kacper Urbanski,feb,250030,62
,25,48,,217870,Giovanni Di Lorenzo,feb,250030,69
,25,111811,,254502,Stefano Turati,feb,250030,74
,25,48,,253002,Giacomo Raspadori,feb,250030,76
,25,48,,237238,Scott McTominay,feb,250030,78
,25,48,,216409,Matteo Politano,feb,250030,77
,25,48,,192505,Romelu Lukaku,feb,250030,80
,25,111811,,234147,Dany Mota,feb,250030,74
,25,111811,,271477,Alessandro Bianco,feb,250030,49
,25,111811,,225014,Gaetano Castrovilli,feb,250030,66
,25,48,,277244,Rafa Marin,feb,250030,26
,25,48,,240716,Mathias Olivera,feb,250030,49
,25,48,,244263,Amir Rrahmani,feb,250030,50
,25,111811,,237003,Samuele Birindelli,feb,250030,51
,25,52,,242458,Artem Dovbyk,feb,250030,83
,25,206,,215363,Lorenzo Montipo,feb,250030,76
,25,52,,269312,Tommaso Baldanzi,feb,250030,71
,25,206,,277695,Daniele Ghilardi,feb,250030,41
,25,52,,230872,Mile Svilar,feb,250030,78
,25,206,,266585,Daniel Mosquera,feb,250030,70
,25,206,,234795,Antoine Bernede,feb,250030,60
,25,52,,229582,Gianluca Mancini,feb,250030,49
,25,206,,267681,Nicolas Valentini,feb,250030,32
,25,52,,265695,Matias Soule,feb,250030,69
,25,52,,239964,Eldor Shomurodov,feb,250030,70
,25,205,,208535,Alfred Duncan,feb,250030,63
,25,1746,,233189,Devis Vasquez,feb,250030,70
,25,1746,,248474,Tino Anjorin,feb,250030,63
,25,205,,234102,Ionut Radu,feb,250030,71
,25,205,,242332,Gianluca Busio,feb,250030,63
,25,205,,201285,Christian Gytkjaer,feb,250030,72
,25,205,,242755,John Yeboah,feb,250030,60
,25,205,,253162,Hans Nicolussi Caviglia,feb,250030,56
,25,1746,,256899,Lorenzo Colombo,feb,250030,74
,25,1746,,242429,Liberato Cacace,feb,250030,58
,25,1746,,247888,Sebastiano Esposito,feb,250030,73
,25,1746,,266596,Jacopo Fazzini,feb,250030,65
,25,205,,264436,Mikael Ellertsson,feb,250030,68
,25,205,,73379,Issa Doumbia,feb,250030,52
,25,1746,,70252,Saba Goglichidze,feb,250030,24
,25,205,,262396,Jay Idzes,feb,250030,46
,25,1746,,219952,Liam Henderson,feb,250030,63
,25,189,,233556,Riccardo Orsolini,feb,250030,80
,25,44,,177683,Yann Sommer,feb,250030,87
,25,189,,271019,Giovanni Fabbian,feb,250030,71
,25,189,,246656,Emil Holm,feb,250030,60
,25,189,,268703,Nicolo Cambiaghi,feb,250030,71
,25,189,,240915,Juan Miranda,feb,250030,60
,25,44,,258648,Carlos Augusto,feb,250030,71
,25,189,,240657,Federico Ravaglia,feb,250030,70
,25,189,,269558,Benjamin Dominguez,feb,250030,64
,25,44,,215330,Joaquin Correa,feb,250030,73
,25,44,,224232,Nicolo Barella,feb,250030,78
,25,44,,237383,Alessandro Bastoni,feb,250030,45
,25,189,,252021,Thijs Dallinga,feb,250030,75
,25,189,,236898,Michel Aebischer,feb,250030,66
,25,189,,257980,Dan Ndoye,feb,250030,66
,25,44,,231478,Lautaro Martinez,feb,250030,88
,25,47,,240638,Tijjani Reijnders,feb,250030,76
,25,39,,252154,Marco Carnesecchi,feb,250030,83
,25,39,,230899,Ademola Lookman,feb,250030,82
,25,47,,215698,Mike Maignan,feb,250030,87
,25,47,,242444,Joao Felix,feb,250030,78
,25,39,,241850,Mateo Retegui,feb,250030,80
,25,39,,187598,Rafael Toloi,feb,250030,50
,25,39,,266866,Ederson,feb,250030,68
,25,47,,245630,Youssouf Fofana,feb,250030,66
,25,47,,241721,Rafael Leao,feb,250030,78
,25,47,,232432,Luka Jovic,feb,250030,77
,25,110374,,238067,Nicolo Zaniolo,feb,250031,74
,25,1842,,255303,Elia Caprile,feb,250031,74
,25,1842,,246877,Gianluca Gaetano,feb,250031,71
,25,110374,,193080,David De Gea,feb,250031,85
,25,1842,,235813,Razvan Marin,feb,250031,74
,25,110374,,246258,Lucas Beltran,feb,250031,75
,25,110374,,223697,Robin Gosens,feb,250031,73
,25,110374,,225439,Rolando Mandragora,feb,250031,71
,25,110374,,234112,Dodo,feb,250031,57
,25,110374,,238004,Albert Gudmundsson,feb,250031,79
,25,1842,,254982,Michel Adopo,feb,250031,58
,25,1842,,252440,Nadir Zortea,feb,250031,64
,25,1842,,248385,Roberto Piccoli,feb,250031,73
,25,110556,,242633,Morten Frendrup,feb,250031,58
,25,46,,278032,Christos Mandas,feb,250031,72
,25,46,,246242,Boulaye Dia,feb,250031,80
,25,110556,,201299,Nicola Leali,feb,250031,71
,25,110556,,244349,Johan Vasquez,feb,250031,32
,25,46,,255001,Nicolo Rovella,feb,250031,62
,25,110556,,222475,Morten Thorsby,feb,250031,61
,25,110556,,263829,Vitinha,feb,250031,74
,25,46,,236496,Matteo Guendouzi,feb,250031,70
,25,46,,237712,Valentin Castellanos,feb,250031,79
,25,46,,235374,Manuel Lazzari,feb,250031,60
,25,46,,220502,Mattia Zaccagni,feb,250031,77
,25,46,,224031,Adam Marusic,feb,250031,66
,25,110556,,235842,Andrea Pinamonti,feb,250031,75
,25,45,,261050,Francisco Conceicao,feb,250031,68
,25,50,,255981,Zion Suzuki,feb,250031,72
,25,45,,237679,Randal Kolo Muani,feb,250031,79
,25,45,,247246,Khephren Thuram,feb,250031,69
,25,45,,231512,Lloyd Kelly,feb,250031,38
,25,50,,225475,Hernani,feb,250031,69
,25,45,,235840,Michele Di Gregorio,feb,250031,81
,25,45,,258966,Andrea Cambiaso,feb,250031,67
,25,45,,277954,Kenan Yildiz,feb,250031,73
,25,50,,244634,Simon Sohm,feb,250031,65
,25,50,,263229,Mateo Pellegrino,feb,250031,65
,25,45,,246430,Dusan Vlahovic,feb,250031,83
,25,45,,222077,Manuel Locatelli,feb,250031,68
,25,45,,240690,Nicolas Gonzalez,feb,250031,74
,25,50,,259565,Ange-Yoan Bonny,feb,250031,73
,25,55,,271575,Simone Pafundi,feb,250031,64
,25,54,,224836,Vanja Milinkovic-Savic,feb,250031,78
,25,55,,231743,Keinan Davis,feb,250031,70
,25,54,,273936,Ali Dembele,feb,250031,41
,25,55,,257288,Maduka Okoye,feb,250031,74
,25,55,,220421,Hassane Kamara,feb,250031,60
,25,54,,273932,Gvidas Gineitis,feb,250031,57
,25,55,,240970,Martin Payero,feb,250031,64
,25,55,,243249,Jurgen Ekkelenkamp,feb,250031,68
,25,55,,272783,Arthur Atta,feb,250031,53
,25,55,,223866,Sandi Lovric,feb,250031,63
,25,54,,211408,Karol Linetty,feb,250031,62
,25,54,,226093,Che Adams,feb,250031,76
,25,54,,253473,Samuele Ricci,feb,250031,54
,25,55,,265194,Iker Bravo,feb,250031,66
,25,54,,219145,Guillermo Maripan,feb,250031,40
,25,54,,273883,Cesare Casadei,feb,250031,69
,25,1745,,251464,Ignace Van der Brempt,feb,250031,55
,25,1745,,277846,Nico Paz,feb,250031,66
,25,1745,,235949,Gabriel Strefezza,feb,250031,65
,25,110556,,240938,Junior Messias,feb,250031,72
,25,1745,,225149,Jean Butez,feb,250031,76
,25,1745,,237715,Patrick Cutrone,feb,250031,73
,25,1745,,254579,Lucas Da Cunha,feb,250031,69
,25,110556,,236295,Aaron Martin,feb,250031,53
,25,1745,,234612,Jonathan Ikone,feb,250031,66
,25,110556,,74483,Honest Ahanor,feb,250031,36
,25,1745,,223524,Edoardo Goldaniga,feb,250031,33
,25,110556,,74927,Lior Kasa,feb,250031,42
,25,47,,245152,Santiago Gimenez,feb,250031,79
,25,205,,234102,Ionut Radu,feb,250031,71
,25,205,,269276,Gaetano Oristanio,feb,250031,66
,25,47,,215698,Mike Maignan,feb,250031,87
,25,205,,201285,Christian Gytkjaer,feb,250031,72
,25,205,,262396,Jay Idzes,feb,250031,46
,25,47,,213666,Ruben Loftus-Cheek,feb,250031,75
,25,205,,237669,Alessio Zerbin,feb,250031,67
,25,47,,231352,Tammy Abraham,feb,250031,75
,25,47,,241721,Rafael Leao,feb,250031,78
,25,47,,254840,Strahinja Pavlovic,feb,250031,42
,25,47,,227796,Christian Pulisic,feb,250031,81
,25,205,,253162,Hans Nicolussi Caviglia,feb,250031,56
,25,205,,242755,John Yeboah,feb,250031,60
,25,47,,232656,Theo Hernandez,feb,250031,75
,25,205,,242332,Gianluca Busio,feb,250031,63
,25,205,,256856,Fali Cande,feb,250031,55
,25,1746,,228698,Viktor Kovalenko,feb,250031,69
,25,1746,,233189,Devis Vasquez,feb,250031,70
,25,110374,,268683,Michael Folorunsho,feb,250031,76
,25,1746,,256899,Lorenzo Colombo,feb,250031,74
,25,1746,,266596,Jacopo Fazzini,feb,250031,65
,25,1746,,247888,Sebastiano Esposito,feb,250031,73
,25,1746,,220475,Alberto Grassi,feb,250031,61
,25,1746,,248474,Tino Anjorin,feb,250031,63
,25,110374,,243627,Yacine Adli,feb,250031,68
,25,1746,,230681,Giuseppe Pezzella,feb,250031,54
,25,52,,220651,Angelino,feb,250031,69
,25,44,,177683,Yann Sommer,feb,250031,87
,25,44,,184200,Marko Arnautovic,feb,250031,79
,25,52,,230872,Mile Svilar,feb,250031,78
,25,52,,258826,Devyne Rensch,feb,250031,54
,25,52,,229582,Gianluca Mancini,feb,250031,49
,25,44,,210406,Piotr Zielinski,feb,250031,76
,25,52,,257271,Lucas Gourna-Douath,feb,250031,50
,25,44,,208128,Hakan Calhanoglu,feb,250031,80
,25,52,,242458,Artem Dovbyk,feb,250031,83
,25,52,,275291,Niccolo Pisilli,feb,250031,65
,25,44,,231478,Lautaro Martinez,feb,250031,88
,25,44,,224232,Nicolo Barella,feb,250031,78
,25,44,,233096,Denzel Dumfries,feb,250031,68
,25,52,,265695,Matias Soule,feb,250031,69
,25,52,,269312,Tommaso Baldanzi,feb,250031,71
,25,44,,258648,Carlos Augusto,feb,250031,71
,25,52,,228251,Lorenzo Pellegrini,feb,250031,76
,25,44,,226268,Federico Dimarco,feb,250031,78
,25,52,,239964,Eldor Shomurodov,feb,250031,70
,25,52,,208268,Bryan Cristante,feb,250031,73
,25,52,,250723,Manu Kone,feb,250031,72
,25,52,,236403,Evan Ndicka,feb,250031,51
,25,111811,,229857,Stefano Sensi,feb,250031,60
,25,111811,,268437,Omari Forson,feb,250031,59
,25,111811,,219812,Patrick Ciurria,feb,250031,72
,25,111811,,202848,Gianluca Caprari,feb,250031,73
,25,111811,,234147,Dany Mota,feb,250031,74
,25,111811,,254502,Stefano Turati,feb,250031,74
,25,111811,,225014,Gaetano Castrovilli,feb,250031,66
,25,111811,,237003,Samuele Birindelli,feb,250031,51
,25,39,,230899,Ademola Lookman,feb,250031,82
,25,347,,210676,Wladimiro Falcone,feb,250031,80
,25,39,,216150,Davide Zappacosta,feb,250031,69
,25,39,,208165,Berat Djimsiti,feb,250031,37
,25,347,,275783,Kialonda Gaspar,feb,250031,30
,25,39,,252154,Marco Carnesecchi,feb,250031,83
,25,39,,266866,Ederson,feb,250031,68
,25,39,,241850,Mateo Retegui,feb,250031,80
,25,347,,220018,Ante Rebic,feb,250031,74
,25,39,,193082,Juan Cuadrado,feb,250031,72
,25,347,,231836,Jesper Karlsson,feb,250031,74
,25,347,,253139,Santiago Pierotti,feb,250031,66
,25,347,,230107,Lassana Coulibaly,feb,250031,57
,25,39,,223273,Mario Pasalic,feb,250031,77
,25,39,,260697,Isak Hien,feb,250031,36
,25,347,,268573,Federico Baschirotto,feb,250031,52
,25,347,,263469,Mohamed Kaba,feb,250031,51
,25,54,,211147,Valentino Lazaro,feb,250031,66
,25,48,,225116,Alex Meret,feb,250031,82
,25,54,,231826,Yann Karamoh,feb,250031,68
,25,48,,220714,Philip Billing,feb,250031,76
,25,54,,258683,Ivan Ilic,feb,250031,71
,25,48,,244263,Amir Rrahmani,feb,250031,50
,25,48,,237238,Scott McTominay,feb,250031,78
,25,54,,241390,Eljif Elmas,feb,250031,69
,25,48,,240716,Mathias Olivera,feb,250031,49
,25,48,,227236,Frank Anguissa,feb,250031,71
,25,48,,192505,Romelu Lukaku,feb,250031,80
,25,54,,265650,Saul Coco,feb,250031,56
,25,189,,189908,Lukasz Skorupski,feb,250031,79
,25,189,,233556,Riccardo Orsolini,feb,250031,80
,25,189,,267861,Santiago Castro,feb,250031,75
,25,189,,228881,Davide Calabria,feb,250031,57
,25,55,,215147,Lautaro Giannetti,feb,250031,34
,25,55,,242238,Oumar Solet,feb,250031,41
,25,189,,262394,Sam Beukema,feb,250031,53
,25,189,,231207,Jhon Lucumi,feb,250031,36
,25,189,,252060,Tommaso Pobega,feb,250031,75
,25,189,,202024,Remo Freuler,feb,250031,71
,25,189,,252021,Thijs Dallinga,feb,250031,75
,25,189,,234671,Jens Odgaard,feb,250031,74
,25,55,,261573,Thomas Kristensen,feb,250031,25
,25,189,,240915,Juan Miranda,feb,250031,60
,25,1842,,229743,Alessandro Deiola,feb,250031,66
,25,206,,215363,Lorenzo Montipo,feb,250031,76
,25,206,,278230,Mathis Lambourde,feb,250031,60
,25,206,,266585,Daniel Mosquera,feb,250031,70
,25,206,,222148,Ondrej Duda,feb,250031,72
,25,1842,,205850,Leonardo Pavoletti,feb,250031,67
,25,1842,,259011,Zito Luvumbo,feb,250031,67
,25,206,,255233,Tomas Suslov,feb,250031,70
,25,50,,239978,Dennis Man,feb,250031,73
,25,46,,210413,Alessio Romagnoli,feb,250031,39
,25,46,,189505,Pedro,feb,250031,71
,25,46,,264880,Loum Tchaouna,feb,250031,71
,25,46,,248729,Gustav Isaksen,feb,250031,71
,25,46,,243237,Luca Pellegrini,feb,250031,53
,25,50,,255460,Jacob Ondrejka,feb,250031,72
,25,50,,258714,Emanuele Valeri,feb,250031,69
,25,54,,258683,Ivan Ilic,feb,250032,71
,25,205,,234102,Ionut Radu,feb,250032,71
,25,54,,241390,Eljif Elmas,feb,250032,69
,25,54,,226093,Che Adams,feb,250032,76
,25,205,,267593,Daniel Fila,feb,250032,70
,25,54,,224836,Vanja Milinkovic-Savic,feb,250032,78
,25,54,,241095,Nikola Vlasic,feb,250032,75
,25,205,,262396,Jay Idzes,feb,250032,46
,25,54,,273932,Gvidas Gineitis,feb,250032,57
,25,54,,76027,Sergiu Perciun,feb,250032,48
,25,54,,219932,Antonio Sanabria,feb,250032,74
,25,54,,265650,Saul Coco,feb,250032,56
,25,54,,219145,Guillermo Maripan,feb,250032,40
,25,205,,236760,Kike Perez,feb,250032,63
,25,205,,242332,Gianluca Busio,feb,250032,63
,25,205,,237669,Alessio Zerbin,feb,250032,67
,25,54,,273883,Cesare Casadei,feb,250032,69
,25,54,,201389,Cristiano Biraghi,feb,250032,67
,25,205,,242755,John Yeboah,feb,250032,60
,25,205,,201285,Christian Gytkjaer,feb,250032,72
,25,55,,184941,Alexis Sanchez,feb,250032,79
,25,1842,,255303,Elia Caprile,feb,250032,74
,25,1842,,248385,Roberto Piccoli,feb,250032,73
,25,55,,257288,Maduka Okoye,feb,250032,74
,25,1842,,217196,Jose Luis Palomino,feb,250032,35
,25,1842,,254982,Michel Adopo,feb,250032,58
,25,55,,261573,Thomas Kristensen,feb,250032,25
,25,55,,272783,Arthur Atta,feb,250032,53
,25,55,,231743,Keinan Davis,feb,250032,70
,25,55,,223866,Sandi Lovric,feb,250032,63
,25,55,,258615,Oier Zarraga,feb,250032,64
,25,55,,214658,Jesper Karlstrom,feb,250032,54
,25,1842,,259011,Zito Luvumbo,feb,250032,67
,25,1842,,252440,Nadir Zortea,feb,250032,64
,25,50,,239978,Dennis Man,feb,250032,73
,25,1745,,225149,Jean Butez,feb,250032,76
,25,1745,,235949,Gabriel Strefezza,feb,250032,65
,25,50,,255981,Zion Suzuki,feb,250032,72
,25,50,,259565,Ange-Yoan Bonny,feb,250032,73
,25,1745,,234612,Jonathan Ikone,feb,250032,66
,25,1745,,210719,Marc Kempf,feb,250032,41
,25,1745,,277846,Nico Paz,feb,250032,66
,25,1745,,254579,Lucas Da Cunha,feb,250032,69
,25,50,,258714,Emanuele Valeri,feb,250032,69
,25,50,,263229,Mateo Pellegrino,feb,250032,65
,25,50,,255460,Jacob Ondrejka,feb,250032,72
,25,50,,70824,Giovanni Leoni,feb,250032,26
,25,1745,,205566,Alberto Moreno,feb,250032,67
,25,1745,,237715,Patrick Cutrone,feb,250032,73
,25,48,,246457,Cyril Ngonge,feb,250032,71
,25,347,,210676,Wladimiro Falcone,feb,250032,80
,25,347,,230107,Lassana Coulibaly,feb,250032,57
,25,48,,225116,Alex Meret,feb,250032,82
,25,48,,216409,Matteo Politano,feb,250032,77
,25,347,,271539,Danilo Veiga,feb,250032,56
,25,347,,239671,Tete Morente,feb,250032,69
,25,347,,263657,Thorir Johann Helgason,feb,250032,62
,25,48,,253002,Giacomo Raspadori,feb,250032,76
,25,347,,277839,Nikola Krstovic,feb,250032,73
,25,347,,275783,Kialonda Gaspar,feb,250032,30
,25,48,,227236,Frank Anguissa,feb,250032,71
,25,44,,226268,Federico Dimarco,feb,250032,78
,25,206,,215363,Lorenzo Montipo,feb,250032,76
,25,206,,262937,Jackson Tchatchoua,feb,250032,58
,25,44,,243311,Josep Martinez,feb,250032,75
,25,206,,255233,Tomas Suslov,feb,250032,70
,25,206,,222148,Ondrej Duda,feb,250032,72
,25,44,,215330,Joaquin Correa,feb,250032,73
,25,44,,184200,Marko Arnautovic,feb,250032,79
,25,44,,264699,Kristjan Asllani,feb,250032,60
,25,206,,256453,Amin Sarr,feb,250032,69
,25,44,,210406,Piotr Zielinski,feb,250032,76
,25,44,,262113,Nicola Zalewski,feb,250032,64
,25,206,,252000,Domagoj Bradaric,feb,250032,54
,25,46,,248729,Gustav Isaksen,feb,250032,71
,25,1746,,233189,Devis Vasquez,feb,250032,70
,25,1746,,223570,Junior Sambia,feb,250032,65
,25,46,,278032,Christos Mandas,feb,250032,72
,25,46,,189505,Pedro,feb,250032,71
,25,1746,,220491,Emmanuel Gyasi,feb,250032,62
,25,46,,237712,Valentin Castellanos,feb,250032,79
,25,1746,,242090,Ola Solbakken,feb,250032,66
,25,1746,,230681,Giuseppe Pezzella,feb,250032,54
,25,46,,224031,Adam Marusic,feb,250032,66
,25,1746,,278319,Luca Marianucci,feb,250032,25
,25,1746,,242429,Liberato Cacace,feb,250032,58
,25,46,,246242,Boulaye Dia,feb,250032,80
,25,39,,257785,Marco Brescianini,feb,250032,65
,25,111811,,268875,Semuel Pizzignacco,feb,250032,66
,25,39,,260697,Isak Hien,feb,250032,36
,25,39,,255611,Daniel Maldini,feb,250032,70
,25,111811,,268437,Omari Forson,feb,250032,59
,25,39,,252154,Marco Carnesecchi,feb,250032,83
,25,111811,,265595,Samuele Vignato,feb,250032,58
,25,111811,,278033,Stefan Lekovic,feb,250032,54
,25,111811,,253213,Georgios Kyriakopoulos,feb,250032,58
,25,111811,,234147,Dany Mota,feb,250032,74
,25,39,,241850,Mateo Retegui,feb,250032,80
,25,39,,266866,Ederson,feb,250032,68
,25,39,,216150,Davide Zappacosta,feb,250032,69
,25,39,,230899,Ademola Lookman,feb,250032,82
,25,111811,,202848,Gianluca Caprari,feb,250032,73
,25,111811,,205343,Jean Daniel Akpa-Akpro,feb,250032,67
,25,39,,251470,Charles De Ketelaere,feb,250032,77
,25,111811,,237003,Samuele Birindelli,feb,250032,51
,25,110374,,243627,Yacine Adli,feb,250032,68
,25,52,,230872,Mile Svilar,feb,250032,78
,25,52,,269312,Tommaso Baldanzi,feb,250032,71
,25,110374,,193080,David De Gea,feb,250032,85
,25,110374,,236610,Moise Kean,feb,250032,78
,25,110374,,276682,Cher Ndour,feb,250032,61
,25,52,,257271,Lucas Gourna-Douath,feb,250032,50
,25,52,,275291,Niccolo Pisilli,feb,250032,65
,25,110374,,225439,Rolando Mandragora,feb,250032,71
,25,110374,,258976,Fabiano Parisi,feb,250032,66
,25,110374,,238067,Nicolo Zaniolo,feb,250032,74
,25,110374,,262236,Amir Richardson,feb,250032,63
,25,52,,208268,Bryan Cristante,feb,250032,73
,25,52,,250723,Manu Kone,feb,250032,72
,25,52,,242458,Artem Dovbyk,feb,250032,83
,25,52,,239964,Eldor Shomurodov,feb,250032,70
,25,52,,224490,Zeki Celik,feb,250032,58
,25,52,,265695,Matias Soule,feb,250032,69
,25,52,,228251,Lorenzo Pellegrini,feb,250032,76
,25,45,,74566,Samuel Mbangula,feb,250032,66
,25,189,,189908,Lukasz Skorupski,feb,250032,79
,25,189,,242280,Lewis Ferguson,feb,250032,77
,25,45,,235840,Michele Di Gregorio,feb,250032,81
,25,189,,268703,Nicolo Cambiaghi,feb,250032,71
,25,45,,222077,Manuel Locatelli,feb,250032,68
,25,45,,270674,Alberto Costa,feb,250032,53
,25,45,,240690,Nicolas Gonzalez,feb,250032,74
,25,189,,202024,Remo Freuler,feb,250032,71
,25,189,,233556,Riccardo Orsolini,feb,250032,80
,25,189,,262394,Sam Beukema,feb,250032,53
,25,45,,247246,Khephren Thuram,feb,250032,69
,25,189,,252021,Thijs Dallinga,feb,250032,75
,25,45,,258966,Andrea Cambiaso,feb,250032,67
,25,47,,241721,Rafael Leao,feb,250032,78
,25,110556,,201299,Nicola Leali,feb,250032,71
,25,47,,242633,Morten Frendrup,feb,250032,58
,25,47,,240638,Tijjani Reijnders,feb,250032,76
,25,110556,,244349,Johan Vasquez,feb,250032,32
,25,47,,215698,Mike Maignan,feb,250032,87
,25,110556,,263829,Vitinha,feb,250032,74
,25,47,,232656,Theo Hernandez,feb,250032,75
,25,47,,227796,Christian Pulisic,feb,250032,81
,25,110556,,206159,Stefano Sabelli,feb,250032,38
,25,110556,,240938,Junior Messias,feb,250032,72
,25,110556,,260653,Brooke Norton-Cuffy,feb,250032,37
,25,110556,,235842,Andrea Pinamonti,feb,250032,75
,25,47,,240277,Matteo Gabbia,feb,250032,35
,25,189,,210381,Charalampos Lykogiannis,feb,250033,70
,25,47,,215698,Mike Maignan,feb,250033,87
,25,47,,245152,Santiago Gimenez,feb,250033,79
,25,189,,189908,Lukasz Skorupski,feb,250033,79
,25,189,,268703,Nicolo Cambiaghi,feb,250033,71
,25,47,,227796,Christian Pulisic,feb,250033,81
,25,47,,242444,Joao Felix,feb,250033,78
,25,189,,267861,Santiago Castro,feb,250033,75
,25,47,,232656,Theo Hernandez,feb,250033,75
,25,189,,233556,Riccardo Orsolini,feb,250033,80
,25,189,,252060,Tommaso Pobega,feb,250033,75
,25,47,,278928,Alex Jimenez,feb,250033,51
,25,189,,269558,Benjamin Dominguez,feb,250033,64
,25,47,,232432,Luka Jovic,feb,250033,77
,25,189,,170320,Lorenzo De Silvestri,feb,250033,66
,25,1842,,248385,Roberto Piccoli,feb,250033,73
,25,1745,,24630,Pepe Reina,feb,250033,75
,25,1745,,277846,Nico Paz,feb,250033,66
,25,1842,,255303,Elia Caprile,feb,250033,74
,25,1745,,237715,Patrick Cutrone,feb,250033,73
,25,1745,,263882,Alieu Fadera,feb,250033,63
,25,1842,,259011,Zito Luvumbo,feb,250033,67
,25,1842,,252440,Nadir Zortea,feb,250033,64
,25,1842,,173160,Nicolas Viola,feb,250033,71
,25,1745,,235949,Gabriel Strefezza,feb,250033,65
,25,1842,,252964,Gabriele Zappa,feb,250033,56
,25,1745,,246646,Maxence Caqueret,feb,250033,61
,25,1745,,261478,Anastasios Douvikas,feb,250033,71
,25,1745,,210719,Marc Kempf,feb,250033,41
,25,1745,,223524,Edoardo Goldaniga,feb,250033,33
,25,1842,,254982,Michel Adopo,feb,250033,58
,25,1745,,273875,Alex Valle,feb,250033,55
,25,1745,,267991,Maximo Perrone,feb,250033,54
,25,46,,219985,Matias Vecino,feb,250033,72
,25,45,,235840,Michele Di Gregorio,feb,250033,81
,25,46,,237712,Valentin Castellanos,feb,250033,79
,25,46,,210413,Alessio Romagnoli,feb,250033,39
,25,46,,246242,Boulaye Dia,feb,250033,80
,25,46,,268804,Mario Gila,feb,250033,53
,25,46,,243237,Luca Pellegrini,feb,250033,53
,25,46,,189505,Pedro,feb,250033,71
,25,46,,236496,Matteo Guendouzi,feb,250033,70
,25,46,,255001,Nicolo Rovella,feb,250033,62
,25,45,,237679,Randal Kolo Muani,feb,250033,79
,25,46,,278032,Christos Mandas,feb,250033,72
,25,45,,247246,Khephren Thuram,feb,250033,69
,25,45,,273906,Renato Veiga,feb,250033,60
,25,45,,270674,Alberto Costa,feb,250033,53
,25,45,,240690,Nicolas Gonzalez,feb,250033,74
,25,46,,258890,Fisayo Dele-Bashiru,feb,250033,71
,25,1746,,75083,Ismael Konate,feb,250033,55
,25,50,,255981,Zion Suzuki,feb,250033,72
,25,1746,,266596,Jacopo Fazzini,feb,250033,65
,25,1746,,248474,Tino Anjorin,feb,250033,63
,25,1746,,223570,Junior Sambia,feb,250033,65
,25,1746,,278319,Luca Marianucci,feb,250033,25
,25,50,,225475,Hernani,feb,250033,69
,25,1746,,233189,Devis Vasquez,feb,250033,70
,25,50,,192840,Milan Duric,feb,250033,70
,25,1746,,219952,Liam Henderson,feb,250033,63
,25,1746,,242429,Liberato Cacace,feb,250033,58
,25,1746,,220491,Emmanuel Gyasi,feb,250033,62
,25,1746,,247888,Sebastiano Esposito,feb,250033,73
,25,50,,263229,Mateo Pellegrino,feb,250033,65
,25,1746,,220475,Alberto Grassi,feb,250033,61
,25,111811,,215785,Keita Balde,feb,250033,67
,25,55,,257288,Maduka Okoye,feb,250033,74
,25,111811,,278351,Kevin Zeroli,feb,250033,57
,25,55,,223866,Sandi Lovric,feb,250033,63
,25,111811,,268875,Semuel Pizzignacco,feb,250033,66
,25,55,,268474,Lorenzo Lucca,feb,250033,75
,25,55,,265194,Iker Bravo,feb,250033,66
,25,55,,243249,Jurgen Ekkelenkamp,feb,250033,68
,25,55,,272783,Arthur Atta,feb,250033,53
,25,55,,274270,Rui Modesto,feb,250033,59
,25,111811,,202848,Gianluca Caprari,feb,250033,73
,25,111811,,237003,Samuele Birindelli,feb,250033,51
,25,111811,,268437,Omari Forson,feb,250033,59
,25,55,,240970,Martin Payero,feb,250033,64
,25,55,,220421,Hassane Kamara,feb,250033,60
,25,55,,231743,Keinan Davis,feb,250033,70
,25,55,,242238,Oumar Solet,feb,250033,41
,25,55,,258615,Oier Zarraga,feb,250033,64
,25,347,,271197,Lameck Banda,feb,250033,65
,25,206,,215363,Lorenzo Montipo,feb,250033,76
,25,347,,271198,Medon Berisha,feb,250033,47
,25,206,,266585,Daniel Mosquera,feb,250033,70
,25,347,,210676,Wladimiro Falcone,feb,250033,80
,25,347,,271539,Danilo Veiga,feb,250033,56
,25,206,,269181,Diego Coppola,feb,250033,39
,25,347,,239671,Tete Morente,feb,250033,69
,25,206,,262937,Jackson Tchatchoua,feb,250033,58
,25,206,,230065,Suat Serdar,feb,250033,70
,25,206,,277695,Daniele Ghilardi,feb,250033,41
,25,347,,277839,Nikola Krstovic,feb,250033,73
,25,347,,266501,Balthazar Pierret,feb,250033,50
,25,54,,226093,Che Adams,feb,250033,76
,25,44,,243311,Josep Martinez,feb,250033,75
,25,44,,208128,Hakan Calhanoglu,feb,250033,80
,25,54,,224836,Vanja Milinkovic-Savic,feb,250033,78
,25,44,,215330,Joaquin Correa,feb,250033,73
,25,54,,201389,Cristiano Biraghi,feb,250033,67
,25,54,,241095,Nikola Vlasic,feb,250033,75
,25,54,,241390,Eljif Elmas,feb,250033,69
,25,54,,219145,Guillermo Maripan,feb,250033,40
,25,54,,211147,Valentino Lazaro,feb,250033,66
,25,44,,226268,Federico Dimarco,feb,250033,78
,25,44,,264699,Kristjan Asllani,feb,250033,60
,25,44,,258648,Carlos Augusto,feb,250033,71
,25,54,,253473,Samuele Ricci,feb,250033,54
,25,54,,225410,Adam Masina,feb,250033,40
,25,54,,273936,Ali Dembele,feb,250033,41
,25,44,,184392,Matteo Darmian,feb,250033,61
,25,44,,262113,Nicola Zalewski,feb,250033,64
,25,44,,210406,Piotr Zielinski,feb,250033,76
,25,48,,192505,Romelu Lukaku,feb,250033,80
,25,110556,,202886,Benjamin Siegrist,feb,250033,69
,25,48,,220714,Philip Billing,feb,250033,76
,25,48,,237238,Scott McTominay,feb,250033,78
,25,110556,,235842,Andrea Pinamonti,feb,250033,75
,25,48,,225116,Alex Meret,feb,250033,82
,25,48,,217870,Giovanni Di Lorenzo,feb,250033,69
,25,48,,216409,Matteo Politano,feb,250033,77
,25,110556,,244349,Johan Vasquez,feb,250033,32
,25,48,,253002,Giacomo Raspadori,feb,250033,76
,25,48,,245992,Billy Gilmour,feb,250033,57
,25,110556,,263829,Vitinha,feb,250033,74
,25,110556,,260653,Brooke Norton-Cuffy,feb,250033,37
,25,48,,227236,Frank Anguissa,feb,250033,71
,25,110556,,74483,Honest Ahanor,feb,250033,36
,25,110556,,276485,Patrizio Masini,feb,250033,48
,25,110374,,268683,Michael Folorunsho,feb,250033,76
,25,205,,234102,Ionut Radu,feb,250033,71
,25,205,,253162,Hans Nicolussi Caviglia,feb,250033,56
,25,110374,,193080,David De Gea,feb,250033,85
,25,110374,,225439,Rolando Mandragora,feb,250033,71
,25,110374,,246258,Lucas Beltran,feb,250033,75
,25,205,,242755,John Yeboah,feb,250033,60
,25,205,,269276,Gaetano Oristanio,feb,250033,66
,25,110374,,240777,Luca Ranieri,feb,250033,40
,25,205,,256856,Fali Cande,feb,250033,55
,25,205,,264436,Mikael Ellertsson,feb,250033,68
,25,110374,,276682,Cher Ndour,feb,250033,61
,25,110374,,206654,Pablo Mari,feb,250033,39
,25,110374,,260823,Nicolo Fagioli,feb,250033,63
,25,110374,,238370,Marin Pongracic,feb,250033,25
,25,52,,275291,Niccolo Pisilli,feb,250033,65
,25,39,,252154,Marco Carnesecchi,feb,250033,83
,25,39,,271577,Sulemana,feb,250033,61
,25,52,,230872,Mile Svilar,feb,250033,78
,25,39,,230899,Ademola Lookman,feb,250033,82
,25,39,,241850,Mateo Retegui,feb,250033,80
,25,39,,208165,Berat Djimsiti,feb,250033,37
,25,39,,247229,Raoul Bellanova,feb,250033,41
,25,52,,265695,Matias Soule,feb,250033,69
,25,52,,239964,Eldor Shomurodov,feb,250033,70
,25,39,,216150,Davide Zappacosta,feb,250033,69
,25,52,,236403,Evan Ndicka,feb,250033,51
,25,52,,258826,Devyne Rensch,feb,250033,54
,25,52,,250723,Manu Kone,feb,250033,72
,25,52,,220651,Angelino,feb,250033,69
,25,52,,208268,Bryan Cristante,feb,250033,73
,25,39,,251470,Charles De Ketelaere,feb,250033,77
,25,39,,266866,Ederson,feb,250033,68
,25,110556,,224378,Mattia Bani,feb,250034,19
,25,39,,178005,Rui Patricio,feb,250034,75
,25,39,,241850,Mateo Retegui,feb,250034,80
,25,110556,,201299,Nicola Leali,feb,250034,71
,25,39,,216150,Davide Zappacosta,feb,250034,69
,25,110556,,222475,Morten Thorsby,feb,250034,61
,25,110556,,236295,Aaron Martin,feb,250034,53
,25,39,,255611,Daniel Maldini,feb,250034,70
,25,110556,,235842,Andrea Pinamonti,feb,250034,75
,25,39,,256115,Lazar Samardzic,feb,250034,72
,25,39,,271577,Sulemana,feb,250034,61
,25,110556,,263829,Vitinha,feb,250034,74
,25,110556,,276485,Patrizio Masini,feb,250034,50
,25,110556,,244349,Johan Vasquez,feb,250034,32
,25,52,,220651,Angelino,feb,250034,69
,25,47,,215698,Mike Maignan,feb,250034,87
,25,52,,208268,Bryan Cristante,feb,250034,73
,25,52,,190813,Stephan El Shaarawy,feb,250034,75
,25,47,,232432,Luka Jovic,feb,250034,77
,25,52,,230872,Mile Svilar,feb,250034,79
,25,47,,227796,Christian Pulisic,feb,250034,81
,25,47,,241721,Rafael Leao,feb,250034,78
,25,52,,207439,Leandro Paredes,feb,250034,64
,25,52,,242664,Alexis Saelemaekers,feb,250034,66
,25,47,,240277,Matteo Gabbia,feb,250034,35
,25,47,,240638,Tijjani Reijnders,feb,250034,76
,25,52,,224490,Zeki Celik,feb,250034,58
,25,52,,229582,Gianluca Mancini,feb,250034,49
,25,47,,242444,Joao Felix,feb,250034,77
,25,47,,278928,Alex Jimenez,feb,250034,51
,25,52,,265695,Matias Soule,feb,250034,69
,25,1842,,248385,Roberto Piccoli,feb,250034,73
,25,205,,234102,Ionut Radu,feb,250034,72
,25,1842,,272725,Matteo Prati,feb,250034,65
,25,205,,201285,Christian Gytkjaer,feb,250034,72
,25,1842,,255303,Elia Caprile,feb,250034,75
,25,1842,,240100,Tommaso Augello,feb,250034,56
,25,1842,,246877,Gianluca Gaetano,feb,250034,71
,25,1842,,235813,Razvan Marin,feb,250034,74
,25,205,,73379,Issa Doumbia,feb,250034,52
,25,1842,,229743,Alessandro Deiola,feb,250034,66
,25,1842,,252440,Nadir Zortea,feb,250034,64
,25,205,,242332,Gianluca Busio,feb,250034,66
,25,205,,253162,Hans Nicolussi Caviglia,feb,250034,61
,25,205,,237669,Alessio Zerbin,feb,250034,66
,25,205,,242755,John Yeboah,feb,250034,60
,25,1842,,220523,Yerry Mina,feb,250034,49
,25,1842,,259011,Zito Luvumbo,feb,250034,66
,25,1842,,220534,Sebastiano Luperto,feb,250034,47
,25,189,,233556,Riccardo Orsolini,feb,250034,80
,25,110374,,193080,David De Gea,feb,250034,85
,25,189,,269558,Benjamin Dominguez,feb,250034,64
,25,110374,,236610,Moise Kean,feb,250034,79
,25,189,,189908,Lukasz Skorupski,feb,250034,79
,25,110374,,234112,Dodo,feb,250034,57
,25,189,,240915,Juan Miranda,feb,250034,60
,25,110374,,262236,Amir Richardson,feb,250034,63
,25,189,,252021,Thijs Dallinga,feb,250034,75
,25,189,,267861,Santiago Castro,feb,250034,75
,25,189,,271019,Giovanni Fabbian,feb,250034,71
,25,189,,239770,Nicolo Casale,feb,250034,52
,25,189,,257980,Dan Ndoye,feb,250034,71
,25,110374,,258976,Fabiano Parisi,feb,250034,66
,25,189,,202024,Remo Freuler,feb,250034,71
,25,1745,,254579,Lucas Da Cunha,feb,250034,71
,25,206,,215363,Lorenzo Montipo,feb,250034,76
,25,206,,267681,Nicolas Valentini,feb,250034,32
,25,1745,,225149,Jean Butez,feb,250034,76
,25,206,,238009,Martin Frese,feb,250034,64
,25,206,,212127,Darko Lazovic,feb,250034,71
,25,206,,266585,Daniel Mosquera,feb,250034,71
,25,1745,,277846,Nico Paz,feb,250034,68
,25,206,,256453,Amin Sarr,feb,250034,69
,25,1745,,210719,Marc Kempf,feb,250034,41
,25,1745,,237715,Patrick Cutrone,feb,250034,73
,25,206,,252000,Domagoj Bradaric,feb,250034,54
,25,206,,269181,Diego Coppola,feb,250034,39
,25,206,,230065,Suat Serdar,feb,250034,70
,25,1745,,235949,Gabriel Strefezza,feb,250034,65
,25,206,,262937,Jackson Tchatchoua,feb,250034,58
,25,1745,,205566,Alberto Moreno,feb,250034,67
,25,1745,,246646,Maxence Caqueret,feb,250034,61
,25,206,,277695,Daniele Ghilardi,feb,250034,41
,25,44,,199845,Francesco Acerbi,feb,250034,50
,25,46,,278032,Christos Mandas,feb,250034,72
,25,44,,258648,Carlos Augusto,feb,250034,71
,25,46,,237712,Valentin Castellanos,feb,250034,79
,25,44,,177683,Yann Sommer,feb,250034,87
,25,46,,189505,Pedro,feb,250034,71
,25,44,,233096,Denzel Dumfries,feb,250034,68
,25,46,,224031,Adam Marusic,feb,250034,66
,25,46,,246242,Boulaye Dia,feb,250034,80
,25,46,,268804,Mario Gila,feb,250034,53
,25,46,,251530,Nuno Tavares,feb,250034,66
,25,44,,241736,Yann Bisseck,feb,250034,56
,25,44,,226268,Federico Dimarco,feb,250034,78
,25,46,,248729,Gustav Isaksen,feb,250034,71
,25,44,,208128,Hakan Calhanoglu,feb,250034,80
,25,44,,228093,Marcus Thuram,feb,250034,81
,25,44,,224232,Nicolo Barella,feb,250034,78
,25,45,,236499,Douglas Luiz,feb,250034,75
,25,55,,257288,Maduka Okoye,feb,250034,74
,25,45,,246430,Dusan Vlahovic,feb,250034,83
,25,45,,273906,Renato Veiga,feb,250034,60
,25,45,,238744,Weston McKennie,feb,250034,71
,25,55,,243249,Jurgen Ekkelenkamp,feb,250034,68
,25,45,,235840,Michele Di Gregorio,feb,250034,81
,25,55,,231743,Keinan Davis,feb,250034,70
,25,45,,240690,Nicolas Gonzalez,feb,250034,74
,25,45,,261050,Francisco Conceicao,feb,250034,68
,25,55,,214658,Jesper Karlstrom,feb,250034,54
,25,55,,261573,Thomas Kristensen,feb,250034,25
,25,55,,259634,Jordan Zemura,feb,250034,48
,25,45,,270674,Alberto Costa,feb,250034,53
,25,45,,277954,Kenan Yildiz,feb,250034,73
,25,45,,258966,Andrea Cambiaso,feb,250034,67
,25,45,,237679,Randal Kolo Muani,feb,250034,79
,25,45,,222077,Manuel Locatelli,feb,250034,68
,25,347,,244717,Antonino Gallo,feb,250034,51
,25,54,,224836,Vanja Milinkovic-Savic,feb,250034,78
,25,54,,201389,Cristiano Biraghi,feb,250034,67
,25,347,,210676,Wladimiro Falcone,feb,250034,80
,25,54,,273883,Cesare Casadei,feb,250034,69
,25,347,,220018,Ante Rebic,feb,250034,74
,25,347,,230107,Lassana Coulibaly,feb,250034,57
,25,347,,277839,Nikola Krstovic,feb,250034,73
,25,347,,243787,Ylber Ramadani,feb,250034,56
,25,347,,239671,Tete Morente,feb,250034,69
,25,347,,263657,Thorir Johann Helgason,feb,250034,62
,25,54,,241095,Nikola Vlasic,feb,250034,75
,25,54,,273932,Gvidas Gineitis,feb,250034,57
,25,347,,268573,Federico Baschirotto,feb,250034,52
,25,347,,247668,N'Dri Konan,feb,250034,62
,25,54,,273936,Ali Dembele,feb,250034,41
,25,111811,,199776,Luca Caldirola,feb,250034,41
,25,1746,,233189,Devis Vasquez,feb,250034,70
,25,111811,,253213,Georgios Kyriakopoulos,feb,250034,58
,25,111811,,219812,Patrick Ciurria,feb,250034,71
,25,111811,,229857,Stefano Sensi,feb,250034,60
,25,1746,,247888,Sebastiano Esposito,feb,250034,73
,25,111811,,268875,Semuel Pizzignacco,feb,250034,66
,25,111811,,257000,Andrea Carboni,feb,250034,36
,25,111811,,234147,Dany Mota,feb,250034,74
,25,1746,,220491,Emmanuel Gyasi,feb,250034,62
,25,111811,,202848,Gianluca Caprari,feb,250034,73
,25,1746,,264044,Mattia Viti,feb,250034,34
,25,1746,,256899,Lorenzo Colombo,feb,250034,74
,25,111811,,215785,Keita Balde,feb,250034,68
,25,111811,,237003,Samuele Birindelli,feb,250034,51
,25,111811,,205343,Jean Daniel Akpa-Akpro,feb,250034,67
,25,1746,,278319,Luca Marianucci,feb,250034,25
,25,1746,,219952,Liam Henderson,feb,250034,63
,25,1746,,242429,Liberato Cacace,feb,250034,58
,25,1746,,266596,Jacopo Fazzini,feb,250034,65
,25,48,,237238,Scott McTominay,feb,250034,78
,25,50,,255981,Zion Suzuki,feb,250034,72
,25,50,,268913,Alessandro Circati,feb,250034,35
,25,48,,225116,Alex Meret,feb,250034,82
,25,50,,244634,Simon Sohm,feb,250034,65
,25,48,,253002,Giacomo Raspadori,feb,250034,76
,25,48,,227236,Frank Anguissa,feb,250034,71
,25,48,,192505,Romelu Lukaku,feb,250034,80
,25,48,,245992,Billy Gilmour,feb,250034,57
,25,50,,259565,Ange-Yoan Bonny,feb,250034,73
,25,48,,216409,Matteo Politano,feb,250034,77
,25,50,,225475,Hernani,feb,250034,69
,25,1745,,237715,Patrick Cutrone,feb,250035,73
,25,44,,177683,Yann Sommer,feb,250035,87
,25,44,,258648,Carlos Augusto,feb,250035,71
,25,1745,,24630,Pepe Reina,feb,250035,75
,25,44,,262113,Nicola Zalewski,feb,250035,64
,25,44,,264699,Kristjan Asllani,feb,250035,60
,25,1745,,254579,Lucas Da Cunha,feb,250035,71
,25,44,,241788,Mehdi Taremi,feb,250035,77
,25,44,,215330,Joaquin Correa,feb,250035,73
,25,1745,,228349,Mergim Vojvoda,feb,250035,53
,25,1745,,277846,Nico Paz,feb,250035,68
,25,44,,208128,Hakan Calhanoglu,feb,250035,80
,25,1745,,235949,Gabriel Strefezza,feb,250035,65
,25,1745,,77163,Ivan Smolcic,feb,250035,50
,25,1745,,261478,Anastasios Douvikas,feb,250035,71
,25,44,,198176,Stefan de Vrij,feb,250035,41
,25,44,,184392,Matteo Darmian,feb,250035,61
,25,1745,,251464,Ignace Van der Brempt,feb,250035,55
,25,1842,,229743,Alessandro Deiola,feb,250035,66
,25,48,,225116,Alex Meret,feb,250035,82
,25,1842,,220523,Yerry Mina,feb,250035,49
,25,1842,,235813,Razvan Marin,feb,250035,74
,25,48,,236632,David Neres,feb,250035,75
,25,1842,,73838,Alen Sherri,feb,250035,67
,25,48,,192505,Romelu Lukaku,feb,250035,80
,25,1842,,252440,Nadir Zortea,feb,250035,64
,25,48,,237238,Scott McTominay,feb,250035,79
,25,48,,227236,Frank Anguissa,feb,250035,71
,25,48,,202884,Leonardo Spinazzola,feb,250035,64
,25,48,,240716,Mathias Olivera,feb,250035,49
,25,48,,253002,Giacomo Raspadori,feb,250035,76
,25,48,,244263,Amir Rrahmani,feb,250035,50
,25,48,,216409,Matteo Politano,feb,250035,77
,25,48,,245992,Billy Gilmour,feb,250035,57
,25,189,,231207,Jhon Lucumi,feb,250035,36
,25,110556,,202886,Benjamin Siegrist,feb,250035,69
,25,189,,239770,Nicolo Casale,feb,250035,52
,25,189,,268703,Nicolo Cambiaghi,feb,250035,71
,25,110556,,265774,Koni De Winter,feb,250035,39
,25,189,,240657,Federico Ravaglia,feb,250035,70
,25,189,,252060,Tommaso Pobega,feb,250035,75
,25,189,,233556,Riccardo Orsolini,feb,250035,80
,25,110556,,240938,Junior Messias,feb,250035,72
,25,189,,170320,Lorenzo De Silvestri,feb,250035,66
,25,189,,257980,Dan Ndoye,feb,250035,71
,25,110556,,76172,Lorenzo Venturino,feb,250035,50
,25,189,,210381,Charalampos Lykogiannis,feb,250035,70
,25,189,,236898,Michel Aebischer,feb,250035,66
,25,110556,,263829,Vitinha,feb,250035,74
,25,189,,242280,Lewis Ferguson,feb,250035,77
,25,111811,,205343,Jean Daniel Akpa-Akpro,feb,250035,67
,25,47,,215698,Mike Maignan,feb,250035,87
,25,47,,227796,Christian Pulisic,feb,250035,81
,25,111811,,268875,Semuel Pizzignacco,feb,250035,66
,25,47,,242444,Joao Felix,feb,250035,77
,25,47,,278928,Alex Jimenez,feb,250035,51
,25,47,,279202,Francesco Camarda,feb,250035,66
,25,47,,240277,Matteo Gabbia,feb,250035,35
,25,47,,240638,Tijjani Reijnders,feb,250035,76
,25,47,,246172,Samuel Chukwueze,feb,250035,73
,25,111811,,271477,Alessandro Bianco,feb,250035,56
,25,47,,254840,Strahinja Pavlovic,feb,250035,42
,25,47,,213666,Ruben Loftus-Cheek,feb,250035,74
,25,47,,253177,Yunus Musah,feb,250035,68
,25,111811,,215785,Keita Balde,feb,250035,68
,25,50,,255460,Jacob Ondrejka,feb,250035,72
,25,39,,252154,Marco Carnesecchi,feb,250035,83
,25,50,,240992,Nahuel Estevez,feb,250035,69
,25,50,,268913,Alessandro Circati,feb,250035,35
,25,50,,252794,Adrian Bernabe,feb,250035,70
,25,50,,263229,Mateo Pellegrino,feb,250035,65
,25,39,,241850,Mateo Retegui,feb,250035,80
,25,50,,255981,Zion Suzuki,feb,250035,72
,25,39,,230899,Ademola Lookman,feb,250035,82
,25,39,,271577,Sulemana,feb,250035,61
,25,50,,271856,Antoine Hainaut,feb,250035,53
,25,50,,244634,Simon Sohm,feb,250035,65
,25,50,,259565,Ange-Yoan Bonny,feb,250035,73
,25,39,,255611,Daniel Maldini,feb,250035,70
,25,39,,251470,Charles De Ketelaere,feb,250035,77
,25,50,,258708,Botond Balogh,feb,250035,33
,25,39,,257785,Marco Brescianini,feb,250035,65
,25,1746,,266596,Jacopo Fazzini,feb,250035,65
,25,206,,210940,Simone Perilli,feb,250035,67
,25,206,,266585,Daniel Mosquera,feb,250035,71
,25,1746,,233189,Devis Vasquez,feb,250035,70
,25,1746,,223570,Junior Sambia,feb,250035,65
,25,206,,222148,Ondrej Duda,feb,250035,72
,25,1746,,248474,Tino Anjorin,feb,250035,63
,25,1746,,256899,Lorenzo Colombo,feb,250035,74
,25,206,,252000,Domagoj Bradaric,feb,250035,56
,25,1746,,230681,Giuseppe Pezzella,feb,250035,54
,25,1746,,247888,Sebastiano Esposito,feb,250035,73
,25,1746,,219952,Liam Henderson,feb,250035,63
,25,206,,230065,Suat Serdar,feb,250035,70
,25,46,,237712,Valentin Castellanos,feb,250035,79
,25,347,,210676,Wladimiro Falcone,feb,250035,80
,25,46,,189505,Pedro,feb,250035,71
,25,46,,264257,Tijjani Noslin,feb,250035,73
,25,46,,210864,Elseid Hysaj,feb,250035,49
,25,46,,210413,Alessio Romagnoli,feb,250035,39
,25,347,,277839,Nikola Krstovic,feb,250035,73
,25,46,,278032,Christos Mandas,feb,250035,72
,25,46,,219985,Matias Vecino,feb,250035,72
,25,46,,268804,Mario Gila,feb,250035,53
,25,46,,251530,Nuno Tavares,feb,250035,66
,25,46,,246242,Boulaye Dia,feb,250035,80
,25,46,,255001,Nicolo Rovella,feb,250035,62
,25,46,,236496,Matteo Guendouzi,feb,250035,70
,25,347,,271198,Medon Berisha,feb,250035,47
,25,347,,268573,Federico Baschirotto,feb,250035,52
,25,347,,230107,Lassana Coulibaly,feb,250035,57
,25,347,,244717,Antonino Gallo,feb,250035,50
,25,347,,227222,Frederic Guilbert,feb,250035,45
,25,347,,275783,Kialonda Gaspar,feb,250035,30
,25,52,,220651,Angelino,feb,250035,69
,25,54,,224836,Vanja Milinkovic-Savic,feb,250035,78
,25,54,,75443,Tommaso Gabellini,feb,250035,56
,25,52,,230872,Mile Svilar,feb,250035,79
,25,52,,208268,Bryan Cristante,feb,250035,73
,25,54,,226093,Che Adams,feb,250035,76
,25,54,,76027,Sergiu Perciun,feb,250035,48
,25,52,,265695,Matias Soule,feb,250035,69
,25,52,,242664,Alexis Saelemaekers,feb,250035,66
,25,54,,241095,Nikola Vlasic,feb,250035,75
,25,52,,207439,Leandro Paredes,feb,250035,64
,25,54,,225410,Adam Masina,feb,250035,40
,25,54,,219145,Guillermo Maripan,feb,250035,40
,25,54,,241390,Eljif Elmas,feb,250035,69
,25,54,,273936,Ali Dembele,feb,250035,41
,25,52,,250723,Manu Kone,feb,250035,72
,25,54,,253473,Samuele Ricci,feb,250035,59
,25,52,,239964,Eldor Shomurodov,feb,250035,70
,25,110374,,236610,Moise Kean,feb,250035,79
,25,55,,257288,Maduka Okoye,feb,250035,74
,25,110374,,238004,Albert Gudmundsson,feb,250035,79
,25,55,,231743,Keinan Davis,feb,250035,70
,25,110374,,193080,David De Gea,feb,250035,85
,25,110374,,225439,Rolando Mandragora,feb,250035,71
,25,110374,,223697,Robin Gosens,feb,250035,73
,25,110374,,246258,Lucas Beltran,feb,250035,75
,25,110374,,206654,Pablo Mari,feb,250035,39
,25,55,,190324,Christian Kabasele,feb,250035,50
,25,55,,268474,Lorenzo Lucca,feb,250035,75
,25,55,,243249,Jurgen Ekkelenkamp,feb,250035,68
,25,110374,,278340,Pietro Comuzzo,feb,250035,27
,25,110374,,234112,Dodo,feb,250035,57
,25,110374,,262236,Amir Richardson,feb,250035,63
,25,110374,,260823,Nicolo Fagioli,feb,250035,63
,25,55,,184941,Alexis Sanchez,feb,250035,79
,25,55,,242238,Oumar Solet,feb,250035,41
,25,55,,259634,Jordan Zemura,feb,250035,48
,25,55,,214658,Jesper Karlstrom,feb,250035,54
,25,205,,242755,John Yeboah,feb,250035,60
,25,45,,235840,Michele Di Gregorio,feb,250035,81
,25,205,,201285,Christian Gytkjaer,feb,250035,72
,25,205,,256856,Fali Cande,feb,250035,55
,25,45,,222077,Manuel Locatelli,feb,250035,67
,25,205,,234102,Ionut Radu,feb,250035,72
,25,205,,73379,Issa Doumbia,feb,250035,52
,25,45,,240690,Nicolas Gonzalez,feb,250035,74
,25,205,,210384,Ridgeciano Haps,feb,250035,61
,25,45,,261050,Francisco Conceicao,feb,250035,68
,25,45,,273906,Renato Veiga,feb,250035,60
,25,45,,258966,Andrea Cambiaso,feb,250035,67
,25,45,,277954,Kenan Yildiz,feb,250035,75
,25,205,,264436,Mikael Ellertsson,feb,250035,68
,25,45,,247246,Khephren Thuram,feb,250035,69
,25,205,,253162,Hans Nicolussi Caviglia,feb,250035,61
,25,45,,237679,Randal Kolo Muani,feb,250035,79
,25,205,,267593,Daniel Fila,feb,250035,70
,26,110556,,212207,Nicolae Stanciu,sep,260001,73
,26,347,,210676,Wladimiro Falcone,sep,260001,81
,26,110556,,236295,Aaron Martin,sep,260001,53
,26,347,,239671,Tete Morente,sep,260001,67
,26,110556,,201299,Nicola Leali,sep,260001,71
,26,347,,279202,Francesco Camarda,sep,260001,66
,26,110556,,272602,Valentin Carboni,sep,260001,69
,26,347,,244717,Antonino Gallo,sep,260001,50
,26,347,,271197,Lameck Banda,sep,260001,65
,26,347,,271539,Danilo Veiga,sep,260001,56
,26,111974,,268462,Daniel Boloca,sep,260001,60
,26,48,,225116,Alex Meret,sep,260001,82
,26,48,,227236,Frank Anguissa,sep,260001,73
,26,111974,,254502,Stefano Turati,sep,260001,74
,26,111974,,235842,Andrea Pinamonti,sep,260001,76
,26,111974,,263882,Alieu Fadera,sep,260001,63
,26,111974,,262027,Tarik Muharemovic,sep,260001,22
,26,48,,216409,Matteo Politano,sep,260001,77
,26,48,,268474,Lorenzo Lucca,sep,260001,77
,26,48,,192985,Kevin De Bruyne,sep,260001,82
,26,111974,,210935,Domenico Berardi,sep,260001,80
,26,48,,237238,Scott McTominay,sep,260001,81
,26,111974,,255561,Josh Doig,sep,260001,61
,26,48,,244263,Amir Rrahmani,sep,260001,50
,26,47,,242664,Alexis Saelemaekers,sep,260001,66
,26,111434,,228413,Emil Audero,sep,260001,78
,26,47,,245152,Santiago Gimenez,sep,260001,79
,26,47,,213666,Ruben Loftus-Cheek,sep,260001,74
,26,47,,257186,Ardon Jashari,sep,260001,67
,26,47,,227796,Christian Pulisic,sep,260001,82
,26,111434,,223137,Federico Bonazzoli,sep,260001,72
,26,47,,215698,Mike Maignan,sep,260001,87
,26,47,,245630,Youssouf Fofana,sep,260001,66
,26,47,,240277,Matteo Gabbia,sep,260001,35
,26,47,,177003,Luka Modric,sep,260001,74
,26,47,,232756,Fikayo Tomori,sep,260001,39
,26,47,,254840,Strahinja Pavlovic,sep,260001,42
,26,111434,,268573,Federico Baschirotto,sep,260001,52
,26,111434,,230681,Giuseppe Pezzella,sep,260001,59
,26,47,,237942,Pervis Estupinan,sep,260001,55
,26,52,,211110,Paulo Dybala,sep,260001,85
,26,189,,189908,Lukasz Skorupski,sep,260001,79
,26,189,,267861,Santiago Castro,sep,260001,75
,26,52,,230872,Mile Svilar,sep,260001,82
,26,189,,233556,Riccardo Orsolini,sep,260001,81
,26,189,,212404,Federico Bernardeschi,sep,260001,75
,26,189,,252060,Tommaso Pobega,sep,260001,75
,26,52,,265695,Matias Soule,sep,260001,73
,26,52,,250723,Manu Kone,sep,260001,72
,26,52,,190813,Stephan El Shaarawy,sep,260001,75
,26,52,,80170,Wesley,sep,260001,60
,26,189,,234671,Jens Odgaard,sep,260001,76
,26,52,,208268,Bryan Cristante,sep,260001,73
,26,52,,259608,Evan Ferguson,sep,260001,74
,26,1842,,220534,Sebastiano Luperto,sep,260001,47
,26,110374,,193080,David De Gea,sep,260001,85
,26,1842,,252964,Gabriele Zappa,sep,260001,60
,26,1842,,259011,Zito Luvumbo,sep,260001,69
,26,110374,,266596,Jacopo Fazzini,sep,260001,66
,26,1842,,255303,Elia Caprile,sep,260001,76
,26,1842,,246877,Gianluca Gaetano,sep,260001,71
,26,110374,,236610,Moise Kean,sep,260001,81
,26,110374,,225439,Rolando Mandragora,sep,260001,73
,26,1842,,268683,Michael Folorunsho,sep,260001,75
,26,1842,,252942,Gennaro Borrelli,sep,260001,61
,26,110374,,260823,Nicolo Fagioli,sep,260001,65
,26,1842,,220523,Yerry Mina,sep,260001,49
,26,1842,,247888,Sebastiano Esposito,sep,260001,75
,26,46,,268804,Mario Gila,sep,260001,53
,26,1745,,225149,Jean Butez,sep,260001,76
,26,1745,,246646,Maxence Caqueret,sep,260001,61
,26,46,,224987,Ivan Provedel,sep,260001,82
,26,46,,189505,Pedro,sep,260001,73
,26,1745,,254579,Lucas Da Cunha,sep,260001,71
,26,1745,,228349,Mergim Vojvoda,sep,260001,53
,26,1745,,267991,Maximo Perrone,sep,260001,54
,26,1745,,277846,Nico Paz,sep,260001,70
,26,1745,,201153,Alvaro Morata,sep,260001,80
,26,1745,,70966,Jacobo Ramon,sep,260001,21
,26,1745,,261478,Anastasios Douvikas,sep,260001,71
,26,46,,263929,Matteo Cancellieri,sep,260001,71
,26,46,,236496,Matteo Guendouzi,sep,260001,72
,26,1745,,210719,Marc Kempf,sep,260001,41
,26,1745,,75055,Jesus Rodriguez,sep,260001,67
,26,46,,251530,Nuno Tavares,sep,260001,66
,26,110738,,233396,Idrissa Toure,sep,260001,61
,26,39,,252154,Marco Carnesecchi,sep,260001,84
,26,110738,,236898,Michel Aebischer,sep,260001,66
,26,110738,,70471,Ebenezer Akinsanmiro,sep,260001,66
,26,39,,262113,Nicola Zalewski,sep,260001,64
,26,110738,,244274,Adrian Semper,sep,260001,71
,26,39,,251470,Charles De Ketelaere,sep,260001,78
,26,39,,255611,Daniel Maldini,sep,260001,70
,26,39,,226710,Gianluca Scamacca,sep,260001,80
,26,39,,208461,Marten de Roon,sep,260001,73
,26,39,,247229,Raoul Bellanova,sep,260001,52
,26,110738,,199174,Antonio Caracciolo,sep,260001,31
,26,39,,208165,Berat Djimsiti,sep,260001,37
,26,110738,,222959,Stefano Moreo,sep,260001,69
,26,110738,,260697,Isak Hien,sep,260001,36
,26,39,,265188,Giorgio Scalvini,sep,260001,35
,26,110738,,240797,Matteo Tramoni,sep,260001,68
,26,110738,,270658,Samuele Angori,sep,260001,51
,26,50,,240992,Nahuel Estevez,sep,260001,69
,26,45,,235840,Michele Di Gregorio,sep,260001,81
,26,50,,192840,Milan Duric,sep,260001,70
,26,50,,252794,Adrian Bernabe,sep,260001,70
,26,50,,261539,Mandela Keita,sep,260001,55
,26,45,,246430,Dusan Vlahovic,sep,260001,83
,26,50,,255981,Zion Suzuki,sep,260001,74
,26,45,,240690,Nicolas Gonzalez,sep,260001,74
,26,45,,277954,Kenan Yildiz,sep,260001,78
,26,50,,246164,Lautaro Valenti,sep,260001,51
,26,50,,263229,Mateo Pellegrino,sep,260001,67
,26,45,,247246,Khephren Thuram,sep,260001,74
,26,45,,243630,Jonathan David,sep,260001,81
,26,45,,261050,Francisco Conceicao,sep,260001,68
,26,45,,266872,Federico Gatti,sep,260001,41
,26,45,,258966,Andrea Cambiaso,sep,260001,70
,26,45,,239580,Bremer,sep,260001,49
,26,45,,231512,Lloyd Kelly,sep,260001,38
,26,50,,264294,Mathias Lovik,sep,260001,37
,26,55,,220421,Hassane Kamara,sep,260001,60
,26,206,,215363,Lorenzo Montipo,sep,260001,76
,26,55,,242238,Oumar Solet,sep,260001,41
,26,206,,230065,Suat Serdar,sep,260001,70
,26,55,,266803,Razvan Sava,sep,260001,71
,26,206,,80283,Giovane,sep,260001,67
,26,55,,231743,Keinan Davis,sep,260001,70
,26,55,,258615,Oier Zarraga,sep,260001,60
,26,206,,256453,Amin Sarr,sep,260001,69
,26,55,,223866,Sandi Lovric,sep,260001,65
,26,55,,261573,Thomas Kristensen,sep,260001,25
,26,206,,238009,Martin Frese,sep,260001,64
,26,206,,234795,Antoine Bernede,sep,260001,65
,26,55,,259634,Jordan Zemura,sep,260001,57
,26,55,,272783,Arthur Atta,sep,260001,57
,26,206,,252000,Domagoj Bradaric,sep,260001,56
,26,54,,226093,Che Adams,sep,260001,79
,26,44,,177683,Yann Sommer,sep,260001,87
,26,54,,201389,Cristiano Biraghi,sep,260001,67
,26,54,,248474,Tino Anjorin,sep,260001,67
,26,44,,259565,Ange-Yoan Bonny,sep,260001,74
,26,54,,270141,Franco Israel,sep,260001,75
,26,44,,192883,Henrikh Mkhitaryan,sep,260001,78
,26,44,,224232,Nicolo Barella,sep,260001,78
,26,44,,228093,Marcus Thuram,sep,260001,82
,26,54,,248564,Zakaria Aboukhlal,sep,260001,71
,26,44,,276278,Petar Sucic,sep,260001,66
,26,44,,226851,Benjamin Pavard,sep,260001,67
,26,44,,233096,Denzel Dumfries,sep,260001,68
,26,44,,231478,Lautaro Martinez,sep,260001,88
,26,54,,216816,Giovanni Simeone,sep,260001,76
,26,54,,246457,Cyril Ngonge,sep,260001,71
,26,44,,199845,Francesco Acerbi,sep,260001,50
,26,44,,237383,Alessandro Bastoni,sep,260001,45
,26,54,,241095,Nikola Vlasic,sep,260001,75
,26,54,,273883,Cesare Casadei,sep,260001,69
,26,111434,,237391,Manuel De Luca,sep,260002,69
,26,111974,,233164,Arijanet Muric,sep,260002,72
,26,111434,,240970,Martin Payero,sep,260002,64
,26,111974,,270657,Edoardo Iannoni,sep,260002,59
,26,111434,,228413,Emil Audero,sep,260002,78
,26,111974,,210935,Domenico Berardi,sep,260002,80
,26,111974,,243593,Armand Lauriente,sep,260002,76
,26,111974,,235842,Andrea Pinamonti,sep,260002,76
,26,111434,,237669,Alessio Zerbin,sep,260002,66
,26,111434,,207471,Franco Vazquez,sep,260002,77
,26,111434,,219932,Antonio Sanabria,sep,260002,74
,26,111434,,271579,Filippo Terracciano,sep,260002,60
,26,111434,,217338,Jari Vandeputte,sep,260002,64
,26,47,,81252,Cheveyo Mul-Balentien,sep,260002,56
,26,347,,210676,Wladimiro Falcone,sep,260002,81
,26,347,,275783,Kialonda Gaspar,sep,260002,30
,26,47,,215698,Mike Maignan,sep,260002,87
,26,47,,227796,Christian Pulisic,sep,260002,82
,26,347,,247668,N'Dri Konan,sep,260002,62
,26,47,,245630,Youssouf Fofana,sep,260002,66
,26,47,,253473,Samuele Ricci,sep,260002,59
,26,347,,273915,Nikola Stulic,sep,260002,75
,26,47,,213666,Ruben Loftus-Cheek,sep,260002,74
,26,47,,245152,Santiago Gimenez,sep,260002,79
,26,47,,237942,Pervis Estupinan,sep,260002,55
,26,347,,263469,Mohamed Kaba,sep,260002,51
,26,47,,242664,Alexis Saelemaekers,sep,260002,66
,26,347,,239671,Tete Morente,sep,260002,67
,26,347,,243787,Ylber Ramadani,sep,260002,56
,26,1745,,70966,Jacobo Ramon,sep,260002,21
,26,189,,189908,Lukasz Skorupski,sep,260002,79
,26,1745,,273875,Alex Valle,sep,260002,55
,26,1745,,199564,Sergi Roberto,sep,260002,62
,26,1745,,277846,Nico Paz,sep,260002,70
,26,189,,252021,Thijs Dallinga,sep,260002,75
,26,1745,,225149,Jean Butez,sep,260002,76
,26,189,,248342,Torbjorn Heggem,sep,260002,45
,26,189,,233556,Riccardo Orsolini,sep,260002,81
,26,1745,,75055,Jesus Rodriguez,sep,260002,67
,26,189,,271019,Giovanni Fabbian,sep,260002,71
,26,189,,267861,Santiago Castro,sep,260002,75
,26,1745,,210719,Marc Kempf,sep,260002,41
,26,189,,268703,Nicolo Cambiaghi,sep,260002,71
,26,1745,,228349,Mergim Vojvoda,sep,260002,53
,26,39,,223273,Mario Pasalic,sep,260002,77
,26,50,,255981,Zion Suzuki,sep,260002,74
,26,50,,237715,Patrick Cutrone,sep,260002,73
,26,39,,252154,Marco Carnesecchi,sep,260002,84
,26,50,,252442,Enrico Delprato,sep,260002,53
,26,39,,277839,Nikola Krstovic,sep,260002,74
,26,39,,247229,Raoul Bellanova,sep,260002,52
,26,39,,251470,Charles De Ketelaere,sep,260002,78
,26,50,,263229,Mateo Pellegrino,sep,260002,67
,26,50,,252794,Adrian Bernabe,sep,260002,70
,26,50,,246164,Lautaro Valenti,sep,260002,51
,26,39,,255611,Daniel Maldini,sep,260002,70
,26,39,,226710,Gianluca Scamacca,sep,260002,80
,26,39,,208461,Marten de Roon,sep,260002,73
,26,50,,258714,Emanuele Valeri,sep,260002,70
,26,110738,,236593,Calvin Stengs,sep,260002,67
,26,52,,230872,Mile Svilar,sep,260002,82
,26,52,,242458,Artem Dovbyk,sep,260002,83
,26,110738,,244274,Adrian Semper,sep,260002,71
,26,110738,,193082,Juan Cuadrado,sep,260002,71
,26,52,,236403,Evan Ndicka,sep,260002,51
,26,52,,211110,Paulo Dybala,sep,260002,85
,26,52,,220651,Angelino,sep,260002,69
,26,110738,,236898,Michel Aebischer,sep,260002,66
,26,52,,265695,Matias Soule,sep,260002,73
,26,52,,229668,Mario Hermoso,sep,260002,47
,26,110738,,277309,Henrik Wendel Meister,sep,260002,64
,26,48,,227236,Frank Anguissa,sep,260002,73
,26,1842,,255303,Elia Caprile,sep,260002,76
,26,48,,237238,Scott McTominay,sep,260002,81
,26,1842,,259011,Zito Luvumbo,sep,260002,69
,26,48,,225116,Alex Meret,sep,260002,82
,26,1842,,246877,Gianluca Gaetano,sep,260002,71
,26,48,,239380,Noa Lang,sep,260002,77
,26,48,,243241,Alessandro Buongiorno,sep,260002,45
,26,1842,,268683,Michael Folorunsho,sep,260002,75
,26,48,,216409,Matteo Politano,sep,260002,77
,26,48,,202884,Leonardo Spinazzola,sep,260002,64
,26,48,,244263,Amir Rrahmani,sep,260002,50
,26,48,,200752,Juan Jesus,sep,260002,31
,26,48,,268474,Lorenzo Lucca,sep,260002,77
,26,1842,,272725,Matteo Prati,sep,260002,65
,26,48,,192985,Kevin De Bruyne,sep,260002,82
,26,1842,,247888,Sebastiano Esposito,sep,260002,75
,26,1842,,266636,Adam Obert,sep,260002,48
,26,110556,,276485,Patrizio Masini,sep,260002,54
,26,45,,235840,Michele Di Gregorio,sep,260002,81
,26,110556,,239795,Caleb Ekuban,sep,260002,69
,26,110556,,244349,Johan Vasquez,sep,260002,32
,26,110556,,231969,Ruslan Malinovskyi,sep,260002,78
,26,45,,240690,Nicolas Gonzalez,sep,260002,74
,26,110556,,201299,Nicola Leali,sep,260002,71
,26,45,,208574,Filip Kostic,sep,260002,75
,26,45,,246430,Dusan Vlahovic,sep,260002,83
,26,110556,,256899,Lorenzo Colombo,sep,260002,74
,26,110556,,212207,Nicolae Stanciu,sep,260002,73
,26,45,,231512,Lloyd Kelly,sep,260002,38
,26,45,,247246,Khephren Thuram,sep,260002,74
,26,110556,,264436,Mikael Ellertsson,sep,260002,69
,26,45,,243630,Jonathan David,sep,260002,81
,26,45,,277954,Kenan Yildiz,sep,260002,78
,26,45,,255654,Pierre Kalulu,sep,260002,52
,26,45,,266872,Federico Gatti,sep,260002,41
,26,45,,261050,Francisco Conceicao,sep,260002,68
,26,45,,257290,Joao Mario,sep,260002,61
,26,110374,,260823,Nicolo Fagioli,sep,260002,65
,26,54,,270141,Franco Israel,sep,260002,75
,26,110374,,276682,Cher Ndour,sep,260002,61
,26,54,,219145,Guillermo Maripan,sep,260002,40
,26,110374,,193080,David De Gea,sep,260002,85
,26,110374,,236610,Moise Kean,sep,260002,81
,26,110374,,223697,Robin Gosens,sep,260002,73
,26,110374,,240777,Luca Ranieri,sep,260002,40
,26,110374,,238004,Albert Gudmundsson,sep,260002,78
,26,110374,,234112,Dodo,sep,260002,57
,26,110374,,225439,Rolando Mandragora,sep,260002,73
,26,54,,216816,Giovanni Simeone,sep,260002,76
,26,54,,273883,Cesare Casadei,sep,260002,69
,26,54,,246457,Cyril Ngonge,sep,260002,71
,26,110374,,278340,Pietro Comuzzo,sep,260002,27
,26,110374,,248385,Roberto Piccoli,sep,260002,74
,26,44,,241736,Yann Bisseck,sep,260002,56
,26,55,,266803,Razvan Sava,sep,260002,71
,26,44,,210406,Piotr Zielinski,sep,260002,76
,26,44,,228093,Marcus Thuram,sep,260002,82
,26,44,,258648,Carlos Augusto,sep,260002,71
,26,44,,226268,Federico Dimarco,sep,260002,78
,26,55,,243249,Jurgen Ekkelenkamp,sep,260002,68
,26,44,,177683,Yann Sommer,sep,260002,87
,26,55,,242238,Oumar Solet,sep,260002,41
,26,55,,231743,Keinan Davis,sep,260002,70
,26,44,,208128,Hakan Calhanoglu,sep,260002,80
,26,55,,272783,Arthur Atta,sep,260002,57
,26,55,,259634,Jordan Zemura,sep,260002,57
,26,44,,233096,Denzel Dumfries,sep,260002,68
,26,44,,237383,Alessandro Bastoni,sep,260002,45
,26,44,,231478,Lautaro Martinez,sep,260002,88
,26,55,,246832,Vakoun Issouf Bayo,sep,260002,68
,26,55,,229973,Jakub Piotrowski,sep,260002,62
,26,46,,236496,Matteo Guendouzi,sep,260002,72
,26,206,,215363,Lorenzo Montipo,sep,260002,76
,26,46,,246242,Boulaye Dia,sep,260002,80
,26,46,,243237,Luca Pellegrini,sep,260002,53
,26,46,,189505,Pedro,sep,260002,73
,26,46,,237712,Valentin Castellanos,sep,260002,79
,26,206,,234795,Antoine Bernede,sep,260002,65
,26,46,,224987,Ivan Provedel,sep,260002,82
,26,206,,240900,Unai Nunez,sep,260002,23
,26,206,,230065,Suat Serdar,sep,260002,70
,26,206,,247497,Armel Bella-Kotchap,sep,260002,25
,26,206,,80283,Giovane,sep,260002,67
,26,46,,220502,Mattia Zaccagni,sep,260002,77
,26,46,,263929,Matteo Cancellieri,sep,260002,71
,26,46,,251530,Nuno Tavares,sep,260002,66
,26,46,,268804,Mario Gila,sep,260002,53
,26,206,,80861,Fallou Cham,sep,260002,42
,26,206,,241937,Abdou Harroui,sep,260002,68
,26,46,,255001,Nicolo Rovella,sep,260002,62
,26,50,,269276,Gaetano Oristanio,sep,260002,72
,26,50,,192840,Milan Duric,sep,260002,70
,26,1842,,248857,Mattia Felici,sep,260002,64
,26,1842,,254982,Michel Adopo,sep,260002,59
,26,1842,,208596,Andrea Belotti,sep,260002,75
,26,50,,259150,Abdoulaye Ndiaye,sep,260002,31
,26,1842,,220523,Yerry Mina,sep,260002,49
,26,45,,75085,Vasilije Adzic,sep,260002,54
,26,45,,251870,Juan Cabal,sep,260002,37
,26,45,,243580,Lois Openda,sep,260002,81
,26,44,,224232,Nicolo Barella,sep,260002,78
,26,45,,240679,Teun Koopmeiners,sep,260002,78
,26,44,,192883,Henrikh Mkhitaryan,sep,260002,78
,26,45,,222077,Manuel Locatelli,sep,260002,68
,26,44,,229237,Manuel Akanji,sep,260002,47
,26,48,,224836,Vanja Milinkovic-Savic,sep,260002,79
,26,48,,241390,Eljif Elmas,sep,260002,70
,26,48,,236632,David Neres,sep,260002,75
,26,48,,262394,Sam Beukema,sep,260002,53
,26,110374,,180930,Edin Dzeko,sep,260002,81
,26,48,,259399,Rasmus Hojlund,sep,260002,75
,26,48,,217870,Giovanni Di Lorenzo,sep,260002,71
,26,54,,201389,Cristiano Biraghi,sep,260002,67
,26,52,,190813,Stephan El Shaarawy,sep,260002,75
,26,52,,275291,Niccolo Pisilli,sep,260002,65
,26,52,,259608,Evan Ferguson,sep,260002,74
,26,52,,229582,Gianluca Mancini,sep,260002,49
,26,54,,241095,Nikola Vlasic,sep,260002,75
,26,54,,248564,Zakaria Aboukhlal,sep,260002,71
,26,52,,208268,Bryan Cristante,sep,260002,73
,26,52,,269312,Tommaso Baldanzi,sep,260002,71
,26,347,,279202,Francesco Camarda,sep,260002,66
,26,39,,256115,Lazar Samardzic,sep,260002,71
,26,347,,70555,Tiago Gabriel,sep,260002,33
,26,39,,262113,Nicola Zalewski,sep,260002,64
,26,39,,256035,Kamaldeen Sulemana,sep,260002,63
,26,39,,265188,Giorgio Scalvini,sep,260002,35
,26,347,,246431,Riccardo Sottil,sep,260002,65
,26,39,,260697,Isak Hien,sep,260002,36
,26,347,,265732,Alex Sala,sep,260002,67
,26,110738,,278354,Giovanni Bonfanti,sep,260002,34
,26,110738,,240797,Matteo Tramoni,sep,260002,68
,26,110738,,199174,Antonio Caracciolo,sep,260002,31
,26,110738,,240660,Mehdi Leris,sep,260002,61
,26,55,,271475,Nicolo Bertola,sep,260002,32
,26,55,,225669,Kingsley Ehizibue,sep,260002,55
,26,110738,,240452,M'bala Nzola,sep,260002,71
,26,55,,214658,Jesper Karlstrom,sep,260002,57
,26,110738,,278346,Mateus Lusuardi,sep,260002,26
,26,55,,265194,Iker Bravo,sep,260002,66
,26,110738,,70471,Ebenezer Akinsanmiro,sep,260002,66
,26,110738,,222959,Stefano Moreo,sep,260002,69
,26,46,,211361,Danilo Cataldi,sep,260002,71
,26,111974,,268511,Walid Cheddira,sep,260002,71
,26,111974,,263882,Alieu Fadera,sep,260002,63
,26,111974,,262027,Tarik Muharemovic,sep,260002,22
,26,189,,252440,Nadir Zortea,sep,260002,68
,26,189,,202024,Remo Freuler,sep,260002,71
,26,47,,265774,Koni De Winter,sep,260002,39
,26,47,,177003,Luka Modric,sep,260002,74
,26,189,,210381,Charalampos Lykogiannis,sep,260002,68
,26,47,,210008,Adrien Rabiot,sep,260002,78
,26,206,,256453,Amin Sarr,sep,260002,69
,26,111434,,263522,Jeremy Sarmiento,sep,260002,62
,26,111434,,268576,Michele Collocolo,sep,260002,61
,26,206,,273564,Gift Orban,sep,260002,79
,26,206,,205343,Jean Daniel Akpa-Akpro,sep,260002,67
,26,111434,,223137,Federico Bonazzoli,sep,260002,72
,26,206,,252000,Domagoj Bradaric,sep,260002,56
,26,111434,,257353,Warren Bondo,sep,260002,61
,26,110556,,260653,Brooke Norton-Cuffy,sep,260002,43
,26,1745,,279239,Jayden Addai,sep,260002,61
,26,110556,,238516,Leo Ostigard,sep,260002,37
,26,1745,,261478,Anastasios Douvikas,sep,260002,71
,26,1745,,246646,Maxence Caqueret,sep,260002,61
,26,1745,,201153,Alvaro Morata,sep,260002,80
,26,1745,,239977,Nicolas-Gerrit Kuhn,sep,260002,72
,26,1842,,229743,Alessandro Deiola,sep,260002,66
,26,347,,253139,Santiago Pierotti,sep,260002,66
,26,1842,,278339,Marco Palestra,sep,260002,56
,26,347,,230107,Lassana Coulibaly,sep,260002,57
,26,189,,259748,Martin Vitik,sep,260002,37
,26,110556,,263829,Vitinha,sep,260002,74
,26,110556,,236295,Aaron Martin,sep,260002,53
,26,189,,212404,Federico Bernardeschi,sep,260002,75
,26,189,,244270,Nikola Moro,sep,260002,71
,26,206,,270698,Yellu Santiago,sep,260002,48
,26,206,,248661,Cheikh Niasse,sep,260002,43
,26,206,,238009,Martin Frese,sep,260002,64
,26,55,,275522,Lennon Miller,sep,260002,63
,26,47,,205812,Pietro Terracciano,sep,260002,78
,26,55,,238067,Nicolo Zaniolo,sep,260002,74
,26,47,,232411,Christopher Nkunku,sep,260002,78
,26,47,,232756,Fikayo Tomori,sep,260002,39
,26,52,,258826,Devyne Rensch,sep,260002,54
,26,52,,228251,Lorenzo Pellegrini,sep,260002,76
,26,46,,210413,Alessio Romagnoli,sep,260002,39
,26,50,,264294,Mathias Lovik,sep,260002,37
,26,50,,273884,Christian Ordonez,sep,260002,43
,26,111434,,256669,Faris Moumbagna,sep,260002,72
,26,50,,236706,Pontus Almqvist,sep,260002,66
,26,50,,257972,Oliver Sorensen,sep,260002,67
,26,111434,,268573,Federico Baschirotto,sep,260002,52
,26,54,,215333,Duvan Zapata,sep,260002,80
,26,54,,264699,Kristjan Asllani,sep,260002,60
,26,54,,226093,Che Adams,sep,260002,79
,26,110374,,244634,Simon Sohm,sep,260002,67
,26,110374,,253162,Hans Nicolussi Caviglia,sep,260002,68
,26,1745,,77163,Ivan Smolcic,sep,260002,50
,26,1745,,267991,Maximo Perrone,sep,260002,54
,26,44,,243311,Josep Martinez,sep,260002,75
,26,111974,,242725,Kristian Thorstvedt,sep,260002,71
,26,44,,256632,Luis Henrique,sep,260002,72
,26,44,,239807,Davide Frattesi,sep,260002,75
,26,44,,277327,Francesco Pio Esposito,sep,260002,70
,26,110738,,81307,Lorran,sep,260002,59
,26,110738,,264480,Simone Canestrelli,sep,260002,44
,26,48,,245992,Billy Gilmour,sep,260002,57
,26,111434,,74071,Romano Floriani Mussolini,sep,260002,53
,26,111434,,190745,Marco Silvestri,sep,260002,72
,26,1745,,223671,Stefan Posch,sep,260002,53
,26,111434,,205363,Matteo Bianchetti,sep,260002,34
,26,111434,,230681,Giuseppe Pezzella,sep,260002,59
,26,1745,,254579,Lucas Da Cunha,sep,260002,71
,26,45,,239763,Edon Zhegrova,sep,260002,70
,26,45,,238744,Weston McKennie,sep,260002,71
,26,45,,239580,Bremer,sep,260002,49
,26,39,,208165,Berat Djimsiti,sep,260002,37
,26,39,,74483,Honest Ahanor,sep,260002,42
,26,1842,,252942,Gennaro Borrelli,sep,260002,61
,26,111974,,264207,Ismael Kone,sep,260002,62
,26,111974,,262396,Jay Idzes,sep,260002,46
,26,55,,261573,Thomas Kristensen,sep,260002,25
,26,52,,224490,Zeki Celik,sep,260002,58
,26,206,,276314,Rafik Belghali,sep,260002,59
,26,52,,250723,Manu Kone,sep,260002,72
,26,110374,,266596,Jacopo Fazzini,sep,260002,66
,26,110374,,238370,Marin Pongracic,sep,260002,25
,26,110738,,233396,Idrissa Toure,sep,260002,61
,26,189,,231207,Jhon Lucumi,sep,260002,36
,26,189,,242280,Lewis Ferguson,sep,260002,77
,26,189,,234671,Jens Odgaard,sep,260002,76
,26,347,,244717,Antonino Gallo,sep,260002,50
,26,189,,266500,Jonathan Rowe,sep,260002,71
,26,347,,271198,Medon Berisha,sep,260002,58
,26,189,,246656,Emil Holm,sep,260002,60
,26,48,,278319,Luca Marianucci,sep,260002,25
,26,48,,261865,Miguel Gutierrez,sep,260002,69
,26,47,,254840,Strahinja Pavlovic,sep,260002,42
,26,50,,240992,Nahuel Estevez,sep,260002,69
,26,54,,265650,Saul Coco,sep,260002,56
,26,50,,261539,Mandela Keita,sep,260002,55
,26,50,,75647,Sascha Britschgi,sep,260002,26
,26,110556,,76172,Lorenzo Venturino,sep,260002,50
,26,110556,,272602,Valentin Carboni,sep,260002,69
,26,110556,,74485,Jeff Ekhator,sep,260002,59
,26,111974,,241628,Nicholas Pierini,sep,260005,69
,26,347,,210676,Wladimiro Falcone,sep,260005,81
,26,111974,,268511,Walid Cheddira,sep,260005,71
,26,111974,,242725,Kristian Thorstvedt,sep,260005,71
,26,347,,275783,Kialonda Gaspar,sep,260005,30
,26,111974,,233164,Arijanet Muric,sep,260005,72
,26,347,,263657,Thorir Johann Helgason,sep,260005,62
,26,347,,271198,Medon Berisha,sep,260005,58
,26,111974,,235842,Andrea Pinamonti,sep,260005,76
,26,111974,,210935,Domenico Berardi,sep,260005,80
,26,347,,70555,Tiago Gabriel,sep,260005,33
,26,347,,273915,Nikola Stulic,sep,260005,75
,26,347,,239671,Tete Morente,sep,260005,67
,26,347,,253139,Santiago Pierotti,sep,260005,66
,26,111974,,252027,Aster Vranckx,sep,260005,64
,26,111974,,243593,Armand Lauriente,sep,260005,76
,26,347,,271539,Danilo Veiga,sep,260005,56
,26,347,,243787,Ylber Ramadani,sep,260005,56
,26,206,,238009,Martin Frese,sep,260005,64
,26,110738,,244274,Adrian Semper,sep,260005,71
,26,110738,,278354,Giovanni Bonfanti,sep,260005,34
,26,206,,215363,Lorenzo Montipo,sep,260005,76
,26,110738,,199174,Antonio Caracciolo,sep,260005,31
,26,206,,270698,Yellu Santiago,sep,260005,48
,26,206,,267681,Nicolas Valentini,sep,260005,32
,26,206,,212153,Roberto Gagliardini,sep,260005,61
,26,206,,256453,Amin Sarr,sep,260005,69
,26,206,,276314,Rafik Belghali,sep,260005,59
,26,110738,,240452,M'bala Nzola,sep,260005,71
,26,206,,273564,Gift Orban,sep,260005,79
,26,206,,240900,Unai Nunez,sep,260005,23
,26,206,,80861,Fallou Cham,sep,260005,42
,26,110738,,70471,Ebenezer Akinsanmiro,sep,260005,66
,26,110738,,222959,Stefano Moreo,sep,260005,69
,26,206,,80283,Giovane,sep,260005,67
,26,48,,216409,Matteo Politano,sep,260005,77
,26,54,,270141,Franco Israel,sep,260005,75
,26,48,,202884,Leonardo Spinazzola,sep,260005,64
,26,54,,215333,Duvan Zapata,sep,260005,80
,26,48,,224836,Vanja Milinkovic-Savic,sep,260005,79
,26,48,,241390,Eljif Elmas,sep,260005,70
,26,48,,262394,Sam Beukema,sep,260005,53
,26,48,,192985,Kevin De Bruyne,sep,260005,82
,26,48,,227236,Frank Anguissa,sep,260005,73
,26,54,,226093,Che Adams,sep,260005,79
,26,48,,236632,David Neres,sep,260005,75
,26,54,,216816,Giovanni Simeone,sep,260005,76
,26,54,,273883,Cesare Casadei,sep,260005,69
,26,48,,268474,Lorenzo Lucca,sep,260005,77
,26,54,,243481,Marcus Pedersen,sep,260005,47
,26,54,,264699,Kristjan Asllani,sep,260005,60
,26,48,,240716,Mathias Olivera,sep,260005,49
,26,54,,241095,Nikola Vlasic,sep,260005,75
,26,54,,265650,Saul Coco,sep,260005,56
,26,52,,259608,Evan Ferguson,sep,260005,74
,26,44,,177683,Yann Sommer,sep,260005,87
,26,52,,208268,Bryan Cristante,sep,260005,73
,26,52,,242458,Artem Dovbyk,sep,260005,83
,26,44,,229237,Manuel Akanji,sep,260005,47
,26,52,,230872,Mile Svilar,sep,260005,82
,26,44,,192883,Henrikh Mkhitaryan,sep,260005,78
,26,52,,224490,Zeki Celik,sep,260005,58
,26,44,,237383,Alessandro Bastoni,sep,260005,45
,26,52,,80170,Wesley,sep,260005,60
,26,44,,259565,Ange-Yoan Bonny,sep,260005,74
,26,52,,265695,Matias Soule,sep,260005,73
,26,52,,211110,Paulo Dybala,sep,260005,85
,26,52,,250723,Manu Kone,sep,260005,72
,26,52,,229668,Mario Hermoso,sep,260005,47
,26,44,,233096,Denzel Dumfries,sep,260005,68
,26,44,,231478,Lautaro Martinez,sep,260005,88
,26,44,,208128,Hakan Calhanoglu,sep,260005,80
,26,52,,236403,Evan Ndicka,sep,260005,51
,26,44,,226268,Federico Dimarco,sep,260005,78
,26,52,,228251,Lorenzo Pellegrini,sep,260005,76
,26,45,,246430,Dusan Vlahovic,sep,260005,83
,26,1745,,225149,Jean Butez,sep,260005,76
,26,1745,,261478,Anastasios Douvikas,sep,260005,71
,26,45,,235840,Michele Di Gregorio,sep,260005,81
,26,45,,258966,Andrea Cambiaso,sep,260005,70
,26,1745,,277846,Nico Paz,sep,260005,70
,26,45,,247246,Khephren Thuram,sep,260005,74
,26,45,,240679,Teun Koopmeiners,sep,260005,78
,26,1745,,246646,Maxence Caqueret,sep,260005,61
,26,1745,,228349,Mergim Vojvoda,sep,260005,53
,26,45,,261050,Francisco Conceicao,sep,260005,68
,26,1745,,205566,Alberto Moreno,sep,260005,67
,26,1745,,201153,Alvaro Morata,sep,260005,80
,26,1745,,210719,Marc Kempf,sep,260005,41
,26,45,,277954,Kenan Yildiz,sep,260005,78
,26,45,,222077,Manuel Locatelli,sep,260005,68
,26,1842,,246877,Gianluca Gaetano,sep,260005,71
,26,189,,240657,Federico Ravaglia,sep,260005,70
,26,189,,252060,Tommaso Pobega,sep,260005,75
,26,1842,,255303,Elia Caprile,sep,260005,76
,26,189,,233556,Riccardo Orsolini,sep,260005,81
,26,1842,,220534,Sebastiano Luperto,sep,260005,47
,26,189,,268703,Nicolo Cambiaghi,sep,260005,71
,26,189,,234671,Jens Odgaard,sep,260005,76
,26,1842,,248857,Mattia Felici,sep,260005,64
,26,189,,212404,Federico Bernardeschi,sep,260005,75
,26,189,,246656,Emil Holm,sep,260005,60
,26,189,,242280,Lewis Ferguson,sep,260005,77
,26,110556,,244349,Johan Vasquez,sep,260005,32
,26,50,,255981,Zion Suzuki,sep,260005,74
,26,110556,,215798,Maxwel Cornet,sep,260005,74
,26,110556,,272602,Valentin Carboni,sep,260005,69
,26,110556,,74485,Jeff Ekhator,sep,260005,59
,26,110556,,231969,Ruslan Malinovskyi,sep,260005,78
,26,110556,,264436,Mikael Ellertsson,sep,260005,69
,26,110556,,276485,Patrizio Masini,sep,260005,54
,26,110556,,242633,Morten Frendrup,sep,260005,58
,26,110556,,263829,Vitinha,sep,260005,74
,26,110556,,239795,Caleb Ekuban,sep,260005,69
,26,50,,237715,Patrick Cutrone,sep,260005,73
,26,110556,,201299,Nicola Leali,sep,260005,71
,26,39,,251470,Charles De Ketelaere,sep,260005,78
,26,46,,224987,Ivan Provedel,sep,260005,82
,26,39,,208461,Marten de Roon,sep,260005,73
,26,39,,216150,Davide Zappacosta,sep,260005,72
,26,46,,219985,Matias Vecino,sep,260005,72
,26,39,,252154,Marco Carnesecchi,sep,260005,84
,26,39,,277839,Nikola Krstovic,sep,260005,74
,26,39,,74574,Lorenzo Bernasconi,sep,260005,56
,26,39,,230899,Ademola Lookman,sep,260005,83
,26,46,,251530,Nuno Tavares,sep,260005,66
,26,39,,74483,Honest Ahanor,sep,260005,42
,26,39,,223273,Mario Pasalic,sep,260005,77
,26,39,,266866,Ederson,sep,260005,70
,26,39,,256035,Kamaldeen Sulemana,sep,260005,63
,26,46,,236496,Matteo Guendouzi,sep,260005,72
,26,46,,245275,Toma Basic,sep,260005,63
,26,110374,,238370,Marin Pongracic,sep,260005,25
,26,47,,215698,Mike Maignan,sep,260005,87
,26,47,,245630,Youssouf Fofana,sep,260005,66
,26,110374,,193080,David De Gea,sep,260005,85
,26,110374,,234112,Dodo,sep,260005,57
,26,47,,241721,Rafael Leao,sep,260005,78
,26,47,,245152,Santiago Gimenez,sep,260005,79
,26,47,,240277,Matteo Gabbia,sep,260005,35
,26,47,,232756,Fikayo Tomori,sep,260005,39
,26,110374,,223697,Robin Gosens,sep,260005,73
,26,110374,,253162,Hans Nicolussi Caviglia,sep,260005,68
,26,47,,242664,Alexis Saelemaekers,sep,260005,66
,26,47,,279782,Zachary Athekame,sep,260005,26
,26,47,,254840,Strahinja Pavlovic,sep,260005,42
,26,55,,214658,Jesper Karlstrom,sep,260005,57
,26,111434,,190745,Marco Silvestri,sep,260005,72
,26,111434,,208830,Jamie Vardy,sep,260005,76
,26,55,,257288,Maduka Okoye,sep,260005,74
,26,55,,242238,Oumar Solet,sep,260005,41
,26,55,,231743,Keinan Davis,sep,260005,70
,26,111434,,207471,Franco Vazquez,sep,260005,77
,26,55,,272783,Arthur Atta,sep,260005,57
,26,55,,229973,Jakub Piotrowski,sep,260005,62
,26,55,,246832,Vakoun Issouf Bayo,sep,260005,68
,26,111434,,240970,Martin Payero,sep,260005,64
,26,55,,238067,Nicolo Zaniolo,sep,260005,74
,26,111434,,223137,Federico Bonazzoli,sep,260005,72
,26,111434,,217338,Jari Vandeputte,sep,260005,64
,26,111434,,237669,Alessio Zerbin,sep,260005,66
,26,111434,,205363,Matteo Bianchetti,sep,260005,34
,26,111434,,271579,Filippo Terracciano,sep,260005,60
,26,110738,,193082,Juan Cuadrado,sep,260005,71
,26,47,,232411,Christopher Nkunku,sep,260005,78
,26,47,,253473,Samuele Ricci,sep,260005,59
,26,47,,278237,Davide Bartesaghi,sep,260005,42
,26,110738,,240797,Matteo Tramoni,sep,260005,68
,26,47,,177003,Luka Modric,sep,260005,74
,26,47,,265774,Koni De Winter,sep,260005,39
,26,1745,,261478,Anastasios Douvikas,sep,260006,71
,26,50,,255981,Zion Suzuki,sep,260006,74
,26,50,,225475,Hernani,sep,260006,69
,26,1745,,225149,Jean Butez,sep,260006,76
,26,50,,75647,Sascha Britschgi,sep,260006,26
,26,50,,237715,Patrick Cutrone,sep,260006,73
,26,50,,252442,Enrico Delprato,sep,260006,53
,26,1745,,254579,Lucas Da Cunha,sep,260006,71
,26,1745,,201153,Alvaro Morata,sep,260006,80
,26,50,,246164,Lautaro Valenti,sep,260006,51
,26,50,,252794,Adrian Bernabe,sep,260006,70
,26,1745,,277846,Nico Paz,sep,260006,70
,26,347,,247668,N'Dri Konan,sep,260006,62
,26,55,,257288,Maduka Okoye,sep,260006,74
,26,55,,224438,Adam Buksa,sep,260006,73
,26,347,,210676,Wladimiro Falcone,sep,260006,81
,26,347,,265732,Alex Sala,sep,260006,67
,26,347,,253139,Santiago Pierotti,sep,260006,66
,26,55,,246832,Vakoun Issouf Bayo,sep,260006,68
,26,347,,271198,Medon Berisha,sep,260006,58
,26,55,,242238,Oumar Solet,sep,260006,41
,26,347,,273915,Nikola Stulic,sep,260006,75
,26,55,,231743,Keinan Davis,sep,260006,70
,26,347,,70555,Tiago Gabriel,sep,260006,33
,26,347,,243787,Ylber Ramadani,sep,260006,56
,26,55,,238067,Nicolo Zaniolo,sep,260006,74
,26,55,,214658,Jesper Karlstrom,sep,260006,57
,26,44,,277327,Francesco Pio Esposito,sep,260006,71
,26,48,,224836,Vanja Milinkovic-Savic,sep,260006,79
,26,44,,256632,Luis Henrique,sep,260006,72
,26,44,,231478,Lautaro Martinez,sep,260006,88
,26,48,,236632,David Neres,sep,260006,75
,26,44,,177683,Yann Sommer,sep,260006,87
,26,44,,210406,Piotr Zielinski,sep,260006,76
,26,48,,227236,Frank Anguissa,sep,260006,73
,26,44,,208128,Hakan Calhanoglu,sep,260006,80
,26,48,,237238,Scott McTominay,sep,260006,81
,26,48,,202884,Leonardo Spinazzola,sep,260006,64
,26,44,,233096,Denzel Dumfries,sep,260006,68
,26,44,,237383,Alessandro Bastoni,sep,260006,45
,26,48,,192985,Kevin De Bruyne,sep,260006,82
,26,44,,259565,Ange-Yoan Bonny,sep,260006,74
,26,48,,245992,Billy Gilmour,sep,260006,57
,26,44,,224232,Nicolo Barella,sep,260006,78
,26,39,,226710,Gianluca Scamacca,sep,260006,80
,26,111434,,190745,Marco Silvestri,sep,260006,72
,26,39,,257785,Marco Brescianini,sep,260006,66
,26,111434,,208830,Jamie Vardy,sep,260006,76
,26,39,,252154,Marco Carnesecchi,sep,260006,84
,26,111434,,237669,Alessio Zerbin,sep,260006,66
,26,39,,208461,Marten de Roon,sep,260006,73
,26,39,,256115,Lazar Samardzic,sep,260006,71
,26,39,,230899,Ademola Lookman,sep,260006,83
,26,39,,262113,Nicola Zalewski,sep,260006,64
,26,39,,266866,Ederson,sep,260006,70
,26,39,,277839,Nikola Krstovic,sep,260006,74
,26,111434,,263522,Jeremy Sarmiento,sep,260006,62
,26,39,,251470,Charles De Ketelaere,sep,260006,78
,26,111434,,74071,Romano Floriani Mussolini,sep,260006,53
,26,111434,,268573,Federico Baschirotto,sep,260006,52
,26,111434,,271579,Filippo Terracciano,sep,260006,60
,26,111434,,275162,Tommaso Barbieri,sep,260006,44
,26,111434,,217338,Jari Vandeputte,sep,260006,64
,26,110556,,215798,Maxwel Cornet,sep,260006,74
,26,54,,235740,Alberto Paleari,sep,260006,68
,26,110556,,264436,Mikael Ellertsson,sep,260006,69
,26,110556,,239795,Caleb Ekuban,sep,260006,69
,26,54,,219145,Guillermo Maripan,sep,260006,40
,26,110556,,201299,Nicola Leali,sep,260006,71
,26,110556,,256899,Lorenzo Colombo,sep,260006,74
,26,54,,215333,Duvan Zapata,sep,260006,80
,26,54,,273883,Cesare Casadei,sep,260006,69
,26,54,,265650,Saul Coco,sep,260006,56
,26,54,,246457,Cyril Ngonge,sep,260006,71
,26,110556,,231969,Ruslan Malinovskyi,sep,260006,78
,26,54,,211147,Valentino Lazaro,sep,260006,66
,26,110556,,222475,Morten Thorsby,sep,260006,61
,26,54,,206159,Stefano Sabelli,sep,260006,38
,26,54,,216816,Giovanni Simeone,sep,260006,76
,26,110556,,74485,Jeff Ekhator,sep,260006,59
,26,54,,264699,Kristjan Asllani,sep,260006,60
,26,1842,,248857,Mattia Felici,sep,260006,64
,26,206,,215363,Lorenzo Montipo,sep,260006,76
,26,1842,,272725,Matteo Prati,sep,260006,65
,26,1842,,73095,Riyad Idrissi,sep,260006,54
,26,1842,,254982,Michel Adopo,sep,260006,59
,26,206,,267681,Nicolas Valentini,sep,260006,32
,26,1842,,255303,Elia Caprile,sep,260006,76
,26,206,,273564,Gift Orban,sep,260006,79
,26,206,,80283,Giovane,sep,260006,67
,26,1842,,246877,Gianluca Gaetano,sep,260006,71
,26,206,,230065,Suat Serdar,sep,260006,70
,26,206,,212153,Roberto Gagliardini,sep,260006,61
,26,1842,,252942,Gennaro Borrelli,sep,260006,61
,26,52,,228251,Lorenzo Pellegrini,sep,260006,76
,26,111974,,233164,Arijanet Muric,sep,260006,72
,26,111974,,268511,Walid Cheddira,sep,260006,71
,26,52,,230872,Mile Svilar,sep,260006,82
,26,52,,80170,Wesley,sep,260006,60
,26,52,,224490,Zeki Celik,sep,260006,58
,26,111974,,235842,Andrea Pinamonti,sep,260006,76
,26,111974,,191202,Nemanja Matic,sep,260006,66
,26,111974,,264207,Ismael Kone,sep,260006,62
,26,111974,,242725,Kristian Thorstvedt,sep,260006,71
,26,52,,211110,Paulo Dybala,sep,260006,85
,26,52,,208268,Bryan Cristante,sep,260006,73
,26,52,,262745,Neil El Aynaoui,sep,260006,61
,26,111974,,243497,Sebastian Walukiewicz,sep,260006,37
,26,52,,232223,Kostas Tsimikas,sep,260006,55
,26,111974,,226108,Filippo Romagna,sep,260006,31
,26,111974,,263882,Alieu Fadera,sep,260006,63
,26,110374,,234112,Dodo,sep,260006,57
,26,189,,189908,Lukasz Skorupski,sep,260006,79
,26,110374,,248385,Roberto Piccoli,sep,260006,74
,26,110374,,236610,Moise Kean,sep,260006,81
,26,110374,,240777,Luca Ranieri,sep,260006,40
,26,110374,,238004,Albert Gudmundsson,sep,260006,78
,26,110374,,238370,Marin Pongracic,sep,260006,25
,26,110374,,180930,Edin Dzeko,sep,260006,81
,26,189,,271019,Giovanni Fabbian,sep,260006,71
,26,110374,,193080,David De Gea,sep,260006,85
,26,110374,,237499,Abdelhamid Sabiri,sep,260006,69
,26,189,,267861,Santiago Castro,sep,260006,75
,26,189,,268703,Nicolo Cambiaghi,sep,260006,71
,26,110374,,225439,Rolando Mandragora,sep,260006,73
,26,189,,240915,Juan Miranda,sep,260006,60
,26,110374,,223697,Robin Gosens,sep,260006,73
,26,45,,247246,Khephren Thuram,sep,260006,74
,26,46,,224987,Ivan Provedel,sep,260006,82
,26,45,,222077,Manuel Locatelli,sep,260006,68
,26,46,,189505,Pedro,sep,260006,73
,26,45,,198009,Mattia Perin,sep,260006,78
,26,46,,248729,Gustav Isaksen,sep,260006,71
,26,46,,220502,Mattia Zaccagni,sep,260006,77
,26,45,,277954,Kenan Yildiz,sep,260006,78
,26,45,,246430,Dusan Vlahovic,sep,260006,83
,26,46,,246242,Boulaye Dia,sep,260006,80
,26,45,,243630,Jonathan David,sep,260006,81
,26,46,,245275,Toma Basic,sep,260006,63
,26,46,,236496,Matteo Guendouzi,sep,260006,72
,26,46,,211361,Danilo Cataldi,sep,260006,71
,26,45,,240679,Teun Koopmeiners,sep,260006,78
,26,45,,261050,Francisco Conceicao,sep,260006,68
,26,45,,258966,Andrea Cambiaso,sep,260006,70
,26,45,,238744,Weston McKennie,sep,260006,71
,26,48,,217870,Giovanni Di Lorenzo,sep,260006,71
,26,347,,230107,Lassana Coulibaly,sep,260006,57
,26,48,,241390,Eljif Elmas,sep,260006,70
,26,48,,200752,Juan Jesus,sep,260006,31
,26,347,,279202,Francesco Camarda,sep,260006,66
,26,347,,275783,Kialonda Gaspar,sep,260006,30
,26,48,,216409,Matteo Politano,sep,260006,77
,26,48,,268474,Lorenzo Lucca,sep,260006,77
,26,48,,240716,Mathias Olivera,sep,260006,49
,26,39,,253177,Yunus Musah,sep,260006,68
,26,47,,215698,Mike Maignan,sep,260006,87
,26,39,,216150,Davide Zappacosta,sep,260006,72
,26,39,,260697,Isak Hien,sep,260006,36
,26,47,,245630,Youssouf Fofana,sep,260006,66
,26,47,,213666,Ruben Loftus-Cheek,sep,260006,74
,26,47,,242664,Alexis Saelemaekers,sep,260006,66
,26,39,,74574,Lorenzo Bernasconi,sep,260006,56
,26,47,,245152,Santiago Gimenez,sep,260006,79
,26,39,,74483,Honest Ahanor,sep,260006,42
,26,47,,253473,Samuele Ricci,sep,260006,59
,26,50,,268913,Alessandro Circati,sep,260006,35
,26,52,,242458,Artem Dovbyk,sep,260006,83
,26,50,,257972,Oliver Sorensen,sep,260006,67
,26,52,,229582,Gianluca Mancini,sep,260006,49
,26,52,,229668,Mario Hermoso,sep,260006,47
,26,52,,236403,Evan Ndicka,sep,260006,51
,26,52,,250723,Manu Kone,sep,260006,72
,26,50,,263229,Mateo Pellegrino,sep,260006,67
,26,50,,273884,Christian Ordonez,sep,260006,43
,26,206,,266585,Daniel Mosquera,sep,260006,71
,26,1745,,228349,Mergim Vojvoda,sep,260006,53
,26,206,,252000,Domagoj Bradaric,sep,260006,56
,26,206,,256453,Amin Sarr,sep,260006,69
,26,1745,,75055,Jesus Rodriguez,sep,260006,67
,26,1745,,246646,Maxence Caqueret,sep,260006,61
,26,206,,238009,Martin Frese,sep,260006,64
,26,1745,,223671,Stefan Posch,sep,260006,53
,26,1745,,273875,Alex Valle,sep,260006,55
,26,206,,235658,Victor Nelsson,sep,260006,42
,26,45,,235840,Michele Di Gregorio,sep,260006,81
,26,55,,220421,Hassane Kamara,sep,260006,60
,26,45,,266872,Federico Gatti,sep,260006,41
,26,45,,255654,Pierre Kalulu,sep,260006,52
,26,45,,243580,Lois Openda,sep,260006,81
,26,55,,70252,Saba Goglichidze,sep,260006,24
,26,45,,208574,Filip Kostic,sep,260006,75
,26,189,,269558,Benjamin Dominguez,sep,260006,66
,26,54,,241095,Nikola Vlasic,sep,260006,75
,26,189,,252440,Nadir Zortea,sep,260006,68
,26,189,,210381,Charalampos Lykogiannis,sep,260006,68
,26,189,,259748,Martin Vitik,sep,260006,37
,26,189,,212404,Federico Bernardeschi,sep,260006,75
,26,54,,226093,Che Adams,sep,260006,79
,26,110556,,276485,Patrizio Masini,sep,260006,54
,26,111434,,228413,Emil Audero,sep,260006,78
,26,110556,,263829,Vitinha,sep,260006,74
,26,110556,,242633,Morten Frendrup,sep,260006,58
,26,110556,,260653,Brooke Norton-Cuffy,sep,260006,43
,26,111434,,223137,Federico Bonazzoli,sep,260006,72
,26,110556,,238516,Leo Ostigard,sep,260006,37
,26,110556,,236295,Aaron Martin,sep,260006,53
,26,110556,,272602,Valentin Carboni,sep,260006,69
,26,111434,,257353,Warren Bondo,sep,260006,61
,26,111434,,205363,Matteo Bianchetti,sep,260006,34
,26,44,,226268,Federico Dimarco,sep,260006,78
,26,110374,,278340,Pietro Comuzzo,sep,260006,27
,26,110374,,266596,Jacopo Fazzini,sep,260006,66
,26,44,,276278,Petar Sucic,sep,260006,66
,26,44,,241736,Yann Bisseck,sep,260006,56
,26,111974,,248787,Luca Moro,sep,260007,66
,26,1842,,255303,Elia Caprile,sep,260007,76
,26,111974,,263882,Alieu Fadera,sep,260007,63
,26,111974,,265761,Cristian Volpato,sep,260007,66
,26,1842,,247888,Sebastiano Esposito,sep,260007,75
,26,111974,,233164,Arijanet Muric,sep,260007,72
,26,111974,,235842,Andrea Pinamonti,sep,260007,76
,26,1842,,252942,Gennaro Borrelli,sep,260007,61
,26,1842,,252964,Gabriele Zappa,sep,260007,60
,26,111974,,264207,Ismael Kone,sep,260007,62
,26,111974,,243593,Armand Lauriente,sep,260007,76
,26,1842,,278339,Marco Palestra,sep,260007,56
,26,111974,,242725,Kristian Thorstvedt,sep,260007,71
,26,1842,,254982,Michel Adopo,sep,260007,59
,26,1842,,272725,Matteo Prati,sep,260007,65
,26,46,,189505,Pedro,sep,260007,73
,26,110738,,244274,Adrian Semper,sep,260007,71
,26,46,,219985,Matias Vecino,sep,260007,72
,26,110738,,222959,Stefano Moreo,sep,260007,69
,26,46,,224987,Ivan Provedel,sep,260007,82
,26,110738,,233396,Idrissa Toure,sep,260007,61
,26,110738,,240452,M'bala Nzola,sep,260007,71
,26,46,,248729,Gustav Isaksen,sep,260007,71
,26,46,,211361,Danilo Cataldi,sep,260007,71
,26,110738,,240797,Matteo Tramoni,sep,260007,68
,26,110738,,193082,Juan Cuadrado,sep,260007,71
,26,46,,245275,Toma Basic,sep,260007,63
,26,46,,243237,Luca Pellegrini,sep,260007,53
,26,55,,229973,Jakub Piotrowski,sep,260007,62
,26,39,,252154,Marco Carnesecchi,sep,260007,84
,26,39,,247229,Raoul Bellanova,sep,260007,52
,26,55,,257288,Maduka Okoye,sep,260007,74
,26,55,,246832,Vakoun Issouf Bayo,sep,260007,68
,26,39,,277839,Nikola Krstovic,sep,260007,74
,26,55,,238067,Nicolo Zaniolo,sep,260007,74
,26,39,,226710,Gianluca Scamacca,sep,260007,80
,26,55,,214658,Jesper Karlstrom,sep,260007,57
,26,39,,266866,Ederson,sep,260007,70
,26,55,,220421,Hassane Kamara,sep,260007,60
,26,55,,272783,Arthur Atta,sep,260007,57
,26,39,,208165,Berat Djimsiti,sep,260007,37
,26,48,,243241,Alessandro Buongiorno,sep,260007,45
,26,1745,,225149,Jean Butez,sep,260007,76
,26,1745,,275324,Assane Diao,sep,260007,73
,26,48,,224836,Vanja Milinkovic-Savic,sep,260007,79
,26,48,,259399,Rasmus Hojlund,sep,260007,75
,26,48,,237238,Scott McTominay,sep,260007,81
,26,1745,,70966,Jacobo Ramon,sep,260007,21
,26,1745,,201153,Alvaro Morata,sep,260007,80
,26,1745,,77163,Ivan Smolcic,sep,260007,50
,26,48,,216409,Matteo Politano,sep,260007,77
,26,48,,261865,Miguel Gutierrez,sep,260007,69
,26,1745,,219693,Diego Carlos,sep,260007,45
,26,1745,,277846,Nico Paz,sep,260007,70
,26,48,,241390,Eljif Elmas,sep,260007,70
,26,1745,,246646,Maxence Caqueret,sep,260007,61
,26,48,,244263,Amir Rrahmani,sep,260007,50
,26,111434,,237502,Dennis Johnsen,sep,260007,69
,26,45,,235840,Michele Di Gregorio,sep,260007,81
,26,111434,,208830,Jamie Vardy,sep,260007,76
,26,45,,246430,Dusan Vlahovic,sep,260007,83
,26,111434,,228413,Emil Audero,sep,260007,78
,26,111434,,277118,Mikayil Faye,sep,260007,51
,26,111434,,207471,Franco Vazquez,sep,260007,77
,26,45,,261050,Francisco Conceicao,sep,260007,68
,26,45,,258966,Andrea Cambiaso,sep,260007,70
,26,45,,243580,Lois Openda,sep,260007,81
,26,45,,238744,Weston McKennie,sep,260007,71
,26,111434,,223137,Federico Bonazzoli,sep,260007,72
,26,111434,,217338,Jari Vandeputte,sep,260007,64
,26,111434,,275162,Tommaso Barbieri,sep,260007,44
,26,111434,,240970,Martin Payero,sep,260007,64
,26,45,,222077,Manuel Locatelli,sep,260007,68
,26,45,,208574,Filip Kostic,sep,260007,75
,26,206,,241937,Abdou Harroui,sep,260007,68
,26,44,,177683,Yann Sommer,sep,260007,87
,26,44,,238009,Martin Frese,sep,260007,64
,26,206,,215363,Lorenzo Montipo,sep,260007,76
,26,44,,239807,Davide Frattesi,sep,260007,75
,26,44,,224232,Nicolo Barella,sep,260007,78
,26,44,,277327,Francesco Pio Esposito,sep,260007,71
,26,44,,208128,Hakan Calhanoglu,sep,260007,80
,26,44,,231478,Lautaro Martinez,sep,260007,88
,26,44,,226268,Federico Dimarco,sep,260007,78
,26,206,,273564,Gift Orban,sep,260007,79
,26,206,,80283,Giovane,sep,260007,67
,26,44,,241736,Yann Bisseck,sep,260007,56
,26,44,,258648,Carlos Augusto,sep,260007,71
,26,44,,237383,Alessandro Bastoni,sep,260007,45
,26,206,,252000,Domagoj Bradaric,sep,260007,56
,26,206,,276314,Rafik Belghali,sep,260007,59
,26,44,,210406,Piotr Zielinski,sep,260007,76
,26,44,,259565,Ange-Yoan Bonny,sep,260007,74
,26,110374,,248385,Roberto Piccoli,sep,260007,74
,26,347,,210676,Wladimiro Falcone,sep,260007,81
,26,110374,,244634,Simon Sohm,sep,260007,67
,26,110374,,238370,Marin Pongracic,sep,260007,25
,26,110374,,234112,Dodo,sep,260007,57
,26,110374,,236610,Moise Kean,sep,260007,81
,26,110374,,238004,Albert Gudmundsson,sep,260007,78
,26,347,,230107,Lassana Coulibaly,sep,260007,57
,26,110374,,193080,David De Gea,sep,260007,85
,26,347,,239671,Tete Morente,sep,260007,67
,26,347,,271198,Medon Berisha,sep,260007,58
,26,347,,271197,Lameck Banda,sep,260007,65
,26,347,,275783,Kialonda Gaspar,sep,260007,30
,26,110374,,240777,Luca Ranieri,sep,260007,40
,26,110374,,180930,Edin Dzeko,sep,260007,81
,26,347,,243787,Ylber Ramadani,sep,260007,56
,26,110374,,72180,Niccolo Fortini,sep,260007,54
,26,54,,246457,Cyril Ngonge,sep,260007,71
,26,54,,273883,Cesare Casadei,sep,260007,69
,26,54,,215333,Duvan Zapata,sep,260007,80
,26,110738,,70471,Ebenezer Akinsanmiro,sep,260007,66
,26,54,,235740,Alberto Paleari,sep,260007,68
,26,110738,,229574,Arturo Calabresi,sep,260007,30
,26,110738,,236898,Michel Aebischer,sep,260007,66
,26,54,,273932,Gvidas Gineitis,sep,260007,57
,26,110738,,277309,Henrik Wendel Meister,sep,260007,64
,26,54,,258782,Ardian Ismajli,sep,260007,30
,26,54,,265650,Saul Coco,sep,260007,56
,26,110738,,240660,Mehdi Leris,sep,260007,61
,26,54,,226093,Che Adams,sep,260007,79
,26,54,,216816,Giovanni Simeone,sep,260007,76
,26,189,,240915,Juan Miranda,sep,260007,60
,26,50,,255981,Zion Suzuki,sep,260007,74
,26,189,,268703,Nicolo Cambiaghi,sep,260007,71
,26,189,,252021,Thijs Dallinga,sep,260007,75
,26,50,,257972,Oliver Sorensen,sep,260007,67
,26,189,,189908,Lukasz Skorupski,sep,260007,79
,26,189,,267861,Santiago Castro,sep,260007,75
,26,189,,252060,Tommaso Pobega,sep,260007,75
,26,50,,243154,Adrian Benedyczak,sep,260007,69
,26,50,,252442,Enrico Delprato,sep,260007,53
,26,189,,234671,Jens Odgaard,sep,260007,76
,26,189,,266500,Jonathan Rowe,sep,260007,71
,26,189,,233556,Riccardo Orsolini,sep,260007,81
,26,50,,75647,Sascha Britschgi,sep,260007,26
,26,50,,252794,Adrian Bernabe,sep,260007,70
,26,52,,236403,Evan Ndicka,sep,260007,51
,26,47,,215698,Mike Maignan,sep,260007,87
,26,52,,211110,Paulo Dybala,sep,260007,85
,26,52,,228251,Lorenzo Pellegrini,sep,260007,76
,26,47,,278237,Davide Bartesaghi,sep,260007,42
,26,52,,230872,Mile Svilar,sep,260007,82
,26,52,,229906,Leon Bailey,sep,260007,74
,26,52,,224490,Zeki Celik,sep,260007,58
,26,47,,241721,Rafael Leao,sep,260007,78
,26,47,,253473,Samuele Ricci,sep,260007,59
,26,52,,229668,Mario Hermoso,sep,260007,47
,26,52,,208268,Bryan Cristante,sep,260007,73
,26,47,,232411,Christopher Nkunku,sep,260007,78
,26,47,,245630,Youssouf Fofana,sep,260007,66
,26,47,,254840,Strahinja Pavlovic,sep,260007,42
,26,47,,240277,Matteo Gabbia,sep,260007,35
,26,52,,265695,Matias Soule,sep,260007,73
,26,52,,262745,Neil El Aynaoui,sep,260007,61
,26,52,,80170,Wesley,sep,260007,60
,26,110556,,238516,Leo Ostigard,sep,260007,37
,26,110556,,240938,Junior Messias,sep,260007,72
,26,110556,,244349,Johan Vasquez,sep,260007,32
,26,110556,,239795,Caleb Ekuban,sep,260007,69
,26,110556,,256899,Lorenzo Colombo,sep,260007,74
,26,111974,,262027,Tarik Muharemovic,sep,260007,22
,26,110556,,201299,Nicola Leali,sep,260007,71
,26,111974,,210935,Domenico Berardi,sep,260007,80
,26,110556,,260653,Brooke Norton-Cuffy,sep,260007,43
,26,110556,,263829,Vitinha,sep,260007,74
,26,110556,,231969,Ruslan Malinovskyi,sep,260007,78
,26,46,,220502,Mattia Zaccagni,sep,260007,77
,26,1842,,248857,Mattia Felici,sep,260007,64
,26,1842,,205850,Leonardo Pavoletti,sep,260007,67
,26,1842,,220523,Yerry Mina,sep,260007,49
,26,1842,,246877,Gianluca Gaetano,sep,260007,71
,26,1842,,268683,Michael Folorunsho,sep,260007,75
,26,1842,,220534,Sebastiano Luperto,sep,260007,47
,26,46,,224031,Adam Marusic,sep,260007,66
,26,110738,,264480,Simone Canestrelli,sep,260007,44
,26,111434,,268573,Federico Baschirotto,sep,260007,52
,26,111434,,257353,Warren Bondo,sep,260007,61
,26,110738,,199174,Antonio Caracciolo,sep,260007,31
,26,110738,,71296,Isak Vural,sep,260007,56
,26,1842,,259011,Zito Luvumbo,sep,260007,69
,26,1745,,75055,Jesus Rodriguez,sep,260007,67
,26,1745,,273875,Alex Valle,sep,260007,55
,26,1745,,279239,Jayden Addai,sep,260007,61
,26,347,,279202,Francesco Camarda,sep,260007,66
,26,347,,246431,Riccardo Sottil,sep,260007,65
,26,347,,70555,Tiago Gabriel,sep,260007,33
,26,347,,273915,Nikola Stulic,sep,260007,75
,26,45,,277954,Kenan Yildiz,sep,260007,78
,26,45,,239763,Edon Zhegrova,sep,260007,70
,26,45,,266872,Federico Gatti,sep,260007,41
,26,45,,243630,Jonathan David,sep,260007,81
,26,54,,264699,Kristjan Asllani,sep,260007,60
,26,45,,247246,Khephren Thuram,sep,260007,74
,26,47,,177003,Luka Modric,sep,260007,74
,26,47,,242664,Alexis Saelemaekers,sep,260007,66
,26,50,,261539,Mandela Keita,sep,260007,55
,26,47,,227796,Christian Pulisic,sep,260007,82
,26,50,,263229,Mateo Pellegrino,sep,260007,67
,26,50,,259150,Abdoulaye Ndiaye,sep,260007,31
,26,50,,237715,Patrick Cutrone,sep,260007,73
,26,39,,262113,Nicola Zalewski,sep,260007,64
,26,39,,230899,Ademola Lookman,sep,260007,83
,26,111974,,256856,Fali Cande,sep,260007,55
,26,39,,216150,Davide Zappacosta,sep,260007,72
,26,39,,256115,Lazar Samardzic,sep,260007,71
,26,39,,223273,Mario Pasalic,sep,260007,77
,26,111974,,191202,Nemanja Matic,sep,260007,66
,26,189,,212404,Federico Bernardeschi,sep,260007,75
,26,189,,231207,Jhon Lucumi,sep,260007,36
,26,110556,,276485,Patrizio Masini,sep,260007,54
,26,110556,,222475,Morten Thorsby,sep,260007,61
,26,110556,,276477,Alessandro Marcandalli,sep,260007,40
,26,110374,,206654,Pablo Mari,sep,260007,39
,26,55,,231743,Keinan Davis,sep,260007,70
,26,52,,190813,Stephan El Shaarawy,sep,260007,75
,26,52,,269312,Tommaso Baldanzi,sep,260007,71
,26,55,,224438,Adam Buksa,sep,260007,73
,26,52,,242458,Artem Dovbyk,sep,260007,83
,26,52,,250723,Manu Kone,sep,260007,72
,26,46,,264257,Tijjani Noslin,sep,260007,73
,26,46,,268804,Mario Gila,sep,260007,53
,26,46,,236496,Matteo Guendouzi,sep,260007,72
,26,44,,229237,Manuel Akanji,sep,260007,47
,26,44,,276278,Petar Sucic,sep,260007,66
,26,1842,,246877,Gianluca Gaetano,sep,260008,71
,26,110556,,201299,Nicola Leali,sep,260008,72
,26,1842,,220523,Yerry Mina,sep,260008,49
,26,110556,,272602,Valentin Carboni,sep,260008,69
,26,1842,,255303,Elia Caprile,sep,260008,77
,26,110556,,236295,Aaron Martin,sep,260008,53
,26,1842,,252942,Gennaro Borrelli,sep,260008,63
,26,110556,,244349,Johan Vasquez,sep,260008,32
,26,110556,,256899,Lorenzo Colombo,sep,260008,74
,26,1842,,272725,Matteo Prati,sep,260008,67
,26,1842,,247888,Sebastiano Esposito,sep,260008,75
,26,110556,,238516,Leo Ostigard,sep,260008,37
,26,110556,,263829,Vitinha,sep,260008,73
,26,110556,,260653,Brooke Norton-Cuffy,sep,260008,43
,26,110556,,231969,Ruslan Malinovskyi,sep,260008,78
,26,1842,,229743,Alessandro Deiola,sep,260008,66
,26,189,,212404,Federico Bernardeschi,sep,260008,73
,26,55,,257288,Maduka Okoye,sep,260008,74
,26,55,,246832,Vakoun Issouf Bayo,sep,260008,68
,26,189,,240657,Federico Ravaglia,sep,260008,70
,26,55,,271475,Nicolo Bertola,sep,260008,32
,26,189,,269558,Benjamin Dominguez,sep,260008,66
,26,189,,252440,Nadir Zortea,sep,260008,68
,26,55,,229973,Jakub Piotrowski,sep,260008,62
,26,189,,271019,Giovanni Fabbian,sep,260008,69
,26,55,,243249,Jurgen Ekkelenkamp,sep,260008,68
,26,189,,252060,Tommaso Pobega,sep,260008,75
,26,55,,272783,Arthur Atta,sep,260008,65
,26,55,,238067,Nicolo Zaniolo,sep,260008,74
,26,189,,233556,Riccardo Orsolini,sep,260008,82
,26,55,,220421,Hassane Kamara,sep,260008,60
,26,55,,231743,Keinan Davis,sep,260008,70
,26,45,,255654,Pierre Kalulu,sep,260008,52
,26,110374,,193080,David De Gea,sep,260008,85
,26,45,,261050,Francisco Conceicao,sep,260008,72
,26,45,,240679,Teun Koopmeiners,sep,260008,78
,26,45,,238744,Weston McKennie,sep,260008,71
,26,45,,222077,Manuel Locatelli,sep,260008,68
,26,45,,268802,Fabio Miretti,sep,260008,60
,26,45,,246430,Dusan Vlahovic,sep,260008,82
,26,110374,,236610,Moise Kean,sep,260008,81
,26,45,,235840,Michele Di Gregorio,sep,260008,81
,26,45,,247246,Khephren Thuram,sep,260008,74
,26,110374,,72180,Niccolo Fortini,sep,260008,54
,26,45,,277954,Kenan Yildiz,sep,260008,78
,26,110374,,258976,Fabiano Parisi,sep,260008,66
,26,110374,,225439,Rolando Mandragora,sep,260008,73
,26,110374,,248385,Roberto Piccoli,sep,260008,74
,26,45,,208574,Filip Kostic,sep,260008,75
,26,45,,258966,Andrea Cambiaso,sep,260008,70
,26,39,,262113,Nicola Zalewski,sep,260008,64
,26,48,,224836,Vanja Milinkovic-Savic,sep,260008,79
,26,48,,268474,Lorenzo Lucca,sep,260008,77
,26,39,,252154,Marco Carnesecchi,sep,260008,84
,26,48,,216409,Matteo Politano,sep,260008,77
,26,48,,217870,Giovanni Di Lorenzo,sep,260008,71
,26,39,,226710,Gianluca Scamacca,sep,260008,80
,26,39,,230899,Ademola Lookman,sep,260008,83
,26,39,,208165,Berat Djimsiti,sep,260008,37
,26,39,,247229,Raoul Bellanova,sep,260008,52
,26,39,,251470,Charles De Ketelaere,sep,260008,78
,26,39,,216150,Davide Zappacosta,sep,260008,72
,26,48,,237238,Scott McTominay,sep,260008,81
,26,48,,239380,Noa Lang,sep,260008,77
,26,48,,236632,David Neres,sep,260008,75
,26,39,,223273,Mario Pasalic,sep,260008,77
,26,50,,263229,Mateo Pellegrino,sep,260008,68
,26,206,,215363,Lorenzo Montipo,sep,260008,76
,26,206,,266585,Daniel Mosquera,sep,260008,71
,26,50,,271385,Edoardo Corvi,sep,260008,65
,26,50,,246164,Lautaro Valenti,sep,260008,51
,26,206,,238009,Martin Frese,sep,260008,64
,26,206,,80283,Giovane,sep,260008,67
,26,50,,252794,Adrian Bernabe,sep,260008,70
,26,50,,237715,Patrick Cutrone,sep,260008,73
,26,206,,273564,Gift Orban,sep,260008,79
,26,50,,261539,Mandela Keita,sep,260008,55
,26,50,,257972,Oliver Sorensen,sep,260008,66
,26,206,,234795,Antoine Bernede,sep,260008,65
,26,206,,205343,Jean Daniel Akpa-Akpro,sep,260008,67
,26,111434,,74448,Francesco Folino,sep,260008,35
,26,52,,230872,Mile Svilar,sep,260008,83
,26,52,,224490,Zeki Celik,sep,260008,58
,26,111434,,228413,Emil Audero,sep,260008,78
,26,111434,,207471,Franco Vazquez,sep,260008,77
,26,52,,250723,Manu Kone,sep,260008,72
,26,52,,80170,Wesley,sep,260008,60
,26,111434,,223137,Federico Bonazzoli,sep,260008,75
,26,52,,259608,Evan Ferguson,sep,260008,74
,26,52,,265695,Matias Soule,sep,260008,74
,26,52,,229582,Gianluca Mancini,sep,260008,49
,26,111434,,275162,Tommaso Barbieri,sep,260008,44
,26,52,,269312,Tommaso Baldanzi,sep,260008,71
,26,52,,228251,Lorenzo Pellegrini,sep,260008,76
,26,111434,,217338,Jari Vandeputte,sep,260008,64
,26,111434,,240970,Martin Payero,sep,260008,64
,26,52,,208268,Bryan Cristante,sep,260008,73
,26,46,,264257,Tijjani Noslin,sep,260008,73
,26,347,,210676,Wladimiro Falcone,sep,260008,82
,26,347,,263469,Mohamed Kaba,sep,260008,51
,26,46,,224987,Ivan Provedel,sep,260008,82
,26,46,,245275,Toma Basic,sep,260008,63
,26,347,,271197,Lameck Banda,sep,260008,65
,26,46,,220502,Mattia Zaccagni,sep,260008,77
,26,46,,236496,Matteo Guendouzi,sep,260008,72
,26,347,,70555,Tiago Gabriel,sep,260008,33
,26,347,,253139,Santiago Pierotti,sep,260008,67
,26,46,,248729,Gustav Isaksen,sep,260008,71
,26,46,,224031,Adam Marusic,sep,260008,66
,26,347,,275783,Kialonda Gaspar,sep,260008,30
,26,46,,246242,Boulaye Dia,sep,260008,80
,26,44,,228093,Marcus Thuram,sep,260008,82
,26,47,,215698,Mike Maignan,sep,260008,87
,26,44,,259565,Ange-Yoan Bonny,sep,260008,75
,26,44,,268534,Andy Diouf,sep,260008,67
,26,44,,199845,Francesco Acerbi,sep,260008,50
,26,44,,226268,Federico Dimarco,sep,260008,78
,26,44,,208128,Hakan Calhanoglu,sep,260008,80
,26,47,,245630,Youssouf Fofana,sep,260008,66
,26,44,,177683,Yann Sommer,sep,260008,87
,26,44,,237383,Alessandro Bastoni,sep,260008,46
,26,47,,227796,Christian Pulisic,sep,260008,82
,26,47,,242664,Alexis Saelemaekers,sep,260008,66
,26,44,,224232,Nicolo Barella,sep,260008,78
,26,44,,231478,Lautaro Martinez,sep,260008,88
,26,44,,258648,Carlos Augusto,sep,260008,71
,26,47,,278237,Davide Bartesaghi,sep,260008,42
,26,44,,276278,Petar Sucic,sep,260008,68
,26,44,,229237,Manuel Akanji,sep,260008,47
,26,1745,,262842,Martin Baturina,sep,260008,70
,26,54,,235740,Alberto Paleari,sep,260008,68
,26,54,,70480,Alieu Njie,sep,260008,64
,26,1745,,225149,Jean Butez,sep,260008,76
,26,1745,,277846,Nico Paz,sep,260008,70
,26,54,,264699,Kristjan Asllani,sep,260008,60
,26,54,,241095,Nikola Vlasic,sep,260008,75
,26,1745,,70966,Jacobo Ramon,sep,260008,21
,26,1745,,228349,Mergim Vojvoda,sep,260008,53
,26,1745,,75055,Jesus Rodriguez,sep,260008,67
,26,1745,,279239,Jayden Addai,sep,260008,61
,26,54,,215333,Duvan Zapata,sep,260008,80
,26,54,,273883,Cesare Casadei,sep,260008,69
,26,1745,,254579,Lucas Da Cunha,sep,260008,71
,26,1745,,201153,Alvaro Morata,sep,260008,79
,26,54,,213242,Adrien Tameze,sep,260008,64
,26,1745,,77163,Ivan Smolcic,sep,260008,50
,26,111974,,242725,Kristian Thorstvedt,sep,260008,71
,26,110738,,244274,Adrian Semper,sep,260008,71
,26,111974,,255561,Josh Doig,sep,260008,61
,26,111974,,235842,Andrea Pinamonti,sep,260008,76
,26,111974,,210935,Domenico Berardi,sep,260008,80
,26,110738,,277309,Henrik Wendel Meister,sep,260008,64
,26,111974,,233164,Arijanet Muric,sep,260008,73
,26,111974,,251335,Woyo Coulibaly,sep,260008,51
,26,111974,,264207,Ismael Kone,sep,260008,62
,26,111974,,243593,Armand Lauriente,sep,260008,76
,26,110738,,240660,Mehdi Leris,sep,260008,61
,26,111974,,256856,Fali Cande,sep,260008,55
,26,111974,,263882,Alieu Fadera,sep,260008,63
,26,110738,,199174,Antonio Caracciolo,sep,260008,31
,26,111974,,262027,Tarik Muharemovic,sep,260008,22
,26,110738,,240797,Matteo Tramoni,sep,260008,68
,26,110738,,268790,Gabriele Piccinini,sep,260008,57
,26,111974,,191202,Nemanja Matic,sep,260008,66
,26,110738,,240452,M'bala Nzola,sep,260008,71
,26,1745,,277846,Nico Paz,sep,260009,70
,26,111974,,233164,Arijanet Muric,sep,260009,73
,26,111974,,262027,Tarik Muharemovic,sep,260009,22
,26,1745,,225149,Jean Butez,sep,260009,76
,26,1745,,239977,Nicolas-Gerrit Kuhn,sep,260009,72
,26,1745,,254579,Lucas Da Cunha,sep,260009,71
,26,1745,,267991,Maximo Perrone,sep,260009,54
,26,111974,,265761,Cristian Volpato,sep,260009,66
,26,111974,,248787,Luca Moro,sep,260009,66
,26,111974,,235842,Andrea Pinamonti,sep,260009,76
,26,1745,,261478,Anastasios Douvikas,sep,260009,71
,26,1745,,205566,Alberto Moreno,sep,260009,67
,26,111974,,243593,Armand Lauriente,sep,260009,76
,26,111974,,191202,Nemanja Matic,sep,260009,66
,26,1745,,279239,Jayden Addai,sep,260009,61
,26,1745,,75055,Jesus Rodriguez,sep,260009,67
,26,111974,,210935,Domenico Berardi,sep,260009,80
,26,206,,80283,Giovane,sep,260009,67
,26,110556,,201299,Nicola Leali,sep,260009,72
,26,206,,262930,Daniel Oyegoke,sep,260009,41
,26,206,,252308,Moatasem Al-Musrati,sep,260009,65
,26,206,,273564,Gift Orban,sep,260009,79
,26,206,,212153,Roberto Gagliardini,sep,260009,61
,26,206,,238009,Martin Frese,sep,260009,64
,26,110556,,231969,Ruslan Malinovskyi,sep,260009,78
,26,206,,215363,Lorenzo Montipo,sep,260009,76
,26,110556,,276485,Patrizio Masini,sep,260009,54
,26,110556,,276477,Alessandro Marcandalli,sep,260009,40
,26,110556,,238516,Leo Ostigard,sep,260009,37
,26,110556,,264436,Mikael Ellertsson,sep,260009,69
,26,110556,,222475,Morten Thorsby,sep,260009,61
,26,206,,266585,Daniel Mosquera,sep,260009,71
,26,110556,,256899,Lorenzo Colombo,sep,260009,74
,26,110556,,263829,Vitinha,sep,260009,73
,26,206,,276314,Rafik Belghali,sep,260009,61
,26,206,,252000,Domagoj Bradaric,sep,260009,56
,26,50,,240992,Nahuel Estevez,sep,260009,69
,26,55,,257288,Maduka Okoye,sep,260009,74
,26,50,,264294,Mathias Lovik,sep,260009,37
,26,50,,255460,Jacob Ondrejka,sep,260009,72
,26,50,,243154,Adrian Benedyczak,sep,260009,69
,26,55,,224438,Adam Buksa,sep,260009,73
,26,50,,271385,Edoardo Corvi,sep,260009,65
,26,55,,229973,Jakub Piotrowski,sep,260009,62
,26,55,,214658,Jesper Karlstrom,sep,260009,57
,26,55,,238067,Nicolo Zaniolo,sep,260009,74
,26,50,,263229,Mateo Pellegrino,sep,260009,68
,26,55,,231743,Keinan Davis,sep,260009,70
,26,50,,75647,Sascha Britschgi,sep,260009,26
,26,50,,258714,Emanuele Valeri,sep,260009,70
,26,55,,242238,Oumar Solet,sep,260009,41
,26,55,,272783,Arthur Atta,sep,260009,65
,26,50,,261539,Mandela Keita,sep,260009,55
,26,50,,237715,Patrick Cutrone,sep,260009,73
,26,45,,258966,Andrea Cambiaso,sep,260009,70
,26,1842,,255303,Elia Caprile,sep,260009,77
,26,1842,,248857,Mattia Felici,sep,260009,66
,26,45,,198009,Mattia Perin,sep,260009,78
,26,45,,261050,Francisco Conceicao,sep,260009,72
,26,1842,,73095,Riyad Idrissi,sep,260009,55
,26,45,,240679,Teun Koopmeiners,sep,260009,78
,26,1842,,268683,Michael Folorunsho,sep,260009,75
,26,45,,277954,Kenan Yildiz,sep,260009,78
,26,45,,238744,Weston McKennie,sep,260009,71
,26,45,,246430,Dusan Vlahovic,sep,260009,82
,26,1842,,247888,Sebastiano Esposito,sep,260009,75
,26,1842,,278339,Marco Palestra,sep,260009,55
,26,46,,224031,Adam Marusic,sep,260009,66
,26,47,,215698,Mike Maignan,sep,260009,87
,26,47,,254840,Strahinja Pavlovic,sep,260009,42
,26,46,,224987,Ivan Provedel,sep,260009,82
,26,46,,245275,Toma Basic,sep,260009,63
,26,47,,241721,Rafael Leao,sep,260009,78
,26,46,,258890,Fisayo Dele-Bashiru,sep,260009,71
,26,47,,242664,Alexis Saelemaekers,sep,260009,66
,26,47,,278237,Davide Bartesaghi,sep,260009,42
,26,46,,237712,Valentin Castellanos,sep,260009,79
,26,47,,213666,Ruben Loftus-Cheek,sep,260009,74
,26,46,,248729,Gustav Isaksen,sep,260009,71
,26,47,,245630,Youssouf Fofana,sep,260009,66
,26,47,,210008,Adrien Rabiot,sep,260009,78
,26,46,,220502,Mattia Zaccagni,sep,260009,77
,26,47,,232756,Fikayo Tomori,sep,260009,39
,26,47,,240277,Matteo Gabbia,sep,260009,35
,26,46,,268804,Mario Gila,sep,260009,53
,26,347,,239671,Tete Morente,sep,260009,67
,26,54,,270141,Franco Israel,sep,260009,75
,26,54,,264699,Kristjan Asllani,sep,260009,60
,26,347,,210676,Wladimiro Falcone,sep,260009,82
,26,347,,246431,Riccardo Sottil,sep,260009,65
,26,347,,275783,Kialonda Gaspar,sep,260009,30
,26,54,,255150,Niels Nkounkou,sep,260009,47
,26,54,,226093,Che Adams,sep,260009,79
,26,54,,273883,Cesare Casadei,sep,260009,69
,26,347,,273915,Nikola Stulic,sep,260009,74
,26,54,,215333,Duvan Zapata,sep,260009,80
,26,54,,243481,Marcus Pedersen,sep,260009,47
,26,54,,265650,Saul Coco,sep,260009,56
,26,347,,271197,Lameck Banda,sep,260009,65
,26,347,,230107,Lassana Coulibaly,sep,260009,57
,26,347,,271198,Medon Berisha,sep,260009,58
,26,44,,231478,Lautaro Martinez,sep,260009,88
,26,110738,,220048,Simone Scuffet,sep,260009,72
,26,110738,,240452,M'bala Nzola,sep,260009,71
,26,44,,177683,Yann Sommer,sep,260009,87
,26,110738,,268790,Gabriele Piccinini,sep,260009,57
,26,44,,226268,Federico Dimarco,sep,260009,78
,26,44,,224232,Nicolo Barella,sep,260009,78
,26,110738,,277309,Henrik Wendel Meister,sep,260009,64
,26,44,,228093,Marcus Thuram,sep,260009,82
,26,44,,210406,Piotr Zielinski,sep,260009,76
,26,110738,,233396,Idrissa Toure,sep,260009,61
,26,44,,276278,Petar Sucic,sep,260009,68
,26,110738,,199174,Antonio Caracciolo,sep,260009,31
,26,44,,208128,Hakan Calhanoglu,sep,260009,80
,26,110374,,262236,Amir Richardson,sep,260009,63
,26,39,,252154,Marco Carnesecchi,sep,260009,84
,26,39,,277839,Nikola Krstovic,sep,260009,74
,26,110374,,193080,David De Gea,sep,260009,85
,26,39,,262113,Nicola Zalewski,sep,260009,64
,26,110374,,225439,Rolando Mandragora,sep,260009,73
,26,110374,,236610,Moise Kean,sep,260009,81
,26,39,,266866,Ederson,sep,260009,70
,26,110374,,234112,Dodo,sep,260009,57
,26,110374,,258976,Fabiano Parisi,sep,260009,66
,26,39,,226710,Gianluca Scamacca,sep,260009,80
,26,39,,208461,Marten de Roon,sep,260009,73
,26,39,,230899,Ademola Lookman,sep,260009,83
,26,39,,251470,Charles De Ketelaere,sep,260009,78
,26,39,,246875,Odilon Kossounou,sep,260009,31
,26,39,,208165,Berat Djimsiti,sep,260009,37
,26,110374,,248385,Roberto Piccoli,sep,260009,74
,26,39,,216150,Davide Zappacosta,sep,260009,72
,26,110374,,244634,Simon Sohm,sep,260009,67
,26,52,,229668,Mario Hermoso,sep,260009,47
,26,48,,224836,Vanja Milinkovic-Savic,sep,260009,79
,26,52,,269312,Tommaso Baldanzi,sep,260009,71
,26,52,,228251,Lorenzo Pellegrini,sep,260009,76
,26,48,,216409,Matteo Politano,sep,260009,77
,26,52,,230872,Mile Svilar,sep,260009,83
,26,52,,224490,Zeki Celik,sep,260009,58
,26,48,,237238,Scott McTominay,sep,260009,81
,26,52,,265695,Matias Soule,sep,260009,74
,26,48,,236632,David Neres,sep,260009,75
,26,52,,259608,Evan Ferguson,sep,260009,74
,26,52,,229582,Gianluca Mancini,sep,260009,49
,26,48,,217870,Giovanni Di Lorenzo,sep,260009,71
,26,48,,259399,Rasmus Hojlund,sep,260009,76
,26,48,,239380,Noa Lang,sep,260009,77
,26,189,,252060,Tommaso Pobega,sep,260009,75
,26,111434,,228413,Emil Audero,sep,260009,78
,26,189,,231207,Jhon Lucumi,sep,260009,36
,26,189,,252021,Thijs Dallinga,sep,260009,75
,26,189,,246656,Emil Holm,sep,260009,60
,26,189,,267861,Santiago Castro,sep,260009,75
,26,111434,,271579,Filippo Terracciano,sep,260009,60
,26,189,,240657,Federico Ravaglia,sep,260009,70
,26,189,,233556,Riccardo Orsolini,sep,260009,82
,26,189,,268703,Nicolo Cambiaghi,sep,260009,71
,26,111434,,240970,Martin Payero,sep,260009,64
,26,111434,,208830,Jamie Vardy,sep,260009,76
,26,111434,,275162,Tommaso Barbieri,sep,260009,44
,26,189,,239770,Nicolo Casale,sep,260009,52
,26,189,,234671,Jens Odgaard,sep,260009,76
,26,189,,269558,Benjamin Dominguez,sep,260009,66
,26,110374,,72180,Niccolo Fortini,sep,260010,54
,26,111974,,233164,Arijanet Muric,sep,260010,73
,26,110374,,276682,Cher Ndour,sep,260010,61
,26,111974,,264207,Ismael Kone,sep,260010,62
,26,110374,,193080,David De Gea,sep,260010,85
,26,111974,,268511,Walid Cheddira,sep,260010,71
,26,110374,,206654,Pablo Mari,sep,260010,39
,26,110374,,236610,Moise Kean,sep,260010,81
,26,111974,,262027,Tarik Muharemovic,sep,260010,22
,26,111974,,243593,Armand Lauriente,sep,260010,76
,26,110374,,225439,Rolando Mandragora,sep,260010,73
,26,111974,,235842,Andrea Pinamonti,sep,260010,76
,26,111974,,265761,Cristian Volpato,sep,260010,66
,26,1745,,254579,Lucas Da Cunha,sep,260010,71
,26,44,,177683,Yann Sommer,sep,260010,87
,26,44,,258648,Carlos Augusto,sep,260010,71
,26,1745,,225149,Jean Butez,sep,260010,76
,26,1745,,70966,Jacobo Ramon,sep,260010,21
,26,44,,208128,Hakan Calhanoglu,sep,260010,80
,26,1745,,75055,Jesus Rodriguez,sep,260010,67
,26,44,,231478,Lautaro Martinez,sep,260010,88
,26,1745,,275324,Assane Diao,sep,260010,73
,26,1745,,277846,Nico Paz,sep,260010,70
,26,44,,256632,Luis Henrique,sep,260010,72
,26,1745,,261478,Anastasios Douvikas,sep,260010,71
,26,44,,228093,Marcus Thuram,sep,260010,82
,26,1745,,267991,Maximo Perrone,sep,260010,54
,26,1745,,273875,Alex Valle,sep,260010,55
,26,44,,224232,Nicolo Barella,sep,260010,78
,26,206,,241937,Abdou Harroui,sep,260010,68
,26,39,,252154,Marco Carnesecchi,sep,260010,84
,26,206,,247497,Armel Bella-Kotchap,sep,260010,25
,26,39,,226710,Gianluca Scamacca,sep,260010,80
,26,206,,215363,Lorenzo Montipo,sep,260010,76
,26,206,,266585,Daniel Mosquera,sep,260010,71
,26,206,,234795,Antoine Bernede,sep,260010,65
,26,206,,238009,Martin Frese,sep,260010,64
,26,39,,251470,Charles De Ketelaere,sep,260010,78
,26,39,,266866,Ederson,sep,260010,70
,26,39,,277839,Nikola Krstovic,sep,260010,74
,26,206,,80283,Giovane,sep,260010,67
,26,206,,276314,Rafik Belghali,sep,260010,61
,26,39,,230899,Ademola Lookman,sep,260010,83
,26,206,,248661,Cheikh Niasse,sep,260010,43
,26,39,,260697,Isak Hien,sep,260010,36
,26,39,,247229,Raoul Bellanova,sep,260010,52
,26,206,,252308,Moatasem Al-Musrati,sep,260010,65
,26,347,,247668,N'Dri Konan,sep,260010,65
,26,111434,,228413,Emil Audero,sep,260010,78
,26,111434,,219932,Antonio Sanabria,sep,260010,74
,26,347,,210676,Wladimiro Falcone,sep,260010,82
,26,111434,,237669,Alessio Zerbin,sep,260010,66
,26,111434,,205363,Matteo Bianchetti,sep,260010,34
,26,347,,279202,Francesco Camarda,sep,260010,66
,26,347,,271198,Medon Berisha,sep,260010,58
,26,111434,,240970,Martin Payero,sep,260010,64
,26,111434,,223137,Federico Bonazzoli,sep,260010,75
,26,111434,,271579,Filippo Terracciano,sep,260010,60
,26,347,,253139,Santiago Pierotti,sep,260010,67
,26,347,,230107,Lassana Coulibaly,sep,260010,57
,26,347,,273915,Nikola Stulic,sep,260010,74
,26,1842,,246877,Gianluca Gaetano,sep,260010,71
,26,52,,230872,Mile Svilar,sep,260010,83
,26,1842,,278339,Marco Palestra,sep,260010,55
,26,1842,,247888,Sebastiano Esposito,sep,260010,75
,26,1842,,252964,Gabriele Zappa,sep,260010,60
,26,1842,,268683,Michael Folorunsho,sep,260010,75
,26,1842,,229743,Alessandro Deiola,sep,260010,66
,26,1842,,266636,Adam Obert,sep,260010,49
,26,52,,228251,Lorenzo Pellegrini,sep,260010,76
,26,1842,,255303,Elia Caprile,sep,260010,77
,26,52,,265695,Matias Soule,sep,260010,74
,26,52,,224490,Zeki Celik,sep,260010,58
,26,1842,,252942,Gennaro Borrelli,sep,260010,63
,26,52,,269312,Tommaso Baldanzi,sep,260010,71
,26,1842,,254982,Michel Adopo,sep,260010,59
,26,189,,242280,Lewis Ferguson,sep,260010,77
,26,46,,224987,Ivan Provedel,sep,260010,82
,26,46,,263929,Matteo Cancellieri,sep,260010,71
,26,189,,240657,Federico Ravaglia,sep,260010,70
,26,46,,245275,Toma Basic,sep,260010,63
,26,46,,264257,Tijjani Noslin,sep,260010,73
,26,46,,236496,Matteo Guendouzi,sep,260010,72
,26,189,,267861,Santiago Castro,sep,260010,75
,26,189,,240915,Juan Miranda,sep,260010,60
,26,189,,234671,Jens Odgaard,sep,260010,76
,26,46,,224031,Adam Marusic,sep,260010,66
,26,46,,268804,Mario Gila,sep,260010,53
,26,46,,237712,Valentin Castellanos,sep,260010,79
,26,189,,252440,Nadir Zortea,sep,260010,68
,26,46,,248729,Gustav Isaksen,sep,260010,71
,26,46,,220502,Mattia Zaccagni,sep,260010,77
,26,189,,252060,Tommaso Pobega,sep,260010,75
,26,46,,251530,Nuno Tavares,sep,260010,66
,26,46,,211361,Danilo Cataldi,sep,260010,71
,26,189,,233556,Riccardo Orsolini,sep,260010,82
,26,45,,239763,Edon Zhegrova,sep,260010,70
,26,48,,224836,Vanja Milinkovic-Savic,sep,260010,79
,26,45,,222077,Manuel Locatelli,sep,260010,68
,26,48,,216409,Matteo Politano,sep,260010,77
,26,45,,235840,Michele Di Gregorio,sep,260010,81
,26,48,,259399,Rasmus Hojlund,sep,260010,76
,26,48,,244263,Amir Rrahmani,sep,260010,50
,26,45,,277954,Kenan Yildiz,sep,260010,78
,26,48,,237238,Scott McTominay,sep,260010,81
,26,45,,261050,Francisco Conceicao,sep,260010,72
,26,48,,217870,Giovanni Di Lorenzo,sep,260010,71
,26,110738,,222959,Stefano Moreo,sep,260010,68
,26,50,,271385,Edoardo Corvi,sep,260010,65
,26,110738,,236898,Michel Aebischer,sep,260010,66
,26,110738,,233396,Idrissa Toure,sep,260010,61
,26,110738,,240452,M'bala Nzola,sep,260010,71
,26,50,,252442,Enrico Delprato,sep,260010,53
,26,110738,,220048,Simone Scuffet,sep,260010,72
,26,50,,269276,Gaetano Oristanio,sep,260010,72
,26,110738,,240660,Mehdi Leris,sep,260010,61
,26,50,,263229,Mateo Pellegrino,sep,260010,68
,26,110738,,268790,Gabriele Piccinini,sep,260010,57
,26,110738,,199174,Antonio Caracciolo,sep,260010,31
,26,50,,243154,Adrian Benedyczak,sep,260010,69
,26,50,,75647,Sascha Britschgi,sep,260010,26
,26,50,,252794,Adrian Bernabe,sep,260010,70
,26,50,,258714,Emanuele Valeri,sep,260010,70
,26,55,,223866,Sandi Lovric,sep,260010,64
,26,110556,,201299,Nicola Leali,sep,260010,72
,26,55,,265194,Iker Bravo,sep,260010,66
,26,55,,238067,Nicolo Zaniolo,sep,260010,74
,26,55,,224438,Adam Buksa,sep,260010,73
,26,110556,,260653,Brooke Norton-Cuffy,sep,260010,43
,26,55,,257288,Maduka Okoye,sep,260010,74
,26,110556,,74485,Jeff Ekhator,sep,260010,59
,26,55,,242238,Oumar Solet,sep,260010,41
,26,110556,,256899,Lorenzo Colombo,sep,260010,74
,26,110556,,231969,Ruslan Malinovskyi,sep,260010,78
,26,55,,229973,Jakub Piotrowski,sep,260010,62
,26,55,,231743,Keinan Davis,sep,260010,70
,26,55,,271475,Nicolo Bertola,sep,260010,32
,26,110556,,276485,Patrizio Masini,sep,260010,54
,26,110556,,263829,Vitinha,sep,260010,73
,26,110556,,222475,Morten Thorsby,sep,260010,61
,26,55,,274270,Rui Modesto,sep,260010,56
,26,110556,,276477,Alessandro Marcandalli,sep,260010,40
,26,55,,243249,Jurgen Ekkelenkamp,sep,260010,68
,26,54,,246457,Cyril Ngonge,sep,260010,71
,26,47,,215698,Mike Maignan,sep,260010,87
,26,47,,213666,Ruben Loftus-Cheek,sep,260010,74
,26,54,,270141,Franco Israel,sep,260010,75
,26,47,,232411,Christopher Nkunku,sep,260010,78
,26,47,,227796,Christian Pulisic,sep,260010,82
,26,54,,264699,Kristjan Asllani,sep,260010,60
,26,47,,232756,Fikayo Tomori,sep,260010,39
,26,54,,243481,Marcus Pedersen,sep,260010,47
,26,54,,241095,Nikola Vlasic,sep,260010,75
,26,47,,253473,Samuele Ricci,sep,260010,59
,26,47,,278237,Davide Bartesaghi,sep,260010,42
,26,47,,254840,Strahinja Pavlovic,sep,260010,42
,26,54,,213242,Adrien Tameze,sep,260010,64
,26,47,,210008,Adrien Rabiot,sep,260010,78
,26,47,,241721,Rafael Leao,sep,260010,78
,26,54,,215333,Duvan Zapata,sep,260010,80
,26,110738,,264480,Simone Canestrelli,sep,260011,44
,26,347,,210676,Wladimiro Falcone,sep,260011,82
,26,347,,273915,Nikola Stulic,sep,260011,74
,26,110738,,244274,Adrian Semper,sep,260011,71
,26,110738,,71296,Isak Vural,sep,260011,56
,26,110738,,81307,Lorran,sep,260011,59
,26,347,,243787,Ylber Ramadani,sep,260011,56
,26,347,,271197,Lameck Banda,sep,260011,65
,26,347,,247528,Corrie Ndaba,sep,260011,26
,26,347,,230107,Lassana Coulibaly,sep,260011,57
,26,347,,279202,Francesco Camarda,sep,260011,66
,26,347,,246431,Riccardo Sottil,sep,260011,65
,26,347,,263469,Mohamed Kaba,sep,260011,51
,26,347,,70555,Tiago Gabriel,sep,260011,33
,26,347,,253139,Santiago Pierotti,sep,260011,67
,26,347,,275783,Kialonda Gaspar,sep,260011,30
,26,110738,,222959,Stefano Moreo,sep,260011,68
,26,111434,,271579,Filippo Terracciano,sep,260011,60
,26,54,,235740,Alberto Paleari,sep,260011,68
,26,111434,,207471,Franco Vazquez,sep,260011,77
,26,54,,264699,Kristjan Asllani,sep,260011,60
,26,111434,,228413,Emil Audero,sep,260011,78
,26,54,,216816,Giovanni Simeone,sep,260011,76
,26,54,,226093,Che Adams,sep,260011,79
,26,111434,,256669,Faris Moumbagna,sep,260011,71
,26,54,,243481,Marcus Pedersen,sep,260011,47
,26,111434,,210964,Federico Ceccherini,sep,260011,47
,26,54,,265650,Saul Coco,sep,260011,56
,26,54,,258782,Ardian Ismajli,sep,260011,30
,26,111434,,219932,Antonio Sanabria,sep,260011,74
,26,54,,219145,Guillermo Maripan,sep,260011,40
,26,54,,273932,Gvidas Gineitis,sep,260011,57
,26,111434,,268573,Federico Baschirotto,sep,260011,52
,26,111434,,223137,Federico Bonazzoli,sep,260011,75
,26,54,,241095,Nikola Vlasic,sep,260011,75
,26,50,,192840,Milan Duric,sep,260011,70
,26,46,,224987,Ivan Provedel,sep,260011,82
,26,50,,240992,Nahuel Estevez,sep,260011,69
,26,50,,252794,Adrian Bernabe,sep,260011,70
,26,50,,263229,Mateo Pellegrino,sep,260011,68
,26,50,,246164,Lautaro Valenti,sep,260011,51
,26,50,,278436,Mariano Troilo,sep,260011,28
,26,46,,264257,Tijjani Noslin,sep,260011,73
,26,50,,271385,Edoardo Corvi,sep,260011,65
,26,50,,258714,Emanuele Valeri,sep,260011,70
,26,46,,237712,Valentin Castellanos,sep,260011,79
,26,46,,263929,Matteo Cancellieri,sep,260011,71
,26,50,,269276,Gaetano Oristanio,sep,260011,72
,26,46,,211361,Danilo Cataldi,sep,260011,71
,26,46,,245275,Toma Basic,sep,260011,63
,26,46,,210413,Alessio Romagnoli,sep,260011,39
,26,46,,220502,Mattia Zaccagni,sep,260011,77
,26,50,,243154,Adrian Benedyczak,sep,260011,69
,26,46,,224031,Adam Marusic,sep,260011,66
,26,1842,,272725,Matteo Prati,sep,260011,67
,26,39,,252154,Marco Carnesecchi,sep,260011,84
,26,39,,262113,Nicola Zalewski,sep,260011,64
,26,1842,,255303,Elia Caprile,sep,260011,77
,26,39,,226710,Gianluca Scamacca,sep,260011,80
,26,1842,,246877,Gianluca Gaetano,sep,260011,71
,26,39,,253177,Yunus Musah,sep,260011,68
,26,39,,251470,Charles De Ketelaere,sep,260011,78
,26,1842,,252942,Gennaro Borrelli,sep,260011,63
,26,39,,230899,Ademola Lookman,sep,260011,83
,26,39,,246875,Odilon Kossounou,sep,260011,31
,26,1842,,266636,Adam Obert,sep,260011,49
,26,39,,208165,Berat Djimsiti,sep,260011,37
,26,1842,,278339,Marco Palestra,sep,260011,55
,26,1842,,229743,Alessandro Deiola,sep,260011,66
,26,39,,216150,Davide Zappacosta,sep,260011,72
,26,47,,254840,Strahinja Pavlovic,sep,260011,42
,26,111974,,233164,Arijanet Muric,sep,260011,73
,26,47,,232411,Christopher Nkunku,sep,260011,78
,26,47,,213666,Ruben Loftus-Cheek,sep,260011,74
,26,111974,,243593,Armand Lauriente,sep,260011,76
,26,47,,215698,Mike Maignan,sep,260011,87
,26,111974,,255561,Josh Doig,sep,260011,61
,26,111974,,262396,Jay Idzes,sep,260011,46
,26,111974,,242725,Kristian Thorstvedt,sep,260011,71
,26,47,,227796,Christian Pulisic,sep,260011,82
,26,47,,278237,Davide Bartesaghi,sep,260011,42
,26,47,,242664,Alexis Saelemaekers,sep,260011,66
,26,47,,210008,Adrien Rabiot,sep,260011,78
,26,111974,,243497,Sebastian Walukiewicz,sep,260011,37
,26,47,,240277,Matteo Gabbia,sep,260011,35
,26,111974,,264207,Ismael Kone,sep,260011,62
,26,206,,273564,Gift Orban,sep,260011,79
,26,110374,,193080,David De Gea,sep,260011,85
,26,206,,267681,Nicolas Valentini,sep,260011,32
,26,206,,212153,Roberto Gagliardini,sep,260011,61
,26,110374,,260823,Nicolo Fagioli,sep,260011,64
,26,206,,215363,Lorenzo Montipo,sep,260011,76
,26,110374,,240900,Unai Nunez,sep,260011,23
,26,110374,,236610,Moise Kean,sep,260011,81
,26,110374,,244634,Simon Sohm,sep,260011,67
,26,110374,,225439,Rolando Mandragora,sep,260011,73
,26,110374,,240777,Luca Ranieri,sep,260011,40
,26,206,,276314,Rafik Belghali,sep,260011,61
,26,110374,,234112,Dodo,sep,260011,57
,26,110374,,238004,Albert Gudmundsson,sep,260011,77
,26,110374,,258976,Fabiano Parisi,sep,260011,66
,26,206,,266585,Daniel Mosquera,sep,260011,71
,26,206,,234795,Antoine Bernede,sep,260011,65
,26,48,,216409,Matteo Politano,sep,260011,77
,26,55,,257288,Maduka Okoye,sep,260011,74
,26,48,,268474,Lorenzo Lucca,sep,260011,77
,26,55,,258615,Oier Zarraga,sep,260011,60
,26,48,,224836,Vanja Milinkovic-Savic,sep,260011,79
,26,48,,259399,Rasmus Hojlund,sep,260011,76
,26,48,,237238,Scott McTominay,sep,260011,81
,26,55,,243249,Jurgen Ekkelenkamp,sep,260011,68
,26,55,,238067,Nicolo Zaniolo,sep,260011,74
,26,55,,231743,Keinan Davis,sep,260011,70
,26,55,,229973,Jakub Piotrowski,sep,260011,62
,26,55,,271475,Nicolo Bertola,sep,260011,32
,26,55,,242238,Oumar Solet,sep,260011,41
,26,55,,190324,Christian Kabasele,sep,260011,50
,26,48,,217870,Giovanni Di Lorenzo,sep,260011,71
,26,48,,239380,Noa Lang,sep,260011,77
,26,110556,,239795,Caleb Ekuban,sep,260011,68
,26,44,,177683,Yann Sommer,sep,260011,87
,26,44,,228093,Marcus Thuram,sep,260011,82
,26,110556,,201299,Nicola Leali,sep,260011,72
,26,110556,,231969,Ruslan Malinovskyi,sep,260011,78
,26,110556,,256949,Albert Gronbaek,sep,260011,67
,26,110556,,263829,Vitinha,sep,260011,73
,26,44,,241736,Yann Bisseck,sep,260011,56
,26,44,,277327,Francesco Pio Esposito,sep,260011,73
,26,44,,210406,Piotr Zielinski,sep,260011,76
,26,44,,231478,Lautaro Martinez,sep,260011,88
,26,44,,258648,Carlos Augusto,sep,260011,71
,26,44,,229237,Manuel Akanji,sep,260011,47
,26,110556,,260653,Brooke Norton-Cuffy,sep,260011,43
,26,45,,243580,Lois Openda,sep,260011,81
,26,189,,240657,Federico Ravaglia,sep,260011,70
,26,189,,212404,Federico Bernardeschi,sep,260011,73
,26,45,,235840,Michele Di Gregorio,sep,260011,81
,26,45,,277954,Kenan Yildiz,sep,260011,78
,26,189,,267861,Santiago Castro,sep,260011,75
,26,45,,251870,Juan Cabal,sep,260011,37
,26,45,,240679,Teun Koopmeiners,sep,260011,78
,26,189,,242280,Lewis Ferguson,sep,260011,77
,26,189,,233556,Riccardo Orsolini,sep,260011,82
,26,189,,252021,Thijs Dallinga,sep,260011,75
,26,45,,261050,Francisco Conceicao,sep,260011,72
,26,189,,252440,Nadir Zortea,sep,260011,68
,26,45,,238744,Weston McKennie,sep,260011,71
,26,45,,247246,Khephren Thuram,sep,260011,74
,26,189,,252060,Tommaso Pobega,sep,260011,75
,26,52,,229906,Leon Bailey,sep,260011,74
,26,1745,,225149,Jean Butez,sep,260011,76
,26,1745,,223671,Stefan Posch,sep,260011,53
,26,52,,230872,Mile Svilar,sep,260011,83
,26,52,,259608,Evan Ferguson,sep,260011,74
,26,52,,80170,Wesley,sep,260011,60
,26,1745,,246646,Maxence Caqueret,sep,260011,61
,26,1745,,254579,Lucas Da Cunha,sep,260011,71
,26,1745,,277846,Nico Paz,sep,260011,70
,26,1745,,261478,Anastasios Douvikas,sep,260011,71
,26,1745,,70966,Jacobo Ramon,sep,260011,21
,26,52,,228251,Lorenzo Pellegrini,sep,260011,76
,26,1745,,279239,Jayden Addai,sep,260011,61
,26,1745,,275324,Assane Diao,sep,260011,73
,26,52,,236403,Evan Ndicka,sep,260011,51
,26,52,,265695,Matias Soule,sep,260011,74
,26,111434,,217338,Jari Vandeputte,sep,260011,64
,26,111434,,237502,Dennis Johnsen,sep,260011,69
,26,111434,,257353,Warren Bondo,sep,260011,61
,26,111434,,208830,Jamie Vardy,sep,260011,76
,26,46,,189505,Pedro,sep,260011,73
,26,46,,236496,Matteo Guendouzi,sep,260011,72
,26,52,,269312,Tommaso Baldanzi,sep,260011,71
,26,52,,229582,Gianluca Mancini,sep,260011,49
,26,45,,258966,Andrea Cambiaso,sep,260011,70
,26,52,,211110,Paulo Dybala,sep,260011,85
,26,52,,258826,Devyne Rensch,sep,260011,54
,26,52,,250723,Manu Kone,sep,260011,72
,26,45,,222077,Manuel Locatelli,sep,260011,68
,26,110738,,277309,Henrik Wendel Meister,sep,260011,64
,26,110738,,240660,Mehdi Leris,sep,260011,61
,26,1842,,247888,Sebastiano Esposito,sep,260011,75
,26,1842,,221331,Luca Mazzitelli,sep,260011,65
,26,1842,,274616,Semih Kilicsoy,sep,260011,69
,26,110738,,253464,Malthe Hojholt,sep,260011,43
,26,1842,,268683,Michael Folorunsho,sep,260011,75
,26,110738,,236898,Michel Aebischer,sep,260011,66
,26,110738,,240797,Matteo Tramoni,sep,260011,68
,26,1842,,254982,Michel Adopo,sep,260011,59
,26,110738,,268790,Gabriele Piccinini,sep,260011,57
,26,110738,,278354,Giovanni Bonfanti,sep,260011,34
,26,110738,,199174,Antonio Caracciolo,sep,260011,31
,26,54,,273883,Cesare Casadei,sep,260011,69
,26,54,,246457,Cyril Ngonge,sep,260011,71
,26,111974,,274702,Luca Lipani,sep,260011,43
,26,111974,,268511,Walid Cheddira,sep,260011,71
,26,111974,,265761,Cristian Volpato,sep,260011,66
,26,54,,215333,Duvan Zapata,sep,260011,80
,26,55,,261573,Thomas Kristensen,sep,260011,25
,26,110374,,248385,Roberto Piccoli,sep,260011,74
,26,55,,220421,Hassane Kamara,sep,260011,60
,26,110374,,276682,Cher Ndour,sep,260011,61
,26,39,,260697,Isak Hien,sep,260011,36
,26,39,,277839,Nikola Krstovic,sep,260011,74
,26,39,,256115,Lazar Samardzic,sep,260011,72
,26,110556,,256899,Lorenzo Colombo,sep,260011,74
,26,39,,255611,Daniel Maldini,sep,260011,70
,26,39,,266866,Ederson,sep,260011,70
,26,39,,207993,Sead Kolasinac,sep,260011,61
,26,110556,,244349,Johan Vasquez,sep,260011,32
,26,48,,268474,Lorenzo Lucca,sep,260014,77
,26,50,,278280,Filippo Rinaldi,sep,260014,62
,26,48,,241390,Eljif Elmas,sep,260014,70
,26,48,,244263,Amir Rrahmani,sep,260014,50
,26,48,,216435,Stanislav Lobotka,sep,260014,66
,26,48,,237238,Scott McTominay,sep,260014,81
,26,48,,217870,Giovanni Di Lorenzo,sep,260014,71
,26,48,,239380,Noa Lang,sep,260014,77
,26,48,,216409,Matteo Politano,sep,260014,77
,26,48,,259399,Rasmus Hojlund,sep,260014,76
,26,50,,237715,Patrick Cutrone,sep,260014,73
,26,48,,224836,Vanja Milinkovic-Savic,sep,260014,79
,26,50,,246164,Lautaro Valenti,sep,260014,51
,26,50,,255460,Jacob Ondrejka,sep,260014,71
,26,48,,243241,Alessandro Buongiorno,sep,260014,45
,26,347,,236838,Youssef Maleh,sep,260014,64
,26,44,,177683,Yann Sommer,sep,260014,86
,26,44,,277327,Francesco Pio Esposito,sep,260014,73
,26,347,,210676,Wladimiro Falcone,sep,260014,82
,26,44,,231478,Lautaro Martinez,sep,260014,88
,26,347,,259299,Jamil Siebert,sep,260014,32
,26,347,,253139,Santiago Pierotti,sep,260014,67
,26,44,,192883,Henrikh Mkhitaryan,sep,260014,78
,26,44,,228093,Marcus Thuram,sep,260014,82
,26,44,,268534,Andy Diouf,sep,260014,67
,26,44,,224232,Nicolo Barella,sep,260014,78
,26,347,,246431,Riccardo Sottil,sep,260014,65
,26,44,,210406,Piotr Zielinski,sep,260014,76
,26,347,,273915,Nikola Stulic,sep,260014,74
,26,44,,259565,Ange-Yoan Bonny,sep,260014,75
,26,189,,244270,Nikola Moro,sep,260014,71
,26,206,,215363,Lorenzo Montipo,sep,260014,76
,26,206,,212153,Roberto Gagliardini,sep,260014,61
,26,189,,240657,Federico Ravaglia,sep,260014,70
,26,206,,256453,Amin Sarr,sep,260014,69
,26,206,,235658,Victor Nelsson,sep,260014,42
,26,189,,246656,Emil Holm,sep,260014,60
,26,206,,202024,Remo Freuler,sep,260014,71
,26,189,,248342,Torbjorn Heggem,sep,260014,45
,26,206,,80283,Giovane,sep,260014,69
,26,189,,252060,Tommaso Pobega,sep,260014,75
,26,189,,269558,Benjamin Dominguez,sep,260014,66
,26,206,,273564,Gift Orban,sep,260014,79
,26,189,,267861,Santiago Castro,sep,260014,75
,26,189,,233556,Riccardo Orsolini,sep,260014,82
,26,189,,234671,Jens Odgaard,sep,260014,76
,26,206,,252000,Domagoj Bradaric,sep,260014,56
,26,206,,234795,Antoine Bernede,sep,260014,65
,26,1745,,277846,Nico Paz,sep,260014,70
,26,47,,215698,Mike Maignan,sep,260014,87
,26,47,,210008,Adrien Rabiot,sep,260014,78
,26,1745,,225149,Jean Butez,sep,260014,76
,26,1745,,246646,Maxence Caqueret,sep,260014,61
,26,47,,213666,Ruben Loftus-Cheek,sep,260014,74
,26,1745,,267991,Maximo Perrone,sep,260014,54
,26,1745,,70966,Jacobo Ramon,sep,260014,21
,26,1745,,75055,Jesus Rodriguez,sep,260014,67
,26,47,,245630,Youssouf Fofana,sep,260014,66
,26,47,,232411,Christopher Nkunku,sep,260014,78
,26,1745,,261478,Anastasios Douvikas,sep,260014,71
,26,1745,,254579,Lucas Da Cunha,sep,260014,71
,26,1745,,251464,Ignace Van der Brempt,sep,260014,55
,26,1745,,210719,Marc Kempf,sep,260014,41
,26,110374,,238004,Albert Gudmundsson,sep,260013,77
,26,50,,271385,Edoardo Corvi,sep,260013,65
,26,110374,,248385,Roberto Piccoli,sep,260013,74
,26,110374,,260823,Nicolo Fagioli,sep,260013,64
,26,50,,269276,Gaetano Oristanio,sep,260013,72
,26,110374,,193080,David De Gea,sep,260013,85
,26,50,,263229,Mateo Pellegrino,sep,260013,68
,26,110374,,72180,Niccolo Fortini,sep,260013,54
,26,110374,,236610,Moise Kean,sep,260013,81
,26,110374,,278340,Pietro Comuzzo,sep,260013,27
,26,110374,,225439,Rolando Mandragora,sep,260013,72
,26,50,,257972,Oliver Sorensen,sep,260013,66
,26,50,,255460,Jacob Ondrejka,sep,260013,71
,26,110374,,234112,Dodo,sep,260013,57
,26,50,,75647,Sascha Britschgi,sep,260013,28
,26,347,,265732,Alex Sala,sep,260013,67
,26,1745,,225149,Jean Butez,sep,260013,76
,26,347,,263469,Mohamed Kaba,sep,260013,51
,26,347,,263657,Thorir Johann Helgason,sep,260013,62
,26,347,,70555,Tiago Gabriel,sep,260013,33
,26,347,,247668,N'Dri Konan,sep,260013,65
,26,1745,,261478,Anastasios Douvikas,sep,260013,71
,26,347,,210676,Wladimiro Falcone,sep,260013,82
,26,347,,279202,Francesco Camarda,sep,260013,66
,26,1745,,70966,Jacobo Ramon,sep,260013,21
,26,1745,,219693,Diego Carlos,sep,260013,45
,26,347,,246431,Riccardo Sottil,sep,260013,65
,26,347,,244717,Antonino Gallo,sep,260013,50
,26,1745,,277846,Nico Paz,sep,260013,70
,26,347,,236838,Youssef Maleh,sep,260013,64
,26,1745,,75055,Jesus Rodriguez,sep,260013,67
,26,1745,,205566,Alberto Moreno,sep,260013,67
,26,1745,,77163,Ivan Smolcic,sep,260013,50
,26,347,,243787,Ylber Ramadani,sep,260013,56
,26,54,,216816,Giovanni Simeone,sep,260013,76
,26,1842,,255303,Elia Caprile,sep,260013,77
,26,54,,215333,Duvan Zapata,sep,260013,80
,26,54,,219145,Guillermo Maripan,sep,260013,40
,26,54,,255150,Niels Nkounkou,sep,260013,47
,26,54,,266257,Emirhan Ilkhan,sep,260013,57
,26,54,,246457,Cyril Ngonge,sep,260013,71
,26,54,,273932,Gvidas Gineitis,sep,260013,57
,26,54,,241095,Nikola Vlasic,sep,260013,75
,26,54,,258782,Ardian Ismajli,sep,260013,30
,26,1842,,274616,Semih Kilicsoy,sep,260013,69
,26,54,,235740,Alberto Paleari,sep,260013,69
,26,54,,264699,Kristjan Asllani,sep,260013,60
,26,54,,243481,Marcus Pedersen,sep,260013,47
,26,54,,226093,Che Adams,sep,260013,79
,26,1842,,220534,Sebastiano Luperto,sep,260013,47
,26,1842,,272725,Matteo Prati,sep,260013,67
,26,1842,,221331,Luca Mazzitelli,sep,260013,65
,26,1842,,246877,Gianluca Gaetano,sep,260013,71
,26,1842,,73095,Riyad Idrissi,sep,260013,55
,26,55,,231743,Keinan Davis,sep,260013,71
,26,46,,224987,Ivan Provedel,sep,260013,82
,26,55,,238067,Nicolo Zaniolo,sep,260013,75
,26,46,,248729,Gustav Isaksen,sep,260013,71
,26,55,,162297,Daniele Padelli,sep,260013,65
,26,46,,211361,Danilo Cataldi,sep,260013,71
,26,46,,242238,Oumar Solet,sep,260013,41
,26,46,,219985,Matias Vecino,sep,260013,72
,26,55,,229973,Jakub Piotrowski,sep,260013,63
,26,55,,243249,Jurgen Ekkelenkamp,sep,260013,68
,26,46,,263929,Matteo Cancellieri,sep,260013,71
,26,46,,264257,Tijjani Noslin,sep,260013,73
,26,55,,271475,Nicolo Bertola,sep,260013,32
,26,46,,220502,Mattia Zaccagni,sep,260013,77
,26,46,,224031,Adam Marusic,sep,260013,66
,26,55,,214658,Jesper Karlstrom,sep,260013,59
,26,45,,277954,Kenan Yildiz,sep,260013,78
,26,110738,,244274,Adrian Semper,sep,260013,71
,26,110738,,222959,Stefano Moreo,sep,260013,68
,26,45,,235840,Michele Di Gregorio,sep,260013,81
,26,45,,239763,Edon Zhegrova,sep,260013,70
,26,110738,,252313,Marius Marin,sep,260013,56
,26,45,,255654,Pierre Kalulu,sep,260013,52
,26,45,,231512,Lloyd Kelly,sep,260013,38
,26,110738,,240797,Matteo Tramoni,sep,260013,68
,26,45,,222077,Manuel Locatelli,sep,260013,68
,26,45,,247246,Khephren Thuram,sep,260013,74
,26,110738,,270658,Samuele Angori,sep,260013,51
,26,110738,,233396,Idrissa Toure,sep,260013,61
,26,45,,240679,Teun Koopmeiners,sep,260013,78
,26,45,,243580,Lois Openda,sep,260013,81
,26,110738,,71296,Isak Vural,sep,260013,56
,26,45,,238744,Weston McKennie,sep,260013,71
,26,45,,258966,Andrea Cambiaso,sep,260013,70
,26,206,,267681,Nicolas Valentini,sep,260013,32
,26,47,,215698,Mike Maignan,sep,260013,87
,26,206,,248661,Cheikh Niasse,sep,260013,43
,26,206,,240900,Unai Nunez,sep,260013,23
,26,206,,273564,Gift Orban,sep,260013,79
,26,206,,235658,Victor Nelsson,sep,260013,42
,26,47,,213666,Ruben Loftus-Cheek,sep,260013,74
,26,206,,215363,Lorenzo Montipo,sep,260013,76
,26,47,,265774,Koni De Winter,sep,260013,39
,26,47,,210008,Adrien Rabiot,sep,260013,78
,26,47,,232411,Christopher Nkunku,sep,260013,78
,26,47,,177003,Luka Modric,sep,260013,74
,26,47,,227796,Christian Pulisic,sep,260013,82
,26,206,,252308,Moatasem Al-Musrati,sep,260013,65
,26,206,,234795,Antoine Bernede,sep,260013,65
,26,47,,242664,Alexis Saelemaekers,sep,260013,66
,26,111434,,257353,Warren Bondo,sep,260013,61
,26,48,,224836,Vanja Milinkovic-Savic,sep,260013,79
,26,48,,239679,Pasquale Mazzocchi,sep,260013,58
,26,111434,,228413,Emil Audero,sep,260013,78
,26,48,,237238,Scott McTominay,sep,260013,81
,26,48,,216409,Matteo Politano,sep,260013,77
,26,48,,216435,Stanislav Lobotka,sep,260013,66
,26,48,,259399,Rasmus Hojlund,sep,260013,76
,26,111434,,240970,Martin Payero,sep,260013,65
,26,48,,244263,Amir Rrahmani,sep,260013,50
,26,48,,236632,David Neres,sep,260013,75
,26,48,,217870,Giovanni Di Lorenzo,sep,260013,71
,26,111434,,205363,Matteo Bianchetti,sep,260013,34
,26,48,,202884,Leonardo Spinazzola,sep,260013,66
,26,111434,,271579,Filippo Terracciano,sep,260013,60
,26,189,,244270,Nikola Moro,sep,260013,71
,26,111974,,233164,Arijanet Muric,sep,260013,73
,26,189,,259748,Martin Vitik,sep,260013,37
,26,111974,,243593,Armand Lauriente,sep,260013,76
,26,189,,240657,Federico Ravaglia,sep,260013,70
,26,111974,,263882,Alieu Fadera,sep,260013,63
,26,189,,269558,Benjamin Dominguez,sep,260013,66
,26,189,,252440,Nadir Zortea,sep,260013,68
,26,189,,271019,Giovanni Fabbian,sep,260013,69
,26,111974,,242725,Kristian Thorstvedt,sep,260013,71
,26,189,,252060,Tommaso Pobega,sep,260013,75
,26,111974,,262027,Tarik Muharemovic,sep,260013,22
,26,189,,252021,Thijs Dallinga,sep,260013,75
,26,189,,233556,Riccardo Orsolini,sep,260013,82
,26,111974,,265761,Cristian Volpato,sep,260013,66
,26,111974,,235842,Andrea Pinamonti,sep,260013,76
,26,189,,240915,Juan Miranda,sep,260013,60
,26,189,,266500,Jonathan Rowe,sep,260013,71
,26,39,,256115,Lazar Samardzic,sep,260013,72
,26,44,,177683,Yann Sommer,sep,260013,86
,26,44,,277327,Francesco Pio Esposito,sep,260013,73
,26,39,,252154,Marco Carnesecchi,sep,260013,84
,26,44,,192883,Henrikh Mkhitaryan,sep,260013,78
,26,39,,266866,Ederson,sep,260013,70
,26,44,,231478,Lautaro Martinez,sep,260013,88
,26,44,,224232,Nicolo Barella,sep,260013,78
,26,44,,256632,Luis Henrique,sep,260013,72
,26,44,,229237,Manuel Akanji,sep,260013,47
,26,39,,216150,Davide Zappacosta,sep,260013,72
,26,39,,262113,Nicola Zalewski,sep,260013,64
,26,39,,207993,Sead Kolasinac,sep,260013,61
,26,44,,208128,Hakan Calhanoglu,sep,260013,80
,26,44,,228093,Marcus Thuram,sep,260013,82
,26,44,,241736,Yann Bisseck,sep,260013,56
,26,52,,224490,Zeki Celik,sep,260013,58
,26,110556,,225432,Daniele Sommariva,sep,260013,62
,26,110556,,74485,Jeff Ekhator,sep,260013,62
,26,52,,230872,Mile Svilar,sep,260013,84
,26,110556,,260653,Brooke Norton-Cuffy,sep,260013,43
,26,52,,190813,Stephan El Shaarawy,sep,260013,75
,26,52,,208268,Bryan Cristante,sep,260013,73
,26,52,,229668,Mario Hermoso,sep,260013,47
,26,110556,,244349,Johan Vasquez,sep,260013,32
,26,110556,,271882,Sebastian Otoa,sep,260013,33
,26,52,,259608,Evan Ferguson,sep,260013,74
,26,110556,,263829,Vitinha,sep,260013,73
,26,110556,,238516,Leo Ostigard,sep,260013,37
,26,52,,211110,Paulo Dybala,sep,260013,85
,26,52,,250723,Manu Kone,sep,260013,72
,26,52,,265695,Matias Soule,sep,260013,75
,26,110556,,236295,Aaron Martin,sep,260013,53
,26,47,,278237,Davide Bartesaghi,sep,260013,42
,26,47,,241721,Rafael Leao,sep,260013,78
,26,47,,245630,Youssouf Fofana,sep,260013,66
,26,1842,,254982,Michel Adopo,sep,260013,59
,26,1842,,278339,Marco Palestra,sep,260013,56
,26,1745,,239977,Nicolas-Gerrit Kuhn,sep,260013,72
,26,1745,,228349,Mergim Vojvoda,sep,260013,53
,26,1745,,267991,Maximo Perrone,sep,260013,54
,26,1745,,246646,Maxence Caqueret,sep,260013,61
,26,1745,,254579,Lucas Da Cunha,sep,260013,71
,26,110738,,199174,Antonio Caracciolo,sep,260013,31
,26,110556,,201299,Nicola Leali,sep,260013,72
,26,110556,,239795,Caleb Ekuban,sep,260013,68
,26,110738,,268790,Gabriele Piccinini,sep,260013,57
,26,110556,,231969,Ruslan Malinovskyi,sep,260013,78
,26,110738,,157481,Raul Albiol,sep,260013,40
,26,110556,,222475,Morten Thorsby,sep,260013,61
,26,110738,,240660,Mehdi Leris,sep,260013,61
,26,110738,,253464,Malthe Hojholt,sep,260013,43
,26,110556,,242633,Morten Frendrup,sep,260013,58
,26,110556,,256899,Lorenzo Colombo,sep,260013,74
,26,111974,,264207,Ismael Kone,sep,260013,62
,26,50,,258714,Emanuele Valeri,sep,260013,70
,26,50,,236706,Pontus Almqvist,sep,260013,66
,26,111974,,255561,Josh Doig,sep,260013,61
,26,50,,261539,Mandela Keita,sep,260013,55
,26,50,,252794,Adrian Bernabe,sep,260013,70
,26,50,,246164,Lautaro Valenti,sep,260013,51
,26,111974,,274702,Luca Lipani,sep,260013,46
,26,45,,243630,Jonathan David,sep,260013,80
,26,45,,208574,Filip Kostic,sep,260013,75
,26,347,,273915,Nikola Stulic,sep,260013,74
,26,347,,271197,Lameck Banda,sep,260013,65
,26,347,,253139,Santiago Pierotti,sep,260013,67
,26,39,,277839,Nikola Krstovic,sep,260013,74
,26,39,,226710,Gianluca Scamacca,sep,260013,79
,26,39,,74574,Lorenzo Bernasconi,sep,260013,56
,26,39,,74483,Honest Ahanor,sep,260013,42
,26,52,,258826,Devyne Rensch,sep,260013,54
,26,52,,229582,Gianluca Mancini,sep,260013,49
,26,39,,265188,Giorgio Scalvini,sep,260013,35
,26,39,,251470,Charles De Ketelaere,sep,260013,78
,26,46,,236496,Matteo Guendouzi,sep,260013,72
,26,48,,241390,Eljif Elmas,sep,260013,70
,26,48,,200752,Juan Jesus,sep,260013,31
,26,111434,,220475,Alberto Grassi,sep,260013,61
,26,111434,,237669,Alessio Zerbin,sep,260013,66
,26,111434,,219932,Antonio Sanabria,sep,260013,74
,26,110374,,223697,Robin Gosens,sep,260013,72
,26,110374,,240777,Luca Ranieri,sep,260013,40
,26,111434,,275162,Tommaso Barbieri,sep,260013,44
,26,110374,,276682,Cher Ndour,sep,260013,61
,26,110374,,258976,Fabiano Parisi,sep,260013,66
,26,206,,256453,Amin Sarr,sep,260013,69
,26,54,,70480,Alieu Njie,sep,260013,64
,26,54,,273883,Cesare Casadei,sep,260013,69
,26,54,,213242,Adrien Tameze,sep,260013,64
,26,206,,80283,Giovane,sep,260013,69
,26,206,,266585,Daniel Mosquera,sep,260013,71
,26,54,,248564,Zakaria Aboukhlal,sep,260013,71
,26,54,,211147,Valentino Lazaro,sep,260013,66
,26,189,,267861,Santiago Castro,sep,260013,75
,26,44,,226268,Federico Dimarco,sep,260013,78
,26,44,,210406,Piotr Zielinski,sep,260013,76
,26,189,,234671,Jens Odgaard,sep,260013,76
,26,44,,237383,Alessandro Bastoni,sep,260013,46
,26,110738,,240452,M'bala Nzola,sep,260013,71
,26,110738,,278294,Francesco Coppola,sep,260013,25
,26,1745,,210719,Marc Kempf,sep,260013,41
,26,52,,242458,Artem Dovbyk,sep,260013,82
,26,52,,275291,Niccolo Pisilli,sep,260013,65
,26,52,,80170,Wesley,sep,260013,60
,26,45,,257290,Joao Mario,sep,260013,61
,26,111974,,241628,Nicholas Pierini,sep,260013,69
,26,45,,268802,Fabio Miretti,sep,260013,60
,26,111974,,270657,Edoardo Iannoni,sep,260013,59
,26,111974,,243497,Sebastian Walukiewicz,sep,260013,37
,26,39,,257785,Marco Brescianini,sep,260013,66
,26,189,,248342,Torbjorn Heggem,sep,260013,45
,26,189,,268703,Nicolo Cambiaghi,sep,260013,71
,26,48,,268474,Lorenzo Lucca,sep,260013,77
,26,48,,239380,Noa Lang,sep,260013,77
,26,206,,212153,Roberto Gagliardini,sep,260013,61
,26,206,,238009,Martin Frese,sep,260013,64
,26,46,,189505,Pedro,sep,260013,73
,26,46,,210413,Alessio Romagnoli,sep,260013,39
,26,46,,268804,Mario Gila,sep,260013,53
,26,46,,243237,Luca Pellegrini,sep,260013,53
,26,46,,245275,Toma Basic,sep,260013,63
,26,50,,237715,Patrick Cutrone,sep,260013,73
,26,44,,276278,Petar Sucic,sep,260013,68
,26,50,,252442,Enrico Delprato,sep,260013,53
,26,55,,272783,Arthur Atta,sep,260013,69
,26,55,,257288,Maduka Okoye,sep,260013,74
,26,111434,,217338,Jari Vandeputte,sep,260014,64
,26,1842,,255303,Elia Caprile,sep,260014,77
,26,1842,,82808,Yael Trepy,sep,260014,61
,26,111434,,228413,Emil Audero,sep,260014,78
,26,1842,,221331,Luca Mazzitelli,sep,260014,65
,26,111434,,223137,Federico Bonazzoli,sep,260014,75
,26,1842,,252964,Gabriele Zappa,sep,260014,60
,26,111434,,237669,Alessio Zerbin,sep,260014,66
,26,1842,,252942,Gennaro Borrelli,sep,260014,64
,26,111434,,74071,Romano Floriani Mussolini,sep,260014,53
,26,111434,,240970,Martin Payero,sep,260014,65
,26,111434,,208830,Jamie Vardy,sep,260014,76
,26,1842,,247888,Sebastiano Esposito,sep,260014,75
,26,1842,,278339,Marco Palestra,sep,260014,56
,26,1842,,259011,Zito Luvumbo,sep,260014,68
,26,1842,,254982,Michel Adopo,sep,260014,59
,26,111434,,237502,Dennis Johnsen,sep,260014,69
,26,1842,,246877,Gianluca Gaetano,sep,260014,71
,26,1842,,78037,Juan Rodriguez,sep,260014,39
,26,111434,,268573,Federico Baschirotto,sep,260014,52
,26,110556,,212207,Nicolae Stanciu,sep,260014,73
,26,47,,254840,Strahinja Pavlovic,sep,260014,42
,26,110556,,201299,Nicola Leali,sep,260014,72
,26,47,,205431,Niclas Fullkrug,sep,260014,80
,26,47,,241721,Rafael Leao,sep,260014,78
,26,47,,227796,Christian Pulisic,sep,260014,82
,26,110556,,256899,Lorenzo Colombo,sep,260014,74
,26,47,,279782,Zachary Athekame,sep,260014,26
,26,47,,278237,Davide Bartesaghi,sep,260014,42
,26,47,,240277,Matteo Gabbia,sep,260014,35
,26,47,,177003,Luka Modric,sep,260014,74
,26,110556,,236295,Aaron Martin,sep,260014,53
,26,47,,242664,Alexis Saelemaekers,sep,260014,66
,26,110556,,263829,Vitinha,sep,260014,73
,26,1745,,262842,Martin Baturina,sep,260014,70
,26,189,,259748,Martin Vitik,sep,260014,37
,26,1745,,223671,Stefan Posch,sep,260014,53
,26,189,,268703,Nicolo Cambiaghi,sep,260014,71
,26,189,,266500,Jonathan Rowe,sep,260014,71
,26,1745,,228349,Mergim Vojvoda,sep,260014,53
,26,55,,231743,Keinan Davis,sep,260014,71
,26,110738,,220048,Simone Scuffet,sep,260014,72
,26,55,,272783,Arthur Atta,sep,260014,69
,26,110738,,264480,Simone Canestrelli,sep,260014,44
,26,55,,257288,Maduka Okoye,sep,260014,74
,26,55,,76411,Idrissa Gueye,sep,260014,67
,26,110738,,233396,Idrissa Toure,sep,260014,61
,26,110738,,277309,Henrik Wendel Meister,sep,260014,64
,26,110738,,240797,Matteo Tramoni,sep,260014,68
,26,110738,,268790,Gabriele Piccinini,sep,260014,57
,26,110738,,222959,Stefano Moreo,sep,260014,68
,26,110738,,229574,Arturo Calabresi,sep,260014,30
,26,55,,275522,Lennon Miller,sep,260014,63
,26,55,,238067,Nicolo Zaniolo,sep,260014,75
,26,110738,,240660,Mehdi Leris,sep,260014,61
,26,55,,268656,Alessandro Zanoli,sep,260014,52
,26,55,,190324,Christian Kabasele,sep,260014,50
,26,55,,242238,Oumar Solet,sep,260014,41
,26,55,,243249,Jurgen Ekkelenkamp,sep,260014,68
,26,52,,190813,Stephan El Shaarawy,sep,260014,75
,26,111974,,233164,Arijanet Muric,sep,260014,73
,26,52,,250723,Manu Kone,sep,260014,72
,26,52,,275291,Niccolo Pisilli,sep,260014,65
,26,52,,211110,Paulo Dybala,sep,260014,85
,26,52,,229668,Mario Hermoso,sep,260014,47
,26,52,,265695,Matias Soule,sep,260014,75
,26,52,,80170,Wesley,sep,260014,60
,26,111974,,264207,Ismael Kone,sep,260014,62
,26,52,,230872,Mile Svilar,sep,260014,84
,26,111974,,263882,Alieu Fadera,sep,260014,63
,26,52,,232223,Kostas Tsimikas,sep,260014,55
,26,52,,259608,Evan Ferguson,sep,260014,74
,26,111974,,243593,Armand Lauriente,sep,260014,76
,26,39,,223273,Mario Pasalic,sep,260014,76
,26,54,,235740,Alberto Paleari,sep,260014,69
,26,54,,241095,Nikola Vlasic,sep,260014,75
,26,39,,252154,Marco Carnesecchi,sep,260014,84
,26,39,,256115,Lazar Samardzic,sep,260014,72
,26,39,,226710,Gianluca Scamacca,sep,260014,79
,26,54,,266257,Emirhan Ilkhan,sep,260014,57
,26,54,,216816,Giovanni Simeone,sep,260014,76
,26,39,,216150,Davide Zappacosta,sep,260014,72
,26,39,,262113,Nicola Zalewski,sep,260014,64
,26,54,,226093,Che Adams,sep,260014,79
,26,54,,215333,Duvan Zapata,sep,260014,80
,26,54,,246457,Cyril Ngonge,sep,260014,71
,26,39,,277839,Nikola Krstovic,sep,260014,74
,26,39,,208165,Berat Djimsiti,sep,260014,37
,26,39,,265188,Giorgio Scalvini,sep,260014,35
,26,39,,251470,Charles De Ketelaere,sep,260014,78
,26,54,,273932,Gvidas Gineitis,sep,260014,57
,26,347,,70555,Tiago Gabriel,sep,260014,33
,26,50,,271385,Edoardo Corvi,sep,260014,65
,26,347,,247668,N'Dri Konan,sep,260014,65
,26,50,,273884,Christian Ordonez,sep,260014,43
,26,50,,263229,Mateo Pellegrino,sep,260014,68
,26,50,,269276,Gaetano Oristanio,sep,260014,72
,26,50,,257972,Oliver Sorensen,sep,260014,66
,26,50,,258714,Emanuele Valeri,sep,260014,70
,26,50,,252794,Adrian Bernabe,sep,260014,70
,26,347,,271197,Lameck Banda,sep,260014,65
,26,110374,,240777,Luca Ranieri,sep,260014,40
,26,110374,,236610,Moise Kean,sep,260014,81
,26,110374,,257785,Marco Brescianini,sep,260014,66
,26,110374,,260823,Nicolo Fagioli,sep,260014,64
,26,110374,,193080,David De Gea,sep,260014,85
,26,47,,253473,Samuele Ricci,sep,260014,59
,26,110374,,258976,Fabiano Parisi,sep,260014,66
,26,110374,,278340,Pietro Comuzzo,sep,260014,27
,26,110374,,276682,Cher Ndour,sep,260014,61
,26,110374,,223697,Robin Gosens,sep,260014,72
,26,110374,,234112,Dodo,sep,260014,57
,26,110374,,238004,Albert Gudmundsson,sep,260014,77
,26,110374,,225439,Rolando Mandragora,sep,260014,72
,26,110374,,238370,Marin Pongracic,sep,260014,25
,26,206,,266585,Daniel Mosquera,sep,260014,71
,26,46,,224987,Ivan Provedel,sep,260014,82
,26,46,,189505,Pedro,sep,260014,73
,26,46,,263929,Matteo Cancellieri,sep,260014,71
,26,206,,247497,Armel Bella-Kotchap,sep,260014,25
,26,46,,224031,Adam Marusic,sep,260014,66
,26,46,,248729,Gustav Isaksen,sep,260014,71
,26,46,,264257,Tijjani Noslin,sep,260014,73
,26,206,,238009,Martin Frese,sep,260014,64
,26,46,,210413,Alessio Romagnoli,sep,260014,39
,26,44,,208128,Hakan Calhanoglu,sep,260014,80
,26,44,,241736,Yann Bisseck,sep,260014,56
,26,44,,237383,Alessandro Bastoni,sep,260014,46
,26,44,,226268,Federico Dimarco,sep,260014,78
,26,1842,,272725,Matteo Prati,sep,260014,67
,26,110556,,238516,Leo Ostigard,sep,260014,37
,26,110556,,242633,Morten Frendrup,sep,260014,58
,26,1842,,73095,Riyad Idrissi,sep,260014,55
,26,1842,,274616,Semih Kilicsoy,sep,260014,69
,26,110556,,231969,Ruslan Malinovskyi,sep,260014,78
,26,1842,,220534,Sebastiano Luperto,sep,260014,47
,26,45,,243630,Jonathan David,sep,260014,80
,26,45,,240679,Teun Koopmeiners,sep,260014,78
,26,111434,,219932,Antonio Sanabria,sep,260014,74
,26,45,,235840,Michele Di Gregorio,sep,260014,81
,26,111434,,220475,Alberto Grassi,sep,260014,61
,26,45,,251870,Juan Cabal,sep,260014,37
,26,45,,238744,Weston McKennie,sep,260014,71
,26,45,,277954,Kenan Yildiz,sep,260014,78
,26,45,,271579,Filippo Terracciano,sep,260014,60
,26,45,,247246,Khephren Thuram,sep,260014,74
,26,45,,239580,Bremer,sep,260014,49
,26,45,,268802,Fabio Miretti,sep,260014,60
,26,110738,,273128,Rafiu Durosinmi,sep,260014,71
,26,39,,74574,Lorenzo Bernasconi,sep,260014,56
,26,110738,,236898,Michel Aebischer,sep,260014,66
,26,55,,214658,Jesper Karlstrom,sep,260014,59
,26,55,,261573,Thomas Kristensen,sep,260014,25
,26,44,,229237,Manuel Akanji,sep,260014,47
,26,55,,229973,Jakub Piotrowski,sep,260014,63
,26,111974,,262396,Jay Idzes,sep,260014,46
,26,111974,,274702,Luca Lipani,sep,260014,46
,26,111974,,257324,Laurs Skjellerup,sep,260014,62
,26,111974,,251335,Woyo Coulibaly,sep,260014,51
,26,48,,239679,Pasquale Mazzocchi,sep,260014,58
,26,111974,,235842,Andrea Pinamonti,sep,260014,76
,26,111974,,191202,Nemanja Matic,sep,260014,66
,26,111974,,262027,Tarik Muharemovic,sep,260014,22
,26,48,,276706,Antonio Vergara,sep,260014,62
,26,111974,,252027,Aster Vranckx,sep,260014,64
,26,111974,,255561,Josh Doig,sep,260014,61
,26,111974,,243497,Sebastian Walukiewicz,sep,260014,37
,26,45,,75085,Vasilije Adzic,sep,260014,62
,26,45,,243580,Lois Openda,sep,260014,81
,26,45,,239763,Edon Zhegrova,sep,260014,70
,26,45,,198009,Mattia Perin,sep,260014,78
,26,45,,231512,Lloyd Kelly,sep,260014,38
,26,45,,258966,Andrea Cambiaso,sep,260014,70
,26,45,,222077,Manuel Locatelli,sep,260014,68
,26,50,,75647,Sascha Britschgi,sep,260014,28
,26,50,,192840,Milan Duric,sep,260014,70
,26,50,,261539,Mandela Keita,sep,260014,55
,26,110556,,206159,Stefano Sabelli,sep,260014,38
,26,50,,268913,Alessandro Circati,sep,260014,35
,26,50,,240992,Nahuel Estevez,sep,260014,69
,26,189,,271019,Giovanni Fabbian,sep,260014,69
,26,110374,,246791,Manor Solomon,sep,260014,72
,26,189,,240915,Juan Miranda,sep,260014,60
,26,110374,,248385,Roberto Piccoli,sep,260014,74
,26,52,,76410,Robinio Vaz,sep,260014,69
,26,54,,265650,Saul Coco,sep,260014,56
,26,52,,231447,Donyell Malen,sep,260014,78
,26,54,,273883,Cesare Casadei,sep,260014,69
,26,54,,211147,Valentino Lazaro,sep,260014,66
,26,52,,208268,Bryan Cristante,sep,260014,73
,26,52,,228251,Lorenzo Pellegrini,sep,260014,76
,26,47,,237942,Pervis Estupinan,sep,260014,55
,26,47,,232756,Fikayo Tomori,sep,260014,39
,26,206,,273628,Tobias Slotsager,sep,260014,27
,26,206,,230065,Suat Serdar,sep,260014,71
,26,206,,210940,Simone Perilli,sep,260014,67
,26,111434,,275162,Tommaso Barbieri,sep,260014,44
,26,206,,241007,Enzo Ebosse,sep,260014,33
,26,46,,235374,Manuel Lazzari,sep,260014,60
,26,46,,220502,Mattia Zaccagni,sep,260014,77
,26,1745,,77163,Ivan Smolcic,sep,260014,50
,26,46,,211361,Danilo Cataldi,sep,260014,71
,26,44,,198176,Stefan de Vrij,sep,260014,41
,26,44,,258648,Carlos Augusto,sep,260014,71
,26,44,,276278,Petar Sucic,sep,260014,68
,26,1745,,239977,Nicolas-Gerrit Kuhn,sep,260014,72
,26,54,,213242,Adrien Tameze,sep,260014,64
,26,1842,,278668,Ze Pedro,sep,260014,51
,26,46,,255009,Kenneth Taylor,sep,260014,75
,26,347,,268511,Walid Cheddira,sep,260014,71
,26,347,,243787,Ylber Ramadani,sep,260014,56
,26,46,,246242,Boulaye Dia,sep,260014,80
,26,347,,271539,Danilo Veiga,sep,260014,56
,26,46,,245275,Toma Basic,sep,260014,63
,26,347,,277840,Omri Gandelman,sep,260014,71
,26,347,,230107,Lassana Coulibaly,sep,260014,57
,26,111974,,241628,Nicholas Pierini,sep,260014,69
,26,111434,,205363,Matteo Bianchetti,sep,260014,34
,26,111974,,248787,Luca Moro,sep,260014,66
,26,111434,,268576,Michele Collocolo,sep,260014,61
,26,39,,74483,Honest Ahanor,sep,260014,42
,26,39,,230899,Ademola Lookman,sep,260014,82
,26,39,,266866,Ederson,sep,260014,70
,26,39,,253002,Giacomo Raspadori,sep,260014,78
,26,50,,278436,Mariano Troilo,sep,260014,28
,26,39,,260697,Isak Hien,sep,260014,36
,26,39,,208461,Marten de Roon,sep,260014,73
,26,50,,243154,Adrian Benedyczak,sep,260014,69
,26,110556,,240938,Junior Messias,sep,260014,72
,26,189,,189908,Lukasz Skorupski,sep,260014,79
,26,110556,,232229,Justin Bijlow,sep,260014,75
,26,110556,,239795,Caleb Ekuban,sep,260014,68
,26,189,,242280,Lewis Ferguson,sep,260014,77
,26,110556,,271882,Sebastian Otoa,sep,260014,33
,26,189,,192387,Ciro Immobile,sep,260014,78
,26,189,,210381,Charalampos Lykogiannis,sep,260014,68
,26,110556,,74485,Jeff Ekhator,sep,260014,62
,26,48,,192505,Romelu Lukaku,sep,260014,81
,26,48,,225116,Alex Meret,sep,260014,82
,26,45,,208574,Filip Kostic,sep,260014,75
,26,48,,261865,Miguel Gutierrez,sep,260014,69
,26,48,,202884,Leonardo Spinazzola,sep,260014,66
,26,45,,261050,Francisco Conceicao,sep,260014,72
,26,47,,265774,Koni De Winter,sep,260014,39
,26,52,,224490,Zeki Celik,sep,260014,58
,26,55,,223866,Sandi Lovric,sep,260014,62
,26,55,,259634,Jordan Zemura,sep,260014,57
,26,46,,211361,Danilo Cataldi,sep,260016,71
,26,110556,,232229,Justin Bijlow,sep,260016,75
,26,46,,275978,Petar Ratkov,sep,260016,66
,26,46,,245275,Toma Basic,sep,260016,63
,26,110556,,242633,Morten Frendrup,sep,260016,58
,26,46,,224987,Ivan Provedel,sep,260016,82
,26,110556,,240938,Junior Messias,sep,260016,72
,26,110556,,231969,Ruslan Malinovskyi,sep,260016,78
,26,110556,,215798,Maxwel Cornet,sep,260016,74
,26,110556,,263829,Vitinha,sep,260016,73
,26,110556,,264436,Mikael Ellertsson,sep,260016,69
,26,46,,255009,Kenneth Taylor,sep,260016,75
,26,46,,189505,Pedro,sep,260016,73
,26,46,,248729,Gustav Isaksen,sep,260016,71
,26,46,,255611,Daniel Maldini,sep,260016,70
,26,46,,224031,Adam Marusic,sep,260016,66
,26,110556,,256899,Lorenzo Colombo,sep,260016,74
,26,110556,,244349,Johan Vasquez,sep,260016,32
,26,111974,,274702,Luca Lipani,sep,260016,46
,26,110738,,220048,Simone Scuffet,sep,260016,72
,26,110738,,71230,Felipe Loyola,sep,260016,63
,26,111974,,233164,Arijanet Muric,sep,260016,73
,26,110738,,273128,Rafiu Durosinmi,sep,260016,71
,26,111974,,248787,Luca Moro,sep,260016,66
,26,110738,,240797,Matteo Tramoni,sep,260016,68
,26,111974,,191202,Nemanja Matic,sep,260016,66
,26,111974,,235842,Andrea Pinamonti,sep,260016,76
,26,111974,,242725,Kristian Thorstvedt,sep,260016,71
,26,111974,,243593,Armand Lauriente,sep,260016,76
,26,111974,,264207,Ismael Kone,sep,260016,62
,26,111974,,262027,Tarik Muharemovic,sep,260016,22
,26,111974,,210935,Domenico Berardi,sep,260016,80
,26,110738,,240660,Mehdi Leris,sep,260016,61
,26,110738,,236898,Michel Aebischer,sep,260016,66
,26,111974,,199174,Antonio Caracciolo,sep,260016,31
,26,110738,,233396,Idrissa Toure,sep,260016,61
,26,110738,,222959,Stefano Moreo,sep,260016,68
,26,110374,,236610,Moise Kean,sep,260016,81
,26,48,,225116,Alex Meret,sep,260016,82
,26,110374,,248385,Roberto Piccoli,sep,260016,74
,26,48,,80283,Giovane,sep,260016,69
,26,110374,,193080,David De Gea,sep,260016,85
,26,48,,237238,Scott McTominay,sep,260016,81
,26,110374,,258976,Fabiano Parisi,sep,260016,66
,26,110374,,225439,Rolando Mandragora,sep,260016,72
,26,48,,261865,Miguel Gutierrez,sep,260016,69
,26,48,,259399,Rasmus Hojlund,sep,260016,76
,26,48,,241390,Eljif Elmas,sep,260016,70
,26,110374,,246791,Manor Solomon,sep,260016,72
,26,48,,240716,Mathias Olivera,sep,260016,49
,26,110374,,278340,Pietro Comuzzo,sep,260016,27
,26,110374,,238004,Albert Gudmundsson,sep,260016,77
,26,48,,276706,Antonio Vergara,sep,260016,62
,26,206,,266585,Daniel Mosquera,sep,260016,71
,26,1842,,255303,Elia Caprile,sep,260016,77
,26,1842,,73095,Riyad Idrissi,sep,260016,55
,26,206,,210940,Simone Perilli,sep,260016,67
,26,1842,,271577,Ibrahim Sulemana,sep,260016,61
,26,1842,,254982,Michel Adopo,sep,260016,59
,26,1842,,252942,Gennaro Borrelli,sep,260016,64
,26,206,,230065,Suat Serdar,sep,260016,71
,26,1842,,247888,Sebastiano Esposito,sep,260016,75
,26,1842,,220534,Sebastiano Luperto,sep,260016,47
,26,206,,241937,Abdou Harroui,sep,260016,68
,26,1842,,246877,Gianluca Gaetano,sep,260016,71
,26,1842,,274616,Semih Kilicsoy,sep,260016,69
,26,1842,,278339,Marco Palestra,sep,260016,56
,26,206,,273628,Tobias Slotsager,sep,260016,27
,26,206,,273564,Gift Orban,sep,260016,79
,26,206,,223866,Sandi Lovric,sep,260016,62
,26,1842,,221331,Luca Mazzitelli,sep,260016,65
,26,206,,267681,Nicolas Valentini,sep,260016,32
,26,54,,70480,Alieu Njie,sep,260016,64
,26,347,,210676,Wladimiro Falcone,sep,260016,82
,26,347,,243787,Ylber Ramadani,sep,260016,56
,26,54,,235740,Alberto Paleari,sep,260016,69
,26,347,,271197,Lameck Banda,sep,260016,65
,26,54,,272725,Matteo Prati,sep,260016,67
,26,54,,219145,Guillermo Maripan,sep,260016,40
,26,54,,215333,Duvan Zapata,sep,260016,80
,26,54,,248474,Tino Anjorin,sep,260016,67
,26,54,,243481,Marcus Pedersen,sep,260016,47
,26,54,,226093,Che Adams,sep,260016,79
,26,347,,268511,Walid Cheddira,sep,260016,71
,26,347,,253139,Santiago Pierotti,sep,260016,67
,26,54,,266257,Emirhan Ilkhan,sep,260016,57
,26,347,,271539,Danilo Veiga,sep,260016,56
,26,347,,246431,Riccardo Sottil,sep,260016,65
,26,347,,277840,Omri Gandelman,sep,260016,71
,26,54,,211147,Valentino Lazaro,sep,260016,66
,26,54,,273883,Cesare Casadei,sep,260016,69
,26,347,,230107,Lassana Coulibaly,sep,260016,57
,26,347,,244717,Antonino Gallo,sep,260016,50
,26,1745,,210719,Marc Kempf,sep,260016,41
,26,39,,252154,Marco Carnesecchi,sep,260016,84
,26,1745,,277846,Nico Paz,sep,260016,70
,26,1745,,75055,Jesus Rodriguez,sep,260016,67
,26,1745,,70966,Jacobo Ramon,sep,260016,21
,26,39,,266866,Ederson,sep,260016,70
,26,1745,,225149,Jean Butez,sep,260016,76
,26,1745,,201153,Alvaro Morata,sep,260016,79
,26,1745,,254579,Lucas Da Cunha,sep,260016,71
,26,1745,,262842,Martin Baturina,sep,260016,70
,26,39,,277839,Nikola Krstovic,sep,260016,74
,26,39,,256035,Kamaldeen Sulemana,sep,260016,64
,26,1745,,279239,Jayden Addai,sep,260016,61
,26,1745,,261478,Anastasios Douvikas,sep,260016,71
,26,1745,,228349,Mergim Vojvoda,sep,260016,53
,26,1745,,267991,Maximo Perrone,sep,260016,54
,26,39,,226710,Gianluca Scamacca,sep,260016,79
,26,39,,262113,Nicola Zalewski,sep,260016,64
,26,111434,,74071,Romano Floriani Mussolini,sep,260016,53
,26,44,,177683,Yann Sommer,sep,260016,86
,26,44,,226268,Federico Dimarco,sep,260016,78
,26,111434,,228413,Emil Audero,sep,260016,78
,26,111434,,192840,Milan Duric,sep,260016,70
,26,111434,,237669,Alessio Zerbin,sep,260016,66
,26,111434,,268573,Federico Baschirotto,sep,260016,52
,26,44,,228093,Marcus Thuram,sep,260016,82
,26,44,,231478,Lautaro Martinez,sep,260016,88
,26,111434,,223137,Federico Bonazzoli,sep,260016,75
,26,44,,210406,Piotr Zielinski,sep,260016,76
,26,44,,239807,Davide Frattesi,sep,260016,75
,26,111434,,210964,Federico Ceccherini,sep,260016,47
,26,44,,276278,Petar Sucic,sep,260016,68
,26,44,,256632,Luis Henrique,sep,260016,72
,26,44,,277327,Francesco Pio Esposito,sep,260016,73
,26,50,,263229,Mateo Pellegrino,sep,260016,68
,26,45,,235840,Michele Di Gregorio,sep,260016,81
,26,45,,243580,Lois Openda,sep,260016,81
,26,50,,271385,Edoardo Corvi,sep,260016,66
,26,45,,208574,Filip Kostic,sep,260016,75
,26,50,,75647,Sascha Britschgi,sep,260016,28
,26,45,,243630,Jonathan David,sep,260016,80
,26,45,,261050,Francisco Conceicao,sep,260016,72
,26,45,,239580,Bremer,sep,260016,49
,26,45,,238744,Weston McKennie,sep,260016,71
,26,50,,258966,Andrea Cambiaso,sep,260016,70
,26,45,,277954,Kenan Yildiz,sep,260016,78
,26,50,,269276,Gaetano Oristanio,sep,260016,72
,26,50,,253162,Hans Nicolussi Caviglia,sep,260016,68
,26,50,,258714,Emanuele Valeri,sep,260016,70
,26,52,,229582,Gianluca Mancini,sep,260016,49
,26,55,,257288,Maduka Okoye,sep,260016,74
,26,52,,80170,Wesley,sep,260016,60
,26,55,,243249,Jurgen Ekkelenkamp,sep,260016,68
,26,52,,230872,Mile Svilar,sep,260016,84
,26,52,,231447,Donyell Malen,sep,260016,78
,26,52,,265695,Matias Soule,sep,260016,75
,26,55,,275522,Lennon Miller,sep,260016,63
,26,55,,272783,Arthur Atta,sep,260016,69
,26,55,,242238,Oumar Solet,sep,260016,41
,26,189,,212404,Federico Bernardeschi,sep,260016,73
,26,47,,215698,Mike Maignan,sep,260016,87
,26,47,,205431,Niclas Fullkrug,sep,260016,80
,26,189,,240657,Federico Ravaglia,sep,260016,70
,26,47,,245630,Youssouf Fofana,sep,260016,66
,26,47,,213666,Ruben Loftus-Cheek,sep,260016,74
,26,189,,234671,Jens Odgaard,sep,260016,76
,26,189,,239770,Nicolo Casale,sep,260016,52
,26,47,,210008,Adrien Rabiot,sep,260016,78
,26,189,,252440,Nadir Zortea,sep,260016,68
,26,189,,248342,Torbjorn Heggem,sep,260016,45
,26,47,,232411,Christopher Nkunku,sep,260016,78
,26,189,,266500,Jonathan Rowe,sep,260016,71
,26,110738,,252313,Marius Marin,feb,260017,56
,26,206,,215363,Lorenzo Montipo,feb,260017,76
,26,110738,,236898,Michel Aebischer,feb,260017,66
,26,110738,,277309,Henrik Wendel Meister,feb,260017,64
,26,110738,,233396,Idrissa Toure,feb,260017,61
,26,110738,,199174,Antonio Caracciolo,feb,260017,31
,26,110738,,222959,Stefano Moreo,feb,260017,68
,26,110738,,255562,Filip Stojilkovic,feb,260017,67
,26,206,,273564,Gift Orban,feb,260017,79
,26,110738,,220048,Simone Scuffet,feb,260017,72
,26,206,,223866,Sandi Lovric,feb,260017,62
,26,110556,,240938,Junior Messias,feb,260017,72
,26,48,,225116,Alex Meret,feb,260017,82
,26,48,,259399,Rasmus Hojlund,feb,260017,76
,26,110556,,232229,Justin Bijlow,feb,260017,75
,26,48,,261865,Miguel Gutierrez,feb,260017,69
,26,48,,276706,Antonio Vergara,feb,260017,62
,26,110556,,264436,Mikael Ellertsson,feb,260017,69
,26,48,,202884,Leonardo Spinazzola,feb,260017,66
,26,110556,,263829,Vitinha,feb,260017,73
,26,110556,,231969,Ruslan Malinovskyi,feb,260017,78
,26,48,,216435,Stanislav Lobotka,feb,260017,66
,26,110556,,256899,Lorenzo Colombo,feb,260017,74
,26,110556,,260653,Brooke Norton-Cuffy,feb,260017,43
,26,48,,237238,Scott McTominay,feb,260017,81
,26,110374,,276682,Cher Ndour,feb,260017,61
,26,54,,235740,Alberto Paleari,feb,260017,69
,26,54,,219145,Guillermo Maripan,feb,260017,40
,26,110374,,193080,David De Gea,feb,260017,85
,26,54,,248474,Tino Anjorin,feb,260017,67
,26,54,,215333,Duvan Zapata,feb,260017,80
,26,54,,273883,Cesare Casadei,feb,260017,69
,26,54,,248564,Zakaria Aboukhlal,feb,260017,71
,26,54,,265650,Saul Coco,feb,260017,56
,26,110374,,225439,Rolando Mandragora,feb,260017,72
,26,110374,,236610,Moise Kean,feb,260017,81
,26,110374,,246791,Manor Solomon,feb,260017,72
,26,110374,,238004,Albert Gudmundsson,feb,260017,77
,26,110374,,278340,Pietro Comuzzo,feb,260017,27
,26,54,,226093,Che Adams,feb,260017,79
,26,110374,,258976,Fabiano Parisi,feb,260017,66
,26,110374,,257785,Marco Brescianini,feb,260017,66
,26,54,,211147,Valentino Lazaro,feb,260017,66
,26,54,,236413,Sandro Kulenovic,feb,260017,71
,26,189,,267861,Santiago Castro,feb,260017,75
,26,50,,271385,Edoardo Corvi,feb,260017,66
,26,189,,231207,Jhon Lucumi,feb,260017,36
,26,189,,233556,Riccardo Orsolini,feb,260017,82
,26,50,,273884,Christian Ordonez,feb,260017,43
,26,189,,189908,Lukasz Skorupski,feb,260017,79
,26,189,,212404,Federico Bernardeschi,feb,260017,73
,26,189,,266500,Jonathan Rowe,feb,260017,71
,26,50,,261539,Mandela Keita,feb,260017,55
,26,189,,252021,Thijs Dallinga,feb,260017,75
,26,189,,242280,Lewis Ferguson,feb,260017,77
,26,50,,252794,Adrian Bernabe,feb,260017,70
,26,50,,263229,Mateo Pellegrino,feb,260017,68
,26,189,,202024,Remo Freuler,feb,260017,71
,26,189,,210381,Charalampos Lykogiannis,feb,260017,68
,26,347,,271197,Lameck Banda,feb,260017,65
,26,55,,257288,Maduka Okoye,feb,260017,74
,26,347,,277840,Omri Gandelman,feb,260017,71
,26,347,,247668,N'Dri Konan,feb,260017,65
,26,55,,238067,Nicolo Zaniolo,feb,260017,75
,26,347,,210676,Wladimiro Falcone,feb,260017,82
,26,347,,243787,Ylber Ramadani,feb,260017,56
,26,347,,244717,Antonino Gallo,feb,260017,50
,26,347,,230107,Lassana Coulibaly,feb,260017,57
,26,347,,271539,Danilo Veiga,feb,260017,56
,26,55,,272783,Arthur Atta,feb,260017,69
,26,347,,70555,Tiago Gabriel,feb,260017,33
,26,55,,242238,Oumar Solet,feb,260017,41
,26,347,,246431,Riccardo Sottil,feb,260017,65
,26,55,,246832,Vakoun Issouf Bayo,feb,260017,68
,26,347,,268511,Walid Cheddira,feb,260017,71
,26,44,,229237,Manuel Akanji,feb,260017,47
,26,111974,,233164,Arijanet Muric,feb,260017,73
,26,44,,259565,Ange-Yoan Bonny,feb,260017,75
,26,44,,256632,Luis Henrique,feb,260017,72
,26,111974,,262027,Tarik Muharemovic,feb,260017,22
,26,44,,177683,Yann Sommer,feb,260017,86
,26,44,,276278,Petar Sucic,feb,260017,68
,26,44,,228093,Marcus Thuram,feb,260017,82
,26,44,,231478,Lautaro Martinez,feb,260017,88
,26,44,,226268,Federico Dimarco,feb,260017,78
,26,44,,239807,Davide Frattesi,feb,260017,75
,26,44,,192883,Henrikh Mkhitaryan,feb,260017,78
,26,111974,,262396,Jay Idzes,feb,260017,46
,26,44,,210406,Piotr Zielinski,feb,260017,76
,26,111974,,210935,Domenico Berardi,feb,260017,80
,26,111974,,243593,Armand Lauriente,feb,260017,76
,26,111974,,235842,Andrea Pinamonti,feb,260017,76
,26,44,,241736,Yann Bisseck,feb,260017,56
,26,111974,,264207,Ismael Kone,feb,260017,62
,26,45,,243580,Lois Openda,feb,260017,81
,26,46,,224987,Ivan Provedel,feb,260017,82
,26,45,,255654,Pierre Kalulu,feb,260017,52
,26,45,,268802,Fabio Miretti,feb,260017,60
,26,45,,224422,Jeremie Boga,feb,260017,68
,26,45,,277954,Kenan Yildiz,feb,260017,78
,26,45,,239763,Edon Zhegrova,feb,260017,70
,26,46,,251530,Nuno Tavares,feb,260017,66
,26,45,,235840,Michele Di Gregorio,feb,260017,81
,26,46,,264257,Tijjani Noslin,feb,260017,73
,26,45,,222077,Manuel Locatelli,feb,260017,68
,26,45,,238744,Weston McKennie,feb,260017,71
,26,46,,255009,Kenneth Taylor,feb,260017,75
,26,46,,258890,Fisayo Dele-Bashiru,feb,260017,71
,26,45,,247246,Khephren Thuram,feb,260017,74
,26,46,,248729,Gustav Isaksen,feb,260017,71
,26,46,,189505,Pedro,feb,260017,73
,26,45,,243630,Jonathan David,feb,260017,80
,26,45,,258966,Andrea Cambiaso,feb,260017,70
,26,46,,245275,Toma Basic,feb,260017,63
,26,45,,239580,Bremer,feb,260017,49
,26,45,,240679,Teun Koopmeiners,feb,260017,78
,26,111434,,222475,Morten Thorsby,feb,260017,61
,26,39,,252154,Marco Carnesecchi,feb,260017,84
,26,39,,246875,Odilon Kossounou,feb,260017,31
,26,111434,,228413,Emil Audero,feb,260017,78
,26,39,,223273,Mario Pasalic,feb,260017,76
,26,111434,,192840,Milan Duric,feb,260017,70
,26,111434,,236838,Youssef Maleh,feb,260017,64
,26,39,,277839,Nikola Krstovic,feb,260017,74
,26,39,,256035,Kamaldeen Sulemana,feb,260017,64
,26,39,,266866,Ederson,feb,260017,70
,26,111434,,240970,Martin Payero,feb,260017,65
,26,39,,253002,Giacomo Raspadori,feb,260017,78
,26,39,,256115,Lazar Samardzic,feb,260017,72
,26,111434,,219932,Antonio Sanabria,feb,260017,74
,26,39,,262113,Nicola Zalewski,feb,260017,64
,26,111434,,275162,Tommaso Barbieri,feb,260017,44
,26,39,,265188,Giorgio Scalvini,feb,260017,35
,26,39,,216150,Davide Zappacosta,feb,260017,72
,26,39,,208165,Berat Djimsiti,feb,260017,37
,26,52,,262745,Neil El Aynaoui,feb,260017,61
,26,1842,,255303,Elia Caprile,feb,260017,77
,26,1842,,237586,Alberto Dossena,feb,260017,43
,26,52,,230872,Mile Svilar,feb,260017,84
,26,1842,,271577,Ibrahim Sulemana,feb,260017,61
,26,52,,271916,Bryan Zaragoza,feb,260017,71
,26,52,,265695,Matias Soule,feb,260017,75
,26,52,,231447,Donyell Malen,feb,260017,78
,26,52,,277695,Daniele Ghilardi,feb,260017,41
,26,52,,228251,Lorenzo Pellegrini,feb,260017,76
,26,52,,275291,Niccolo Pisilli,feb,260017,65
,26,52,,236403,Evan Ndicka,feb,260017,51
,26,1745,,273875,Alex Valle,feb,260020,55
,26,47,,215698,Mike Maignan,feb,260020,87
,26,1745,,75055,Jesus Rodriguez,feb,260020,67
,26,1745,,261478,Anastasios Douvikas,feb,260020,71
,26,47,,227796,Christian Pulisic,feb,260020,82
,26,1745,,225149,Jean Butez,feb,260020,76
,26,1745,,262842,Martin Baturina,feb,260020,70
,26,47,,240277,Matteo Gabbia,feb,260020,35
,26,47,,245630,Youssouf Fofana,feb,260020,66
,26,47,,241721,Rafael Leao,feb,260020,78
,26,1745,,70966,Jacobo Ramon,feb,260020,29
,26,1745,,199564,Sergi Roberto,feb,260020,62
,26,47,,232756,Fikayo Tomori,feb,260020,39
,26,1745,,277846,Nico Paz,feb,260020,70
,26,110738,,270658,Samuele Angori,feb,260019,51
,26,47,,215698,Mike Maignan,feb,260019,87
,26,110738,,70471,Ebenezer Akinsanmiro,feb,260019,66
,26,47,,177003,Luka Modric,feb,260019,74
,26,110738,,205496,Nicolas,feb,260019,67
,26,47,,205431,Niclas Fullkrug,feb,260019,80
,26,110738,,71230,Felipe Loyola,feb,260019,63
,26,47,,279782,Zachary Athekame,feb,260019,26
,26,110738,,255562,Filip Stojilkovic,feb,260019,67
,26,47,,213666,Ruben Loftus-Cheek,feb,260019,74
,26,110738,,222959,Stefano Moreo,feb,260019,68
,26,47,,210008,Adrien Rabiot,feb,260019,78
,26,110374,,248385,Roberto Piccoli,feb,260019,74
,26,1745,,225149,Jean Butez,feb,260019,76
,26,1745,,277846,Nico Paz,feb,260019,70
,26,110374,,193080,David De Gea,feb,260019,85
,26,1745,,210719,Marc Kempf,feb,260019,41
,26,1745,,258976,Fabiano Parisi,feb,260019,66
,26,1745,,201153,Alvaro Morata,feb,260019,79
,26,1745,,75055,Jesus Rodriguez,feb,260019,67
,26,1745,,262842,Martin Baturina,feb,260019,70
,26,110374,,236610,Moise Kean,feb,260019,81
,26,1745,,261478,Anastasios Douvikas,feb,260019,71
,26,110374,,260823,Nicolo Fagioli,feb,260019,64
,26,110374,,232080,Jack Harrison,feb,260019,68
,26,110374,,240777,Luca Ranieri,feb,260019,40
,26,39,,277839,Nikola Krstovic,feb,260019,74
,26,46,,224987,Ivan Provedel,feb,260019,82
,26,46,,206098,Patric,feb,260019,51
,26,39,,252154,Marco Carnesecchi,feb,260019,84
,26,46,,246242,Boulaye Dia,feb,260019,80
,26,46,,255611,Daniel Maldini,feb,260019,70
,26,46,,275978,Petar Ratkov,feb,260019,66
,26,46,,251530,Nuno Tavares,feb,260019,66
,26,39,,208461,Marten de Roon,feb,260019,73
,26,39,,74574,Lorenzo Bernasconi,feb,260019,56
,26,39,,262113,Nicola Zalewski,feb,260019,64
,26,46,,224031,Adam Marusic,feb,260019,66
,26,46,,264257,Tijjani Noslin,feb,260019,73
,26,46,,211361,Danilo Cataldi,feb,260019,71
,26,39,,265188,Giorgio Scalvini,feb,260019,35
,26,39,,266866,Ederson,feb,260019,70
,26,46,,255009,Kenneth Taylor,feb,260019,75
,26,39,,74483,Honest Ahanor,feb,260019,42
,26,39,,256115,Lazar Samardzic,feb,260019,72
,26,46,,248729,Gustav Isaksen,feb,260019,71
,26,44,,259565,Ange-Yoan Bonny,feb,260019,75
,26,45,,235840,Michele Di Gregorio,feb,260019,81
,26,45,,246656,Emil Holm,feb,260019,60
,26,44,,177683,Yann Sommer,feb,260019,86
,26,45,,240679,Teun Koopmeiners,feb,260019,78
,26,44,,210406,Piotr Zielinski,feb,260019,76
,26,44,,208128,Hakan Calhanoglu,feb,260019,80
,26,44,,241736,Yann Bisseck,feb,260019,56
,26,45,,222077,Manuel Locatelli,feb,260019,68
,26,44,,226268,Federico Dimarco,feb,260019,78
,26,44,,277327,Francesco Pio Esposito,feb,260019,75
,26,44,,228093,Marcus Thuram,feb,260019,82
,26,45,,238744,Weston McKennie,feb,260019,71
,26,45,,268802,Fabio Miretti,feb,260019,60
,26,45,,258966,Andrea Cambiaso,feb,260019,70
,26,44,,224232,Nicolo Barella,feb,260019,78
,26,44,,237383,Alessandro Bastoni,feb,260019,46
,26,44,,231478,Lautaro Martinez,feb,260019,88
,26,45,,277954,Kenan Yildiz,feb,260019,78
,26,45,,261050,Francisco Conceicao,feb,260019,72
,26,55,,76411,Idrissa Gueye,feb,260019,67
,26,111974,,233164,Arijanet Muric,feb,260019,74
,26,111974,,240452,M'bala Nzola,feb,260019,71
,26,55,,257288,Maduka Okoye,feb,260019,74
,26,55,,224438,Adam Buksa,feb,260019,73
,26,111974,,274702,Luca Lipani,feb,260019,46
,26,111974,,235842,Andrea Pinamonti,feb,260019,76
,26,111974,,243593,Armand Lauriente,feb,260019,76
,26,55,,242238,Oumar Solet,feb,260019,41
,26,55,,238067,Nicolo Zaniolo,feb,260019,75
,26,111974,,242725,Kristian Thorstvedt,feb,260019,71
,26,111974,,210935,Domenico Berardi,feb,260019,80
,26,55,,275522,Lennon Miller,feb,260019,63
,26,55,,261573,Thomas Kristensen,feb,260019,25
,26,111434,,223137,Federico Bonazzoli,feb,260019,75
,26,110556,,232229,Justin Bijlow,feb,260019,75
,26,110556,,239795,Caleb Ekuban,feb,260019,68
,26,111434,,228413,Emil Audero,feb,260019,78
,26,110556,,79913,Alexsandro Amorim,feb,260019,59
,26,110556,,238516,Leo Ostigard,feb,260019,37
,26,111434,,236838,Youssef Maleh,feb,260019,64
,26,110556,,74485,Jeff Ekhator,feb,260019,62
,26,111434,,222475,Morten Thorsby,feb,260019,61
,26,111434,,220475,Alberto Grassi,feb,260019,61
,26,111434,,192840,Milan Duric,feb,260019,70
,26,110556,,240938,Junior Messias,feb,260019,72
,26,110556,,263829,Vitinha,feb,260019,73
,26,110556,,256899,Lorenzo Colombo,feb,260019,74
,26,110556,,264436,Mikael Ellertsson,feb,260019,69
,26,111434,,237669,Alessio Zerbin,feb,260019,66
,26,111434,,240970,Martin Payero,feb,260019,65
,26,111434,,268573,Federico Baschirotto,feb,260019,52
,26,111434,,208830,Jamie Vardy,feb,260019,76
,26,110556,,260653,Brooke Norton-Cuffy,feb,260019,43
,26,110556,,244349,Johan Vasquez,feb,260019,32
,26,206,,273628,Tobias Slotsager,feb,260019,27
,26,50,,271385,Edoardo Corvi,feb,260019,66
,26,50,,263229,Mateo Pellegrino,feb,260019,68
,26,206,,215363,Lorenzo Montipo,feb,260019,76
,26,50,,253162,Hans Nicolussi Caviglia,feb,260019,68
,26,50,,269276,Gaetano Oristanio,feb,260019,72
,26,50,,252794,Adrian Bernabe,feb,260019,70
,26,50,,255460,Jacob Ondrejka,feb,260019,71
,26,50,,235949,Gabriel Strefezza,feb,260019,64
,26,206,,252308,Moatasem Al-Musrati,feb,260019,65
,26,206,,248661,Cheikh Niasse,feb,260019,43
,26,50,,75647,Sascha Britschgi,feb,260019,28
,26,50,,246164,Lautaro Valenti,feb,260019,51
,26,206,,241937,Abdou Harroui,feb,260019,68
,26,50,,261539,Mandela Keita,feb,260019,55
,26,189,,240915,Juan Miranda,feb,260019,60
,26,54,,235740,Alberto Paleari,feb,260019,69
,26,54,,265650,Saul Coco,feb,260019,56
,26,189,,189908,Lukasz Skorupski,feb,260019,79
,26,54,,215333,Duvan Zapata,feb,260019,80
,26,189,,267861,Santiago Castro,feb,260019,75
,26,54,,241095,Nikola Vlasic,feb,260019,75
,26,189,,244634,Simon Sohm,feb,260019,67
,26,189,,212404,Federico Bernardeschi,feb,260019,73
,26,189,,202024,Remo Freuler,feb,260019,71
,26,189,,244270,Nikola Moro,feb,260019,71
,26,189,,266500,Jonathan Rowe,feb,260019,71
,26,189,,257290,Joao Mario,feb,260019,61
,26,54,,216816,Giovanni Simeone,feb,260019,76
,26,54,,219145,Guillermo Maripan,feb,260019,40
,26,48,,261865,Miguel Gutierrez,feb,260019,69
,26,52,,230872,Mile Svilar,feb,260019,84
,26,52,,76410,Robinio Vaz,feb,260019,69
,26,48,,224836,Vanja Milinkovic-Savic,feb,260019,79
,26,48,,245992,Billy Gilmour,feb,260019,57
,26,48,,259399,Rasmus Hojlund,feb,260019,76
,26,48,,79270,Alisson Santos,feb,260019,60
,26,52,,76172,Lorenzo Venturino,feb,260019,52
,26,52,,231447,Donyell Malen,feb,260019,78
,26,48,,202884,Leonardo Spinazzola,feb,260019,66
,26,52,,229582,Gianluca Mancini,feb,260019,49
,26,52,,80170,Wesley,feb,260019,60
,26,52,,275291,Niccolo Pisilli,feb,260019,65
,26,48,,216435,Stanislav Lobotka,feb,260019,66
,26,48,,276706,Antonio Vergara,feb,260019,62
,26,347,,273915,Nikola Stulic,feb,260019,74
,26,1842,,255303,Elia Caprile,feb,260019,77
,26,347,,266848,Oumar Ngom,feb,260019,48
,26,1842,,271577,Ibrahim Sulemana,feb,260019,61
,26,347,,210676,Wladimiro Falcone,feb,260019,82
,26,1842,,278339,Marco Palestra,feb,260019,57
,26,1842,,82808,Yael Trepy,feb,260019,61
,26,1842,,254982,Michel Adopo,feb,260019,59
,26,347,,243787,Ylber Ramadani,feb,260019,56
,26,347,,277840,Omri Gandelman,feb,260019,71
,26,1842,,266636,Adam Obert,feb,260019,51
,26,347,,268511,Walid Cheddira,feb,260019,71
,26,1842,,252964,Gabriele Zappa,feb,260019,59
,26,1842,,205850,Leonardo Pavoletti,feb,260019,67
,26,347,,253139,Santiago Pierotti,feb,260019,67
,26,347,,246431,Riccardo Sottil,feb,260019,65
,26,206,,266585,Daniel Mosquera,feb,260020,71
,26,111974,,233164,Arijanet Muric,feb,260020,74
,26,206,,252000,Domagoj Bradaric,feb,260020,56
,26,206,,256453,Amin Sarr,feb,260020,69
,26,111974,,242725,Kristian Thorstvedt,feb,260020,71
,26,206,,215363,Lorenzo Montipo,feb,260020,76
,26,111974,,210935,Domenico Berardi,feb,260020,80
,26,206,,252308,Moatasem Al-Musrati,feb,260020,65
,26,206,,257104,Kieron Bowie,feb,260020,64
,26,206,,241937,Abdou Harroui,feb,260020,68
,26,111974,,235842,Andrea Pinamonti,feb,260020,76
,26,111974,,226108,Filippo Romagna,feb,260020,31
,26,111974,,274702,Luca Lipani,feb,260020,46
,26,206,,238009,Martin Frese,feb,260020,64
,26,45,,243630,Jonathan David,feb,260020,80
,26,45,,240679,Teun Koopmeiners,feb,260020,78
,26,1745,,267991,Maximo Perrone,feb,260020,54
,26,45,,235840,Michele Di Gregorio,feb,260020,81
,26,45,,224422,Jeremie Boga,feb,260020,68
,26,45,,247246,Khephren Thuram,feb,260020,74
,26,45,,277954,Kenan Yildiz,feb,260020,78
,26,45,,243580,Lois Openda,feb,260020,81
,26,1745,,246646,Maxence Caqueret,feb,260020,61
,26,1745,,254579,Lucas Da Cunha,feb,260020,71
,26,45,,261050,Francisco Conceicao,feb,260020,72
,26,1745,,228349,Mergim Vojvoda,feb,260020,53
,26,44,,229237,Manuel Akanji,feb,260020,47
,26,347,,210676,Wladimiro Falcone,feb,260020,82
,26,44,,259565,Ange-Yoan Bonny,feb,260020,75
,26,44,,226268,Federico Dimarco,feb,260020,78
,26,44,,192883,Henrikh Mkhitaryan,feb,260020,78
,26,44,,239807,Davide Frattesi,feb,260020,75
,26,347,,271539,Danilo Veiga,feb,260020,56
,26,44,,177683,Yann Sommer,feb,260020,86
,26,347,,271197,Lameck Banda,feb,260020,65
,26,44,,276278,Petar Sucic,feb,260020,68
,26,44,,228093,Marcus Thuram,feb,260020,82
,26,44,,210406,Piotr Zielinski,feb,260020,76
,26,44,,277327,Francesco Pio Esposito,feb,260020,75
,26,347,,243787,Ylber Ramadani,feb,260020,56
,26,44,,198176,Stefan de Vrij,feb,260020,41
,26,44,,256632,Luis Henrique,feb,260020,72
,26,46,,211361,Danilo Cataldi,feb,260020,71
,26,1842,,255303,Elia Caprile,feb,260020,77
,26,46,,263929,Matteo Cancellieri,feb,260020,71
,26,46,,224031,Adam Marusic,feb,260020,66
,26,1842,,278339,Marco Palestra,feb,260020,57
,26,46,,224987,Ivan Provedel,feb,260020,82
,26,1842,,278668,Ze Pedro,feb,260020,51
,26,1842,,73095,Riyad Idrissi,feb,260020,56
,26,1842,,254982,Michel Adopo,feb,260020,59
,26,1842,,271577,Ibrahim Sulemana,feb,260020,61
,26,46,,255611,Daniel Maldini,feb,260020,70
,26,46,,255009,Kenneth Taylor,feb,260020,75
,26,1842,,237586,Alberto Dossena,feb,260020,43
,26,1842,,220523,Yerry Mina,feb,260020,49
,26,1842,,247888,Sebastiano Esposito,feb,260020,75
,26,1842,,221331,Luca Mazzitelli,feb,260020,68
,26,46,,266123,Oliver Provstgaard,feb,260020,38
,26,46,,220502,Mattia Zaccagni,feb,260020,77
,26,46,,248729,Gustav Isaksen,feb,260020,71
,26,54,,272725,Matteo Prati,feb,260020,67
,26,110556,,232229,Justin Bijlow,feb,260020,75
,26,110556,,255934,Jean Onana,feb,260020,65
,26,54,,235740,Alberto Paleari,feb,260020,69
,26,110556,,240938,Junior Messias,feb,260020,72
,26,110556,,264436,Mikael Ellertsson,feb,260020,69
,26,110556,,74485,Jeff Ekhator,feb,260020,62
,26,110556,,260653,Brooke Norton-Cuffy,feb,260020,43
,26,54,,215333,Duvan Zapata,feb,260020,80
,26,54,,273932,Gvidas Gineitis,feb,260020,57
,26,110556,,239795,Caleb Ekuban,feb,260020,68
,26,54,,236413,Sandro Kulenovic,feb,260020,71
,26,110556,,269312,Tommaso Baldanzi,feb,260020,71
,26,54,,258507,Rafael Obrador,feb,260020,41
,26,110556,,244349,Johan Vasquez,feb,260020,32
,26,110556,,231969,Ruslan Malinovskyi,feb,260020,78
,26,110556,,256899,Lorenzo Colombo,feb,260020,74
,26,39,,208461,Marten de Roon,feb,260020,73
,26,48,,224836,Vanja Milinkovic-Savic,feb,260020,79
,26,39,,256115,Lazar Samardzic,feb,260020,72
,26,48,,79270,Alisson Santos,feb,260020,60
,26,39,,252154,Marco Carnesecchi,feb,260020,84
,26,39,,226710,Gianluca Scamacca,feb,260020,79
,26,39,,223273,Mario Pasalic,feb,260020,76
,26,39,,247229,Raoul Bellanova,feb,260020,52
,26,48,,276706,Antonio Vergara,feb,260020,62
,26,48,,216435,Stanislav Lobotka,feb,260020,66
,26,39,,256035,Kamaldeen Sulemana,feb,260020,64
,26,48,,259399,Rasmus Hojlund,feb,260020,76
,26,48,,262394,Sam Beukema,feb,260020,53
,26,47,,210008,Adrien Rabiot,feb,260020,78
,26,50,,271385,Edoardo Corvi,feb,260020,66
,26,47,,242664,Alexis Saelemaekers,feb,260020,66
,26,47,,279782,Zachary Athekame,feb,260020,26
,26,47,,205431,Niclas Fullkrug,feb,260020,80
,26,50,,278436,Mariano Troilo,feb,260020,28
,26,47,,254840,Strahinja Pavlovic,feb,260020,42
,26,50,,253162,Hans Nicolussi Caviglia,feb,260020,68
,26,50,,246164,Lautaro Valenti,feb,260020,51
,26,47,,257186,Ardon Jashari,feb,260020,67
,26,47,,237942,Pervis Estupinan,feb,260020,55
,26,50,,235949,Gabriel Strefezza,feb,260020,64
,26,50,,252794,Adrian Bernabe,feb,260020,70
,26,50,,263229,Mateo Pellegrino,feb,260020,68
,26,111434,,223137,Federico Bonazzoli,feb,260020,75
,26,52,,230872,Mile Svilar,feb,260020,84
,26,52,,275291,Niccolo Pisilli,feb,260020,65
,26,111434,,228413,Emil Audero,feb,260020,78
,26,52,,76172,Lorenzo Venturino,feb,260020,52
,26,52,,231447,Donyell Malen,feb,260020,78
,26,111434,,222475,Morten Thorsby,feb,260020,61
,26,52,,250723,Manu Kone,feb,260020,72
,26,52,,236403,Evan Ndicka,feb,260020,51
,26,52,,208268,Bryan Cristante,feb,260020,73
,26,52,,228251,Lorenzo Pellegrini,feb,260020,76
,26,52,,229582,Gianluca Mancini,feb,260020,49
,26,52,,224490,Zeki Celik,feb,260020,58
,26,110738,,264480,Simone Canestrelli,feb,260020,44
,26,110374,,193080,David De Gea,feb,260020,85
,26,110738,,277309,Henrik Wendel Meister,feb,260020,64
,26,110374,,266596,Jacopo Fazzini,feb,260020,66
,26,110738,,205496,Nicolas,feb,260020,67
,26,110738,,72912,Rosen Bozhinov,feb,260020,30
,26,110374,,258976,Fabiano Parisi,feb,260020,66
,26,110374,,276682,Cher Ndour,feb,260020,63
,26,110738,,199174,Antonio Caracciolo,feb,260020,31
,26,110738,,193082,Juan Cuadrado,feb,260020,71
,26,110374,,260823,Nicolo Fagioli,feb,260020,64
,26,110374,,236610,Moise Kean,feb,260020,81
,26,110374,,234112,Dodo,feb,260020,57
,26,110738,,71230,Felipe Loyola,feb,260020,63
,26,110374,,257785,Marco Brescianini,feb,260020,66
,26,55,,76411,Idrissa Gueye,feb,260020,67
,26,189,,189908,Lukasz Skorupski,feb,260020,79
,26,55,,258615,Oier Zarraga,feb,260020,60
,26,55,,238067,Nicolo Zaniolo,feb,260020,75
,26,55,,229973,Jakub Piotrowski,feb,260020,63
,26,189,,212404,Federico Bernardeschi,feb,260020,73
,26,55,,257288,Maduka Okoye,feb,260020,74
,26,189,,240915,Juan Miranda,feb,260020,60
,26,55,,214658,Jesper Karlstrom,feb,260020,59
,26,189,,266500,Jonathan Rowe,feb,260020,71
,26,189,,233556,Riccardo Orsolini,feb,260020,82
,26,189,,267861,Santiago Castro,feb,260020,75
,26,189,,252060,Tommaso Pobega,feb,260020,75
,26,55,,190324,Christian Kabasele,feb,260020,50
,26,50,,255460,Jacob Ondrejka,feb,260023,71
,26,54,,235740,Alberto Paleari,feb,260023,70
,26,54,,215333,Duvan Zapata,feb,260023,80
,26,50,,255981,Zion Suzuki,feb,260023,75
,26,54,,236413,Sandro Kulenovic,feb,260023,71
,26,54,,241095,Nikola Vlasic,feb,260023,77
,26,54,,266257,Emirhan Ilkhan,feb,260023,57
,26,54,,216816,Giovanni Simeone,feb,260023,76
,26,54,,261539,Mandela Keita,feb,260023,55
,26,54,,226093,Che Adams,feb,260023,79
,26,54,,273932,Gvidas Gineitis,feb,260023,58
,26,50,,268913,Alessandro Circati,feb,260023,35
,26,54,,258507,Rafael Obrador,feb,260023,41
,26,50,,278436,Mariano Troilo,feb,260023,28
,26,50,,263229,Mateo Pellegrino,feb,260023,68
,26,50,,235949,Gabriel Strefezza,feb,260023,64
,26,54,,265650,Saul Coco,feb,260023,56
,26,39,,277839,Nikola Krstovic,feb,260023,75
,26,44,,177683,Yann Sommer,feb,260023,86
,26,44,,228093,Marcus Thuram,feb,260023,82
,26,39,,252154,Marco Carnesecchi,feb,260023,85
,26,39,,256035,Kamaldeen Sulemana,feb,260023,64
,26,39,,74574,Lorenzo Bernasconi,feb,260023,57
,26,44,,233096,Denzel Dumfries,feb,260023,68
,26,44,,226268,Federico Dimarco,feb,260023,78
,26,44,,277327,Francesco Pio Esposito,feb,260023,75
,26,44,,229237,Manuel Akanji,feb,260023,47
,26,44,,210406,Piotr Zielinski,feb,260023,76
,26,44,,224232,Nicolo Barella,feb,260023,78
,26,39,,226710,Gianluca Scamacca,feb,260023,79
,26,347,,243787,Ylber Ramadani,feb,260023,56
,26,48,,225116,Alex Meret,feb,260023,82
,26,347,,247668,N'Dri Konan,feb,260023,65
,26,48,,79270,Alisson Santos,feb,260023,60
,26,347,,210676,Wladimiro Falcone,feb,260023,82
,26,48,,216409,Matteo Politano,feb,260023,77
,26,48,,192985,Kevin De Bruyne,feb,260023,82
,26,347,,268511,Walid Cheddira,feb,260023,71
,26,48,,237238,Scott McTominay,feb,260023,81
,26,48,,259399,Rasmus Hojlund,feb,260023,76
,26,347,,70555,Tiago Gabriel,feb,260023,33
,26,347,,273915,Nikola Stulic,feb,260023,72
,26,347,,271197,Lameck Banda,feb,260023,65
,26,347,,266848,Oumar Ngom,feb,260023,48
,26,48,,245992,Billy Gilmour,feb,260023,57
,26,347,,230107,Lassana Coulibaly,feb,260023,57
,26,347,,259299,Jamil Siebert,feb,260023,32
,26,55,,238067,Nicolo Zaniolo,feb,260023,75
,26,45,,198009,Mattia Perin,feb,260023,78
,26,45,,268802,Fabio Miretti,feb,260023,64
,26,55,,257288,Maduka Okoye,feb,260023,74
,26,55,,272783,Arthur Atta,feb,260023,69
,26,55,,275647,Juan Arizala,feb,260023,50
,26,55,,214658,Jesper Karlstrom,feb,260023,59
,26,45,,239580,Bremer,feb,260023,50
,26,45,,277954,Kenan Yildiz,feb,260023,78
,26,45,,240679,Teun Koopmeiners,feb,260023,78
,26,45,,222077,Manuel Locatelli,feb,260023,69
,26,55,,243249,Jurgen Ekkelenkamp,feb,260023,68
,26,45,,258966,Andrea Cambiaso,feb,260023,70
,26,45,,247246,Khephren Thuram,feb,260023,74
,26,45,,224422,Jeremie Boga,feb,260023,68
,26,45,,261050,Francisco Conceicao,feb,260023,72
,26,110556,,74485,Jeff Ekhator,feb,260023,62
,26,206,,215363,Lorenzo Montipo,feb,260023,76
,26,206,,255233,Tomas Suslov,feb,260023,70
,26,110556,,232229,Justin Bijlow,feb,260023,75
,26,110556,,238516,Leo Ostigard,feb,260023,37
,26,206,,273564,Gift Orban,feb,260023,79
,26,110556,,263829,Vitinha,feb,260023,73
,26,206,,267681,Nicolas Valentini,feb,260023,32
,26,110556,,256899,Lorenzo Colombo,feb,260023,74
,26,110556,,206159,Stefano Sabelli,feb,260023,38
,26,206,,241937,Abdou Harroui,feb,260023,67
,26,110556,,231969,Ruslan Malinovskyi,feb,260023,78
,26,206,,205343,Jean Daniel Akpa-Akpro,feb,260023,67
,26,206,,257104,Kieron Bowie,feb,260023,65
,26,110556,,240938,Junior Messias,feb,260023,72
,26,110556,,239795,Caleb Ekuban,feb,260023,68
,26,1842,,221331,Luca Mazzitelli,feb,260023,68
,26,110738,,205496,Nicolas,feb,260023,67
,26,1842,,205850,Leonardo Pavoletti,feb,260023,67
,26,110738,,222959,Stefano Moreo,feb,260023,68
,26,1842,,255303,Elia Caprile,feb,260023,77
,26,1842,,237586,Alberto Dossena,feb,260023,40
,26,1842,,82808,Yael Trepy,feb,260023,61
,26,1842,,271577,Ibrahim Sulemana,feb,260023,62
,26,1842,,252964,Gabriele Zappa,feb,260023,59
,26,1842,,266636,Adam Obert,feb,260023,51
,26,1842,,274616,Semih Kilicsoy,feb,260023,71
,26,110738,,199174,Antonio Caracciolo,feb,260023,31
,26,110738,,270658,Samuele Angori,feb,260023,57
,26,110738,,253464,Malthe Hojholt,feb,260023,43
,26,1842,,246877,Gianluca Gaetano,feb,260023,71
,26,110738,,236898,Michel Aebischer,feb,260023,66
,26,110738,,240797,Matteo Tramoni,feb,260023,68
,26,1842,,268683,Michael Folorunsho,feb,260023,75
,26,110738,,273128,Rafiu Durosinmi,feb,260023,71
,26,189,,233556,Riccardo Orsolini,feb,260023,82
,26,111974,,233164,Arijanet Muric,feb,260023,74
,26,111974,,243593,Armand Lauriente,feb,260023,76
,26,189,,189908,Lukasz Skorupski,feb,260023,78
,26,111974,,265761,Cristian Volpato,feb,260023,67
,26,111974,,262027,Tarik Muharemovic,feb,260023,22
,26,189,,244270,Nikola Moro,feb,260023,71
,26,111974,,242725,Kristian Thorstvedt,feb,260023,71
,26,189,,234671,Jens Odgaard,feb,260023,77
,26,189,,252021,Thijs Dallinga,feb,260023,73
,26,189,,268703,Nicolo Cambiaghi,feb,260023,74
,26,111974,,235842,Andrea Pinamonti,feb,260023,76
,26,1745,,275324,Assane Diao,feb,260023,73
,26,52,,230872,Mile Svilar,feb,260023,84
,26,1745,,254579,Lucas Da Cunha,feb,260023,71
,26,1745,,219693,Diego Carlos,feb,260023,45
,26,1745,,77163,Ivan Smolcic,feb,260023,54
,26,1745,,262842,Martin Baturina,feb,260023,71
,26,1745,,246646,Maxence Caqueret,feb,260023,67
,26,1745,,277846,Nico Paz,feb,260023,70
,26,1745,,261478,Anastasios Douvikas,feb,260023,74
,26,1745,,70966,Jacobo Ramon,feb,260023,29
,26,52,,231447,Donyell Malen,feb,260023,78
,26,1745,,225149,Jean Butez,feb,260023,77
,26,1745,,273875,Alex Valle,feb,260023,57
,26,52,,208268,Bryan Cristante,feb,260023,73
,26,47,,257186,Ardon Jashari,feb,260023,67
,26,46,,277802,Edoardo Motta,feb,260023,65
,26,47,,177003,Luka Modric,feb,260023,74
,26,47,,265774,Koni De Winter,feb,260023,39
,26,47,,278237,Davide Bartesaghi,feb,260023,52
,26,46,,206098,Patric,feb,260023,51
,26,47,,215698,Mike Maignan,feb,260023,87
,26,47,,279782,Zachary Athekame,feb,260023,26
,26,47,,227796,Christian Pulisic,feb,260023,82
,26,47,,241721,Rafael Leao,feb,260023,78
,26,46,,248729,Gustav Isaksen,feb,260023,71
,26,47,,245630,Youssouf Fofana,feb,260023,66
,26,46,,255611,Daniel Maldini,feb,260023,70
,26,46,,255009,Kenneth Taylor,feb,260023,75
,26,47,,237942,Pervis Estupinan,feb,260023,55
,26,47,,254840,Strahinja Pavlovic,feb,260023,42
,26,46,,251530,Nuno Tavares,feb,260023,66
,26,111434,,192840,Milan Duric,feb,260023,70
,26,110374,,193080,David De Gea,feb,260023,85
,26,111434,,233732,David Okereke,feb,260023,71
,26,110374,,260823,Nicolo Fagioli,feb,260023,64
,26,111434,,228413,Emil Audero,feb,260023,79
,26,111434,,237669,Alessio Zerbin,feb,260023,66
,26,111434,,217338,Jari Vandeputte,feb,260023,64
,26,110374,,238004,Albert Gudmundsson,feb,260023,77
,26,111434,,220475,Alberto Grassi,feb,260023,61
,26,110374,,225439,Rolando Mandragora,feb,260023,72
,26,110374,,258976,Fabiano Parisi,feb,260023,66
,26,110374,,257785,Marco Brescianini,feb,260023,68
,26,110374,,234112,Dodo,feb,260023,57
,26,111434,,275162,Tommaso Barbieri,feb,260023,44
,26,110374,,248385,Roberto Piccoli,feb,260023,74
,26,110374,,240777,Luca Ranieri,feb,260023,40
,26,111434,,223137,Federico Bonazzoli,feb,260023,75
,26,1842,,83827,Paul Mendy,feb,260023,64
,26,48,,224836,Vanja Milinkovic-Savic,feb,260023,79
,26,1842,,247888,Sebastiano Esposito,feb,260023,75
,26,48,,243241,Alessandro Buongiorno,feb,260023,45
,26,110556,,79913,Alexsandro Amorim,feb,260023,59
,26,55,,231743,Keinan Davis,feb,260023,71
,26,110556,,260653,Brooke Norton-Cuffy,feb,260023,43
,26,55,,229973,Jakub Piotrowski,feb,260023,63
,26,110556,,264436,Mikael Ellertsson,feb,260023,69
,26,110556,,244349,Johan Vasquez,feb,260023,32
,26,55,,190324,Christian Kabasele,feb,260023,50
,26,50,,253162,Hans Nicolussi Caviglia,feb,260023,68
,26,50,,240992,Nahuel Estevez,feb,260023,69
,26,111434,,236838,Youssef Maleh,feb,260023,64
,26,111434,,219932,Antonio Sanabria,feb,260023,74
,26,47,,253473,Samuele Ricci,feb,260023,59
,26,47,,242664,Alexis Saelemaekers,feb,260023,66
,26,47,,205431,Niclas Fullkrug,feb,260023,80
,26,47,,210008,Adrien Rabiot,feb,260023,78
,26,54,,272725,Matteo Prati,feb,260023,67
,26,54,,258782,Ardian Ismajli,feb,260023,30
,26,45,,205175,Arkadiusz Milik,feb,260023,80
,26,45,,255654,Pierre Kalulu,feb,260023,52
,26,111974,,72098,Darryl Bakola,feb,260023,55
,26,111974,,262396,Jay Idzes,feb,260023,46
,26,45,,231512,Lloyd Kelly,feb,260023,43
,26,45,,238744,Weston McKennie,feb,260023,71
,26,110738,,277309,Henrik Wendel Meister,feb,260023,65
,26,1745,,267991,Maximo Perrone,feb,260023,54
,26,1745,,201153,Alvaro Morata,feb,260023,79
,26,110738,,71230,Felipe Loyola,feb,260023,63
,26,1745,,251464,Ignace Van der Brempt,feb,260023,55
,26,1745,,75055,Jesus Rodriguez,feb,260023,68
,26,206,,276314,Rafik Belghali,feb,260023,63
,26,206,,252308,Moatasem Al-Musrati,feb,260023,65
,26,39,,216150,Davide Zappacosta,feb,260023,72
,26,39,,208165,Berat Djimsiti,feb,260023,37
,26,39,,265188,Giorgio Scalvini,feb,260023,36
,26,39,,262113,Nicola Zalewski,feb,260023,65
,26,39,,266866,Ederson,feb,260023,70
,26,189,,259748,Martin Vitik,feb,260023,37
,26,46,,263929,Matteo Cancellieri,feb,260023,72
,26,189,,240657,Federico Ravaglia,feb,260023,72
,26,189,,267861,Santiago Castro,feb,260023,76
,26,46,,246242,Boulaye Dia,feb,260023,79
,26,189,,269558,Benjamin Dominguez,feb,260023,66
,26,189,,212404,Federico Bernardeschi,feb,260023,73
,26,46,,224031,Adam Marusic,feb,260023,66
,26,52,,79095,Antonio Arena,feb,260023,55
,26,52,,229668,Mario Hermoso,feb,260023,47
,26,52,,76410,Robinio Vaz,feb,260023,69
,26,347,,253139,Santiago Pierotti,feb,260023,67
,26,347,,263949,Sadik Fofana,feb,260023,44
,26,52,,232223,Kostas Tsimikas,feb,260023,55
,26,52,,236403,Evan Ndicka,feb,260023,51
,26,52,,228251,Lorenzo Pellegrini,feb,260023,76
,26,110374,,232080,Jack Harrison,feb,260023,68
,26,44,,239807,Davide Frattesi,feb,260023,75
,26,110374,,276682,Cher Ndour,feb,260023,63
,26,44,,241736,Yann Bisseck,feb,260023,56
,26,110374,,236610,Moise Kean,feb,260023,81
,26,111974,,240452,M'bala Nzola,feb,260025,71
,26,1842,,255303,Elia Caprile,feb,260025,78
,26,1842,,266636,Adam Obert,feb,260025,53
,26,111974,,233164,Arijanet Muric,feb,260025,74
,26,111974,,72098,Darryl Bakola,feb,260025,55
,26,111974,,235842,Andrea Pinamonti,feb,260025,76
,26,1842,,229743,Alessandro Deiola,feb,260025,67
,26,111974,,264207,Ismael Kone,feb,260025,62
,26,1842,,268683,Michael Folorunsho,feb,260025,76
,26,111974,,243497,Sebastian Walukiewicz,feb,260025,37
,26,111974,,223143,Ulisses Garcia,feb,260025,47
,26,111974,,210935,Domenico Berardi,feb,260025,80
,26,1842,,247888,Sebastiano Esposito,feb,260025,75
,26,1842,,220523,Yerry Mina,feb,260025,49
,26,111974,,242725,Kristian Thorstvedt,feb,260025,71
,26,1842,,254982,Michel Adopo,feb,260025,59
,26,206,,79069,Andrias Edmundsson,feb,260025,33
,26,110374,,193080,David De Gea,feb,260025,84
,26,206,,212153,Roberto Gagliardini,feb,260025,61
,26,206,,276314,Rafik Belghali,feb,260025,63
,26,110374,,260823,Nicolo Fagioli,feb,260025,64
,26,206,,215363,Lorenzo Montipo,feb,260025,76
,26,206,,255233,Tomas Suslov,feb,260025,70
,26,206,,238009,Martin Frese,feb,260025,64
,26,206,,257104,Kieron Bowie,feb,260025,65
,26,206,,205343,Jean Daniel Akpa-Akpro,feb,260025,67
,26,110374,,238004,Albert Gudmundsson,feb,260025,77
,26,206,,262930,Daniel Oyegoke,feb,260025,41
,26,206,,273564,Gift Orban,feb,260025,79
,26,110374,,236610,Moise Kean,feb,260025,81
,26,206,,234795,Antoine Bernede,feb,260025,65
,26,46,,258890,Fisayo Dele-Bashiru,feb,260025,71
,26,50,,255981,Zion Suzuki,feb,260025,75
,26,46,,264257,Tijjani Noslin,feb,260025,73
,26,50,,252794,Adrian Bernabe,feb,260025,70
,26,46,,277802,Edoardo Motta,feb,260025,65
,26,46,,255009,Kenneth Taylor,feb,260025,75
,26,50,,235949,Gabriel Strefezza,feb,260025,64
,26,46,,235374,Manuel Lazzari,feb,260025,60
,26,50,,253162,Hans Nicolussi Caviglia,feb,260025,68
,26,50,,258714,Emanuele Valeri,feb,260025,70
,26,46,,210413,Alessio Romagnoli,feb,260025,39
,26,46,,255611,Daniel Maldini,feb,260025,70
,26,50,,252442,Enrico Delprato,feb,260025,53
,26,50,,268913,Alessandro Circati,feb,260025,35
,26,111434,,223137,Federico Bonazzoli,feb,260025,75
,26,189,,240657,Federico Ravaglia,feb,260025,72
,26,189,,267861,Santiago Castro,feb,260025,76
,26,111434,,228413,Emil Audero,feb,260025,79
,26,189,,266500,Jonathan Rowe,feb,260025,71
,26,111434,,237669,Alessio Zerbin,feb,260025,66
,26,111434,,240970,Martin Payero,feb,260025,65
,26,111434,,236838,Youssef Maleh,feb,260025,64
,26,111434,,220534,Sebastiano Luperto,feb,260025,47
,26,189,,212404,Federico Bernardeschi,feb,260025,73
,26,189,,257290,Joao Mario,feb,260025,61
,26,189,,244270,Nikola Moro,feb,260025,71
,26,189,,259748,Martin Vitik,feb,260025,37
,26,111434,,217338,Jari Vandeputte,feb,260025,64
,26,110738,,240797,Matteo Tramoni,feb,260025,68
,26,54,,235740,Alberto Paleari,feb,260025,70
,26,54,,241095,Nikola Vlasic,feb,260025,77
,26,110738,,244274,Adrian Semper,feb,260025,71
,26,110738,,199174,Antonio Caracciolo,feb,260025,31
,26,110738,,71230,Felipe Loyola,feb,260025,63
,26,54,,226093,Che Adams,feb,260025,79
,26,54,,243481,Marcus Pedersen,feb,260025,47
,26,54,,273932,Gvidas Gineitis,feb,260025,58
,26,54,,273883,Cesare Casadei,feb,260025,69
,26,110738,,264480,Simone Canestrelli,feb,260025,44
,26,54,,216816,Giovanni Simeone,feb,260025,76
,26,110738,,270658,Samuele Angori,feb,260025,57
,26,110738,,236898,Michel Aebischer,feb,260025,66
,26,52,,228251,Lorenzo Pellegrini,feb,260025,76
,26,44,,177683,Yann Sommer,feb,260025,86
,26,44,,233096,Denzel Dumfries,feb,260025,68
,26,52,,230872,Mile Svilar,feb,260025,84
,26,44,,277327,Pio Esposito,feb,260025,75
,26,52,,231447,Donyell Malen,feb,260025,78
,26,52,,232223,Kostas Tsimikas,feb,260025,55
,26,44,,224232,Nicolo Barella,feb,260025,78
,26,44,,228093,Marcus Thuram,feb,260025,82
,26,52,,265695,Matias Soule,feb,260025,75
,26,44,,231478,Lautaro Martinez,feb,260025,88
,26,44,,208128,Hakan Calhanoglu,feb,260025,80
,26,52,,229582,Gianluca Mancini,feb,260025,49
,26,44,,210406,Piotr Zielinski,feb,260025,76
,26,44,,226268,Federico Dimarco,feb,260025,78
,26,44,,237383,Alessandro Bastoni,feb,260025,46
,26,1745,,228349,Mergim Vojvoda,feb,260025,53
,26,55,,257288,Maduka Okoye,feb,260025,74
,26,55,,76411,Idrissa Gueye,feb,260025,67
,26,1745,,225149,Jean Butez,feb,260025,77
,26,55,,238067,Nicolo Zaniolo,feb,260025,75
,26,1745,,254579,Lucas Da Cunha,feb,260025,71
,26,1745,,199564,Sergi Roberto,feb,260025,62
,26,1745,,262842,Martin Baturina,feb,260025,71
,26,55,,190324,Christian Kabasele,feb,260025,50
,26,1745,,261478,Anastasios Douvikas,feb,260025,74
,26,55,,229973,Jakub Piotrowski,feb,260025,63
,26,55,,220421,Hassane Kamara,feb,260025,60
,26,1745,,277846,Nico Paz,feb,260025,74
,26,55,,214658,Jesper Karlstrom,feb,260025,59
,26,55,,225669,Kingsley Ehizibue,feb,260025,55
,26,55,,272783,Arthur Atta,feb,260025,69
,26,1745,,267991,Maximo Perrone,feb,260025,54
,26,1745,,219693,Diego Carlos,feb,260025,45
,26,1745,,77163,Ivan Smolcic,feb,260025,54
,26,347,,259299,Jamil Siebert,feb,260025,32
,26,39,,252154,Marco Carnesecchi,feb,260025,85
,26,39,,253002,Giacomo Raspadori,feb,260025,78
,26,347,,210676,Wladimiro Falcone,feb,260025,82
,26,39,,256035,Kamaldeen Sulemana,feb,260025,64
,26,347,,266848,Oumar Ngom,feb,260025,48
,26,39,,277839,Nikola Krstovic,feb,260025,75
,26,347,,271197,Lameck Banda,feb,260025,65
,26,39,,266866,Ederson,feb,260025,70
,26,347,,277840,Omri Gandelman,feb,260025,71
,26,347,,253139,Santiago Pierotti,feb,260025,67
,26,39,,251470,Charles De Ketelaere,feb,260025,78
,26,347,,243787,Ylber Ramadani,feb,260025,56
,26,39,,265188,Giorgio Scalvini,feb,260025,36
,26,347,,263949,Sadik Fofana,feb,260025,44
,26,45,,246656,Emil Holm,feb,260025,60
,26,110556,,232229,Justin Bijlow,feb,260025,75
,26,45,,205175,Arkadiusz Milik,feb,260025,80
,26,45,,247246,Khephren Thuram,feb,260025,74
,26,110556,,276485,Patrizio Masini,feb,260025,54
,26,45,,198009,Mattia Perin,feb,260025,78
,26,110556,,236295,Aaron Martin,feb,260025,53
,26,110556,,269312,Tommaso Baldanzi,feb,260025,71
,26,110556,,263829,Vitinha,feb,260025,73
,26,45,,261050,Francisco Conceicao,feb,260025,72
,26,45,,243630,Jonathan David,feb,260025,80
,26,45,,238744,Weston McKennie,feb,260025,71
,26,45,,277954,Kenan Yildiz,feb,260025,78
,26,110556,,238516,Leo Ostigard,feb,260025,37
,26,45,,222077,Manuel Locatelli,feb,260025,69
,26,110556,,231969,Ruslan Malinovskyi,feb,260025,78
,26,45,,239580,Bremer,feb,260025,50
,26,47,,241721,Rafael Leao,feb,260025,78
,26,48,,224836,Vanja Milinkovic-Savic,feb,260025,79
,26,47,,245152,Santiago Gimenez,feb,260025,79
,26,47,,254840,Strahinja Pavlovic,feb,260025,42
,26,48,,216409,Matteo Politano,feb,260025,77
,26,47,,215698,Mike Maignan,feb,260025,87
,26,48,,227236,Frank Anguissa,feb,260025,75
,26,47,,279782,Zachary Athekame,feb,260025,26
,26,48,,240716,Mathias Olivera,feb,260025,49
,26,48,,216435,Stanislav Lobotka,feb,260025,66
,26,48,,80283,Giovane,feb,260025,69
,26,48,,237238,Scott McTominay,feb,260025,81
,26,48,,243241,Alessandro Buongiorno,feb,260025,45
,26,47,,232411,Christopher Nkunku,feb,260025,78
,26,48,,202884,Leonardo Spinazzola,feb,260025,67
,26,47,,245630,Youssouf Fofana,feb,260025,66
,26,110738,,268790,Gabriele Piccinini,feb,260026,57
,26,52,,230872,Mile Svilar,feb,260026,84
,26,52,,220651,Angelino,feb,260026,69
,26,110738,,244274,Adrian Semper,feb,260026,71
,26,110738,,273128,Rafiu Durosinmi,feb,260026,71
,26,52,,236403,Evan Ndicka,feb,260026,51
,26,52,,275291,Niccolo Pisilli,feb,260026,65
,26,110738,,222959,Stefano Moreo,feb,260026,68
,26,52,,231447,Donyell Malen,feb,260026,78
,26,110738,,253464,Malthe Hojholt,feb,260026,43
,26,52,,228251,Lorenzo Pellegrini,feb,260026,76
,26,110738,,199174,Antonio Caracciolo,feb,260026,31
,26,110738,,240797,Matteo Tramoni,feb,260026,68
,26,52,,208268,Bryan Cristante,feb,260026,73
,26,110738,,236898,Michel Aebischer,feb,260026,66
,26,1842,,278339,Marco Palestra,feb,260026,59
,26,111434,,228413,Emil Audero,feb,260026,79
,26,1842,,247888,Sebastiano Esposito,feb,260026,75
,26,1842,,229743,Alessandro Deiola,feb,260026,67
,26,1842,,83827,Paul Mendy,feb,260026,64
,26,1842,,220523,Yerry Mina,feb,260026,49
,26,111434,,223137,Federico Bonazzoli,feb,260026,75
,26,1842,,255303,Elia Caprile,feb,260026,78
,26,1842,,252942,Gennaro Borrelli,feb,260026,66
,26,1842,,268683,Michael Folorunsho,feb,260026,76
,26,1842,,246877,Gianluca Gaetano,feb,260026,71
,26,111434,,74071,Romano Floriani Mussolini,feb,260026,53
,26,111434,,233732,David Okereke,feb,260026,71
,26,111434,,230681,Giuseppe Pezzella,feb,260026,59
,26,206,,257104,Kieron Bowie,feb,260026,65
,26,54,,235740,Alberto Paleari,feb,260026,70
,26,206,,273564,Gift Orban,feb,260026,79
,26,206,,252000,Domagoj Bradaric,feb,260026,57
,26,206,,205343,Jean Daniel Akpa-Akpro,feb,260026,67
,26,206,,267681,Nicolas Valentini,feb,260026,32
,26,54,,216816,Giovanni Simeone,feb,260026,76
,26,206,,215363,Lorenzo Montipo,feb,260026,76
,26,54,,273883,Cesare Casadei,feb,260026,69
,26,54,,258507,Rafael Obrador,feb,260026,41
,26,54,,226093,Che Adams,feb,260026,79
,26,206,,212153,Roberto Gagliardini,feb,260026,61
,26,206,,234795,Antoine Bernede,feb,260026,65
,26,54,,273932,Gvidas Gineitis,feb,260026,58
,26,206,,241937,Abdou Harroui,feb,260026,67
,26,206,,276314,Rafik Belghali,feb,260026,63
,26,55,,76411,Idrissa Gueye,feb,260026,67
,26,47,,215698,Mike Maignan,feb,260026,87
,26,55,,231743,Keinan Davis,feb,260026,71
,26,55,,272783,Arthur Atta,feb,260026,69
,26,47,,241721,Rafael Leao,feb,260026,78
,26,55,,257288,Maduka Okoye,feb,260026,74
,26,47,,245630,Youssouf Fofana,feb,260026,66
,26,47,,210008,Adrien Rabiot,feb,260026,78
,26,55,,220421,Hassane Kamara,feb,260026,60
,26,55,,225669,Kingsley Ehizibue,feb,260026,55
,26,47,,254840,Strahinja Pavlovic,feb,260026,42
,26,47,,205431,Niclas Fullkrug,feb,260026,80
,26,55,,243249,Jurgen Ekkelenkamp,feb,260026,68
,26,47,,242664,Alexis Saelemaekers,feb,260026,66
,26,47,,253473,Samuele Ricci,feb,260026,59
,26,47,,177003,Luka Modric,feb,260026,74
,26,55,,261573,Thomas Kristensen,feb,260026,25
,26,55,,238067,Nicolo Zaniolo,feb,260026,75
,26,47,,227796,Christian Pulisic,feb,260026,82
,26,55,,278237,Davide Bartesaghi,feb,260026,52
,26,55,,214658,Jesper Karlstrom,feb,260026,59
,26,39,,226710,Gianluca Scamacca,feb,260026,79
,26,45,,235840,Michele Di Gregorio,feb,260026,81
,26,39,,208165,Berat Djimsiti,feb,260026,37
,26,39,,251470,Charles De Ketelaere,feb,260026,78
,26,45,,222077,Manuel Locatelli,feb,260026,69
,26,39,,252154,Marco Carnesecchi,feb,260026,85
,26,39,,253002,Giacomo Raspadori,feb,260026,78
,26,39,,216150,Davide Zappacosta,feb,260026,72
,26,39,,265188,Giorgio Scalvini,feb,260026,36
,26,45,,261050,Francisco Conceicao,feb,260026,72
,26,45,,247246,Khephren Thuram,feb,260026,74
,26,45,,224422,Jeremie Boga,feb,260026,68
,26,39,,277839,Nikola Krstovic,feb,260026,75
,26,45,,255654,Pierre Kalulu,feb,260026,52
,26,45,,231512,Lloyd Kelly,feb,260026,43
,26,39,,262113,Nicola Zalewski,feb,260026,65
,26,111974,,243593,Armand Lauriente,feb,260026,76
,26,110556,,232229,Justin Bijlow,feb,260026,75
,26,110556,,239795,Caleb Ekuban,feb,260026,68
,26,111974,,233164,Arijanet Muric,feb,260026,74
,26,111974,,235842,Andrea Pinamonti,feb,260026,76
,26,111974,,264207,Ismael Kone,feb,260026,62
,26,111974,,262027,Tarik Muharemovic,feb,260026,22
,26,110556,,269312,Tommaso Baldanzi,feb,260026,71
,26,110556,,263829,Vitinha,feb,260026,73
,26,110556,,231969,Ruslan Malinovskyi,feb,260026,78
,26,110556,,206159,Stefano Sabelli,feb,260026,38
,26,110556,,256899,Lorenzo Colombo,feb,260026,74
,26,111974,,242725,Kristian Thorstvedt,feb,260026,71
,26,111974,,210935,Domenico Berardi,feb,260026,80
,26,111974,,255561,Josh Doig,feb,260026,61
,26,48,,261865,Miguel Gutierrez,feb,260026,69
,26,50,,255981,Zion Suzuki,feb,260026,75
,26,48,,79270,Alisson Santos,feb,260026,60
,26,48,,241390,Eljif Elmas,feb,260026,70
,26,50,,261539,Mandela Keita,feb,260026,55
,26,48,,224836,Vanja Milinkovic-Savic,feb,260026,79
,26,48,,80283,Giovane,feb,260026,69
,26,50,,273884,Christian Ordonez,feb,260026,43
,26,48,,237238,Scott McTominay,feb,260026,81
,26,48,,216409,Matteo Politano,feb,260026,77
,26,48,,243241,Alessandro Buongiorno,feb,260026,45
,26,48,,259399,Rasmus Hojlund,feb,260026,76
,26,48,,240716,Mathias Olivera,feb,260026,49
,26,48,,227236,Frank Anguissa,feb,260026,75
,26,48,,192985,Kevin De Bruyne,feb,260026,82
,26,50,,235949,Gabriel Strefezza,feb,260026,64
,26,189,,234671,Jens Odgaard,feb,260026,77
,26,347,,210676,Wladimiro Falcone,feb,260026,82
,26,189,,233556,Riccardo Orsolini,feb,260026,82
,26,347,,230107,Lassana Coulibaly,feb,260026,57
,26,189,,75741,Massimo Pessina,feb,260026,54
,26,347,,268511,Walid Cheddira,feb,260026,71
,26,189,,267861,Santiago Castro,feb,260026,76
,26,347,,271197,Lameck Banda,feb,260026,65
,26,189,,244634,Simon Sohm,feb,260026,67
,26,189,,239770,Nicolo Casale,feb,260026,52
,26,189,,244270,Nikola Moro,feb,260026,71
,26,189,,202024,Remo Freuler,feb,260026,71
,26,347,,273915,Nikola Stulic,feb,260026,72
,26,347,,243787,Ylber Ramadani,feb,260026,56
,26,1745,,210719,Marc Kempf,feb,260026,45
,26,44,,177683,Yann Sommer,feb,260026,86
,26,1745,,205566,Alberto Moreno,feb,260026,67
,26,1745,,70966,Jacobo Ramon,feb,260026,29
,26,1745,,254579,Lucas Da Cunha,feb,260026,71
,26,1745,,277846,Nico Paz,feb,260026,74
,26,44,,256632,Luis Henrique,feb,260026,72
,26,1745,,225149,Jean Butez,feb,260026,77
,26,44,,233096,Denzel Dumfries,feb,260026,68
,26,44,,228093,Marcus Thuram,feb,260026,82
,26,1745,,262842,Martin Baturina,feb,260026,71
,26,1745,,275324,Assane Diao,feb,260026,73
,26,44,,208128,Hakan Calhanoglu,feb,260026,80
,26,1745,,267991,Maximo Perrone,feb,260026,54
,26,1745,,261478,Anastasios Douvikas,feb,260026,74
,26,1745,,273875,Alex Valle,feb,260026,57
,26,46,,189505,Pedro,feb,260026,73
,26,110374,,193080,David De Gea,feb,260026,84
,26,110374,,276682,Cher Ndour,feb,260026,63
,26,46,,277802,Edoardo Motta,feb,260026,65
,26,110374,,271019,Giovanni Fabbian,feb,260026,69
,26,46,,248729,Gustav Isaksen,feb,260026,71
,26,46,,275978,Petar Ratkov,feb,260026,66
,26,46,,264257,Tijjani Noslin,feb,260026,73
,26,46,,251530,Nuno Tavares,feb,260026,66
,26,110374,,232080,Jack Harrison,feb,260026,68
,26,46,,206098,Patric,feb,260026,51
,26,46,,220502,Mattia Zaccagni,feb,260026,77
,26,110374,,223697,Robin Gosens,feb,260026,72
,26,110374,,234112,Dodo,feb,260026,57
,26,110374,,248385,Roberto Piccoli,feb,260026,74
,26,46,,263929,Matteo Cancellieri,feb,260026,72
,26,1745,,70966,Jacobo Ramon,feb,260027,40
,26,111974,,254502,Stefano Turati,feb,260027,72
,26,1745,,210719,Marc Kempf,feb,260027,45
,26,111974,,243593,Armand Lauriente,feb,260027,76
,26,1745,,225149,Jean Butez,feb,260027,77
,26,111974,,235842,Andrea Pinamonti,feb,260027,76
,26,1745,,267991,Maximo Perrone,feb,260027,54
,26,1745,,261478,Anastasios Douvikas,feb,260027,74
,26,1745,,277846,Nico Paz,feb,260027,74
,26,1745,,254579,Lucas Da Cunha,feb,260027,71
,26,111974,,262027,Tarik Muharemovic,feb,260027,22
,26,111974,,265761,Cristian Volpato,feb,260027,67
,26,111974,,240452,M'bala Nzola,feb,260027,70
,26,1745,,275324,Assane Diao,feb,260027,73
,26,111974,,251335,Woyo Coulibaly,feb,260027,51
,26,111974,,242725,Kristian Thorstvedt,feb,260027,71
,26,1842,,254982,Michel Adopo,feb,260027,59
,26,44,,243311,Josep Martinez,feb,260027,75
,26,44,,210406,Piotr Zielinski,feb,260027,76
,26,1842,,255303,Elia Caprile,feb,260027,78
,26,1842,,268683,Michael Folorunsho,feb,260027,76
,26,1842,,229743,Alessandro Deiola,feb,260027,67
,26,44,,233096,Denzel Dumfries,feb,260027,68
,26,1842,,83827,Paul Mendy,feb,260027,64
,26,44,,277327,Pio Esposito,feb,260027,75
,26,1842,,247888,Sebastiano Esposito,feb,260027,75
,26,44,,208128,Hakan Calhanoglu,feb,260027,80
,26,44,,224232,Nicolo Barella,feb,260027,78
,26,44,,228093,Marcus Thuram,feb,260027,82
,26,44,,258648,Carlos Augusto,feb,260027,71
,26,44,,226268,Federico Dimarco,feb,260027,78
,26,1842,,278339,Marco Palestra,feb,260027,59
,26,1842,,246877,Gianluca Gaetano,feb,260027,71
,26,55,,238067,Nicolo Zaniolo,feb,260027,75
,26,50,,255981,Zion Suzuki,feb,260027,75
,26,55,,272783,Arthur Atta,feb,260027,69
,26,55,,76411,Idrissa Gueye,feb,260027,67
,26,55,,214658,Jesper Karlstrom,feb,260027,59
,26,55,,242238,Oumar Solet,feb,260027,41
,26,55,,261573,Thomas Kristensen,feb,260027,25
,26,50,,275130,Nesta Elphege,feb,260027,63
,26,55,,257288,Maduka Okoye,feb,260027,74
,26,50,,235949,Gabriel Strefezza,feb,260027,64
,26,55,,243249,Jurgen Ekkelenkamp,feb,260027,68
,26,55,,229973,Jakub Piotrowski,feb,260027,63
,26,55,,220421,Hassane Kamara,feb,260027,60
,26,50,,278436,Mariano Troilo,feb,260027,28
,26,50,,263229,Mateo Pellegrino,feb,260027,68
,26,50,,252794,Adrian Bernabe,feb,260027,70
,26,50,,268913,Alessandro Circati,feb,260027,35
,26,48,,80283,Giovane,feb,260027,69
,26,46,,277802,Edoardo Motta,feb,260027,65
,26,48,,259399,Rasmus Hojlund,feb,260027,76
,26,48,,241390,Eljif Elmas,feb,260027,70
,26,48,,237238,Scott McTominay,feb,260027,81
,26,48,,216409,Matteo Politano,feb,260027,77
,26,46,,251530,Nuno Tavares,feb,260027,66
,26,48,,224836,Vanja Milinkovic-Savic,feb,260027,79
,26,48,,79270,Alisson Santos,feb,260027,60
,26,46,,245275,Toma Basic,feb,260027,64
,26,46,,264257,Tijjani Noslin,feb,260027,73
,26,46,,255009,Kenneth Taylor,feb,260027,75
,26,48,,240716,Mathias Olivera,feb,260027,49
,26,46,,235374,Manuel Lazzari,feb,260027,60
,26,48,,262394,Sam Beukema,feb,260027,53
,26,46,,263929,Matteo Cancellieri,feb,260027,72
,26,46,,220502,Mattia Zaccagni,feb,260027,77
,26,48,,227236,Frank Anguissa,feb,260027,75
,26,48,,192985,Kevin De Bruyne,feb,260027,82
,26,52,,231447,Donyell Malen,feb,260027,78
,26,39,,252154,Marco Carnesecchi,feb,260027,85
,26,52,,229668,Mario Hermoso,feb,260027,47
,26,39,,216150,Davide Zappacosta,feb,260027,72
,26,52,,230872,Mile Svilar,feb,260027,84
,26,52,,76172,Lorenzo Venturino,feb,260027,52
,26,39,,277839,Nikola Krstovic,feb,260027,76
,26,52,,224490,Zeki Celik,feb,260027,58
,26,52,,236403,Evan Ndicka,feb,260027,51
,26,52,,190813,Stephan El Shaarawy,feb,260027,75
,26,39,,266866,Ederson,feb,260027,70
,26,39,,262113,Nicola Zalewski,feb,260027,65
,26,52,,208268,Bryan Cristante,feb,260027,73
,26,52,,265695,Matias Soule,feb,260027,75
,26,111434,,223137,Federico Bonazzoli,feb,260027,75
,26,54,,235740,Alberto Paleari,feb,260027,70
,26,54,,273932,Gvidas Gineitis,feb,260027,58
,26,111434,,228413,Emil Audero,feb,260027,79
,26,54,,236413,Sandro Kulenovic,feb,260027,71
,26,111434,,233732,David Okereke,feb,260027,71
,26,111434,,257353,Warren Bondo,feb,260027,61
,26,111434,,192840,Milan Duric,feb,260027,70
,26,54,,243481,Marcus Pedersen,feb,260027,47
,26,111434,,220475,Alberto Grassi,feb,260027,61
,26,111434,,219932,Antonio Sanabria,feb,260027,74
,26,206,,252308,Moatasem Al-Musrati,feb,260027,65
,26,47,,215698,Mike Maignan,feb,260027,87
,26,47,,242664,Alexis Saelemaekers,feb,260027,66
,26,206,,215363,Lorenzo Montipo,feb,260027,76
,26,47,,253473,Samuele Ricci,feb,260027,59
,26,206,,273564,Gift Orban,feb,260027,79
,26,206,,81251,Ioan Vermesan,feb,260027,58
,26,206,,276314,Rafik Belghali,feb,260027,63
,26,47,,227796,Christian Pulisic,feb,260027,82
,26,47,,210008,Adrien Rabiot,feb,260027,78
,26,47,,278237,Davide Bartesaghi,feb,260027,52
,26,206,,79069,Andrias Edmundsson,feb,260027,33
,26,206,,234795,Antoine Bernede,feb,260027,65
,26,110738,,222959,Stefano Moreo,feb,260027,68
,26,110556,,232229,Justin Bijlow,feb,260027,75
,26,110738,,270658,Samuele Angori,feb,260027,57
,26,110738,,268790,Gabriele Piccinini,feb,260027,57
,26,110556,,263829,Vitinha,feb,260027,73
,26,110738,,244274,Adrian Semper,feb,260027,71
,26,110556,,256899,Lorenzo Colombo,feb,260027,74
,26,110738,,236898,Michel Aebischer,feb,260027,66
,26,110738,,193082,Juan Cuadrado,feb,260027,71
,26,110556,,269312,Tommaso Baldanzi,feb,260027,71
,26,110556,,74485,Jeff Ekhator,feb,260027,65
,26,110556,,236295,Aaron Martin,feb,260027,53
,26,110556,,206159,Stefano Sabelli,feb,260027,38
,26,110738,,264480,Simone Canestrelli,feb,260027,44
,26,110556,,276485,Patrizio Masini,feb,260027,54
,26,189,,244270,Nikola Moro,feb,260027,71
,26,45,,235840,Michele Di Gregorio,feb,260027,81
,26,189,,233556,Riccardo Orsolini,feb,260027,82
,26,45,,239763,Edon Zhegrova,feb,260027,70
,26,189,,240657,Federico Ravaglia,feb,260027,72
,26,45,,239580,Bremer,feb,260027,50
,26,189,,242280,Lewis Ferguson,feb,260027,77
,26,189,,266500,Jonathan Rowe,feb,260027,71
,26,45,,247246,Khephren Thuram,feb,260027,74
,26,45,,222077,Manuel Locatelli,feb,260027,69
,26,45,,243630,Jonathan David,feb,260027,80
,26,45,,261050,Francisco Conceicao,feb,260027,72
,26,45,,246656,Emil Holm,feb,260027,60
,26,189,,252060,Tommaso Pobega,feb,260027,75
,26,45,,238744,Weston McKennie,feb,260027,71
,26,347,,253139,Santiago Pierotti,feb,260027,67
,26,110374,,193080,David De Gea,feb,260027,84
,26,347,,273915,Nikola Stulic,feb,260027,72
,26,110374,,276682,Cher Ndour,feb,260027,63
,26,347,,210676,Wladimiro Falcone,feb,260027,82
,26,347,,70555,Tiago Gabriel,feb,260027,33
,26,347,,271197,Lameck Banda,feb,260027,65
,26,347,,243787,Ylber Ramadani,feb,260027,56
,26,347,,230107,Lassana Coulibaly,feb,260027,57
,26,347,,268511,Walid Cheddira,feb,260027,71
,26,347,,247668,N'Dri Konan,feb,260027,65
,26,347,,266848,Oumar Ngom,feb,260027,48
,26,110374,,225439,Rolando Mandragora,feb,260027,72
,26,110374,,248385,Roberto Piccoli,feb,260027,74
,26,110374,,232080,Jack Harrison,feb,260027,68
,26,111434,,74448,Francesco Folino,feb,260028,35
,26,48,,224836,Vanja Milinkovic-Savic,feb,260028,79
,26,111434,,237669,Alessio Zerbin,feb,260028,66
,26,111434,,275162,Tommaso Barbieri,feb,260028,44
,26,111434,,223137,Federico Bonazzoli,feb,260028,75
,26,48,,237238,Scott McTominay,feb,260028,81
,26,111434,,228413,Emil Audero,feb,260028,79
,26,48,,80283,Giovane,feb,260028,69
,26,111434,,271579,Filippo Terracciano,feb,260028,60
,26,48,,244263,Amir Rrahmani,feb,260028,50
,26,48,,245992,Billy Gilmour,feb,260028,57
,26,48,,192985,Kevin De Bruyne,feb,260028,82
,26,48,,259399,Rasmus Hojlund,feb,260028,76
,26,48,,79270,Alisson Santos,feb,260028,60
,26,111434,,240970,Martin Payero,feb,260028,65
,26,48,,261865,Miguel Gutierrez,feb,260028,69
,26,50,,263229,Mateo Pellegrino,feb,260028,68
,26,110738,,244274,Adrian Semper,feb,260028,71
,26,50,,258714,Emanuele Valeri,feb,260028,70
,26,50,,275130,Nesta Elphege,feb,260028,63
,26,110738,,222959,Stefano Moreo,feb,260028,68
,26,50,,255981,Zion Suzuki,feb,260028,75
,26,110738,,277309,Henrik Wendel Meister,feb,260028,65
,26,50,,253162,Hans Nicolussi Caviglia,feb,260028,68
,26,110738,,70471,Ebenezer Akinsanmiro,feb,260028,66
,26,110738,,255562,Filip Stojilkovic,feb,260028,67
,26,50,,278436,Mariano Troilo,feb,260028,28
,26,50,,235949,Gabriel Strefezza,feb,260028,64
,26,50,,252442,Enrico Delprato,feb,260028,53
,26,110738,,240660,Mehdi Leris,feb,260028,61
,26,110738,,72912,Rosen Bozhinov,feb,260028,30
,26,50,,259150,Abdoulaye Ndiaye,feb,260028,31
,26,110738,,199174,Antonio Caracciolo,feb,260028,31
,26,110738,,236898,Michel Aebischer,feb,260028,66
,26,50,,268913,Alessandro Circati,feb,260028,35
,26,50,,261539,Mandela Keita,feb,260028,55
,26,110738,,71296,Isak Vural,feb,260028,56
,26,189,,266500,Jonathan Rowe,feb,260028,71
,26,52,,230872,Mile Svilar,feb,260028,84
,26,189,,233556,Riccardo Orsolini,feb,260028,82
,26,189,,234671,Jens Odgaard,feb,260028,77
,26,52,,262745,Neil El Aynaoui,feb,260028,61
,26,189,,240657,Federico Ravaglia,feb,260028,72
,26,52,,208268,Bryan Cristante,feb,260028,73
,26,52,,275291,Niccolo Pisilli,feb,260028,65
,26,52,,231447,Donyell Malen,feb,260028,78
,26,52,,229668,Mario Hermoso,feb,260028,47
,26,189,,267861,Santiago Castro,feb,260028,76
,26,189,,248342,Torbjorn Heggem,feb,260028,45
,26,206,,267681,Nicolas Valentini,feb,260028,32
,26,347,,210676,Wladimiro Falcone,feb,260028,82
,26,347,,279202,Francesco Camarda,feb,260028,66
,26,206,,215363,Lorenzo Montipo,feb,260028,76
,26,347,,243787,Ylber Ramadani,feb,260028,56
,26,347,,247668,N'Dri Konan,feb,260028,65
,26,347,,268511,Walid Cheddira,feb,260028,71
,26,206,,255233,Tomas Suslov,feb,260028,70
,26,347,,273915,Nikola Stulic,feb,260028,72
,26,347,,230107,Lassana Coulibaly,feb,260028,57
,26,206,,205343,Jean Daniel Akpa-Akpro,feb,260028,67
,26,347,,271197,Lameck Banda,feb,260028,65
,26,347,,253139,Santiago Pierotti,feb,260028,67
,26,110374,,276682,Cher Ndour,feb,260028,63
,26,111974,,254502,Stefano Turati,feb,260028,72
,26,110374,,278340,Pietro Comuzzo,feb,260028,29
,26,111974,,243593,Armand Lauriente,feb,260028,76
,26,110374,,193080,David De Gea,feb,260028,84
,26,110374,,260823,Nicolo Fagioli,feb,260028,64
,26,110374,,238004,Albert Gudmundsson,feb,260028,77
,26,110374,,271019,Giovanni Fabbian,feb,260028,69
,26,110374,,234112,Dodo,feb,260028,57
,26,111974,,265761,Cristian Volpato,feb,260028,67
,26,111974,,242725,Kristian Thorstvedt,feb,260028,71
,26,111974,,235842,Andrea Pinamonti,feb,260028,76
,26,110374,,225439,Rolando Mandragora,feb,260028,72
,26,110374,,232080,Jack Harrison,feb,260028,68
,26,110374,,246791,Manor Solomon,feb,260028,72
,26,110374,,240777,Luca Ranieri,feb,260028,40
,26,110556,,231969,Ruslan Malinovskyi,feb,260028,78
,26,1745,,225149,Jean Butez,feb,260028,77
,26,110556,,240938,Junior Messias,feb,260028,72
,26,1745,,275324,Assane Diao,feb,260028,73
,26,110556,,232229,Justin Bijlow,feb,260028,75
,26,1745,,246646,Maxence Caqueret,feb,260028,67
,26,110556,,264436,Mikael Ellertsson,feb,260028,69
,26,1745,,267991,Maximo Perrone,feb,260028,54
,26,110556,,271882,Sebastian Otoa,feb,260028,33
,26,1745,,277846,Nico Paz,feb,260028,74
,26,1745,,77163,Ivan Smolcic,feb,260028,54
,26,1745,,219693,Diego Carlos,feb,260028,45
,26,1745,,261478,Anastasios Douvikas,feb,260028,74
,26,110556,,263829,Vitinha,feb,260028,73
,26,44,,228093,Marcus Thuram,feb,260028,82
,26,54,,235740,Alberto Paleari,feb,260028,70
,26,44,,210406,Piotr Zielinski,feb,260028,76
,26,54,,215333,Duvan Zapata,feb,260028,80
,26,44,,177683,Yann Sommer,feb,260028,86
,26,54,,273883,Cesare Casadei,feb,260028,69
,26,54,,266257,Emirhan Ilkhan,feb,260028,57
,26,54,,241095,Nikola Vlasic,feb,260028,77
,26,54,,216816,Giovanni Simeone,feb,260028,76
,26,44,,241736,Yann Bisseck,feb,260028,56
,26,44,,226268,Federico Dimarco,feb,260028,78
,26,54,,273932,Gvidas Gineitis,feb,260028,58
,26,54,,258507,Rafael Obrador,feb,260028,41
,26,44,,259565,Ange-Yoan Bonny,feb,260028,75
,26,44,,258648,Carlos Augusto,feb,260028,71
,26,54,,265650,Saul Coco,feb,260028,56
,26,44,,229237,Manuel Akanji,feb,260028,47
,26,45,,243630,Jonathan David,feb,260028,80
,26,47,,215698,Mike Maignan,feb,260028,87
,26,45,,240679,Teun Koopmeiners,feb,260028,78
,26,47,,245630,Youssouf Fofana,feb,260028,66
,26,45,,235840,Michele Di Gregorio,feb,260028,81
,26,45,,258966,Andrea Cambiaso,feb,260028,70
,26,45,,239580,Bremer,feb,260028,50
,26,47,,242664,Alexis Saelemaekers,feb,260028,66
,26,45,,261050,Francisco Conceicao,feb,260028,72
,26,45,,224422,Jeremie Boga,feb,260028,68
,26,47,,177003,Luka Modric,feb,260028,74
,26,47,,241721,Rafael Leao,feb,260028,78
,26,47,,210008,Adrien Rabiot,feb,260028,78
,26,45,,247246,Khephren Thuram,feb,260028,74
,26,39,,253002,Giacomo Raspadori,feb,260028,78
,26,1842,,255303,Elia Caprile,feb,260028,78
,26,39,,208165,Berat Djimsiti,feb,260028,37
,26,39,,277839,Nikola Krstovic,feb,260028,76
,26,39,,226710,Gianluca Scamacca,feb,260028,79
,26,39,,223273,Mario Pasalic,feb,260028,76
,26,1842,,254982,Michel Adopo,feb,260028,59
,26,39,,252154,Marco Carnesecchi,feb,260028,85
,26,1842,,252942,Gennaro Borrelli,feb,260028,66
,26,1842,,278668,Ze Pedro,feb,260028,51
,26,1842,,268683,Michael Folorunsho,feb,260028,76
,26,39,,251470,Charles De Ketelaere,feb,260028,78
,26,1842,,247888,Sebastiano Esposito,feb,260028,75
,26,1842,,83827,Paul Mendy,feb,260028,64
,26,1842,,229743,Alessandro Deiola,feb,260028,67
,26,46,,255611,Daniel Maldini,feb,260028,70
,26,55,,257288,Maduka Okoye,feb,260028,74
,26,46,,189505,Pedro,feb,260028,73
,26,46,,210413,Alessio Romagnoli,feb,260028,39
,26,55,,272783,Arthur Atta,feb,260028,69
,26,46,,277802,Edoardo Motta,feb,260028,65
,26,55,,238067,Nicolo Zaniolo,feb,260028,75
,26,55,,275522,Lennon Miller,feb,260028,63
,26,55,,246832,Vakoun Issouf Bayo,feb,260028,68
,26,46,,258890,Fisayo Dele-Bashiru,feb,260028,71
,26,55,,224438,Adam Buksa,feb,260028,72
,26,46,,266123,Oliver Provstgaard,feb,260028,38
,26,46,,264257,Tijjani Noslin,feb,260028,73
,26,46,,248729,Gustav Isaksen,feb,260028,71
,26,46,,243237,Luca Pellegrini,feb,260028,53
,26,55,,76411,Idrissa Gueye,feb,260028,67
,26,55,,242238,Oumar Solet,feb,260028,41
,26,46,,206098,Patric,feb,260028,51
,26,55,,243249,Jurgen Ekkelenkamp,feb,260028,68
,26,55,,229973,Jakub Piotrowski,feb,260028,63
,26,55,,225669,Kingsley Ehizibue,feb,260028,55
,26,46,,263929,Matteo Cancellieri,feb,260028,72
,26,110738,,199174,Antonio Caracciolo,feb,260032,31
,26,347,,210676,Wladimiro Falcone,feb,260032,82
,26,110738,,193082,Juan Cuadrado,feb,260032,71
,26,110738,,236898,Michel Aebischer,feb,260032,66
,26,110738,,233396,Idrissa Toure,feb,260032,61
,26,110738,,268790,Gabriele Piccinini,feb,260032,57
,26,347,,279202,Francesco Camarda,feb,260032,66
,26,110738,,244274,Adrian Semper,feb,260032,71
,26,347,,253139,Santiago Pierotti,feb,260032,67
,26,110738,,264480,Simone Canestrelli,feb,260032,44
,26,110738,,222959,Stefano Moreo,feb,260032,68
,26,347,,268511,Walid Cheddira,feb,260032,71
,26,347,,243787,Ylber Ramadani,feb,260032,56
,26,110738,,240660,Mehdi Leris,feb,260032,61
,26,347,,271197,Lameck Banda,feb,260032,65
,26,110738,,71296,Isak Vural,feb,260032,56
,26,110738,,255562,Filip Stojilkovic,feb,260032,67
,26,347,,230107,Lassana Coulibaly,feb,260032,57
,26,55,,76411,Idrissa Gueye,feb,260032,67
,26,54,,235740,Alberto Paleari,feb,260032,70
,26,54,,211147,Valentino Lazaro,feb,260032,66
,26,55,,257288,Maduka Okoye,feb,260032,74
,26,55,,238067,Nicolo Zaniolo,feb,260032,75
,26,54,,241095,Nikola Vlasic,feb,260032,77
,26,54,,272725,Matteo Prati,feb,260032,67
,26,54,,273932,Gvidas Gineitis,feb,260032,58
,26,55,,243249,Jurgen Ekkelenkamp,feb,260032,68
,26,54,,258507,Rafael Obrador,feb,260032,41
,26,55,,224438,Adam Buksa,feb,260032,72
,26,55,,261573,Thomas Kristensen,feb,260032,25
,26,55,,272783,Arthur Atta,feb,260032,69
,26,55,,225669,Kingsley Ehizibue,feb,260032,55
,26,55,,242238,Oumar Solet,feb,260032,41
,26,54,,216816,Giovanni Simeone,feb,260032,76
,26,55,,190324,Christian Kabasele,feb,260032,50
,26,48,,216409,Matteo Politano,feb,260032,77
,26,1745,,225149,Jean Butez,feb,260032,77
,26,48,,202884,Leonardo Spinazzola,feb,260032,67
,26,48,,237238,Scott McTominay,feb,260032,81
,26,1745,,262842,Martin Baturina,feb,260032,71
,26,48,,224836,Vanja Milinkovic-Savic,feb,260032,79
,26,1745,,275324,Assane Diao,feb,260032,73
,26,1745,,219693,Diego Carlos,feb,260032,45
,26,1745,,70966,Jacobo Ramon,feb,260032,40
,26,1745,,254579,Lucas Da Cunha,feb,260032,71
,26,48,,259399,Rasmus Hojlund,feb,260032,76
,26,1745,,277846,Nico Paz,feb,260032,74
,26,1745,,77163,Ivan Smolcic,feb,260032,54
,26,48,,79270,Alisson Santos,feb,260032,60
,26,1745,,261478,Anastasios Douvikas,feb,260032,74
,26,39,,266866,Ederson,feb,260032,70
,26,110556,,232229,Justin Bijlow,feb,260032,75
,26,39,,223273,Mario Pasalic,feb,260032,76
,26,39,,265188,Giorgio Scalvini,feb,260032,36
,26,39,,262113,Nicola Zalewski,feb,260032,65
,26,39,,277839,Nikola Krstovic,feb,260032,76
,26,39,,253002,Giacomo Raspadori,feb,260032,78
,26,39,,216150,Davide Zappacosta,feb,260032,72
,26,39,,251470,Charles De Ketelaere,feb,260032,78
,26,110556,,256899,Lorenzo Colombo,feb,260032,74
,26,39,,252154,Marco Carnesecchi,feb,260032,85
,26,39,,74483,Honest Ahanor,feb,260032,42
,26,110556,,74485,Jeff Ekhator,feb,260032,65
,26,110556,,238516,Leo Ostigard,feb,260032,37
,26,110556,,263829,Vitinha,feb,260032,73
,26,189,,267861,Santiago Castro,feb,260032,76
,26,1842,,255303,Elia Caprile,feb,260032,78
,26,189,,244270,Nikola Moro,feb,260032,71
,26,1842,,220523,Yerry Mina,feb,260032,49
,26,189,,75741,Massimo Pessina,feb,260032,54
,26,1842,,278668,Ze Pedro,feb,260032,51
,26,1842,,268683,Michael Folorunsho,feb,260032,76
,26,189,,266500,Jonathan Rowe,feb,260032,71
,26,189,,231207,Jhon Lucumi,feb,260032,36
,26,189,,212404,Federico Bernardeschi,feb,260032,73
,26,1842,,237586,Alberto Dossena,feb,260032,40
,26,1842,,271577,Ibrahim Sulemana,feb,260032,64
,26,1842,,247888,Sebastiano Esposito,feb,260032,75
,26,189,,244634,Simon Sohm,feb,260032,67
,26,189,,234671,Jens Odgaard,feb,260032,77
,26,189,,269558,Benjamin Dominguez,feb,260032,66
,26,1842,,229743,Alessandro Deiola,feb,260032,67
,26,47,,227796,Christian Pulisic,feb,260032,82
,26,111974,,254502,Stefano Turati,feb,260032,72
,26,47,,254840,Strahinja Pavlovic,feb,260032,42
,26,47,,279782,Zachary Athekame,feb,260032,26
,26,111974,,240452,M'bala Nzola,feb,260032,70
,26,47,,215698,Mike Maignan,feb,260032,87
,26,111974,,265761,Cristian Volpato,feb,260032,67
,26,47,,257186,Ardon Jashari,feb,260032,67
,26,111974,,242725,Kristian Thorstvedt,feb,260032,71
,26,111974,,210935,Domenico Berardi,feb,260032,80
,26,111974,,243593,Armand Lauriente,feb,260032,76
,26,47,,242664,Alexis Saelemaekers,feb,260032,66
,26,47,,241721,Rafael Leao,feb,260032,78
,26,111974,,223143,Ulisses Garcia,feb,260032,47
,26,45,,268802,Fabio Miretti,feb,260032,64
,26,206,,215363,Lorenzo Montipo,feb,260032,76
,26,206,,257104,Kieron Bowie,feb,260032,65
,26,45,,235840,Michele Di Gregorio,feb,260032,81
,26,45,,239763,Edon Zhegrova,feb,260032,70
,26,45,,222077,Manuel Locatelli,feb,260032,69
,26,45,,246430,Dusan Vlahovic,feb,260032,82
,26,45,,224422,Jeremie Boga,feb,260032,68
,26,45,,261050,Francisco Conceicao,feb,260032,72
,26,45,,239580,Bremer,feb,260032,50
,26,206,,255233,Tomas Suslov,feb,260032,70
,26,206,,276314,Rafik Belghali,feb,260032,63
,26,45,,238744,Weston McKennie,feb,260032,71
,26,45,,243630,Jonathan David,feb,260032,80
,26,45,,231512,Lloyd Kelly,feb,260032,43
,26,45,,255654,Pierre Kalulu,feb,260032,52
,26,45,,258966,Andrea Cambiaso,feb,260032,70
,26,45,,277954,Kenan Yildiz,feb,260032,78
,26,45,,247246,Khephren Thuram,feb,260032,74
,26,44,,239807,Davide Frattesi,feb,260032,75
,26,50,,255981,Zion Suzuki,feb,260032,75
,26,50,,259150,Abdoulaye Ndiaye,feb,260032,31
,26,44,,177683,Yann Sommer,feb,260032,86
,26,44,,192883,Henrikh Mkhitaryan,feb,260032,78
,26,44,,231478,Lautaro Martinez,feb,260032,88
,26,44,,233096,Denzel Dumfries,feb,260032,68
,26,50,,275130,Nesta Elphege,feb,260032,63
,26,44,,276278,Petar Sucic,feb,260032,68
,26,44,,228093,Marcus Thuram,feb,260032,82
,26,50,,253162,Hans Nicolussi Caviglia,feb,260032,68
,26,44,,224232,Nicolo Barella,feb,260032,78
,26,50,,263229,Mateo Pellegrino,feb,260032,68
,26,111434,,275162,Tommaso Barbieri,feb,260032,44
,26,46,,277802,Edoardo Motta,feb,260032,65
,26,46,,264257,Tijjani Noslin,feb,260032,73
,26,111434,,228413,Emil Audero,feb,260032,79
,26,111434,,257353,Warren Bondo,feb,260032,61
,26,111434,,240970,Martin Payero,feb,260032,65
,26,111434,,230681,Giuseppe Pezzella,feb,260032,59
,26,111434,,208830,Jamie Vardy,feb,260032,76
,26,111434,,223137,Federico Bonazzoli,feb,260032,75
,26,46,,248729,Gustav Isaksen,feb,260032,71
,26,111434,,219932,Antonio Sanabria,feb,260032,74
,26,46,,210413,Alessio Romagnoli,feb,260032,39
,26,111434,,236838,Youssef Maleh,feb,260032,64
,26,111434,,237669,Alessio Zerbin,feb,260032,66
,26,46,,266123,Oliver Provstgaard,feb,260032,38
,26,46,,206098,Patric,feb,260032,51
,26,110374,,258976,Fabiano Parisi,feb,260032,66
,26,52,,230872,Mile Svilar,feb,260032,84
,26,52,,211110,Paulo Dybala,feb,260032,85
,26,110374,,193080,David De Gea,feb,260032,84
,26,52,,224490,Zeki Celik,feb,260032,58
,26,52,,190813,Stephan El Shaarawy,feb,260032,75
,26,52,,275291,Niccolo Pisilli,feb,260032,65
,26,52,,236403,Evan Ndicka,feb,260032,51
,26,52,,231447,Donyell Malen,feb,260032,78
,26,110374,,246791,Manor Solomon,feb,260032,72
,26,110374,,80508,Riccardo Braschi,feb,260032,54
,26,52,,229668,Mario Hermoso,feb,260032,47
,26,110374,,260823,Nicolo Fagioli,feb,260032,64
,26,52,,80170,Wesley,feb,260032,60
,26,52,,229582,Gianluca Mancini,feb,260032,49
,26,54,,255150,Niels Nkounkou,feb,260032,47
,26,111974,,233164,Arijanet Muric,feb,260032,74
,26,111974,,72098,Darryl Bakola,feb,260032,55
,26,54,,266257,Emirhan Ilkhan,feb,260032,57
,26,54,,215333,Duvan Zapata,feb,260032,80
,26,54,,243481,Marcus Pedersen,feb,260032,47
,26,111974,,235842,Andrea Pinamonti,feb,260032,76
,26,111974,,191202,Nemanja Matic,feb,260032,66
,26,54,,278319,Luca Marianucci,feb,260032,25
,26,111974,,274702,Luca Lipani,feb,260032,47
,26,111974,,262027,Tarik Muharemovic,feb,260032,22
,26,54,,70480,Alieu Njie,feb,260032,64
,26,1842,,82808,Yael Trepy,feb,260032,61
,26,55,,231743,Keinan Davis,feb,260032,72
,26,1842,,83827,Paul Mendy,feb,260032,64
,26,1842,,246877,Gianluca Gaetano,feb,260032,71
,26,1842,,278339,Marco Palestra,feb,260032,59
,26,55,,229973,Jakub Piotrowski,feb,260032,63
,26,1842,,78037,Juan Rodriguez,feb,260032,42
,26,44,,82088,Mattia Mosconi,feb,260032,58
,26,46,,246242,Boulaye Dia,feb,260032,79
,26,44,,243311,Josep Martinez,feb,260032,75
,26,44,,258648,Carlos Augusto,feb,260032,71
,26,46,,245275,Toma Basic,feb,260032,64
,26,46,,189505,Pedro,feb,260032,73
,26,44,,241736,Yann Bisseck,feb,260032,56
,26,44,,268534,Andy Diouf,feb,260032,67
,26,45,,246656,Emil Holm,feb,260032,60
,26,347,,247668,N'Dri Konan,feb,260032,65
,26,347,,263657,Thorir Johann Helgason,feb,260032,62
,26,347,,70555,Tiago Gabriel,feb,260032,33
,26,206,,267681,Nicolas Valentini,feb,260032,32
,26,1745,,210719,Marc Kempf,feb,260032,45
,26,206,,234795,Antoine Bernede,feb,260032,65
,26,1745,,75055,Jesus Rodriguez,feb,260032,68
,26,206,,235658,Victor Nelsson,feb,260032,42
,26,206,,238009,Martin Frese,feb,260032,64
,26,111434,,233732,David Okereke,feb,260032,71
,26,111434,,217338,Jari Vandeputte,feb,260032,64
,26,111434,,205363,Matteo Bianchetti,feb,260032,34
,26,111434,,220475,Alberto Grassi,feb,260032,61
,26,110374,,238004,Albert Gudmundsson,feb,260032,77
,26,110556,,239795,Caleb Ekuban,feb,260032,68
,26,110374,,240777,Luca Ranieri,feb,260032,40
,26,110374,,276682,Cher Ndour,feb,260032,63
,26,110374,,223697,Robin Gosens,feb,260032,72
,26,110374,,225439,Rolando Mandragora,feb,260032,72
,26,110374,,234112,Dodo,feb,260032,57
,26,52,,258826,Devyne Rensch,feb,260032,54
,26,52,,277695,Daniele Ghilardi,feb,260032,41
,26,50,,261539,Mandela Keita,feb,260032,55
,26,52,,262745,Neil El Aynaoui,feb,260032,61
,26,50,,273884,Christian Ordonez,feb,260032,43
,26,50,,235949,Gabriel Strefezza,feb,260032,64
,26,52,,265695,Matias Soule,feb,260032,75
,26,47,,240277,Matteo Gabbia,feb,260032,35
,26,47,,232411,Christopher Nkunku,feb,260032,78
,26,47,,210008,Adrien Rabiot,feb,260032,78
,26,47,,245630,Youssouf Fofana,feb,260032,66
,26,47,,245152,Santiago Gimenez,feb,260032,79
,26,48,,244263,Amir Rrahmani,feb,260032,50
,26,189,,240915,Juan Miranda,feb,260032,60
,26,189,,242280,Lewis Ferguson,feb,260032,77
,26,189,,252060,Tommaso Pobega,feb,260032,75
,26,48,,217870,Giovanni Di Lorenzo,feb,260032,71
,26,48,,80283,Giovane,feb,260032,69
,26,189,,233556,Riccardo Orsolini,feb,260032,82
,26,52,,276680,Jan Ziolkowski,feb,260032,27
,26,46,,270217,Alessio Furlanetto,feb,260032,61
,26,52,,242458,Artem Dovbyk,feb,260032,81
,26,46,,263929,Matteo Cancellieri,feb,260032,72
,26,46,,251530,Nuno Tavares,feb,260032,66
,26,46,,268804,Mario Gila,feb,260032,53
,26,52,,208268,Bryan Cristante,feb,260032,73
,26,50,,252442,Enrico Delprato,feb,260032,53
,26,1745,,201153,Alvaro Morata,feb,260032,78
,26,1745,,205566,Alberto Moreno,feb,260032,67
,26,1745,,246646,Maxence Caqueret,feb,260032,67
,26,1745,,251464,Ignace Van der Brempt,feb,260032,55
,26,1745,,267991,Maximo Perrone,feb,260032,54
,26,47,,278237,Davide Bartesaghi,feb,260032,52
,26,110556,,244349,Johan Vasquez,feb,260032,32
,26,110556,,276477,Alessandro Marcandalli,feb,260032,40
,26,110556,,231969,Ruslan Malinovskyi,feb,260032,78
,26,110556,,269312,Tommaso Baldanzi,feb,260032,71
,26,110374,,248385,Roberto Piccoli,feb,260032,74
,26,110374,,232080,Jack Harrison,feb,260032,68
,26,48,,225116,Alex Meret,feb,260032,82
,26,48,,241390,Eljif Elmas,feb,260032,70
,26,48,,262394,Sam Beukema,feb,260032,53
,26,206,,81251,Ioan Vermesan,feb,260032,58
,26,206,,252000,Domagoj Bradaric,feb,260032,57
,26,206,,256453,Amin Sarr,feb,260032,69
,26,206,,241937,Abdou Harroui,feb,260032,67
,26,44,,79069,Andrias Edmundsson,feb,260032,33
,26,44,,259565,Ange-Yoan Bonny,feb,260032,75
,26,206,,223866,Sandi Lovric,feb,260032,62
,26,189,,189908,Lukasz Skorupski,feb,260032,78
,26,39,,256035,Kamaldeen Sulemana,feb,260032,64
,26,189,,257290,Joao Mario,feb,260032,61
,26,39,,208165,Berat Djimsiti,feb,260032,37
,26,189,,278724,Eivind Helland,feb,260032,47
,26,54,,226093,Che Adams,feb,260032,79
,26,1842,,252964,Gabriele Zappa,feb,260032,59
,26,347,,273915,Nikola Stulic,feb,260032,72
,26,111974,,251335,Woyo Coulibaly,feb,260032,51
,26,111974,,264207,Ismael Kone,feb,260032,65
,26,55,,271475,Nicolo Bertola,feb,260032,32
,26,55,,246832,Vakoun Issouf Bayo,feb,260032,68
,26,55,,214658,Jesper Karlstrom,feb,260032,59
,26,111434,,220534,Sebastiano Luperto,feb,260032,47
,26,39,,216065,Marco Sportiello,feb,260032,76
,26,110374,,236758,Oliver Christensen,feb,260032,71
,26,110374,,271019,Giovanni Fabbian,feb,260032,69
,26,39,,278340,Pietro Comuzzo,feb,260032,29
,26,39,,260697,Isak Hien,feb,260032,36
,26,110374,,211320,Daniele Rugani,feb,260032,40
,26,39,,208461,Marten de Roon,feb,260032,73
,26,39,,256115,Lazar Samardzic,feb,260032,72
,26,39,,253177,Yunus Musah,feb,260032,68
,26,44,,277327,Pio Esposito,feb,260032,75
,26,189,,210406,Piotr Zielinski,feb,260032,76
,26,189,,202024,Remo Freuler,feb,260032,71
,26,44,,198176,Stefan de Vrij,feb,260032,41
,26,44,,226268,Federico Dimarco,feb,260032,78
,26,46,,274444,Adrian Przyborek,feb,260032,56
,26,46,,255611,Daniel Maldini,feb,260032,70
,26,110738,,71230,Felipe Loyola,feb,260032,63
,26,110738,,72912,Rosen Bozhinov,feb,260032,30
,26,46,,224031,Adam Marusic,feb,260032,66
,26,46,,275163,Reda Belahyane,feb,260032,48
,26,46,,243237,Luca Pellegrini,feb,260032,53
,26,46,,258890,Fisayo Dele-Bashiru,feb,260032,71
,26,110738,,270658,Samuele Angori,feb,260032,57
,26,50,,271385,Edoardo Corvi,feb,260032,66
,26,50,,236706,Pontus Almqvist,feb,260032,66
,26,50,,257972,Oliver Sorensen,feb,260032,66
,26,50,,258714,Emanuele Valeri,feb,260032,70
,26,111974,,82435,Tommaso Macchioni,feb,260032,26
,26,50,,246164,Lautaro Valenti,feb,260032,51
,26,50,,74453,Daniel Mikolajewski,feb,260032,62
,26,55,,80380,Branimir Mlacic,feb,260032,48
,26,48,,261865,Miguel Gutierrez,feb,260032,69
,26,48,,192985,Kevin De Bruyne,feb,260032,82
,26,47,,177003,Luka Modric,feb,260032,74
,26,1842,,254982,Michel Adopo,feb,260032,59
,26,1842,,252942,Gennaro Borrelli,feb,260032,66
,26,111434,,85232,Simone Lottici Tessadri,feb,260032,46
,26,206,,252308,Moatasem Al-Musrati,feb,260032,65
,26,110556,,85106,Jacopo Grossi,feb,260032,50
,26,110556,,201299,Nicola Leali,feb,260032,73
,26,110556,,276485,Patrizio Masini,feb,260032,54
,26,110556,,206159,Stefano Sabelli,feb,260032,38
,26,347,,244717,Antonino Gallo,feb,260032,50
,26,45,,266872,Federico Gatti,feb,260032,41
,26,45,,198009,Mattia Perin,feb,260032,78
,26,54,,273883,Cesare Casadei,feb,260032,69
,24,206,,251870,Juan Cabal,sep,240001,37
,24,1746,,255303,Elia Caprile,sep,240001,72
,24,206,,223137,Federico Bonazzoli,sep,240001,71
,24,1746,,269312,Tommaso Baldanzi,sep,240001,72
,24,206,,215363,Lorenzo Montipo,sep,240001,77
,24,206,,201046,Riccardo Saponara,sep,240001,71
,24,1746,,277515,Stiven Shpendi,sep,240001,61
,24,206,,255561,Josh Doig,sep,240001,61
,24,206,,213404,Pawel Dawidowicz,sep,240001,47
,24,1746,,235813,Razvan Marin,sep,240001,74
,24,206,,246457,Cyril Ngonge,sep,240001,70
,24,1746,,220491,Emmanuel Gyasi,sep,240001,61
,24,206,,239441,Jordi Mboula,sep,240001,69
,24,1746,,263929,Matteo Cancellieri,sep,240001,69
,24,1746,,189053,Francesco Caputo,sep,240001,77
,24,48,,216816,Giovanni Simeone,sep,240001,79
,24,111657,,254502,Stefano Turati,sep,240001,72
,24,48,,232293,Victor Osimhen,sep,240001,85
,24,48,,210406,Piotr Zielinski,sep,240001,76
,24,48,,253002,Giacomo Raspadori,sep,240001,77
,24,48,,216435,Stanislav Lobotka,sep,240001,68
,24,48,,216409,Matteo Politano,sep,240001,77
,24,111657,,231050,Jaime Baez,sep,240001,64
,24,48,,225116,Alex Meret,sep,240001,83
,24,48,,217870,Giovanni Di Lorenzo,sep,240001,66
,24,111657,,258788,Giuseppe Caso,sep,240001,67
,24,111657,,241937,Abdou Harroui,sep,240001,67
,24,110556,,238004,Albert Gudmundsson,sep,240001,73
,24,110374,,205812,Pietro Terracciano,sep,240001,79
,24,110556,,222475,Morten Thorsby,sep,240001,61
,24,110556,,241850,Mateo Retegui,sep,240001,76
,24,110374,,238095,Nikola Milenkovic,sep,240001,45
,24,110556,,243311,Josep Martinez,sep,240001,72
,24,110374,,234711,Josip Brekalo,sep,240001,73
,24,110556,,213938,Davide Biraschi,sep,240001,35
,24,110374,,225439,Rolando Mandragora,sep,240001,66
,24,110374,,240690,Nicolas Gonzalez,sep,240001,75
,24,110374,,240452,M'bala Nzola,sep,240001,73
,24,110374,,189125,Giacomo Bonaventura,sep,240001,77
,24,110374,,201389,Cristiano Biraghi,sep,240001,67
,24,111811,,272602,Valentin Carboni,sep,240001,48
,24,44,,177683,Yann Sommer,sep,240001,84
,24,111811,,202848,Gianluca Caprari,sep,240001,75
,24,44,,184200,Marko Arnautovic,sep,240001,79
,24,111811,,235840,Michele Di Gregorio,sep,240001,79
,24,44,,198176,Stefan de Vrij,sep,240001,41
,24,44,,258648,Carlos Augusto,sep,240001,69
,24,111811,,234147,Dany Mota,sep,240001,72
,24,44,,208128,Hakan Calhanoglu,sep,240001,79
,24,44,,231478,Lautaro Martinez,sep,240001,85
,24,44,,226268,Federico Dimarco,sep,240001,71
,24,111811,,237003,Samuele Birindelli,sep,240001,51
,24,111811,,253213,Georgios Kyriakopoulos,sep,240001,48
,24,111811,,219812,Patrick Ciurria,sep,240001,73
,24,44,,192883,Henrikh Mkhitaryan,sep,240001,78
,24,111811,,258027,Mirko Maric,sep,240001,69
,24,44,,224232,Nicolo Barella,sep,240001,77
,24,111811,,212153,Roberto Gagliardini,sep,240001,62
,24,111811,,251988,Andrea Colpani,sep,240001,63
,24,44,,228093,Marcus Thuram,sep,240001,77
,24,52,,230767,Renato Sanches,sep,240001,69
,24,110373,,140233,Guillermo Ochoa,sep,240001,81
,24,52,,262113,Nicola Zalewski,sep,240001,58
,24,52,,208596,Andrea Belotti,sep,240001,75
,24,52,,190813,Stephan El Shaarawy,sep,240001,75
,24,110373,,173221,Antonio Candreva,sep,240001,78
,24,52,,178005,Rui Patricio,sep,240001,81
,24,52,,229582,Gianluca Mancini,sep,240001,44
,24,52,,189881,Chris Smalling,sep,240001,47
,24,52,,262171,Edoardo Bove,sep,240001,66
,24,110373,,237335,Grigoris Kastanos,sep,240001,63
,24,39,,266866,Ederson,sep,240001,65
,24,111974,,163489,Andrea Consigli,sep,240001,79
,24,111974,,214622,Jeremy Toljan,sep,240001,41
,24,39,,214979,Juan Musso,sep,240001,79
,24,39,,252440,Nadir Zortea,sep,240001,68
,24,111974,,243593,Armand Lauriente,sep,240001,76
,24,111974,,265762,Filippo Missori,sep,240001,34
,24,111974,,235842,Andrea Pinamonti,sep,240001,75
,24,39,,259584,Matteo Ruggeri,sep,240001,48
,24,39,,230899,Ademola Lookman,sep,240001,80
,24,39,,216150,Davide Zappacosta,sep,240001,67
,24,111974,,254487,Matheus Henrique,sep,240001,59
,24,39,,215333,Duvan Zapata,sep,240001,80
,24,39,,208461,Marten de Roon,sep,240001,69
,24,111974,,237640,Nedim Bajrami,sep,240001,66
,24,39,,240679,Teun Koopmeiners,sep,240001,74
,24,347,,243787,Ylber Ramadani,sep,240001,56
,24,46,,224987,Ivan Provedel,sep,240001,82
,24,46,,219985,Matias Vecino,sep,240001,72
,24,347,,210676,Wladimiro Falcone,sep,240001,76
,24,347,,213814,Federico Di Francesco,sep,240001,68
,24,347,,236706,Pontus Almqvist,sep,240001,63
,24,46,,198706,Luis Alberto,sep,240001,76
,24,46,,192387,Ciro Immobile,sep,240001,87
,24,347,,271197,Lameck Banda,sep,240001,64
,24,347,,235949,Gabriel Strefezza,sep,240001,66
,24,347,,268573,Federico Baschirotto,sep,240001,52
,24,347,,251790,Hamza Rafia,sep,240001,63
,24,46,,201995,Felipe Anderson,sep,240001,78
,24,347,,271196,Joan Gonzalez,sep,240001,60
,24,46,,235374,Manuel Lazzari,sep,240001,60
,24,46,,220502,Mattia Zaccagni,sep,240001,76
,24,55,,268474,Lorenzo Lucca,sep,240001,71
,24,45,,186153,Wojciech Szczesny,sep,240001,86
,24,55,,244206,Nehuen Perez,sep,240001,25
,24,55,,222634,Isaac Success,sep,240001,70
,24,55,,256115,Lazar Samardzic,sep,240001,69
,24,55,,222844,Walace,sep,240001,66
,24,45,,272379,Samuel Iling Junior,sep,240001,59
,24,55,,190745,Marco Silvestri,sep,240001,79
,24,55,,223866,Sandi Lovric,sep,240001,62
,24,55,,204970,Florian Thauvin,sep,240001,74
,24,55,,263571,Festy Ebosele,sep,240001,43
,24,45,,210008,Adrien Rabiot,sep,240001,75
,24,45,,258966,Andrea Cambiaso,sep,240001,53
,24,55,,258615,Oier Zarraga,sep,240001,64
,24,45,,235805,Federico Chiesa,sep,240001,81
,24,55,,220421,Hassane Kamara,sep,240001,57
,24,45,,246430,Dusan Vlahovic,sep,240001,84
,24,45,,268802,Fabio Miretti,sep,240001,60
,24,45,,191043,Alex Sandro,sep,240001,64
,24,54,,243656,Nemanja Radonjic,sep,240001,74
,24,1842,,231073,Boris Radunovic,sep,240001,71
,24,54,,238873,Pietro Pellegri,sep,240001,67
,24,1842,,205850,Leonardo Pavoletti,sep,240001,67
,24,54,,224836,Vanja Milinkovic-Savic,sep,240001,76
,24,1842,,226592,Jakub Jankto,sep,240001,69
,24,1842,,222388,Paulo Azzi,sep,240001,64
,24,54,,228349,Mergim Vojvoda,sep,240001,52
,24,1842,,269276,Gaetano Oristanio,sep,240001,62
,24,54,,231826,Yann Karamoh,sep,240001,68
,24,54,,253473,Samuele Ricci,sep,240001,54
,24,1842,,259011,Zito Luvumbo,sep,240001,62
,24,54,,241854,Perr Schuurs,sep,240001,64
,24,1842,,230965,Nahitan Nandez,sep,240001,62
,24,54,,219932,Antonio Sanabria,sep,240001,75
,24,189,,233556,Riccardo Orsolini,sep,240001,74
,24,47,,215698,Mike Maignan,sep,240001,87
,24,189,,254819,Kacper Urbanski,sep,240001,51
,24,47,,241721,Rafael Leao,sep,240001,79
,24,189,,189908,Lukasz Skorupski,sep,240001,77
,24,189,,257980,Dan Ndoye,sep,240001,63
,24,47,,252060,Tommaso Pobega,sep,240001,75
,24,47,,240638,Tijjani Reijnders,sep,240001,73
,24,189,,223671,Stefan Posch,sep,240001,28
,24,189,,236898,Michel Aebischer,sep,240001,64
,24,189,,242280,Lewis Ferguson,sep,240001,71
,24,189,,210381,Charalampos Lykogiannis,sep,240001,67
,24,47,,178509,Olivier Giroud,sep,240001,83
,24,47,,227796,Christian Pulisic,sep,240001,70
,24,47,,213666,Ruben Loftus-Cheek,sep,240001,67
,24,189,,250961,Joshua Zirkzee,sep,240001,73
,24,111657,,212446,Luca Garritano,sep,240001,67
,24,39,,207993,Sead Kolasinac,sep,240001,61
,24,39,,226710,Gianluca Scamacca,sep,240001,78
,24,111657,,257785,Marco Brescianini,sep,240001,46
,24,39,,251470,Charles De Ketelaere,sep,240001,72
,24,39,,265188,Giorgio Scalvini,sep,240001,31
,24,111657,,221331,Luca Mazzitelli,sep,240001,62
,24,111657,,270064,Ilario Monterisi,sep,240001,30
,24,111657,,274197,Francesco Gelli,sep,240001,57
,24,1746,,230858,Samuele Perisan,sep,240001,63
,24,1746,,248385,Roberto Piccoli,sep,240001,67
,24,111811,,265595,Samuele Vignato,sep,240001,58
,24,1746,,230681,Giuseppe Pezzella,sep,240001,55
,24,1746,,225117,Nicolas Haas,sep,240001,60
,24,1746,,224213,Tyronne Ebuehi,sep,240001,49
,24,1746,,258782,Ardian Ismajli,sep,240001,30
,24,1746,,242429,Liberato Cacace,sep,240001,61
,24,54,,241095,Nikola Vlasic,sep,240001,75
,24,54,,193352,Ricardo Rodriguez,sep,240001,66
,24,47,,246172,Samuel Chukwueze,sep,240001,75
,24,47,,232656,Theo Hernandez,sep,240001,70
,24,47,,228881,Davide Calabria,sep,240001,57
,24,52,,234906,Houssem Aouar,sep,240001,68
,24,52,,208268,Bryan Cristante,sep,240001,72
,24,52,,228251,Lorenzo Pellegrini,sep,240001,76
,24,206,,242392,Giangiacomo Magnani,sep,240001,37
,24,52,,211110,Paulo Dybala,sep,240001,85
,24,52,,207439,Leandro Paredes,sep,240001,64
,24,206,,222148,Ondrej Duda,sep,240001,71
,24,206,,271579,Filippo Terracciano,sep,240001,60
,24,110374,,235866,Christian Kouame,sep,240001,71
,24,110374,,234112,Dodo,sep,240001,57
,24,347,,238370,Marin Pongracic,sep,240001,25
,24,110374,,208535,Alfred Duncan,sep,240001,63
,24,110374,,246431,Riccardo Sottil,sep,240001,65
,24,45,,198009,Mattia Perin,sep,240001,79
,24,45,,205175,Arkadiusz Milik,sep,240001,82
,24,189,,231836,Jesper Karlsson,sep,240001,75
,24,45,,199304,Danilo,sep,240001,67
,24,45,,260823,Nicolo Fagioli,sep,240001,63
,24,45,,239580,Bremer,sep,240001,49
,24,45,,241496,Timothy Weah,sep,240001,70
,24,189,,244270,Nikola Moro,sep,240001,70
,24,46,,237712,Valentin Castellanos,sep,240001,78
,24,110556,,239795,Caleb Ekuban,sep,240001,66
,24,46,,239770,Nicolo Casale,sep,240001,52
,24,46,,232730,Daichi Kamada,sep,240001,71
,24,110556,,231969,Ruslan Malinovskyi,sep,240001,79
,24,110556,,242633,Morten Frendrup,sep,240001,54
,24,111974,,244253,Uros Racic,sep,240001,72
,24,48,,241390,Eljif Elmas,sep,240001,71
,24,48,,247635,Khvicha Kvaratskhelia,sep,240001,78
,24,48,,240716,Mathias Olivera,sep,240001,48
,24,48,,227236,Frank Anguissa,sep,240001,66
,24,48,,244263,Amir Rrahmani,sep,240001,50
,24,111974,,268462,Daniel Boloca,sep,240001,57
,24,111974,,263785,Ruan,sep,240001,28
,24,110373,,252000,Domagoj Bradaric,sep,240001,53
,24,110373,,262083,Agustin Martegani,sep,240001,68
,24,110373,,246242,Boulaye Dia,sep,240001,80
,24,55,,252577,Joao Ferreira,sep,240001,40
,24,110373,,234894,Emil Bohinen,sep,240001,61
,24,110373,,257368,Lorenzo Pirola,sep,240001,42
,24,44,,239807,Davide Frattesi,sep,240001,70
,24,44,,193082,Juan Cuadrado,sep,240001,72
,24,1842,,271577,Ibrahim Sulemana,sep,240001,60
,24,1842,,261243,Alessandro Di Pardo,sep,240001,50
,24,1842,,240100,Tommaso Augello,sep,240001,47
,24,44,,233096,Denzel Dumfries,sep,240001,60
,24,44,,237383,Alessandro Bastoni,sep,240001,34
,24,111974,,243200,Samuele Mulattieri,sep,240001,68
,24,206,,195272,Davide Faraoni,sep,240001,71
,24,111974,,210935,Domenico Berardi,sep,240001,82
,24,111974,,242725,Kristian Thorstvedt,sep,240001,71
,24,206,,268683,Michael Folorunsho,sep,240001,67
,24,206,,269181,Diego Coppola,sep,240001,39
,24,52,,202884,Leonardo Spinazzola,sep,240001,63
,24,52,,276951,Riccardo Pagano,sep,240001,54
,24,52,,192505,Romelu Lukaku,sep,240001,83
,24,47,,232756,Fikayo Tomori,sep,240001,39
,24,1842,,261243,Alessandro Di Pardo,sep,240002,50
,24,1842,,231073,Boris Radunovic,sep,240002,72
,24,1842,,271577,Ibrahim Sulemana,sep,240002,60
,24,1842,,229743,Alessandro Deiola,sep,240002,65
,24,1842,,259011,Zito Luvumbo,sep,240002,63
,24,55,,256115,Lazar Samardzic,sep,240002,69
,24,111657,,254502,Stefano Turati,sep,240002,72
,24,55,,222844,Walace,sep,240002,66
,24,111657,,274197,Francesco Gelli,sep,240002,57
,24,55,,190745,Marco Silvestri,sep,240002,79
,24,111657,,231050,Jaime Baez,sep,240002,64
,24,111657,,241937,Abdou Harroui,sep,240002,67
,24,111657,,268511,Walid Cheddira,sep,240002,69
,24,55,,223866,Sandi Lovric,sep,240002,62
,24,55,,268474,Lorenzo Lucca,sep,240002,71
,24,55,,190324,Christian Kabasele,sep,240002,50
,24,111657,,270502,Anthony Oyono,sep,240002,34
,24,55,,204970,Florian Thauvin,sep,240002,74
,24,111657,,265695,Matias Soule,sep,240002,64
,24,55,,220421,Hassane Kamara,sep,240002,57
,24,111811,,235840,Michele Di Gregorio,sep,240002,79
,24,111811,,230817,Jose Machin,sep,240002,63
,24,111811,,219812,Patrick Ciurria,sep,240002,73
,24,111811,,251988,Andrea Colpani,sep,240002,63
,24,111811,,239613,Matteo Pessina,sep,240002,69
,24,111811,,237003,Samuele Birindelli,sep,240002,51
,24,111811,,234147,Dany Mota,sep,240002,72
,24,111811,,212153,Roberto Gagliardini,sep,240002,62
,24,44,,177683,Yann Sommer,sep,240002,84
,24,44,,231478,Lautaro Martinez,sep,240002,85
,24,44,,192883,Henrikh Mkhitaryan,sep,240002,78
,24,44,,228093,Marcus Thuram,sep,240002,77
,24,44,,208128,Hakan Calhanoglu,sep,240002,79
,24,44,,226268,Federico Dimarco,sep,240002,71
,24,44,,184392,Matteo Darmian,sep,240002,57
,24,44,,233096,Denzel Dumfries,sep,240002,60
,24,44,,237383,Alessandro Bastoni,sep,240002,34
,24,110556,,238004,Albert Gudmundsson,sep,240002,73
,24,110556,,243311,Josep Martinez,sep,240002,72
,24,110556,,259675,Berkan Kutlu,sep,240002,59
,24,110556,,239795,Caleb Ekuban,sep,240002,66
,24,110556,,260105,Radu Dragusin,sep,240002,37
,24,110556,,222475,Morten Thorsby,sep,240002,61
,24,110556,,241850,Mateo Retegui,sep,240002,76
,24,110556,,242633,Morten Frendrup,sep,240002,54
,24,1746,,189296,Etrit Berisha,sep,240002,71
,24,1746,,193338,Mattia Destro,sep,240002,72
,24,1746,,189053,Francesco Caputo,sep,240002,77
,24,1746,,266596,Jacopo Fazzini,sep,240002,50
,24,1746,,269312,Tommaso Baldanzi,sep,240002,72
,24,1746,,268703,Nicolo Cambiaghi,sep,240002,72
,24,1746,,236838,Youssef Maleh,sep,240002,64
,24,110373,,140233,Guillermo Ochoa,sep,240002,81
,24,110373,,244193,Jovane Cabral,sep,240002,74
,24,347,,210676,Wladimiro Falcone,sep,240002,76
,24,110373,,234894,Emil Bohinen,sep,240002,61
,24,110373,,239679,Pasquale Mazzocchi,sep,240002,60
,24,110373,,173221,Antonio Candreva,sep,240002,78
,24,110373,,237335,Grigoris Kastanos,sep,240002,63
,24,110373,,230107,Lassana Coulibaly,sep,240002,57
,24,44,,239807,Davide Frattesi,sep,240002,70
,24,44,,264699,Kristjan Asllani,sep,240002,60
,24,44,,258648,Carlos Augusto,sep,240002,69
,24,44,,199845,Francesco Acerbi,sep,240002,50
,24,110556,,206159,Stefano Sabelli,sep,240002,38
,24,110556,,224378,Mattia Bani,sep,240002,18
,24,110556,,265774,Koni De Winter,sep,240002,38
,24,1842,,230965,Nahitan Nandez,sep,240002,62
,24,1842,,222388,Paulo Azzi,sep,240002,64
,24,55,,264408,Axel Guessand,sep,240002,26
,24,55,,263571,Festy Ebosele,sep,240002,43
,24,55,,244238,Jaka Bijol,sep,240002,58
,24,1842,,237586,Alberto Dossena,sep,240002,31
,24,1842,,252964,Gabriele Zappa,sep,240002,52
,24,55,,244206,Nehuen Perez,sep,240002,25
,24,111974,,210935,Domenico Berardi,sep,240002,82
,24,111657,,235875,Pol Lirola,sep,240002,61
,24,111974,,205659,Alessio Cragno,sep,240002,75
,24,111974,,214622,Jeremy Toljan,sep,240002,41
,24,111657,,212446,Luca Garritano,sep,240002,67
,24,111657,,258788,Giuseppe Caso,sep,240002,67
,24,111974,,210617,Samu Castillejo,sep,240002,66
,24,111657,,221331,Luca Mazzitelli,sep,240002,62
,24,111974,,243481,Marcus Pedersen,sep,240002,47
,24,111974,,242725,Kristian Thorstvedt,sep,240002,71
,24,111974,,245537,Emil Konradsen Ceide,sep,240002,55
,24,111657,,236308,Riccardo Marchizza,sep,240002,28
,24,111974,,243593,Armand Lauriente,sep,240002,76
,24,111974,,254487,Matheus Henrique,sep,240002,59
,24,111974,,237640,Nedim Bajrami,sep,240002,66
,24,111657,,246871,Enzo Barrenechea,sep,240002,62
,24,111974,,235842,Andrea Pinamonti,sep,240002,75
,24,111974,,253290,Matias Vina,sep,240002,61
,24,111974,,268462,Daniel Boloca,sep,240002,57
,24,111811,,271146,Alessandro Sorrentino,sep,240002,63
,24,111811,,199776,Luca Caldirola,sep,240002,41
,24,111811,,257000,Andrea Carboni,sep,240002,36
,24,111811,,256899,Lorenzo Colombo,sep,240002,73
,24,111811,,202848,Gianluca Caprari,sep,240002,75
,24,111811,,206654,Pablo Mari,sep,240002,40
,24,1746,,199763,Bartosz Bereszynski,sep,240002,55
,24,1746,,220475,Alberto Grassi,sep,240002,62
,24,110373,,277832,Chukwubuikem Ikwuemesi,sep,240002,68
,24,110373,,179847,Federico Fazio,sep,240002,40
,24,110373,,262083,Agustin Martegani,sep,240002,68
,24,206,,215363,Lorenzo Montipo,sep,240002,77
,24,206,,255233,Tomas Suslov,sep,240002,65
,24,206,,192840,Milan Duric,sep,240002,70
,24,206,,246457,Cyril Ngonge,sep,240002,70
,24,206,,195272,Davide Faraoni,sep,240002,71
,24,206,,223137,Federico Bonazzoli,sep,240002,71
,24,206,,268683,Michael Folorunsho,sep,240002,67
,24,206,,255561,Josh Doig,sep,240002,61
,24,206,,236556,Martin Hongla,sep,240002,69
,24,110373,,220061,Norbert Gyomber,sep,240002,31
,24,110373,,236368,Giulio Maggiore,sep,240002,59
,24,110373,,257368,Lorenzo Pirola,sep,240002,42
,24,111657,,198857,Simone Romagnoli,sep,240002,39
,24,110556,,231969,Ruslan Malinovskyi,sep,240002,79
,24,110556,,201144,Milan Badelj,sep,240002,61
,24,111974,,202851,Gregoire Defrel,sep,240002,73
,24,111974,,244456,Martin Erlic,sep,240002,34
,24,111974,,263785,Ruan,sep,240002,28
,24,111811,,253213,Georgios Kyriakopoulos,sep,240002,48
,24,1746,,263929,Matteo Cancellieri,sep,240002,69
,24,44,,184200,Marko Arnautovic,sep,240002,79
,24,1746,,244874,Filippo Ranocchia,sep,240002,59
,24,1746,,277515,Stiven Shpendi,sep,240002,62
,24,1746,,235813,Razvan Marin,sep,240002,74
,24,1842,,215689,Andrea Petagna,sep,240002,75
,24,1842,,269276,Gaetano Oristanio,sep,240002,62
,24,1842,,173160,Nicolas Viola,sep,240002,68
,24,1842,,239964,Eldor Shomurodov,sep,240002,71
,24,55,,240970,Martin Payero,sep,240002,62
,24,1842,,240100,Tommaso Augello,sep,240002,51
,24,110373,,239125,Erik Botheim,sep,240002,66
,24,1746,,220491,Emmanuel Gyasi,sep,240002,61
,24,110373,,252000,Domagoj Bradaric,sep,240002,53
,24,1746,,220534,Sebastiano Luperto,sep,240002,58
,24,1746,,243497,Sebastian Walukiewicz,sep,240002,37
,24,206,,242392,Giangiacomo Magnani,sep,240002,37
,24,206,,230065,Suat Serdar,sep,240002,70
,24,206,,222148,Ondrej Duda,sep,240002,71
,24,206,,260697,Isak Hien,sep,240002,36
,24,206,,271579,Filippo Terracciano,sep,240002,60
,24,111974,,163489,Andrea Consigli,sep,240002,79
,24,44,,224232,Nicolo Barella,sep,240002,77
,24,55,,222634,Isaac Success,sep,240002,70
,24,111657,,257785,Marco Brescianini,sep,240002,46
,24,111657,,261281,Caleb Okoli,sep,240002,30
,24,111811,,265595,Samuele Vignato,sep,240002,58
,24,110556,,240938,Junior Messias,sep,240002,72
,24,110373,,277822,Trivante Stewart,sep,240002,67
,24,110373,,263317,Mateusz Legowski,sep,240002,55
,24,44,,203483,Davy Klaassen,sep,240002,77
,24,44,,184941,Alexis Sanchez,sep,240002,82
,24,110373,,246242,Boulaye Dia,sep,240002,80
,24,1746,,224213,Tyronne Ebuehi,sep,240002,49
,24,55,,193061,Roberto Pereyra,sep,240002,74
,24,111657,,198220,Mehdi Bourabia,sep,240002,59
,24,111657,,264467,Marvin Cuni,sep,240002,63
,24,111974,,224808,Gian Marco Ferrari,sep,240002,27
,24,111974,,243200,Samuele Mulattieri,sep,240002,68
,24,206,,201046,Riccardo Saponara,sep,240002,71
,24,111974,,244253,Uros Racic,sep,240002,72
,24,44,,193082,Juan Cuadrado,sep,240002,72
,24,44,,226851,Benjamin Pavard,sep,240002,62
,24,110556,,244349,Johan Vasquez,sep,240002,31
,24,111811,,257353,Warren Bondo,sep,240002,54
,24,206,,212127,Darko Lazovic,sep,240002,71
,24,206,,268679,Bruno Amione,sep,240002,35
,24,111657,,254544,Reinier,sep,240002,67
,24,111657,,270064,Ilario Monterisi,sep,240002,30
,24,1842,,272725,Matteo Prati,sep,240002,60
,24,1842,,205850,Leonardo Pavoletti,sep,240002,67
,24,1842,,220048,Simone Scuffet,sep,240002,71
,24,1842,,224302,Mateusz Wieteska,sep,240002,37
,24,206,,195272,Davide Faraoni,sep,240004,71
,24,48,,225116,Alex Meret,sep,240004,83
,24,48,,237669,Alessio Zerbin,sep,240004,67
,24,206,,215363,Lorenzo Montipo,sep,240004,77
,24,48,,246877,Gianluca Gaetano,sep,240004,70
,24,48,,245741,Jesper Lindstrom,sep,240004,71
,24,206,,231835,Thomas Henry,sep,240004,73
,24,206,,268683,Michael Folorunsho,sep,240004,68
,24,206,,192840,Milan Duric,sep,240004,70
,24,206,,212127,Darko Lazovic,sep,240004,71
,24,48,,216816,Giovanni Simeone,sep,240004,79
,24,206,,223137,Federico Bonazzoli,sep,240004,71
,24,48,,244472,Jens-Lys Cajuste,sep,240004,61
,24,48,,216409,Matteo Politano,sep,240004,77
,24,48,,217870,Giovanni Di Lorenzo,sep,240004,66
,24,48,,253002,Giacomo Raspadori,sep,240004,77
,24,48,,247635,Khvicha Kvaratskhelia,sep,240004,78
,24,206,,230065,Suat Serdar,sep,240004,70
,24,206,,242392,Giangiacomo Magnani,sep,240004,37
,24,206,,213404,Pawel Dawidowicz,sep,240004,47
,24,44,,208128,Hakan Calhanoglu,sep,240004,79
,24,54,,224836,Vanja Milinkovic-Savic,sep,240004,76
,24,54,,278013,Saba Sazonov,sep,240004,40
,24,44,,177683,Yann Sommer,sep,240004,84
,24,44,,198176,Stefan de Vrij,sep,240004,41
,24,44,,228093,Marcus Thuram,sep,240004,77
,24,44,,231478,Lautaro Martinez,sep,240004,85
,24,44,,192883,Henrikh Mkhitaryan,sep,240004,78
,24,54,,241095,Nikola Vlasic,sep,240004,75
,24,54,,253473,Samuele Ricci,sep,240004,54
,24,54,,238873,Pietro Pellegri,sep,240004,67
,24,54,,266877,Demba Seck,sep,240004,63
,24,111974,,242725,Kristian Thorstvedt,sep,240004,71
,24,46,,224987,Ivan Provedel,sep,240004,82
,24,46,,220502,Mattia Zaccagni,sep,240004,76
,24,111974,,163489,Andrea Consigli,sep,240004,79
,24,46,,219985,Matias Vecino,sep,240004,72
,24,111974,,210935,Domenico Berardi,sep,240004,82
,24,111974,,235842,Andrea Pinamonti,sep,240004,75
,24,46,,237712,Valentin Castellanos,sep,240004,78
,24,111974,,243593,Armand Lauriente,sep,240004,76
,24,46,,198706,Luis Alberto,sep,240004,76
,24,46,,211361,Danilo Cataldi,sep,240004,71
,24,46,,201995,Felipe Anderson,sep,240004,78
,24,46,,210413,Alessio Romagnoli,sep,240004,39
,24,46,,236496,Matteo Guendouzi,sep,240004,67
,24,111811,,197786,Giulio Donati,sep,240004,42
,24,52,,178005,Rui Patricio,sep,240004,81
,24,52,,213955,Sardar Azmoun,sep,240004,74
,24,111811,,235840,Michele Di Gregorio,sep,240004,79
,24,52,,190813,Stephan El Shaarawy,sep,240004,75
,24,111811,,212153,Roberto Gagliardini,sep,240004,62
,24,111811,,206654,Pablo Mari,sep,240004,40
,24,111811,,265595,Samuele Vignato,sep,240004,58
,24,52,,229582,Gianluca Mancini,sep,240004,44
,24,52,,192505,Romelu Lukaku,sep,240004,83
,24,111811,,237003,Samuele Birindelli,sep,240004,51
,24,52,,208268,Bryan Cristante,sep,240004,72
,24,52,,234906,Houssem Aouar,sep,240004,68
,24,111811,,257000,Andrea Carboni,sep,240004,36
,24,52,,236403,Evan Ndicka,sep,240004,51
,24,52,,208596,Andrea Belotti,sep,240004,75
,24,111811,,251988,Andrea Colpani,sep,240004,63
,24,111811,,253213,Georgios Kyriakopoulos,sep,240004,48
,24,52,,262171,Edoardo Bove,sep,240004,66
,24,52,,207439,Leandro Paredes,sep,240004,64
,24,111657,,236308,Riccardo Marchizza,sep,240004,28
,24,189,,189908,Lukasz Skorupski,sep,240004,77
,24,189,,257980,Dan Ndoye,sep,240004,64
,24,111657,,254502,Stefano Turati,sep,240004,72
,24,189,,242664,Alexis Saelemaekers,sep,240004,66
,24,189,,259762,Victor Kristiansen,sep,240004,54
,24,189,,250961,Joshua Zirkzee,sep,240004,73
,24,189,,233556,Riccardo Orsolini,sep,240004,74
,24,111657,,264467,Marvin Cuni,sep,240004,63
,24,111657,,265695,Matias Soule,sep,240004,64
,24,111657,,221331,Luca Mazzitelli,sep,240004,62
,24,111657,,268511,Walid Cheddira,sep,240004,69
,24,111657,,246871,Enzo Barrenechea,sep,240004,62
,24,111657,,212446,Luca Garritano,sep,240004,67
,24,189,,170320,Lorenzo De Silvestri,sep,240004,65
,24,189,,242280,Lewis Ferguson,sep,240004,73
,24,111657,,270502,Anthony Oyono,sep,240004,34
,24,189,,202024,Remo Freuler,sep,240004,68
,24,110373,,262083,Agustin Martegani,sep,240004,68
,24,1842,,220048,Simone Scuffet,sep,240004,71
,24,110373,,246242,Boulaye Dia,sep,240004,80
,24,1842,,226592,Jakub Jankto,sep,240004,69
,24,110373,,158121,Benoit Costil,sep,240004,73
,24,110373,,277832,Chukwubuikem Ikwuemesi,sep,240004,68
,24,1842,,173160,Nicolas Viola,sep,240004,68
,24,1842,,259011,Zito Luvumbo,sep,240004,63
,24,110373,,220061,Norbert Gyomber,sep,240004,31
,24,110373,,173221,Antonio Candreva,sep,240004,78
,24,1842,,229743,Alessandro Deiola,sep,240004,65
,24,1842,,230965,Nahitan Nandez,sep,240004,62
,24,1842,,272725,Matteo Prati,sep,240004,60
,24,1842,,237586,Alberto Dossena,sep,240004,33
,24,110373,,244193,Jovane Cabral,sep,240004,74
,24,1842,,270597,Antoine Makoumbou,sep,240004,54
,24,110373,,252000,Domagoj Bradaric,sep,240004,53
,24,110556,,225652,George Puscas,sep,240004,67
,24,39,,252154,Marco Carnesecchi,sep,240004,79
,24,110556,,260105,Radu Dragusin,sep,240004,37
,24,110556,,210384,Ridgeciano Haps,sep,240004,61
,24,110556,,238004,Albert Gudmundsson,sep,240004,73
,24,110556,,231969,Ruslan Malinovskyi,sep,240004,79
,24,39,,230899,Ademola Lookman,sep,240004,80
,24,110556,,201299,Nicola Leali,sep,240004,69
,24,110556,,224378,Mattia Bani,sep,240004,18
,24,39,,265188,Giorgio Scalvini,sep,240004,31
,24,39,,226710,Gianluca Scamacca,sep,240004,78
,24,39,,208461,Marten de Roon,sep,240004,69
,24,110556,,239795,Caleb Ekuban,sep,240004,66
,24,39,,251470,Charles De Ketelaere,sep,240004,72
,24,45,,246430,Dusan Vlahovic,sep,240004,84
,24,47,,140293,Antonio Mirante,sep,240004,71
,24,45,,258966,Andrea Cambiaso,sep,240004,53
,24,45,,210008,Adrien Rabiot,sep,240004,75
,24,45,,222077,Manuel Locatelli,sep,240004,70
,24,45,,266872,Federico Gatti,sep,240004,35
,24,47,,241721,Rafael Leao,sep,240004,79
,24,45,,186153,Wojciech Szczesny,sep,240004,86
,24,45,,238744,Weston McKennie,sep,240004,71
,24,45,,236610,Moise Kean,sep,240004,75
,24,47,,227796,Christian Pulisic,sep,240004,70
,24,45,,208574,Filip Kostic,sep,240004,75
,24,45,,205175,Arkadiusz Milik,sep,240004,82
,24,47,,178509,Olivier Giroud,sep,240004,83
,24,47,,228881,Davide Calabria,sep,240004,57
,24,45,,241496,Timothy Weah,sep,240004,70
,24,47,,240638,Tijjani Reijnders,sep,240004,73
,24,47,,203551,Alessandro Florenzi,sep,240004,76
,24,347,,201858,Nicola Sansone,sep,240004,71
,24,55,,190745,Marco Silvestri,sep,240004,79
,24,347,,248385,Roberto Piccoli,sep,240004,67
,24,55,,190324,Christian Kabasele,sep,240004,50
,24,347,,210676,Wladimiro Falcone,sep,240004,76
,24,55,,240970,Martin Payero,sep,240004,62
,24,55,,256115,Lazar Samardzic,sep,240004,69
,24,55,,220421,Hassane Kamara,sep,240004,57
,24,347,,277839,Nikola Krstovic,sep,240004,73
,24,347,,243787,Ylber Ramadani,sep,240004,56
,24,55,,204970,Florian Thauvin,sep,240004,74
,24,55,,222634,Isaac Success,sep,240004,70
,24,347,,235949,Gabriel Strefezza,sep,240004,66
,24,347,,244717,Antonino Gallo,sep,240004,48
,24,347,,263469,Mohamed Kaba,sep,240004,51
,24,347,,233265,Remi Oudin,sep,240004,69
,24,1746,,193338,Mattia Destro,sep,240004,72
,24,110374,,205812,Pietro Terracciano,sep,240004,79
,24,110374,,240690,Nicolas Gonzalez,sep,240004,75
,24,1746,,189296,Etrit Berisha,sep,240004,71
,24,110374,,246431,Riccardo Sottil,sep,240004,65
,24,110374,,246258,Lucas Beltran,sep,240004,75
,24,110374,,238095,Nikola Milenkovic,sep,240004,45
,24,1746,,220491,Emmanuel Gyasi,sep,240004,61
,24,110374,,240452,M'bala Nzola,sep,240004,73
,24,110374,,189125,Giacomo Bonaventura,sep,240004,77
,24,1746,,268703,Nicolo Cambiaghi,sep,240004,72
,24,1746,,189053,Francesco Caputo,sep,240004,77
,24,110374,,228708,Lucas Martinez Quarta,sep,240004,55
,24,110374,,208535,Alfred Duncan,sep,240004,63
,24,1746,,263929,Matteo Cancellieri,sep,240004,69
,24,110373,,246242,Boulaye Dia,sep,240006,80
,24,110556,,243311,Josep Martinez,sep,240006,72
,24,110556,,259675,Berkan Kutlu,sep,240006,59
,24,110373,,140233,Guillermo Ochoa,sep,240006,81
,24,110373,,223570,Junior Sambia,sep,240006,67
,24,110373,,230107,Lassana Coulibaly,sep,240006,57
,24,110373,,239679,Pasquale Mazzocchi,sep,240006,60
,24,110556,,244349,Johan Vasquez,sep,240006,31
,24,110556,,206159,Stefano Sabelli,sep,240006,38
,24,110556,,238004,Albert Gudmundsson,sep,240006,73
,24,110556,,201144,Milan Badelj,sep,240006,61
,24,110556,,241850,Mateo Retegui,sep,240006,76
,24,110556,,260105,Radu Dragusin,sep,240006,37
,24,111974,,224808,Gian Marco Ferrari,sep,240006,27
,24,189,,189908,Lukasz Skorupski,sep,240006,77
,24,189,,250961,Joshua Zirkzee,sep,240006,73
,24,111974,,163489,Andrea Consigli,sep,240006,79
,24,111974,,265761,Cristian Volpato,sep,240006,63
,24,111974,,235842,Andrea Pinamonti,sep,240006,75
,24,189,,233556,Riccardo Orsolini,sep,240006,74
,24,111974,,210935,Domenico Berardi,sep,240006,82
,24,189,,242280,Lewis Ferguson,sep,240006,73
,24,111974,,237640,Nedim Bajrami,sep,240006,66
,24,111974,,244456,Martin Erlic,sep,240006,34
,24,111974,,268462,Daniel Boloca,sep,240006,57
,24,189,,210381,Charalampos Lykogiannis,sep,240006,67
,24,111974,,243593,Armand Lauriente,sep,240006,76
,24,111974,,253290,Matias Vina,sep,240006,61
,24,54,,211147,Valentino Lazaro,sep,240006,68
,24,347,,210676,Wladimiro Falcone,sep,240006,76
,24,347,,238370,Marin Pongracic,sep,240006,25
,24,54,,224836,Vanja Milinkovic-Savic,sep,240006,76
,24,347,,233265,Remi Oudin,sep,240006,70
,24,347,,201858,Nicola Sansone,sep,240006,71
,24,54,,219932,Antonio Sanabria,sep,240006,75
,24,54,,238873,Pietro Pellegri,sep,240006,67
,24,54,,247229,Raoul Bellanova,sep,240006,30
,24,347,,243787,Ylber Ramadani,sep,240006,56
,24,347,,271197,Lameck Banda,sep,240006,64
,24,54,,211408,Karol Linetty,sep,240006,61
,24,54,,243241,Alessandro Buongiorno,sep,240006,45
,24,54,,253473,Samuele Ricci,sep,240006,54
,24,347,,236706,Pontus Almqvist,sep,240006,63
,24,347,,277839,Nikola Krstovic,sep,240006,73
,24,45,,258966,Andrea Cambiaso,sep,240006,53
,24,206,,215363,Lorenzo Montipo,sep,240006,77
,24,45,,205175,Arkadiusz Milik,sep,240006,82
,24,45,,268802,Fabio Miretti,sep,240006,60
,24,45,,277954,Kenan Yildiz,sep,240006,55
,24,45,,210008,Adrien Rabiot,sep,240006,75
,24,45,,235805,Federico Chiesa,sep,240006,81
,24,206,,212127,Darko Lazovic,sep,240006,71
,24,45,,186153,Wojciech Szczesny,sep,240006,86
,24,45,,266872,Federico Gatti,sep,240006,35
,24,45,,222077,Manuel Locatelli,sep,240006,70
,24,45,,246430,Dusan Vlahovic,sep,240006,84
,24,206,,223137,Federico Bonazzoli,sep,240006,71
,24,206,,242392,Giangiacomo Magnani,sep,240006,37
,24,45,,236610,Moise Kean,sep,240006,75
,24,45,,241496,Timothy Weah,sep,240006,70
,24,206,,268683,Michael Folorunsho,sep,240006,68
,24,206,,192840,Milan Duric,sep,240006,70
,24,111657,,261281,Caleb Okoli,sep,240006,30
,24,1842,,220048,Simone Scuffet,sep,240006,71
,24,1842,,205850,Leonardo Pavoletti,sep,240006,67
,24,111657,,254502,Stefano Turati,sep,240006,72
,24,1842,,269276,Gaetano Oristanio,sep,240006,62
,24,1842,,222388,Paulo Azzi,sep,240006,64
,24,1842,,270597,Antoine Makoumbou,sep,240006,54
,24,1842,,252964,Gabriele Zappa,sep,240006,52
,24,1842,,173160,Nicolas Viola,sep,240006,68
,24,1842,,272725,Matteo Prati,sep,240006,60
,24,1842,,226592,Jakub Jankto,sep,240006,69
,24,111657,,257785,Marco Brescianini,sep,240006,46
,24,1842,,172786,Marco Mancosu,sep,240006,73
,24,111657,,231050,Jaime Baez,sep,240006,64
,24,111657,,265695,Matias Soule,sep,240006,64
,24,1842,,259011,Zito Luvumbo,sep,240006,63
,24,111657,,270064,Ilario Monterisi,sep,240006,30
,24,1842,,223524,Edoardo Goldaniga,sep,240006,33
,24,1842,,230965,Nahitan Nandez,sep,240006,62
,24,111657,,198857,Simone Romagnoli,sep,240006,39
,24,111811,,257000,Andrea Carboni,sep,240006,36
,24,55,,190745,Marco Silvestri,sep,240006,79
,24,111811,,219812,Patrick Ciurria,sep,240006,73
,24,55,,220421,Hassane Kamara,sep,240006,57
,24,111811,,235840,Michele Di Gregorio,sep,240006,79
,24,55,,223866,Sandi Lovric,sep,240006,62
,24,55,,268474,Lorenzo Lucca,sep,240006,71
,24,55,,259634,Jordan Zemura,sep,240006,37
,24,111811,,253213,Georgios Kyriakopoulos,sep,240006,48
,24,55,,256115,Lazar Samardzic,sep,240006,69
,24,111811,,251988,Andrea Colpani,sep,240006,63
,24,55,,244238,Jaka Bijol,sep,240006,58
,24,111811,,265595,Samuele Vignato,sep,240006,58
,24,111811,,199776,Luca Caldirola,sep,240006,41
,24,111811,,256899,Lorenzo Colombo,sep,240006,73
,24,55,,193061,Roberto Pereyra,sep,240006,74
,24,52,,208268,Bryan Cristante,sep,240006,72
,24,44,,177683,Yann Sommer,sep,240006,84
,24,44,,258648,Carlos Augusto,sep,240006,69
,24,52,,178005,Rui Patricio,sep,240006,81
,24,44,,228093,Marcus Thuram,sep,240006,77
,24,44,,264699,Kristjan Asllani,sep,240006,60
,24,44,,208128,Hakan Calhanoglu,sep,240006,79
,24,52,,207439,Leandro Paredes,sep,240006,64
,24,44,,231478,Lautaro Martinez,sep,240006,85
,24,44,,224232,Nicolo Barella,sep,240006,77
,24,44,,226851,Benjamin Pavard,sep,240006,62
,24,44,,192883,Henrikh Mkhitaryan,sep,240006,78
,24,44,,226268,Federico Dimarco,sep,240006,71
,24,48,,247635,Khvicha Kvaratskhelia,sep,240006,78
,24,47,,215698,Mike Maignan,sep,240006,87
,24,47,,228881,Davide Calabria,sep,240006,57
,24,48,,225116,Alex Meret,sep,240006,83
,24,47,,229758,Rade Krunic,sep,240006,71
,24,48,,253002,Giacomo Raspadori,sep,240006,77
,24,48,,277537,Natan,sep,240006,33
,24,48,,217870,Giovanni Di Lorenzo,sep,240006,66
,24,48,,216409,Matteo Politano,sep,240006,77
,24,47,,274947,Marco Pellegrino,sep,240006,39
,24,47,,241721,Rafael Leao,sep,240006,79
,24,47,,232656,Theo Hernandez,sep,240006,70
,24,48,,216816,Giovanni Simeone,sep,240006,79
,24,47,,258467,Luka Romero,sep,240006,60
,24,47,,253177,Yunus Musah,sep,240006,67
,24,47,,227796,Christian Pulisic,sep,240006,70
,24,47,,178509,Olivier Giroud,sep,240006,83
,24,47,,240638,Tijjani Reijnders,sep,240006,73
,24,48,,204614,Mario Rui,sep,240006,56
,24,48,,244263,Amir Rrahmani,sep,240006,50
,24,47,,232756,Fikayo Tomori,sep,240006,39
,24,1746,,255611,Daniel Maldini,sep,240006,60
,24,39,,214979,Juan Musso,sep,240006,79
,24,39,,199110,Luis Muriel,sep,240006,80
,24,1746,,189296,Etrit Berisha,sep,240006,71
,24,39,,220093,Hans Hateboer,sep,240006,62
,24,39,,223273,Mario Pasalic,sep,240006,77
,24,1746,,266596,Jacopo Fazzini,sep,240006,50
,24,1746,,236838,Youssef Maleh,sep,240006,64
,24,39,,187598,Rafael Toloi,sep,240006,51
,24,39,,230899,Ademola Lookman,sep,240006,80
,24,39,,226710,Gianluca Scamacca,sep,240006,78
,24,1746,,268703,Nicolo Cambiaghi,sep,240006,72
,24,1746,,220475,Alberto Grassi,sep,240006,62
,24,39,,207993,Sead Kolasinac,sep,240006,61
,24,39,,240679,Teun Koopmeiners,sep,240006,74
,24,39,,266866,Ederson,sep,240006,65
,24,39,,259584,Matteo Ruggeri,sep,240006,48
,24,1746,,235813,Razvan Marin,sep,240006,74
,24,39,,208461,Marten de Roon,sep,240006,69
,24,1746,,224213,Tyronne Ebuehi,sep,240006,49
,24,46,,219985,Matias Vecino,sep,240006,72
,24,110374,,205812,Pietro Terracciano,sep,240006,79
,24,110374,,224030,Maxime Lopez,sep,240006,70
,24,46,,224987,Ivan Provedel,sep,240006,82
,24,110374,,236791,Antonin Barak,sep,240006,76
,24,110374,,240452,M'bala Nzola,sep,240006,73
,24,110374,,225439,Rolando Mandragora,sep,240006,66
,24,46,,201995,Felipe Anderson,sep,240006,78
,24,46,,198706,Luis Alberto,sep,240006,76
,24,110374,,240690,Nicolas Gonzalez,sep,240006,75
,24,46,,237712,Valentin Castellanos,sep,240006,78
,24,110374,,258976,Fabiano Parisi,sep,240006,66
,24,46,,220502,Mattia Zaccagni,sep,240006,76
,24,110374,,246258,Lucas Beltran,sep,240006,75
,24,110374,,189125,Giacomo Bonaventura,sep,240006,77
,24,189,,257980,Dan Ndoye,sep,240008,64
,24,46,,224987,Ivan Provedel,sep,240008,82
,24,46,,243237,Luca Pellegrini,sep,240008,53
,24,189,,189908,Lukasz Skorupski,sep,240008,77
,24,46,,201995,Felipe Anderson,sep,240008,78
,24,46,,198706,Luis Alberto,sep,240008,76
,24,189,,233556,Riccardo Orsolini,sep,240008,74
,24,46,,210413,Alessio Romagnoli,sep,240008,39
,24,46,,237712,Valentin Castellanos,sep,240008,78
,24,46,,189505,Pedro,sep,240008,72
,24,189,,242280,Lewis Ferguson,sep,240008,73
,24,189,,250961,Joshua Zirkzee,sep,240008,73
,24,110373,,252000,Domagoj Bradaric,sep,240008,53
,24,48,,225116,Alex Meret,sep,240008,83
,24,48,,227236,Frank Anguissa,sep,240008,66
,24,110373,,140233,Guillermo Ochoa,sep,240008,81
,24,48,,216816,Giovanni Simeone,sep,240008,79
,24,48,,241390,Eljif Elmas,sep,240008,71
,24,110373,,277822,Trivante Stewart,sep,240008,67
,24,48,,217870,Giovanni Di Lorenzo,sep,240008,66
,24,48,,210406,Piotr Zielinski,sep,240008,76
,24,48,,247635,Khvicha Kvaratskhelia,sep,240008,78
,24,48,,244263,Amir Rrahmani,sep,240008,50
,24,48,,216409,Matteo Politano,sep,240008,77
,24,48,,253002,Giacomo Raspadori,sep,240008,77
,24,110373,,263317,Mateusz Legowski,sep,240008,55
,24,110373,,173221,Antonio Candreva,sep,240008,78
,24,110373,,246242,Boulaye Dia,sep,240008,80
,24,110373,,264880,Loum Tchaouna,sep,240008,62
,24,110373,,230107,Lassana Coulibaly,sep,240008,57
,24,110373,,277832,Chukwubuikem Ikwuemesi,sep,240008,68
,24,110373,,257368,Lorenzo Pirola,sep,240008,42
,24,39,,226710,Gianluca Scamacca,sep,240008,78
,24,44,,177683,Yann Sommer,sep,240008,84
,24,39,,220093,Hans Hateboer,sep,240008,62
,24,44,,184941,Alexis Sanchez,sep,240008,82
,24,39,,214979,Juan Musso,sep,240008,79
,24,39,,251470,Charles De Ketelaere,sep,240008,72
,24,39,,199110,Luis Muriel,sep,240008,80
,24,44,,233096,Denzel Dumfries,sep,240008,60
,24,39,,230899,Ademola Lookman,sep,240008,80
,24,44,,231478,Lautaro Martinez,sep,240008,85
,24,44,,199845,Francesco Acerbi,sep,240008,50
,24,44,,226268,Federico Dimarco,sep,240008,71
,24,39,,265188,Giorgio Scalvini,sep,240008,31
,24,44,,208128,Hakan Calhanoglu,sep,240008,79
,24,39,,208165,Berat Djimsiti,sep,240008,37
,24,39,,259584,Matteo Ruggeri,sep,240008,48
,24,47,,241721,Rafael Leao,sep,240008,79
,24,55,,190745,Marco Silvestri,sep,240008,79
,24,47,,178509,Olivier Giroud,sep,240008,83
,24,47,,203551,Alessandro Florenzi,sep,240008,76
,24,55,,204970,Florian Thauvin,sep,240008,74
,24,47,,215698,Mike Maignan,sep,240008,87
,24,55,,222634,Isaac Success,sep,240008,70
,24,55,,193061,Roberto Pereyra,sep,240008,74
,24,47,,256261,Malick Thiaw,sep,240008,47
,24,55,,240970,Martin Payero,sep,240008,62
,24,47,,240638,Tijjani Reijnders,sep,240008,73
,24,55,,190324,Christian Kabasele,sep,240008,50
,24,55,,256115,Lazar Samardzic,sep,240008,69
,24,47,,253177,Yunus Musah,sep,240008,67
,24,47,,228881,Davide Calabria,sep,240008,57
,24,47,,229758,Rade Krunic,sep,240008,71
,24,206,,246457,Cyril Ngonge,sep,240008,70
,24,111811,,235840,Michele Di Gregorio,sep,240008,79
,24,206,,268683,Michael Folorunsho,sep,240008,68
,24,111811,,199776,Luca Caldirola,sep,240008,41
,24,206,,215363,Lorenzo Montipo,sep,240008,77
,24,206,,201046,Riccardo Saponara,sep,240008,71
,24,111811,,256899,Lorenzo Colombo,sep,240008,73
,24,206,,222148,Ondrej Duda,sep,240008,71
,24,111811,,239613,Matteo Pessina,sep,240008,69
,24,111811,,237003,Samuele Birindelli,sep,240008,51
,24,206,,271579,Filippo Terracciano,sep,240008,60
,24,206,,223137,Federico Bonazzoli,sep,240008,71
,24,206,,195272,Davide Faraoni,sep,240008,71
,24,206,,192840,Milan Duric,sep,240008,70
,24,111811,,251988,Andrea Colpani,sep,240008,63
,24,111811,,212153,Roberto Gagliardini,sep,240008,62
,24,206,,212127,Darko Lazovic,sep,240008,71
,24,111811,,206654,Pablo Mari,sep,240008,40
,24,110556,,225652,George Puscas,sep,240008,67
,24,1842,,220048,Simone Scuffet,sep,240008,71
,24,110556,,260105,Radu Dragusin,sep,240008,37
,24,110556,,242633,Morten Frendrup,sep,240008,54
,24,1842,,222388,Paulo Azzi,sep,240008,64
,24,110556,,243311,Josep Martinez,sep,240008,72
,24,1842,,173160,Nicolas Viola,sep,240008,68
,24,1842,,240100,Tommaso Augello,sep,240008,51
,24,1842,,252964,Gabriele Zappa,sep,240008,52
,24,1842,,270597,Antoine Makoumbou,sep,240008,54
,24,1842,,259011,Zito Luvumbo,sep,240008,64
,24,110556,,238004,Albert Gudmundsson,sep,240008,73
,24,1842,,229150,Pantelis Hatzidiakos,sep,240008,53
,24,110556,,244349,Johan Vasquez,sep,240008,31
,24,1842,,172786,Marco Mancosu,sep,240008,73
,24,110556,,201144,Milan Badelj,sep,240008,61
,24,1842,,272725,Matteo Prati,sep,240008,60
,24,52,,192505,Romelu Lukaku,sep,240008,83
,24,347,,210676,Wladimiro Falcone,sep,240008,76
,24,52,,213955,Sardar Azmoun,sep,240008,74
,24,347,,263469,Mohamed Kaba,sep,240008,51
,24,52,,178005,Rui Patricio,sep,240008,81
,24,347,,235949,Gabriel Strefezza,sep,240008,66
,24,52,,211110,Paulo Dybala,sep,240008,85
,24,347,,236706,Pontus Almqvist,sep,240008,63
,24,52,,229582,Gianluca Mancini,sep,240008,44
,24,347,,271197,Lameck Banda,sep,240008,64
,24,347,,277839,Nikola Krstovic,sep,240008,73
,24,347,,238370,Marin Pongracic,sep,240008,25
,24,347,,245863,Valentin Gendrey,sep,240008,32
,24,52,,262171,Edoardo Bove,sep,240008,66
,24,347,,243787,Ylber Ramadani,sep,240008,56
,24,52,,208268,Bryan Cristante,sep,240008,72
,24,52,,234906,Houssem Aouar,sep,240008,68
,24,52,,190813,Stephan El Shaarawy,sep,240008,75
,24,45,,258966,Andrea Cambiaso,sep,240008,53
,24,110374,,205812,Pietro Terracciano,sep,240008,79
,24,110374,,240452,M'bala Nzola,sep,240008,73
,24,45,,186153,Wojciech Szczesny,sep,240008,86
,24,110374,,240690,Nicolas Gonzalez,sep,240008,75
,24,110374,,201389,Cristiano Biraghi,sep,240008,67
,24,110374,,235866,Christian Kouame,sep,240008,71
,24,110374,,258976,Fabiano Parisi,sep,240008,66
,24,110374,,189125,Giacomo Bonaventura,sep,240008,77
,24,110374,,228708,Lucas Martinez Quarta,sep,240008,55
,24,110374,,225439,Rolando Mandragora,sep,240008,66
,24,110374,,236791,Antonin Barak,sep,240008,76
,24,45,,235805,Federico Chiesa,sep,240008,81
,24,45,,236610,Moise Kean,sep,240008,75
,24,110374,,240777,Luca Ranieri,sep,240008,40
,24,45,,268802,Fabio Miretti,sep,240008,60
,24,110374,,230658,Arthur,sep,240008,65
,24,1746,,228698,Viktor Kovalenko,sep,240008,69
,24,111657,,254502,Stefano Turati,sep,240008,72
,24,111657,,258788,Giuseppe Caso,sep,240008,67
,24,1746,,189296,Etrit Berisha,sep,240008,71
,24,1746,,268703,Nicolo Cambiaghi,sep,240008,72
,24,1746,,189053,Francesco Caputo,sep,240008,77
,24,1746,,266596,Jacopo Fazzini,sep,240008,50
,24,111657,,261281,Caleb Okoli,sep,240008,30
,24,111657,,266236,Arijon Ibrahimovic,sep,240008,61
,24,111657,,221331,Luca Mazzitelli,sep,240008,62
,24,111657,,236308,Riccardo Marchizza,sep,240008,28
,24,111657,,264467,Marvin Cuni,sep,240008,63
,24,111657,,254544,Reinier,sep,240008,67
,24,111657,,246871,Enzo Barrenechea,sep,240008,62
,24,111657,,265695,Matias Soule,sep,240008,64
,24,1746,,220491,Emmanuel Gyasi,sep,240008,61
,24,1746,,263929,Matteo Cancellieri,sep,240008,69
,24,54,,211147,Valentino Lazaro,sep,240008,68
,24,111974,,163489,Andrea Consigli,sep,240008,79
,24,111974,,253290,Matias Vina,sep,240008,61
,24,54,,224836,Vanja Milinkovic-Savic,sep,240008,76
,24,54,,219932,Antonio Sanabria,sep,240008,75
,24,54,,215333,Duvan Zapata,sep,240008,80
,24,54,,241095,Nikola Vlasic,sep,240008,75
,24,111974,,235842,Andrea Pinamonti,sep,240008,75
,24,111974,,243593,Armand Lauriente,sep,240008,76
,24,54,,243241,Alessandro Buongiorno,sep,240008,45
,24,54,,211408,Karol Linetty,sep,240008,61
,24,54,,228349,Mergim Vojvoda,sep,240008,52
,24,54,,213242,Adrien Tameze,sep,240008,63
,24,111974,,210935,Domenico Berardi,sep,240008,82
,24,54,,247229,Raoul Bellanova,sep,240008,30
,24,111974,,242725,Kristian Thorstvedt,sep,240008,71
,24,110373,,262083,Agustin Martegani,sep,240009,68
,24,111974,,163489,Andrea Consigli,sep,240009,79
,24,111974,,242725,Kristian Thorstvedt,sep,240009,71
,24,110373,,140233,Guillermo Ochoa,sep,240009,81
,24,110373,,239679,Pasquale Mazzocchi,sep,240009,60
,24,111974,,253290,Matias Vina,sep,240009,61
,24,111974,,210935,Domenico Berardi,sep,240009,82
,24,111974,,243593,Armand Lauriente,sep,240009,76
,24,111974,,243200,Samuele Mulattieri,sep,240009,68
,24,110373,,246242,Boulaye Dia,sep,240009,80
,24,111974,,265761,Cristian Volpato,sep,240009,63
,24,111974,,235842,Andrea Pinamonti,sep,240009,75
,24,111974,,224808,Gian Marco Ferrari,sep,240009,27
,24,110373,,230107,Lassana Coulibaly,sep,240009,57
,24,111974,,202851,Gregoire Defrel,sep,240009,73
,24,110373,,264880,Loum Tchaouna,sep,240009,62
,24,111974,,268462,Daniel Boloca,sep,240009,57
,24,111974,,210617,Samu Castillejo,sep,240009,66
,24,110373,,277832,Chukwubuikem Ikwuemesi,sep,240009,68
,24,110556,,225652,George Puscas,sep,240009,67
,24,206,,215363,Lorenzo Montipo,sep,240009,77
,24,110556,,189712,Kevin Strootman,sep,240009,66
,24,206,,246457,Cyril Ngonge,sep,240009,70
,24,110556,,243311,Josep Martinez,sep,240009,72
,24,206,,260697,Isak Hien,sep,240009,36
,24,206,,192840,Milan Duric,sep,240009,70
,24,206,,271579,Filippo Terracciano,sep,240009,60
,24,110556,,201144,Milan Badelj,sep,240009,61
,24,110556,,244349,Johan Vasquez,sep,240009,31
,24,110556,,206159,Stefano Sabelli,sep,240009,38
,24,110556,,210384,Ridgeciano Haps,sep,240009,61
,24,206,,255233,Tomas Suslov,sep,240009,65
,24,110556,,260105,Radu Dragusin,sep,240009,37
,24,110556,,265774,Koni De Winter,sep,240009,38
,24,110556,,239795,Caleb Ekuban,sep,240009,66
,24,206,,268683,Michael Folorunsho,sep,240009,68
,24,110556,,242633,Morten Frendrup,sep,240009,54
,24,206,,268679,Bruno Amione,sep,240009,35
,24,110556,,238004,Albert Gudmundsson,sep,240009,73
,24,347,,201858,Nicola Sansone,sep,240009,71
,24,47,,215698,Mike Maignan,sep,240009,87
,24,347,,248385,Roberto Piccoli,sep,240009,67
,24,347,,243787,Ylber Ramadani,sep,240009,56
,24,47,,232656,Theo Hernandez,sep,240009,70
,24,347,,210676,Wladimiro Falcone,sep,240009,76
,24,347,,271197,Lameck Banda,sep,240009,64
,24,347,,222982,Alexis Blin,sep,240009,52
,24,47,,242530,Noah Okafor,sep,240009,73
,24,47,,252060,Tommaso Pobega,sep,240009,75
,24,47,,246172,Samuel Chukwueze,sep,240009,75
,24,347,,235949,Gabriel Strefezza,sep,240009,66
,24,347,,277839,Nikola Krstovic,sep,240009,73
,24,47,,240638,Tijjani Reijnders,sep,240009,73
,24,47,,178509,Olivier Giroud,sep,240009,83
,24,347,,251790,Hamza Rafia,sep,240009,63
,24,45,,272379,Samuel Iling Junior,sep,240009,59
,24,1842,,220048,Simone Scuffet,sep,240009,71
,24,1842,,269276,Gaetano Oristanio,sep,240009,63
,24,45,,186153,Wojciech Szczesny,sep,240009,86
,24,45,,266872,Federico Gatti,sep,240009,35
,24,1842,,237586,Alberto Dossena,sep,240009,32
,24,45,,211320,Daniele Rugani,sep,240009,40
,24,45,,246430,Dusan Vlahovic,sep,240009,84
,24,45,,239580,Bremer,sep,240009,49
,24,45,,235805,Federico Chiesa,sep,240009,81
,24,1842,,173160,Nicolas Viola,sep,240009,69
,24,45,,258966,Andrea Cambiaso,sep,240009,53
,24,45,,238744,Weston McKennie,sep,240009,71
,24,1842,,215689,Andrea Petagna,sep,240009,74
,24,45,,236610,Moise Kean,sep,240009,75
,24,45,,268802,Fabio Miretti,sep,240009,60
,24,1842,,272725,Matteo Prati,sep,240009,60
,24,1842,,252964,Gabriele Zappa,sep,240009,52
,24,111811,,253213,Georgios Kyriakopoulos,sep,240009,48
,24,54,,224836,Vanja Milinkovic-Savic,sep,240009,76
,24,111811,,272602,Valentin Carboni,sep,240009,48
,24,54,,215333,Duvan Zapata,sep,240009,80
,24,111811,,235840,Michele Di Gregorio,sep,240009,79
,24,54,,219932,Antonio Sanabria,sep,240009,75
,24,54,,258683,Ivan Ilic,sep,240009,71
,24,111811,,251988,Andrea Colpani,sep,240009,63
,24,111811,,257353,Warren Bondo,sep,240009,54
,24,111811,,212153,Roberto Gagliardini,sep,240009,62
,24,111811,,198946,Danilo D'Ambrosio,sep,240009,55
,24,111811,,256899,Lorenzo Colombo,sep,240009,73
,24,54,,241095,Nikola Vlasic,sep,240009,75
,24,48,,211515,Pierluigi Gollini,sep,240009,23
,24,1746,,189296,Etrit Berisha,sep,240009,71
,24,1746,,228698,Viktor Kovalenko,sep,240009,69
,24,48,,247635,Khvicha Kvaratskhelia,sep,240009,78
,24,48,,245741,Jesper Lindstrom,sep,240009,71
,24,1746,,220491,Emmanuel Gyasi,sep,240009,61
,24,1746,,189053,Francesco Caputo,sep,240009,77
,24,48,,227236,Frank Anguissa,sep,240009,66
,24,1746,,263929,Matteo Cancellieri,sep,240009,69
,24,1746,,242429,Liberato Cacace,sep,240009,61
,24,48,,216409,Matteo Politano,sep,240009,77
,24,48,,241390,Eljif Elmas,sep,240009,71
,24,48,,253002,Giacomo Raspadori,sep,240009,77
,24,1746,,268703,Nicolo Cambiaghi,sep,240009,72
,24,1746,,244874,Filippo Ranocchia,sep,240009,59
,24,48,,216816,Giovanni Simeone,sep,240009,79
,24,48,,244263,Amir Rrahmani,sep,240009,50
,24,189,,244601,Sydney van Hooijdonk,sep,240009,74
,24,110374,,205812,Pietro Terracciano,sep,240009,79
,24,189,,257980,Dan Ndoye,sep,240009,64
,24,110374,,234612,Jonathan Ikone,sep,240009,66
,24,189,,189908,Lukasz Skorupski,sep,240009,77
,24,189,,242280,Lewis Ferguson,sep,240009,73
,24,110374,,240690,Nicolas Gonzalez,sep,240009,75
,24,189,,250961,Joshua Zirkzee,sep,240009,73
,24,189,,202024,Remo Freuler,sep,240009,68
,24,189,,242664,Alexis Saelemaekers,sep,240009,66
,24,110374,,258976,Fabiano Parisi,sep,240009,66
,24,110374,,201389,Cristiano Biraghi,sep,240009,67
,24,189,,233556,Riccardo Orsolini,sep,240009,74
,24,110374,,189125,Giacomo Bonaventura,sep,240009,77
,24,110374,,208535,Alfred Duncan,sep,240009,63
,24,110374,,235866,Christian Kouame,sep,240009,71
,24,39,,230899,Ademola Lookman,sep,240009,80
,24,55,,190745,Marco Silvestri,sep,240009,79
,24,39,,266866,Ederson,sep,240009,65
,24,39,,226710,Gianluca Scamacca,sep,240009,78
,24,55,,223866,Sandi Lovric,sep,240009,62
,24,39,,252154,Marco Carnesecchi,sep,240009,79
,24,55,,193061,Roberto Pereyra,sep,240009,74
,24,39,,239368,Mitchel Bakker,sep,240009,53
,24,55,,240970,Martin Payero,sep,240009,62
,24,55,,259634,Jordan Zemura,sep,240009,37
,24,39,,214092,Aleksey Miranchuk,sep,240009,70
,24,55,,222844,Walace,sep,240009,66
,24,55,,256115,Lazar Samardzic,sep,240009,69
,24,55,,222634,Isaac Success,sep,240009,70
,24,39,,207993,Sead Kolasinac,sep,240009,61
,24,55,,244238,Jaka Bijol,sep,240009,58
,24,46,,192387,Ciro Immobile,sep,240009,87
,24,52,,178005,Rui Patricio,sep,240009,81
,24,46,,219985,Matias Vecino,sep,240009,72
,24,46,,198706,Luis Alberto,sep,240009,76
,24,52,,207439,Leandro Paredes,sep,240009,64
,24,46,,224987,Ivan Provedel,sep,240009,82
,24,52,,192505,Romelu Lukaku,sep,240009,83
,24,52,,211110,Paulo Dybala,sep,240009,85
,24,46,,236496,Matteo Guendouzi,sep,240009,67
,24,46,,210413,Alessio Romagnoli,sep,240009,39
,24,52,,222558,Rick Karsdorp,sep,240009,62
,24,44,,239807,Davide Frattesi,sep,240009,70
,24,111657,,254502,Stefano Turati,sep,240009,72
,24,44,,231478,Lautaro Martinez,sep,240009,85
,24,44,,224232,Nicolo Barella,sep,240009,77
,24,44,,229857,Stefano Sensi,sep,240009,62
,24,44,,199845,Francesco Acerbi,sep,240009,50
,24,111657,,268511,Walid Cheddira,sep,240009,69
,24,44,,177683,Yann Sommer,sep,240009,84
,24,111657,,266236,Arijon Ibrahimovic,sep,240009,61
,24,111657,,236308,Riccardo Marchizza,sep,240009,28
,24,44,,208128,Hakan Calhanoglu,sep,240009,79
,24,44,,184392,Matteo Darmian,sep,240009,57
,24,44,,233096,Denzel Dumfries,sep,240009,60
,24,111657,,254544,Reinier,sep,240009,67
,24,111657,,265695,Matias Soule,sep,240009,64
,24,44,,226268,Federico Dimarco,sep,240009,71
,24,111657,,270502,Anthony Oyono,sep,240009,34
,24,44,,228093,Marcus Thuram,sep,240009,77
,24,111657,,246871,Enzo Barrenechea,sep,240009,62
,24,111657,,221331,Luca Mazzitelli,sep,240009,62
,24,46,,210864,Elseid Hysaj,sep,240013,49
,24,110373,,158121,Benoit Costil,sep,240013,73
,24,46,,237712,Valentin Castellanos,sep,240013,78
,24,110373,,236368,Giulio Maggiore,sep,240013,59
,24,46,,224987,Ivan Provedel,sep,240013,82
,24,46,,248729,Gustav Isaksen,sep,240013,69
,24,110373,,173221,Antonio Candreva,sep,240013,78
,24,46,,232730,Daichi Kamada,sep,240013,71
,24,46,,220502,Mattia Zaccagni,sep,240013,76
,24,110373,,237335,Grigoris Kastanos,sep,240013,63
,24,46,,236496,Matteo Guendouzi,sep,240013,67
,24,46,,235374,Manuel Lazzari,sep,240013,60
,24,46,,192387,Ciro Immobile,sep,240013,87
,24,110373,,257368,Lorenzo Pirola,sep,240013,42
,24,46,,201995,Felipe Anderson,sep,240013,78
,24,46,,268804,Mario Gila,sep,240013,39
,24,110373,,234894,Emil Bohinen,sep,240013,61
,24,110373,,252017,Flavius Daniliuc,sep,240013,41
,24,39,,199110,Luis Muriel,sep,240013,80
,24,48,,211515,Pierluigi Gollini,sep,240013,76
,24,48,,241390,Eljif Elmas,sep,240013,71
,24,39,,252154,Marco Carnesecchi,sep,240013,79
,24,39,,220093,Hans Hateboer,sep,240013,62
,24,39,,251470,Charles De Ketelaere,sep,240013,72
,24,39,,240679,Teun Koopmeiners,sep,240013,74
,24,48,,232293,Victor Osimhen,sep,240013,85
,24,39,,223273,Mario Pasalic,sep,240013,77
,24,39,,266866,Ederson,sep,240013,66
,24,39,,230899,Ademola Lookman,sep,240013,80
,24,48,,253002,Giacomo Raspadori,sep,240013,77
,24,39,,259584,Matteo Ruggeri,sep,240013,48
,24,48,,227236,Frank Anguissa,sep,240013,66
,24,48,,216409,Matteo Politano,sep,240013,77
,24,48,,217870,Giovanni Di Lorenzo,sep,240013,66
,24,48,,210406,Piotr Zielinski,sep,240013,76
,24,48,,247635,Khvicha Kvaratskhelia,sep,240013,78
,24,48,,240716,Mathias Olivera,sep,240013,48
,24,110374,,225439,Rolando Mandragora,sep,240013,66
,24,47,,215698,Mike Maignan,sep,240013,87
,24,110374,,240690,Nicolas Gonzalez,sep,240013,75
,24,110374,,235866,Christian Kouame,sep,240013,71
,24,110374,,224030,Maxime Lopez,sep,240013,70
,24,110374,,240452,M'bala Nzola,sep,240013,73
,24,110374,,246431,Riccardo Sottil,sep,240013,65
,24,47,,232432,Luka Jovic,sep,240013,76
,24,110374,,205812,Pietro Terracciano,sep,240013,79
,24,110374,,189125,Giacomo Bonaventura,sep,240013,77
,24,110374,,258976,Fabiano Parisi,sep,240013,66
,24,110374,,201389,Cristiano Biraghi,sep,240013,67
,24,47,,246172,Samuel Chukwueze,sep,240013,75
,24,47,,232656,Theo Hernandez,sep,240013,70
,24,47,,252060,Tommaso Pobega,sep,240013,75
,24,47,,228881,Davide Calabria,sep,240013,57
,24,47,,227796,Christian Pulisic,sep,240013,71
,24,110374,,208535,Alfred Duncan,sep,240013,63
,24,1842,,272725,Matteo Prati,sep,240013,61
,24,111811,,235840,Michele Di Gregorio,sep,240013,79
,24,1842,,229150,Pantelis Hatzidiakos,sep,240013,53
,24,1842,,211302,Gianluca Lapadula,sep,240013,73
,24,111811,,272602,Valentin Carboni,sep,240013,48
,24,1842,,220048,Simone Scuffet,sep,240013,71
,24,111811,,212153,Roberto Gagliardini,sep,240013,62
,24,111811,,258027,Mirko Maric,sep,240013,69
,24,111811,,219812,Patrick Ciurria,sep,240013,73
,24,1842,,215689,Andrea Petagna,sep,240013,73
,24,111811,,251988,Andrea Colpani,sep,240013,63
,24,111811,,234147,Dany Mota,sep,240013,72
,24,1842,,173160,Nicolas Viola,sep,240013,69
,24,1842,,259011,Zito Luvumbo,sep,240013,65
,24,111811,,237003,Samuele Birindelli,sep,240013,51
,24,1842,,223524,Edoardo Goldaniga,sep,240013,33
,24,1842,,237586,Alberto Dossena,sep,240013,32
,24,111811,,198946,Danilo D'Ambrosio,sep,240013,55
,24,111974,,237640,Nedim Bajrami,sep,240013,66
,24,1746,,189296,Etrit Berisha,sep,240013,71
,24,111974,,210935,Domenico Berardi,sep,240013,82
,24,1746,,253290,Matias Vina,sep,240013,61
,24,111974,,163489,Andrea Consigli,sep,240013,79
,24,1746,,228698,Viktor Kovalenko,sep,240013,69
,24,1746,,220491,Emmanuel Gyasi,sep,240013,61
,24,1746,,220534,Sebastiano Luperto,sep,240013,57
,24,111974,,235842,Andrea Pinamonti,sep,240013,75
,24,111974,,263785,Ruan,sep,240013,28
,24,1746,,263929,Matteo Cancellieri,sep,240013,69
,24,111974,,254487,Matheus Henrique,sep,240013,59
,24,1746,,189053,Francesco Caputo,sep,240013,76
,24,1746,,268703,Nicolo Cambiaghi,sep,240013,72
,24,1746,,244874,Filippo Ranocchia,sep,240013,59
,24,1746,,266596,Jacopo Fazzini,sep,240013,50
,24,111974,,242725,Kristian Thorstvedt,sep,240013,70
,24,111657,,270064,Ilario Monterisi,sep,240013,30
,24,110556,,243311,Josep Martinez,sep,240013,72
,24,110556,,219127,Pablo Galdames,sep,240013,59
,24,111657,,254502,Stefano Turati,sep,240013,73
,24,111657,,246871,Enzo Barrenechea,sep,240013,62
,24,111657,,265695,Matias Soule,sep,240013,64
,24,111657,,236308,Riccardo Marchizza,sep,240013,31
,24,110556,,231969,Ruslan Malinovskyi,sep,240013,79
,24,110556,,222475,Morten Thorsby,sep,240013,61
,24,110556,,225652,George Puscas,sep,240013,67
,24,110556,,206159,Stefano Sabelli,sep,240013,38
,24,111657,,266236,Arijon Ibrahimovic,sep,240013,61
,24,110556,,260105,Radu Dragusin,sep,240013,37
,24,111657,,198220,Mehdi Bourabia,sep,240013,59
,24,110556,,242633,Morten Frendrup,sep,240013,54
,24,55,,223866,Sandi Lovric,sep,240013,62
,24,52,,178005,Rui Patricio,sep,240013,81
,24,52,,190813,Stephan El Shaarawy,sep,240013,75
,24,55,,190745,Marco Silvestri,sep,240013,79
,24,52,,208268,Bryan Cristante,sep,240013,72
,24,52,,211110,Paulo Dybala,sep,240013,85
,24,55,,204970,Florian Thauvin,sep,240013,74
,24,55,,222844,Walace,sep,240013,66
,24,52,,192505,Romelu Lukaku,sep,240013,83
,24,52,,202884,Leonardo Spinazzola,sep,240013,63
,24,52,,228251,Lorenzo Pellegrini,sep,240013,76
,24,52,,229582,Gianluca Mancini,sep,240013,44
,24,55,,222634,Isaac Success,sep,240013,70
,24,55,,244238,Jaka Bijol,sep,240013,58
,24,44,,228093,Marcus Thuram,sep,240013,77
,24,45,,186153,Wojciech Szczesny,sep,240013,86
,24,45,,266872,Federico Gatti,sep,240013,35
,24,44,,177683,Yann Sommer,sep,240013,84
,24,44,,231478,Lautaro Martinez,sep,240013,85
,24,44,,224232,Nicolo Barella,sep,240013,77
,24,45,,246430,Dusan Vlahovic,sep,240013,84
,24,44,,208128,Hakan Calhanoglu,sep,240013,79
,24,45,,235805,Federico Chiesa,sep,240013,81
,24,45,,258966,Andrea Cambiaso,sep,240013,53
,24,347,,268573,Federico Baschirotto,sep,240013,52
,24,206,,215363,Lorenzo Montipo,sep,240013,77
,24,206,,246457,Cyril Ngonge,sep,240013,70
,24,347,,210676,Wladimiro Falcone,sep,240013,76
,24,206,,212127,Darko Lazovic,sep,240013,71
,24,206,,268683,Michael Folorunsho,sep,240013,68
,24,206,,222148,Ondrej Duda,sep,240013,71
,24,206,,192840,Milan Duric,sep,240013,70
,24,347,,271196,Joan Gonzalez,sep,240013,59
,24,206,,268679,Bruno Amione,sep,240013,35
,24,206,,255233,Tomas Suslov,sep,240013,65
,24,206,,239441,Jordi Mboula,sep,240013,69
,24,347,,271197,Lameck Banda,sep,240013,64
,24,347,,233265,Remi Oudin,sep,240013,70
,24,347,,201858,Nicola Sansone,sep,240013,71
,24,347,,277432,Patrick Dorgu,sep,240013,49
,24,54,,273932,Gvidas Gineitis,sep,240013,53
,24,189,,189908,Lukasz Skorupski,sep,240013,77
,24,189,,250961,Joshua Zirkzee,sep,240013,73
,24,54,,266333,Luca Gemello,sep,240013,64
,24,54,,258683,Ivan Ilic,sep,240013,71
,24,189,,257980,Dan Ndoye,sep,240013,64
,24,189,,242664,Alexis Saelemaekers,sep,240013,66
,24,189,,223671,Stefan Posch,sep,240013,28
,24,189,,271019,Giovanni Fabbian,sep,240013,62
,24,189,,262394,Sam Beukema,sep,240013,54
,24,54,,219932,Antonio Sanabria,sep,240013,75
,24,54,,243241,Alessandro Buongiorno,sep,240013,45
,24,54,,215333,Duvan Zapata,sep,240013,80
,24,111811,,272602,Valentin Carboni,sep,240014,48
,24,45,,186153,Wojciech Szczesny,sep,240014,86
,24,45,,266872,Federico Gatti,sep,240014,35
,24,111811,,235840,Michele Di Gregorio,sep,240014,79
,24,111811,,212153,Roberto Gagliardini,sep,240014,62
,24,111811,,256899,Lorenzo Colombo,sep,240014,73
,24,45,,238744,Weston McKennie,sep,240014,71
,24,111811,,234147,Dany Mota,sep,240014,72
,24,111811,,198946,Danilo D'Ambrosio,sep,240014,55
,24,111811,,239613,Matteo Pessina,sep,240014,69
,24,45,,246430,Dusan Vlahovic,sep,240014,84
,24,45,,253162,Hans Nicolussi Caviglia,sep,240014,52
,24,45,,235805,Federico Chiesa,sep,240014,81
,24,111811,,206654,Pablo Mari,sep,240014,40
,24,45,,210008,Adrien Rabiot,sep,240014,75
,24,45,,208574,Filip Kostic,sep,240014,75
,24,45,,191043,Alex Sandro,sep,240014,64
,24,111811,,251988,Andrea Colpani,sep,240014,63
,24,110556,,241850,Mateo Retegui,sep,240014,76
,24,1746,,189296,Etrit Berisha,sep,240014,71
,24,110556,,278350,Seydou Fini,sep,240014,51
,24,110556,,259675,Berkan Kutlu,sep,240014,59
,24,1746,,268703,Nicolo Cambiaghi,sep,240014,72
,24,110556,,243311,Josep Martinez,sep,240014,72
,24,1746,,263929,Matteo Cancellieri,sep,240014,69
,24,110556,,245566,Alessandro Vogliacco,sep,240014,35
,24,110556,,231969,Ruslan Malinovskyi,sep,240014,79
,24,1746,,244874,Filippo Ranocchia,sep,240014,59
,24,1746,,220534,Sebastiano Luperto,sep,240014,57
,24,110556,,242633,Morten Frendrup,sep,240014,54
,24,110556,,244349,Johan Vasquez,sep,240014,31
,24,110556,,201144,Milan Badelj,sep,240014,61
,24,110556,,240938,Junior Messias,sep,240014,72
,24,1746,,255611,Daniel Maldini,sep,240014,60
,24,110556,,206159,Stefano Sabelli,sep,240014,38
,24,1842,,269276,Gaetano Oristanio,sep,240014,64
,24,46,,224987,Ivan Provedel,sep,240014,82
,24,46,,237712,Valentin Castellanos,sep,240014,78
,24,1842,,220048,Simone Scuffet,sep,240014,71
,24,1842,,205850,Leonardo Pavoletti,sep,240014,67
,24,1842,,259011,Zito Luvumbo,sep,240014,65
,24,1842,,272725,Matteo Prati,sep,240014,61
,24,46,,192387,Ciro Immobile,sep,240014,87
,24,1842,,222388,Paulo Azzi,sep,240014,64
,24,46,,211361,Danilo Cataldi,sep,240014,71
,24,46,,248729,Gustav Isaksen,sep,240014,69
,24,46,,189505,Pedro,sep,240014,72
,24,1842,,215689,Andrea Petagna,sep,240014,73
,24,1842,,211302,Gianluca Lapadula,sep,240014,73
,24,46,,198706,Luis Alberto,sep,240014,76
,24,1842,,173160,Nicolas Viola,sep,240014,69
,24,111657,,265695,Matias Soule,sep,240014,64
,24,47,,215698,Mike Maignan,sep,240014,87
,24,111657,,257785,Marco Brescianini,sep,240014,46
,24,47,,232756,Fikayo Tomori,sep,240014,39
,24,111657,,254502,Stefano Turati,sep,240014,73
,24,111657,,198857,Simone Romagnoli,sep,240014,39
,24,111657,,264467,Marvin Cuni,sep,240014,63
,24,47,,253177,Yunus Musah,sep,240014,67
,24,47,,227796,Christian Pulisic,sep,240014,71
,24,47,,246172,Samuel Chukwueze,sep,240014,75
,24,47,,232432,Luka Jovic,sep,240014,76
,24,111657,,266236,Arijon Ibrahimovic,sep,240014,61
,24,111657,,270502,Anthony Oyono,sep,240014,36
,24,47,,240638,Tijjani Reijnders,sep,240014,73
,24,47,,203551,Alessandro Florenzi,sep,240014,76
,24,111657,,254544,Reinier,sep,240014,67
,24,111657,,261281,Caleb Okoli,sep,240014,30
,24,111657,,246871,Enzo Barrenechea,sep,240014,62
,24,347,,248385,Roberto Piccoli,sep,240014,67
,24,189,,189908,Lukasz Skorupski,sep,240014,77
,24,347,,201858,Nicola Sansone,sep,240014,71
,24,189,,254819,Kacper Urbanski,sep,240014,51
,24,347,,210676,Wladimiro Falcone,sep,240014,76
,24,347,,222982,Alexis Blin,sep,240014,52
,24,347,,251790,Hamza Rafia,sep,240014,63
,24,347,,245863,Valentin Gendrey,sep,240014,32
,24,189,,242280,Lewis Ferguson,sep,240014,73
,24,189,,257980,Dan Ndoye,sep,240014,64
,24,189,,210381,Charalampos Lykogiannis,sep,240014,67
,24,347,,243787,Ylber Ramadani,sep,240014,56
,24,189,,244601,Sydney van Hooijdonk,sep,240014,74
,24,189,,223671,Stefan Posch,sep,240014,28
,24,347,,271197,Lameck Banda,sep,240014,64
,24,347,,271196,Joan Gonzalez,sep,240014,59
,24,347,,277839,Nikola Krstovic,sep,240014,74
,24,347,,233265,Remi Oudin,sep,240014,70
,24,347,,277432,Patrick Dorgu,sep,240014,49
,24,110374,,234711,Josip Brekalo,sep,240014,73
,24,110373,,158121,Benoit Costil,sep,240014,73
,24,110374,,240452,M'bala Nzola,sep,240014,73
,24,110373,,252000,Domagoj Bradaric,sep,240014,53
,24,110374,,205812,Pietro Terracciano,sep,240014,79
,24,110373,,277832,Chukwubuikem Ikwuemesi,sep,240014,68
,24,110373,,264880,Loum Tchaouna,sep,240014,62
,24,110373,,173221,Antonio Candreva,sep,240014,78
,24,110373,,246242,Boulaye Dia,sep,240014,80
,24,110374,,189125,Giacomo Bonaventura,sep,240014,77
,24,110374,,234612,Jonathan Ikone,sep,240014,66
,24,110374,,246431,Riccardo Sottil,sep,240014,65
,24,110374,,230658,Arthur,sep,240014,65
,24,110374,,246258,Lucas Beltran,sep,240014,75
,24,110374,,201389,Cristiano Biraghi,sep,240014,67
,24,110374,,208535,Alfred Duncan,sep,240014,63
,24,206,,231835,Thomas Henry,sep,240014,73
,24,55,,190745,Marco Silvestri,sep,240014,79
,24,55,,223866,Sandi Lovric,sep,240014,62
,24,206,,215363,Lorenzo Montipo,sep,240014,77
,24,206,,268683,Michael Folorunsho,sep,240014,68
,24,206,,222148,Ondrej Duda,sep,240014,71
,24,55,,256115,Lazar Samardzic,sep,240014,69
,24,55,,204970,Florian Thauvin,sep,240014,74
,24,55,,268474,Lorenzo Lucca,sep,240014,71
,24,55,,193061,Roberto Pereyra,sep,240014,74
,24,55,,190324,Christian Kabasele,sep,240014,50
,24,206,,246457,Cyril Ngonge,sep,240014,70
,24,206,,268679,Bruno Amione,sep,240014,35
,24,206,,255233,Tomas Suslov,sep,240014,65
,24,206,,192840,Milan Duric,sep,240014,70
,24,206,,271579,Filippo Terracciano,sep,240014,60
,24,206,,269181,Diego Coppola,sep,240014,39
,24,52,,228251,Lorenzo Pellegrini,sep,240014,76
,24,111974,,163489,Andrea Consigli,sep,240014,79
,24,52,,190813,Stephan El Shaarawy,sep,240014,75
,24,111974,,214622,Jeremy Toljan,sep,240014,41
,24,52,,178005,Rui Patricio,sep,240014,81
,24,111974,,244253,Uros Racic,sep,240014,72
,24,52,,233301,Rasmus Kristensen,sep,240014,66
,24,52,,211110,Paulo Dybala,sep,240014,85
,24,52,,208268,Bryan Cristante,sep,240014,72
,24,52,,213955,Sardar Azmoun,sep,240014,74
,24,52,,192505,Romelu Lukaku,sep,240014,83
,24,52,,222558,Rick Karsdorp,sep,240014,62
,24,111974,,242725,Kristian Thorstvedt,sep,240014,70
,24,52,,229582,Gianluca Mancini,sep,240014,44
,24,52,,202884,Leonardo Spinazzola,sep,240014,63
,24,111974,,254487,Matheus Henrique,sep,240014,59
,24,111974,,210935,Domenico Berardi,sep,240014,82
,24,111974,,235842,Andrea Pinamonti,sep,240014,75
,24,52,,207439,Leandro Paredes,sep,240014,64
,24,48,,245741,Jesper Lindstrom,sep,240014,71
,24,44,,177683,Yann Sommer,sep,240014,84
,24,48,,253002,Giacomo Raspadori,sep,240014,77
,24,44,,228093,Marcus Thuram,sep,240014,77
,24,48,,225116,Alex Meret,sep,240014,83
,24,48,,247635,Khvicha Kvaratskhelia,sep,240014,78
,24,48,,244263,Amir Rrahmani,sep,240014,50
,24,44,,224232,Nicolo Barella,sep,240014,77
,24,48,,232293,Victor Osimhen,sep,240014,85
,24,44,,231478,Lautaro Martinez,sep,240014,85
,24,44,,192883,Henrikh Mkhitaryan,sep,240014,78
,24,48,,217870,Giovanni Di Lorenzo,sep,240014,66
,24,44,,208128,Hakan Calhanoglu,sep,240014,79
,24,48,,216409,Matteo Politano,sep,240014,77
,24,44,,226268,Federico Dimarco,sep,240014,71
,24,48,,241390,Eljif Elmas,sep,240014,71
,24,54,,215333,Duvan Zapata,sep,240014,80
,24,39,,214979,Juan Musso,sep,240014,79
,24,39,,199110,Luis Muriel,sep,240014,80
,24,54,,224836,Vanja Milinkovic-Savic,sep,240014,76
,24,39,,214092,Aleksey Miranchuk,sep,240014,70
,24,39,,240679,Teun Koopmeiners,sep,240014,74
,24,39,,223273,Mario Pasalic,sep,240014,77
,24,54,,258683,Ivan Ilic,sep,240014,71
,24,54,,247229,Raoul Bellanova,sep,240014,30
,24,54,,219932,Antonio Sanabria,sep,240014,75
,24,39,,259584,Matteo Ruggeri,sep,240014,48
,24,39,,220093,Hans Hateboer,sep,240014,62
,24,54,,213242,Adrien Tameze,sep,240014,63
,24,39,,251470,Charles De Ketelaere,sep,240014,72
,24,39,,266866,Ederson,sep,240014,66
,24,54,,241095,Nikola Vlasic,sep,240014,75
,24,54,,228349,Mergim Vojvoda,sep,240014,52
,24,48,,216816,Giovanni Simeone,sep,240015,79
,24,45,,186153,Wojciech Szczesny,sep,240015,86
,24,48,,253002,Giacomo Raspadori,sep,240015,77
,24,48,,217870,Giovanni Di Lorenzo,sep,240015,66
,24,48,,200752,Juan Jesus,sep,240015,31
,24,48,,247635,Khvicha Kvaratskhelia,sep,240015,78
,24,45,,205175,Arkadiusz Milik,sep,240015,82
,24,48,,225116,Alex Meret,sep,240015,83
,24,45,,235805,Federico Chiesa,sep,240015,81
,24,45,,222077,Manuel Locatelli,sep,240015,70
,24,45,,210008,Adrien Rabiot,sep,240015,75
,24,48,,227236,Frank Anguissa,sep,240015,66
,24,48,,216409,Matteo Politano,sep,240015,77
,24,48,,216435,Stanislav Lobotka,sep,240015,68
,24,45,,266872,Federico Gatti,sep,240015,35
,24,48,,210406,Piotr Zielinski,sep,240015,76
,24,45,,246430,Dusan Vlahovic,sep,240015,84
,24,45,,238744,Weston McKennie,sep,240015,71
,24,45,,258966,Andrea Cambiaso,sep,240015,53
,24,48,,244263,Amir Rrahmani,sep,240015,50
,24,46,,189505,Pedro,sep,240015,72
,24,206,,215363,Lorenzo Montipo,sep,240015,77
,24,46,,268804,Mario Gila,sep,240015,39
,24,46,,219985,Matias Vecino,sep,240015,72
,24,46,,201995,Felipe Anderson,sep,240015,78
,24,46,,198706,Luis Alberto,sep,240015,76
,24,46,,237712,Valentin Castellanos,sep,240015,78
,24,206,,231835,Thomas Henry,sep,240015,73
,24,46,,224987,Ivan Provedel,sep,240015,82
,24,206,,255233,Tomas Suslov,sep,240015,65
,24,46,,192387,Ciro Immobile,sep,240015,87
,24,206,,222148,Ondrej Duda,sep,240015,71
,24,206,,268683,Michael Folorunsho,sep,240015,68
,24,206,,246457,Cyril Ngonge,sep,240015,70
,24,46,,220502,Mattia Zaccagni,sep,240015,76
,24,46,,236496,Matteo Guendouzi,sep,240015,67
,24,47,,232756,Fikayo Tomori,sep,240015,39
,24,39,,214979,Juan Musso,sep,240015,79
,24,39,,199110,Luis Muriel,sep,240015,80
,24,47,,215698,Mike Maignan,sep,240015,87
,24,47,,227796,Christian Pulisic,sep,240015,71
,24,47,,232432,Luka Jovic,sep,240015,76
,24,39,,230899,Ademola Lookman,sep,240015,80
,24,39,,265188,Giorgio Scalvini,sep,240015,31
,24,39,,216150,Davide Zappacosta,sep,240015,67
,24,39,,208461,Marten de Roon,sep,240015,69
,24,39,,208165,Berat Djimsiti,sep,240015,37
,24,39,,251470,Charles De Ketelaere,sep,240015,72
,24,39,,240679,Teun Koopmeiners,sep,240015,74
,24,39,,223273,Mario Pasalic,sep,240015,77
,24,47,,178509,Olivier Giroud,sep,240015,83
,24,47,,232656,Theo Hernandez,sep,240015,70
,24,47,,228881,Davide Calabria,sep,240015,57
,24,47,,240638,Tijjani Reijnders,sep,240015,73
,24,55,,225669,Kingsley Ehizibue,sep,240015,55
,24,44,,177683,Yann Sommer,sep,240015,84
,24,44,,231478,Lautaro Martinez,sep,240015,85
,24,55,,190745,Marco Silvestri,sep,240015,79
,24,55,,223866,Sandi Lovric,sep,240015,62
,24,55,,244206,Nehuen Perez,sep,240015,25
,24,44,,258648,Carlos Augusto,sep,240015,71
,24,55,,240970,Martin Payero,sep,240015,62
,24,55,,268474,Lorenzo Lucca,sep,240015,71
,24,55,,222844,Walace,sep,240015,66
,24,55,,256115,Lazar Samardzic,sep,240015,69
,24,44,,228093,Marcus Thuram,sep,240015,78
,24,44,,226268,Federico Dimarco,sep,240015,74
,24,44,,208128,Hakan Calhanoglu,sep,240015,79
,24,44,,192883,Henrikh Mkhitaryan,sep,240015,78
,24,55,,193061,Roberto Pereyra,sep,240015,74
,24,44,,241736,Yann Bisseck,sep,240015,49
,24,54,,247229,Raoul Bellanova,sep,240015,30
,24,111657,,254502,Stefano Turati,sep,240015,73
,24,111657,,268511,Walid Cheddira,sep,240015,69
,24,54,,224836,Vanja Milinkovic-Savic,sep,240015,76
,24,54,,215333,Duvan Zapata,sep,240015,80
,24,54,,231826,Yann Karamoh,sep,240015,68
,24,54,,203884,Koffi Djidji,sep,240015,31
,24,54,,243241,Alessandro Buongiorno,sep,240015,45
,24,111657,,258788,Giuseppe Caso,sep,240015,67
,24,111657,,266236,Arijon Ibrahimovic,sep,240015,61
,24,111657,,212446,Luca Garritano,sep,240015,67
,24,54,,253473,Samuele Ricci,sep,240015,54
,24,111657,,260644,Kaio Jorge,sep,240015,70
,24,54,,258683,Ivan Ilic,sep,240015,71
,24,111657,,265695,Matias Soule,sep,240015,64
,24,54,,241095,Nikola Vlasic,sep,240015,75
,24,111657,,261281,Caleb Okoli,sep,240015,30
,24,110556,,239795,Caleb Ekuban,sep,240015,66
,24,111811,,235840,Michele Di Gregorio,sep,240015,79
,24,111811,,234147,Dany Mota,sep,240015,72
,24,110556,,243311,Josep Martinez,sep,240015,72
,24,110556,,260105,Radu Dragusin,sep,240015,37
,24,110556,,240938,Junior Messias,sep,240015,72
,24,110556,,241850,Mateo Retegui,sep,240015,76
,24,110556,,265774,Koni De Winter,sep,240015,38
,24,111811,,239613,Matteo Pessina,sep,240015,69
,24,110556,,244349,Johan Vasquez,sep,240015,31
,24,110556,,238004,Albert Gudmundsson,sep,240015,74
,24,110556,,201144,Milan Badelj,sep,240015,61
,24,111811,,251988,Andrea Colpani,sep,240015,68
,24,110556,,242633,Morten Frendrup,sep,240015,57
,24,111811,,272602,Valentin Carboni,sep,240015,48
,24,111811,,256899,Lorenzo Colombo,sep,240015,74
,24,110373,,219496,Simy,sep,240015,69
,24,189,,189908,Lukasz Skorupski,sep,240015,77
,24,110373,,257368,Lorenzo Pirola,sep,240015,42
,24,110373,,173221,Antonio Candreva,sep,240015,78
,24,189,,244270,Nikola Moro,sep,240015,70
,24,110373,,158121,Benoit Costil,sep,240015,73
,24,189,,242280,Lewis Ferguson,sep,240015,73
,24,110373,,277832,Chukwubuikem Ikwuemesi,sep,240015,68
,24,110373,,246242,Boulaye Dia,sep,240015,80
,24,189,,257980,Dan Ndoye,sep,240015,64
,24,189,,250961,Joshua Zirkzee,sep,240015,73
,24,110373,,252000,Domagoj Bradaric,sep,240015,53
,24,189,,223671,Stefan Posch,sep,240015,28
,24,110374,,208535,Alfred Duncan,sep,240015,63
,24,52,,178005,Rui Patricio,sep,240015,81
,24,110374,,230658,Arthur,sep,240015,65
,24,110374,,228708,Lucas Martinez Quarta,sep,240015,55
,24,110374,,240452,M'bala Nzola,sep,240015,73
,24,110374,,240690,Nicolas Gonzalez,sep,240015,75
,24,110374,,189125,Giacomo Bonaventura,sep,240015,77
,24,52,,207439,Leandro Paredes,sep,240015,64
,24,110374,,205812,Pietro Terracciano,sep,240015,79
,24,110374,,234612,Jonathan Ikone,sep,240015,66
,24,110374,,235866,Christian Kouame,sep,240015,71
,24,52,,213955,Sardar Azmoun,sep,240015,74
,24,110374,,201389,Cristiano Biraghi,sep,240015,67
,24,52,,211110,Paulo Dybala,sep,240015,85
,24,52,,192505,Romelu Lukaku,sep,240015,83
,24,1746,,220475,Alberto Grassi,sep,240015,62
,24,347,,210676,Wladimiro Falcone,sep,240015,76
,24,347,,277839,Nikola Krstovic,sep,240015,74
,24,1746,,189296,Etrit Berisha,sep,240015,71
,24,1746,,266596,Jacopo Fazzini,sep,240015,50
,24,1746,,220491,Emmanuel Gyasi,sep,240015,61
,24,347,,271197,Lameck Banda,sep,240015,64
,24,1746,,263929,Matteo Cancellieri,sep,240015,69
,24,1746,,220534,Sebastiano Luperto,sep,240015,57
,24,1746,,268703,Nicolo Cambiaghi,sep,240015,72
,24,1746,,235813,Razvan Marin,sep,240015,74
,24,1746,,251790,Hamza Rafia,sep,240015,63
,24,347,,243787,Ylber Ramadani,sep,240015,56
,24,347,,233265,Remi Oudin,sep,240015,70
,24,347,,248385,Roberto Piccoli,sep,240015,67
,24,347,,277432,Patrick Dorgu,sep,240015,49
,24,347,,271196,Joan Gonzalez,sep,240015,59
,24,347,,238370,Marin Pongracic,sep,240015,25
,24,1746,,225189,Simone Bastoni,sep,240015,56
,24,1842,,205850,Leonardo Pavoletti,sep,240015,67
,24,111974,,163489,Andrea Consigli,sep,240015,79
,24,1842,,172786,Marco Mancosu,sep,240015,73
,24,1842,,252964,Gabriele Zappa,sep,240015,52
,24,1842,,211302,Gianluca Lapadula,sep,240015,73
,24,1842,,259011,Zito Luvumbo,sep,240015,65
,24,1842,,272725,Matteo Prati,sep,240015,62
,24,1842,,269276,Gaetano Oristanio,sep,240015,64
,24,111974,,235842,Andrea Pinamonti,sep,240015,75
,24,1842,,220048,Simone Scuffet,sep,240015,71
,24,111974,,243593,Armand Lauriente,sep,240015,76
,24,1842,,223524,Edoardo Goldaniga,sep,240015,33
,24,111974,,244456,Martin Erlic,sep,240015,34
,24,111974,,253290,Matias Vina,sep,240015,61
,24,111974,,254487,Matheus Henrique,sep,240015,59
,24,45,,205175,Arkadiusz Milik,sep,240016,82
,24,110556,,243311,Josep Martinez,sep,240016,72
,24,45,,239580,Bremer,sep,240016,49
,24,110556,,239795,Caleb Ekuban,sep,240016,66
,24,45,,186153,Wojciech Szczesny,sep,240016,86
,24,45,,235805,Federico Chiesa,sep,240016,81
,24,110556,,224378,Mattia Bani,sep,240016,18
,24,110556,,231969,Ruslan Malinovskyi,sep,240016,79
,24,110556,,201144,Milan Badelj,sep,240016,61
,24,45,,246430,Dusan Vlahovic,sep,240016,84
,24,45,,238744,Weston McKennie,sep,240016,71
,24,110556,,238004,Albert Gudmundsson,sep,240016,74
,24,110556,,244349,Johan Vasquez,sep,240016,31
,24,110556,,265774,Koni De Winter,sep,240016,38
,24,110556,,240938,Junior Messias,sep,240016,72
,24,111657,,268511,Walid Cheddira,sep,240017,69
,24,347,,210676,Wladimiro Falcone,sep,240017,76
,24,347,,243787,Ylber Ramadani,sep,240017,56
,24,111657,,254502,Stefano Turati,sep,240017,73
,24,347,,248385,Roberto Piccoli,sep,240017,67
,24,347,,277839,Nikola Krstovic,sep,240017,74
,24,111657,,241937,Abdou Harroui,sep,240017,68
,24,347,,244717,Antonino Gallo,sep,240017,48
,24,347,,238370,Marin Pongracic,sep,240017,25
,24,111657,,265695,Matias Soule,sep,240017,64
,24,347,,271197,Lameck Banda,sep,240017,64
,24,111657,,260644,Kaio Jorge,sep,240017,70
,24,347,,245863,Valentin Gendrey,sep,240017,32
,24,347,,235949,Gabriel Strefezza,sep,240017,66
,24,111657,,266236,Arijon Ibrahimovic,sep,240017,61
,24,111657,,257785,Marco Brescianini,sep,240017,54
,24,347,,233265,Remi Oudin,sep,240017,70
,24,1842,,259011,Zito Luvumbo,sep,240017,65
,24,48,,225116,Alex Meret,sep,240017,83
,24,1842,,272725,Matteo Prati,sep,240017,62
,24,1842,,237586,Alberto Dossena,sep,240017,32
,24,48,,253002,Giacomo Raspadori,sep,240017,77
,24,1842,,220048,Simone Scuffet,sep,240017,71
,24,48,,247635,Khvicha Kvaratskhelia,sep,240017,78
,24,48,,216409,Matteo Politano,sep,240017,77
,24,1842,,205850,Leonardo Pavoletti,sep,240017,67
,24,48,,232293,Victor Osimhen,sep,240017,85
,24,48,,227236,Frank Anguissa,sep,240017,66
,24,1842,,266636,Adam Obert,sep,240017,40
,24,48,,277537,Natan,sep,240017,33
,24,1842,,230965,Nahitan Nandez,sep,240017,61
,24,48,,217870,Giovanni Di Lorenzo,sep,240017,66
,24,48,,244472,Jens-Lys Cajuste,sep,240017,61
,24,48,,244263,Amir Rrahmani,sep,240017,50
,24,1842,,240100,Tommaso Augello,sep,240017,51
,24,1746,,242429,Liberato Cacace,sep,240017,61
,24,54,,224836,Vanja Milinkovic-Savic,sep,240017,76
,24,1746,,266596,Jacopo Fazzini,sep,240017,50
,24,54,,219932,Antonio Sanabria,sep,240017,75
,24,1746,,189296,Etrit Berisha,sep,240017,71
,24,1746,,268703,Nicolo Cambiaghi,sep,240017,72
,24,54,,211408,Karol Linetty,sep,240017,61
,24,54,,247229,Raoul Bellanova,sep,240017,30
,24,1746,,220534,Sebastiano Luperto,sep,240017,57
,24,1746,,235813,Razvan Marin,sep,240017,74
,24,54,,258683,Ivan Ilic,sep,240017,71
,24,54,,215333,Duvan Zapata,sep,240017,80
,24,54,,243241,Alessandro Buongiorno,sep,240017,45
,24,111811,,272602,Valentin Carboni,sep,240017,48
,24,47,,215698,Mike Maignan,sep,240017,87
,24,47,,178509,Olivier Giroud,sep,240017,83
,24,111811,,235840,Michele Di Gregorio,sep,240017,79
,24,111811,,258027,Mirko Maric,sep,240017,69
,24,111811,,219812,Patrick Ciurria,sep,240017,73
,24,47,,242530,Noah Okafor,sep,240017,75
,24,111811,,212153,Roberto Gagliardini,sep,240017,62
,24,111811,,205343,Jean Daniel Akpa-Akpro,sep,240017,67
,24,111811,,251988,Andrea Colpani,sep,240017,68
,24,111811,,239613,Matteo Pessina,sep,240017,69
,24,111811,,257000,Andrea Carboni,sep,240017,36
,24,47,,277022,Jan-Carlo Simic,sep,240017,28
,24,47,,232656,Theo Hernandez,sep,240017,70
,24,47,,227796,Christian Pulisic,sep,240017,71
,24,111811,,256899,Lorenzo Colombo,sep,240017,74
,24,47,,203551,Alessandro Florenzi,sep,240017,76
,24,111811,,234147,Dany Mota,sep,240017,72
,24,47,,213666,Ruben Loftus-Cheek,sep,240017,67
,24,47,,241721,Rafael Leao,sep,240017,79
,24,111811,,253213,Georgios Kyriakopoulos,sep,240017,48
,24,47,,240638,Tijjani Reijnders,sep,240017,73
,24,206,,201046,Riccardo Saponara,sep,240017,70
,24,110374,,205812,Pietro Terracciano,sep,240017,79
,24,206,,213404,Pawel Dawidowicz,sep,240017,47
,24,110374,,246258,Lucas Beltran,sep,240017,75
,24,206,,215363,Lorenzo Montipo,sep,240017,77
,24,110374,,225439,Rolando Mandragora,sep,240017,66
,24,206,,260697,Isak Hien,sep,240017,36
,24,110374,,235866,Christian Kouame,sep,240017,71
,24,206,,255233,Tomas Suslov,sep,240017,65
,24,206,,268679,Bruno Amione,sep,240017,35
,24,206,,192840,Milan Duric,sep,240017,70
,24,110374,,234612,Jonathan Ikone,sep,240017,66
,24,206,,268683,Michael Folorunsho,sep,240017,68
,24,206,,212127,Darko Lazovic,sep,240017,71
,24,206,,246457,Cyril Ngonge,sep,240017,70
,24,110374,,240452,M'bala Nzola,sep,240017,73
,24,206,,236556,Martin Hongla,sep,240017,66
,24,111974,,242725,Kristian Thorstvedt,sep,240017,70
,24,55,,190745,Marco Silvestri,sep,240017,79
,24,55,,223866,Sandi Lovric,sep,240017,62
,24,111974,,163489,Andrea Consigli,sep,240017,79
,24,55,,225410,Adam Masina,sep,240017,40
,24,111974,,210935,Domenico Berardi,sep,240017,82
,24,111974,,243200,Samuele Mulattieri,sep,240017,68
,24,111974,,224808,Gian Marco Ferrari,sep,240017,27
,24,111974,,244456,Martin Erlic,sep,240017,34
,24,111974,,243593,Armand Lauriente,sep,240017,76
,24,111974,,254487,Matheus Henrique,sep,240017,59
,24,111974,,214622,Jeremy Toljan,sep,240017,41
,24,55,,193061,Roberto Pereyra,sep,240017,74
,24,55,,263571,Festy Ebosele,sep,240017,43
,24,55,,222844,Walace,sep,240017,66
,24,111974,,235842,Andrea Pinamonti,sep,240017,75
,24,55,,268474,Lorenzo Lucca,sep,240017,71
,24,55,,261573,Thomas Kristensen,sep,240017,25
,24,189,,242280,Lewis Ferguson,sep,240017,73
,24,52,,178005,Rui Patricio,sep,240017,81
,24,52,,208596,Andrea Belotti,sep,240017,75
,24,189,,240657,Federico Ravaglia,sep,240017,65
,24,52,,190813,Stephan El Shaarawy,sep,240017,75
,24,52,,228251,Lorenzo Pellegrini,sep,240017,76
,24,52,,233301,Rasmus Kristensen,sep,240017,66
,24,189,,250961,Joshua Zirkzee,sep,240017,73
,24,189,,257980,Dan Ndoye,sep,240017,64
,24,189,,244270,Nikola Moro,sep,240017,70
,24,52,,208268,Bryan Cristante,sep,240017,72
,24,52,,212602,Diego Llorente,sep,240017,39
,24,46,,211361,Danilo Cataldi,sep,240017,71
,24,44,,177683,Yann Sommer,sep,240017,84
,24,46,,224031,Adam Marusic,sep,240017,66
,24,46,,236496,Matteo Guendouzi,sep,240017,67
,24,44,,239807,Davide Frattesi,sep,240017,73
,24,46,,224987,Ivan Provedel,sep,240017,82
,24,44,,192883,Henrikh Mkhitaryan,sep,240017,78
,24,44,,231478,Lautaro Martinez,sep,240017,85
,24,44,,228093,Marcus Thuram,sep,240017,78
,24,46,,192387,Ciro Immobile,sep,240017,87
,24,46,,232730,Daichi Kamada,sep,240017,71
,24,46,,255001,Nicolo Rovella,sep,240017,62
,24,44,,208128,Hakan Calhanoglu,sep,240017,79
,24,44,,241736,Yann Bisseck,sep,240017,49
,24,39,,214092,Aleksey Miranchuk,sep,240017,70
,24,110373,,158121,Benoit Costil,sep,240017,72
,24,39,,251470,Charles De Ketelaere,sep,240017,72
,24,110373,,246242,Boulaye Dia,sep,240017,80
,24,39,,252154,Marco Carnesecchi,sep,240017,79
,24,110373,,277832,Chukwubuikem Ikwuemesi,sep,240017,68
,24,110373,,173221,Antonio Candreva,sep,240017,78
,24,110373,,252000,Domagoj Bradaric,sep,240017,53
,24,39,,199110,Luis Muriel,sep,240017,80
,24,39,,230899,Ademola Lookman,sep,240017,80
,24,39,,216150,Davide Zappacosta,sep,240017,67
,24,39,,223273,Mario Pasalic,sep,240017,77
,24,110373,,262083,Agustin Martegani,sep,240017,68
,24,110373,,236368,Giulio Maggiore,sep,240017,59
,24,110373,,252017,Flavius Daniliuc,sep,240017,41
,24,39,,240679,Teun Koopmeiners,sep,240017,74
,24,39,,266866,Ederson,sep,240017,66
,24,110373,,257368,Lorenzo Pirola,sep,240017,42
,24,46,,237712,Valentin Castellanos,sep,240017,78
,24,1746,,255303,Elia Caprile,sep,240017,72
,24,1746,,193338,Mattia Destro,sep,240017,73
,24,1746,,224213,Tyronne Ebuehi,sep,240017,49
,24,1746,,255611,Daniel Maldini,sep,240017,60
,24,46,,220502,Mattia Zaccagni,sep,240017,76
,24,1746,,228698,Viktor Kovalenko,sep,240017,69
,24,1746,,220475,Alberto Grassi,sep,240017,62
,24,1746,,225189,Simone Bastoni,sep,240017,56
,24,1746,,263929,Matteo Cancellieri,sep,240017,69
,24,110556,,260105,Radu Dragusin,sep,240017,37
,24,110556,,239795,Caleb Ekuban,sep,240017,66
,24,110556,,243311,Josep Martinez,sep,240017,72
,24,111974,,265761,Cristian Volpato,sep,240017,63
,24,110556,,238004,Albert Gudmundsson,sep,240017,74
,24,110556,,265774,Koni De Winter,sep,240017,38
,24,110556,,222475,Morten Thorsby,sep,240017,61
,24,110556,,201144,Milan Badelj,sep,240017,61
,24,110556,,231969,Ruslan Malinovskyi,sep,240017,79
,24,111974,,268462,Daniel Boloca,sep,240017,57
,24,110556,,242633,Morten Frendrup,sep,240017,57
,24,110374,,246431,Riccardo Sottil,sep,240017,65
,24,110374,,278096,Lorenzo Amatucci,sep,240017,45
,24,110374,,220523,Yerry Mina,sep,240017,53
,24,110374,,201389,Cristiano Biraghi,sep,240017,67
,24,110374,,238095,Nikola Milenkovic,sep,240017,45
,24,110374,,236791,Antonin Barak,sep,240017,76
,24,110374,,277869,Michael Kayode,sep,240017,33
,24,47,,228881,Davide Calabria,sep,240017,57
,24,47,,232432,Luka Jovic,sep,240017,76
,24,47,,246172,Samuel Chukwueze,sep,240017,75
,24,110373,,264880,Loum Tchaouna,sep,240017,62
,24,110373,,237335,Grigoris Kastanos,sep,240017,63
,24,110373,,263317,Mateusz Legowski,sep,240017,55
,24,110373,,239679,Pasquale Mazzocchi,sep,240017,60
,24,110373,,179847,Federico Fazio,sep,240017,40
,24,110373,,230107,Lassana Coulibaly,sep,240017,57
,24,47,,226754,Ismael Bennacer,sep,240017,71
,24,47,,232756,Fikayo Tomori,sep,240017,39
,24,45,,210008,Adrien Rabiot,sep,240017,75
,24,45,,186153,Wojciech Szczesny,sep,240017,86
,24,45,,246430,Dusan Vlahovic,sep,240017,84
,24,45,,238744,Weston McKennie,sep,240017,71
,24,45,,199304,Danilo,sep,240017,67
,24,111657,,231050,Jaime Baez,sep,240017,64
,24,111657,,278346,Mateus Lusuardi,sep,240017,26
,24,45,,208574,Filip Kostic,sep,240017,75
,24,111657,,246871,Enzo Barrenechea,sep,240017,62
,24,45,,277954,Kenan Yildiz,sep,240017,55
,24,45,,222077,Manuel Locatelli,sep,240017,70
,24,189,,189908,Lukasz Skorupski,sep,240017,77
,24,189,,254819,Kacper Urbanski,sep,240017,51
,24,189,,242664,Alexis Saelemaekers,sep,240017,66
,24,189,,271019,Giovanni Fabbian,sep,240017,62
,24,39,,207993,Sead Kolasinac,sep,240017,61
,24,55,,252577,Joao Ferreira,sep,240017,40
,24,55,,225669,Kingsley Ehizibue,sep,240017,55
,24,55,,258615,Oier Zarraga,sep,240017,64
,24,54,,253473,Samuele Ricci,sep,240017,54
,24,54,,258407,Brandon Soppy,sep,240017,48
,24,54,,241095,Nikola Vlasic,sep,240017,75
,24,1842,,271577,Ibrahim Sulemana,sep,240017,60
,24,206,,239441,Jordi Mboula,sep,240017,69
,24,206,,222148,Ondrej Duda,sep,240017,71
,24,1842,,173160,Nicolas Viola,sep,240017,70
,24,1842,,269276,Gaetano Oristanio,sep,240017,64
,24,44,,184200,Marko Arnautovic,sep,240017,79
,24,44,,199845,Francesco Acerbi,sep,240017,50
,24,44,,264699,Kristjan Asllani,sep,240017,60
,24,44,,226851,Benjamin Pavard,sep,240017,62
,24,44,,224232,Nicolo Barella,sep,240017,77
,24,347,,263469,Mohamed Kaba,sep,240017,51
,24,347,,251790,Hamza Rafia,sep,240017,63
,24,44,,184392,Matteo Darmian,sep,240017,57
,24,44,,258648,Carlos Augusto,sep,240017,71
,24,347,,271196,Joan Gonzalez,sep,240017,59
,24,52,,192505,Romelu Lukaku,sep,240017,83
,24,52,,213955,Sardar Azmoun,sep,240017,74
,24,52,,262171,Edoardo Bove,sep,240017,66
,24,52,,229582,Gianluca Mancini,sep,240017,44
,24,52,,262113,Nicola Zalewski,sep,240017,58
,24,48,,210406,Piotr Zielinski,sep,240017,76
,24,110374,,246431,Riccardo Sottil,sep,240018,65
,24,54,,224836,Vanja Milinkovic-Savic,sep,240018,76
,24,110374,,235866,Christian Kouame,sep,240018,71
,24,110374,,240777,Luca Ranieri,sep,240018,40
,24,110374,,225439,Rolando Mandragora,sep,240018,66
,24,54,,213242,Adrien Tameze,sep,240018,65
,24,110374,,205812,Pietro Terracciano,sep,240018,79
,24,110374,,201389,Cristiano Biraghi,sep,240018,67
,24,110374,,246258,Lucas Beltran,sep,240018,75
,24,110374,,189125,Giacomo Bonaventura,sep,240018,77
,24,110374,,234612,Jonathan Ikone,sep,240018,66
,24,54,,215333,Duvan Zapata,sep,240018,80
,24,54,,211147,Valentino Lazaro,sep,240018,68
,24,110374,,208535,Alfred Duncan,sep,240018,63
,24,110374,,238095,Nikola Milenkovic,sep,240018,45
,24,54,,258683,Ivan Ilic,sep,240018,71
,24,54,,238873,Pietro Pellegri,sep,240018,67
,24,111811,,257353,Warren Bondo,sep,240018,54
,24,48,,225116,Alex Meret,sep,240018,83
,24,48,,246877,Gianluca Gaetano,sep,240018,70
,24,111811,,235840,Michele Di Gregorio,sep,240018,79
,24,48,,204614,Mario Rui,sep,240018,56
,24,111811,,230817,Jose Machin,sep,240018,63
,24,48,,247635,Khvicha Kvaratskhelia,sep,240018,78
,24,48,,244263,Amir Rrahmani,sep,240018,50
,24,48,,237669,Alessio Zerbin,sep,240018,67
,24,48,,217870,Giovanni Di Lorenzo,sep,240018,66
,24,111811,,239613,Matteo Pessina,sep,240018,69
,24,111811,,251988,Andrea Colpani,sep,240018,68
,24,111811,,237003,Samuele Birindelli,sep,240018,51
,24,48,,200752,Juan Jesus,sep,240018,31
,24,111811,,272602,Valentin Carboni,sep,240018,48
,24,48,,253002,Giacomo Raspadori,sep,240018,77
,24,48,,227236,Frank Anguissa,sep,240018,66
,24,111811,,199776,Luca Caldirola,sep,240018,41
,24,111811,,230824,Pedro Pereira,sep,240018,37
,24,44,,184941,Alexis Sanchez,sep,240018,80
,24,110556,,243311,Josep Martinez,sep,240018,72
,24,110556,,260105,Radu Dragusin,sep,240018,37
,24,44,,177683,Yann Sommer,sep,240018,84
,24,44,,228093,Marcus Thuram,sep,240018,78
,24,44,,208128,Hakan Calhanoglu,sep,240018,79
,24,110556,,244349,Johan Vasquez,sep,240018,31
,24,44,,199845,Francesco Acerbi,sep,240018,50
,24,110556,,201144,Milan Badelj,sep,240018,61
,24,44,,258648,Carlos Augusto,sep,240018,71
,24,44,,184200,Marko Arnautovic,sep,240018,79
,24,110556,,242633,Morten Frendrup,sep,240018,57
,24,110556,,239795,Caleb Ekuban,sep,240018,66
,24,44,,224232,Nicolo Barella,sep,240018,77
,24,44,,192883,Henrikh Mkhitaryan,sep,240018,78
,24,46,,237712,Valentin Castellanos,sep,240018,78
,24,111657,,254502,Stefano Turati,sep,240018,73
,24,46,,248729,Gustav Isaksen,sep,240018,69
,24,111657,,268511,Walid Cheddira,sep,240018,69
,24,46,,224987,Ivan Provedel,sep,240018,82
,24,46,,206098,Patric,sep,240018,51
,24,111657,,265695,Matias Soule,sep,240018,64
,24,111657,,260644,Kaio Jorge,sep,240018,70
,24,111657,,257785,Marco Brescianini,sep,240018,54
,24,111657,,212446,Luca Garritano,sep,240018,67
,24,46,,243237,Luca Pellegrini,sep,240018,53
,24,46,,220502,Mattia Zaccagni,sep,240018,76
,24,111657,,270064,Ilario Monterisi,sep,240018,30
,24,46,,232730,Daichi Kamada,sep,240018,71
,24,111657,,241937,Abdou Harroui,sep,240018,68
,24,46,,201995,Felipe Anderson,sep,240018,78
,24,347,,228751,Marcin Listkowski,sep,240018,58
,24,39,,252154,Marco Carnesecchi,sep,240018,79
,24,347,,243787,Ylber Ramadani,sep,240018,56
,24,347,,233265,Remi Oudin,sep,240018,70
,24,347,,248385,Roberto Piccoli,sep,240018,67
,24,39,,199110,Luis Muriel,sep,240018,80
,24,347,,210676,Wladimiro Falcone,sep,240018,76
,24,39,,266866,Ederson,sep,240018,66
,24,347,,277839,Nikola Krstovic,sep,240018,74
,24,39,,208165,Berat Djimsiti,sep,240018,37
,24,39,,230899,Ademola Lookman,sep,240018,80
,24,39,,226710,Gianluca Scamacca,sep,240018,78
,24,39,,216150,Davide Zappacosta,sep,240018,67
,24,39,,223273,Mario Pasalic,sep,240018,77
,24,347,,244717,Antonino Gallo,sep,240018,48
,24,347,,235949,Gabriel Strefezza,sep,240018,66
,24,347,,251790,Hamza Rafia,sep,240018,63
,24,39,,240679,Teun Koopmeiners,sep,240018,74
,24,39,,207993,Sead Kolasinac,sep,240018,61
,24,347,,263469,Mohamed Kaba,sep,240018,51
,24,1842,,215689,Andrea Petagna,sep,240018,73
,24,1746,,255303,Elia Caprile,sep,240018,72
,24,1746,,220475,Alberto Grassi,sep,240018,62
,24,1842,,220048,Simone Scuffet,sep,240018,71
,24,1842,,173160,Nicolas Viola,sep,240018,70
,24,1842,,229743,Alessandro Deiola,sep,240018,66
,24,1746,,268703,Nicolo Cambiaghi,sep,240018,72
,24,1842,,259011,Zito Luvumbo,sep,240018,65
,24,1842,,205850,Leonardo Pavoletti,sep,240018,67
,24,1842,,272725,Matteo Prati,sep,240018,62
,24,1842,,222388,Paulo Azzi,sep,240018,64
,24,1746,,220534,Sebastiano Luperto,sep,240018,57
,24,1842,,271577,Ibrahim Sulemana,sep,240018,60
,24,189,,271019,Giovanni Fabbian,sep,240018,62
,24,55,,257288,Maduka Okoye,sep,240018,70
,24,189,,242280,Lewis Ferguson,sep,240018,73
,24,189,,236898,Michel Aebischer,sep,240018,64
,24,189,,257711,Riccardo Calafiori,sep,240018,46
,24,189,,244601,Sydney van Hooijdonk,sep,240018,74
,24,189,,250961,Joshua Zirkzee,sep,240018,73
,24,189,,233556,Riccardo Orsolini,sep,240018,74
,24,55,,240970,Martin Payero,sep,240018,62
,24,189,,189908,Lukasz Skorupski,sep,240018,77
,24,189,,254819,Kacper Urbanski,sep,240018,51
,24,55,,261573,Thomas Kristensen,sep,240018,25
,24,55,,268474,Lorenzo Lucca,sep,240018,71
,24,55,,223866,Sandi Lovric,sep,240018,62
,24,189,,244270,Nikola Moro,sep,240018,70
,24,55,,193061,Roberto Pereyra,sep,240018,74
,24,55,,220421,Hassane Kamara,sep,240018,57
,24,55,,263571,Festy Ebosele,sep,240018,43
,24,47,,246172,Samuel Chukwueze,sep,240018,75
,24,111974,,163489,Andrea Consigli,sep,240018,79
,24,111974,,235842,Andrea Pinamonti,sep,240018,75
,24,47,,215698,Mike Maignan,sep,240018,87
,24,111974,,254487,Matheus Henrique,sep,240018,59
,24,47,,241721,Rafael Leao,sep,240018,79
,24,47,,203551,Alessandro Florenzi,sep,240018,76
,24,47,,232656,Theo Hernandez,sep,240018,70
,24,111974,,243593,Armand Lauriente,sep,240018,76
,24,111974,,265761,Cristian Volpato,sep,240018,63
,24,47,,179645,Simon Kjaer,sep,240018,54
,24,47,,227796,Christian Pulisic,sep,240018,71
,24,111974,,210935,Domenico Berardi,sep,240018,82
,24,47,,240638,Tijjani Reijnders,sep,240018,73
,24,111974,,214622,Jeremy Toljan,sep,240018,41
,24,111974,,237640,Nedim Bajrami,sep,240018,66
,24,47,,213666,Ruben Loftus-Cheek,sep,240018,67
,24,47,,226754,Ismael Bennacer,sep,240018,71
,24,111974,,242725,Kristian Thorstvedt,sep,240018,70
,24,206,,251870,Juan Cabal,sep,240018,37
,24,110373,,158121,Benoit Costil,sep,240018,72
,24,206,,255233,Tomas Suslov,sep,240018,65
,24,206,,246457,Cyril Ngonge,sep,240018,70
,24,110373,,237335,Grigoris Kastanos,sep,240018,63
,24,206,,215363,Lorenzo Montipo,sep,240018,77
,24,206,,192840,Milan Duric,sep,240018,70
,24,110373,,264880,Loum Tchaouna,sep,240018,62
,24,206,,212127,Darko Lazovic,sep,240018,71
,24,206,,260697,Isak Hien,sep,240018,36
,24,110373,,230107,Lassana Coulibaly,sep,240018,57
,24,110373,,236368,Giulio Maggiore,sep,240018,59
,24,110373,,219496,Simy,sep,240018,69
,24,110373,,220061,Norbert Gyomber,sep,240018,31
,24,206,,213404,Pawel Dawidowicz,sep,240018,47
,24,110373,,239679,Pasquale Mazzocchi,sep,240018,60
,24,52,,213955,Sardar Azmoun,sep,240018,74
,24,45,,186153,Wojciech Szczesny,sep,240018,86
,24,45,,266872,Federico Gatti,sep,240018,35
,24,52,,178005,Rui Patricio,sep,240018,81
,24,52,,208268,Bryan Cristante,sep,240018,72
,24,45,,238744,Weston McKennie,sep,240018,71
,24,52,,211110,Paulo Dybala,sep,240018,85
,24,52,,207439,Leandro Paredes,sep,240018,64
,24,52,,236403,Evan Ndicka,sep,240018,51
,24,45,,210008,Adrien Rabiot,sep,240018,75
,24,45,,277954,Kenan Yildiz,sep,240018,55
,24,45,,222077,Manuel Locatelli,sep,240018,70
,24,45,,208574,Filip Kostic,sep,240018,75
,24,45,,246430,Dusan Vlahovic,sep,240018,84
,24,52,,192505,Romelu Lukaku,sep,240018,83
,24,110556,,238004,Albert Gudmundsson,sep,240019,74
,24,189,,240657,Federico Ravaglia,sep,240019,65
,24,189,,170320,Lorenzo De Silvestri,sep,240019,65
,24,110556,,243311,Josep Martinez,sep,240019,72
,24,189,,231207,Jhon Lucumi,sep,240019,27
,24,189,,250961,Joshua Zirkzee,sep,240019,76
,24,189,,257711,Riccardo Calafiori,sep,240019,46
,24,189,,271019,Giovanni Fabbian,sep,240019,62
,24,189,,236898,Michel Aebischer,sep,240019,64
,24,189,,233556,Riccardo Orsolini,sep,240019,74
,24,189,,210381,Charalampos Lykogiannis,sep,240019,67
,24,110556,,242633,Morten Frendrup,sep,240019,57
,24,189,,254819,Kacper Urbanski,sep,240019,51
,24,189,,244270,Nikola Moro,sep,240019,70
,24,44,,208128,Hakan Calhanoglu,sep,240019,79
,24,206,,215363,Lorenzo Montipo,sep,240019,77
,24,206,,268683,Michael Folorunsho,sep,240019,68
,24,44,,177683,Yann Sommer,sep,240019,84
,24,206,,231835,Thomas Henry,sep,240019,73
,24,44,,239807,Davide Frattesi,sep,240019,73
,24,44,,224232,Nicolo Barella,sep,240019,77
,24,44,,237383,Alessandro Bastoni,sep,240019,34
,24,44,,199845,Francesco Acerbi,sep,240019,50
,24,44,,231478,Lautaro Martinez,sep,240019,85
,24,44,,226851,Benjamin Pavard,sep,240019,62
,24,44,,258648,Carlos Augusto,sep,240019,71
,24,44,,228093,Marcus Thuram,sep,240019,78
,24,206,,255233,Tomas Suslov,sep,240019,65
,24,206,,269181,Diego Coppola,sep,240019,39
,24,44,,192883,Henrikh Mkhitaryan,sep,240019,78
,24,206,,192840,Milan Duric,sep,240019,70
,24,206,,246457,Cyril Ngonge,sep,240019,70
,24,111657,,221331,Luca Mazzitelli,sep,240019,62
,24,111811,,235840,Michele Di Gregorio,sep,240019,79
,24,111657,,265695,Matias Soule,sep,240019,64
,24,111657,,241937,Abdou Harroui,sep,240019,68
,24,111657,,254502,Stefano Turati,sep,240019,73
,24,111811,,234147,Dany Mota,sep,240019,72
,24,111657,,258788,Giuseppe Caso,sep,240019,67
,24,111811,,272602,Valentin Carboni,sep,240019,48
,24,111811,,230824,Pedro Pereira,sep,240019,37
,24,111657,,246871,Enzo Barrenechea,sep,240019,62
,24,111811,,198946,Danilo D'Ambrosio,sep,240019,55
,24,111811,,251988,Andrea Colpani,sep,240019,71
,24,111657,,268511,Walid Cheddira,sep,240019,69
,24,347,,243787,Ylber Ramadani,sep,240019,56
,24,1842,,220048,Simone Scuffet,sep,240019,71
,24,1842,,173160,Nicolas Viola,sep,240019,70
,24,347,,210676,Wladimiro Falcone,sep,240019,76
,24,1842,,272725,Matteo Prati,sep,240019,62
,24,1842,,269276,Gaetano Oristanio,sep,240019,65
,24,1842,,230965,Nahitan Nandez,sep,240019,61
,24,347,,277839,Nikola Krstovic,sep,240019,74
,24,347,,263469,Mohamed Kaba,sep,240019,51
,24,347,,244717,Antonino Gallo,sep,240019,48
,24,347,,235949,Gabriel Strefezza,sep,240019,66
,24,1842,,240100,Tommaso Augello,sep,240019,51
,24,347,,271196,Joan Gonzalez,sep,240019,60
,24,1842,,215689,Andrea Petagna,sep,240019,73
,24,347,,245863,Valentin Gendrey,sep,240019,32
,24,347,,233265,Remi Oudin,sep,240019,70
,24,1842,,237586,Alberto Dossena,sep,240019,33
,24,110374,,228708,Lucas Martinez Quarta,sep,240019,55
,24,111974,,163489,Andrea Consigli,sep,240019,79
,24,110374,,234612,Jonathan Ikone,sep,240019,66
,24,110374,,240452,M'bala Nzola,sep,240019,73
,24,110374,,238095,Nikola Milenkovic,sep,240019,45
,24,110374,,246258,Lucas Beltran,sep,240019,75
,24,110374,,208535,Alfred Duncan,sep,240019,63
,24,110374,,189125,Giacomo Bonaventura,sep,240019,77
,24,111974,,210935,Domenico Berardi,sep,240019,82
,24,110374,,205812,Pietro Terracciano,sep,240019,79
,24,111974,,224808,Gian Marco Ferrari,sep,240019,27
,24,111974,,214622,Jeremy Toljan,sep,240019,41
,24,111974,,243593,Armand Lauriente,sep,240019,76
,24,111974,,235842,Andrea Pinamonti,sep,240019,75
,24,47,,277013,Chaka Traore,sep,240019,67
,24,1746,,255303,Elia Caprile,sep,240019,72
,24,1746,,268703,Nicolo Cambiaghi,sep,240019,72
,24,47,,215698,Mike Maignan,sep,240019,87
,24,1746,,236838,Youssef Maleh,sep,240019,64
,24,1746,,263929,Matteo Cancellieri,sep,240019,69
,24,47,,241721,Rafael Leao,sep,240019,79
,24,1746,,189053,Francesco Caputo,sep,240019,76
,24,1746,,220475,Alberto Grassi,sep,240019,62
,24,47,,232656,Theo Hernandez,sep,240019,70
,24,47,,227796,Christian Pulisic,sep,240019,71
,24,47,,213666,Ruben Loftus-Cheek,sep,240019,67
,24,1746,,269312,Tommaso Baldanzi,sep,240019,71
,24,1746,,244874,Filippo Ranocchia,sep,240019,59
,24,47,,178509,Olivier Giroud,sep,240019,83
,24,47,,240638,Tijjani Reijnders,sep,240019,73
,24,48,,216816,Giovanni Simeone,sep,240019,79
,24,54,,224836,Vanja Milinkovic-Savic,sep,240019,76
,24,54,,273932,Gvidas Gineitis,sep,240019,53
,24,48,,211515,Pierluigi Gollini,sep,240019,76
,24,48,,244263,Amir Rrahmani,sep,240019,50
,24,54,,243241,Alessandro Buongiorno,sep,240019,45
,24,54,,215333,Duvan Zapata,sep,240019,80
,24,54,,219932,Antonio Sanabria,sep,240019,75
,24,54,,241095,Nikola Vlasic,sep,240019,75
,24,48,,253002,Giacomo Raspadori,sep,240019,77
,24,48,,247635,Khvicha Kvaratskhelia,sep,240019,78
,24,54,,253473,Samuele Ricci,sep,240019,54
,24,55,,225669,Kingsley Ehizibue,sep,240019,55
,24,46,,224987,Ivan Provedel,sep,240019,82
,24,55,,222634,Isaac Success,sep,240019,70
,24,55,,240970,Martin Payero,sep,240019,62
,24,55,,231743,Keinan Davis,sep,240019,68
,24,46,,201995,Felipe Anderson,sep,240019,78
,24,55,,257288,Maduka Okoye,sep,240019,70
,24,46,,219985,Matias Vecino,sep,240019,72
,24,46,,255001,Nicolo Rovella,sep,240019,62
,24,55,,222844,Walace,sep,240019,66
,24,55,,193061,Roberto Pereyra,sep,240019,74
,24,55,,268474,Lorenzo Lucca,sep,240019,71
,24,46,,232730,Daichi Kamada,sep,240019,71
,24,46,,243237,Luca Pellegrini,sep,240019,53
,24,45,,246430,Dusan Vlahovic,sep,240019,84
,24,110373,,158121,Benoit Costil,sep,240019,72
,24,45,,205175,Arkadiusz Milik,sep,240019,82
,24,110373,,277832,Chukwubuikem Ikwuemesi,sep,240019,68
,24,45,,186153,Wojciech Szczesny,sep,240019,86
,24,110373,,263317,Mateusz Legowski,sep,240019,55
,24,45,,272379,Samuel Iling Junior,sep,240019,59
,24,45,,199304,Danilo,sep,240019,67
,24,110373,,235565,Dylan Bronn,sep,240019,61
,24,110373,,219496,Simy,sep,240019,69
,24,110373,,252000,Domagoj Bradaric,sep,240019,53
,24,45,,277954,Kenan Yildiz,sep,240019,55
,24,45,,253162,Hans Nicolussi Caviglia,sep,240019,52
,24,45,,238744,Weston McKennie,sep,240019,71
,24,110373,,236368,Giulio Maggiore,sep,240019,59
,24,45,,241496,Timothy Weah,sep,240019,70
,24,110373,,223570,Junior Sambia,sep,240019,67
,24,52,,190813,Stephan El Shaarawy,sep,240019,75
,24,39,,252154,Marco Carnesecchi,sep,240019,79
,24,52,,192505,Romelu Lukaku,sep,240019,83
,24,52,,211110,Paulo Dybala,sep,240019,85
,24,39,,266866,Ederson,sep,240019,66
,24,52,,178005,Rui Patricio,sep,240019,81
,24,39,,226710,Gianluca Scamacca,sep,240019,78
,24,52,,262113,Nicola Zalewski,sep,240019,58
,24,39,,265188,Giorgio Scalvini,sep,240019,35
,24,39,,246656,Emil Holm,sep,240019,59
,24,52,,262171,Edoardo Bove,sep,240019,66
,24,52,,233301,Rasmus Kristensen,sep,240019,66
,24,39,,251470,Charles De Ketelaere,sep,240019,72
,24,39,,208165,Berat Djimsiti,sep,240019,37
,24,52,,228251,Lorenzo Pellegrini,sep,240019,76
,24,39,,240679,Teun Koopmeiners,sep,240019,74
,24,54,,253473,Samuele Ricci,sep,240020,54
,24,110556,,243311,Josep Martinez,sep,240020,72
,24,110556,,231969,Ruslan Malinovskyi,sep,240020,79
,24,54,,224836,Vanja Milinkovic-Savic,sep,240020,76
,24,54,,247229,Raoul Bellanova,sep,240020,30
,24,54,,238873,Pietro Pellegri,sep,240020,67
,24,110556,,238004,Albert Gudmundsson,sep,240020,74
,24,54,,219932,Antonio Sanabria,sep,240020,75
,24,110556,,244349,Johan Vasquez,sep,240020,31
,24,110556,,265774,Koni De Winter,sep,240020,38
,24,110556,,240938,Junior Messias,sep,240020,72
,24,54,,215333,Duvan Zapata,sep,240020,80
,24,110556,,241850,Mateo Retegui,sep,240020,76
,24,54,,243241,Alessandro Buongiorno,sep,240020,45
,24,48,,216816,Giovanni Simeone,sep,240020,79
,24,110373,,140233,Guillermo Ochoa,sep,240020,81
,24,48,,244263,Amir Rrahmani,sep,240020,50
,24,48,,253002,Giacomo Raspadori,sep,240020,77
,24,48,,247635,Khvicha Kvaratskhelia,sep,240020,78
,24,110373,,264880,Loum Tchaouna,sep,240020,62
,24,48,,211515,Pierluigi Gollini,sep,240020,76
,24,48,,217870,Giovanni Di Lorenzo,sep,240020,66
,24,48,,216409,Matteo Politano,sep,240020,77
,24,110373,,179847,Federico Fazio,sep,240020,40
,24,110373,,262083,Agustin Martegani,sep,240020,68
,24,48,,244472,Jens-Lys Cajuste,sep,240020,61
,24,48,,216435,Stanislav Lobotka,sep,240020,68
,24,48,,246877,Gianluca Gaetano,sep,240020,70
,24,110373,,173221,Antonio Candreva,sep,240020,78
,24,110373,,220061,Norbert Gyomber,sep,240020,31
,24,1746,,235813,Razvan Marin,sep,240020,74
,24,206,,215363,Lorenzo Montipo,sep,240020,77
,24,1746,,263929,Matteo Cancellieri,sep,240020,69
,24,1746,,242429,Liberato Cacace,sep,240020,61
,24,206,,255233,Tomas Suslov,sep,240020,65
,24,1746,,255303,Elia Caprile,sep,240020,72
,24,206,,201046,Riccardo Saponara,sep,240020,70
,24,1746,,220475,Alberto Grassi,sep,240020,62
,24,1746,,220491,Emmanuel Gyasi,sep,240020,62
,24,1746,,239732,Szymon Zurkowski,sep,240020,71
,24,206,,246457,Cyril Ngonge,sep,240020,70
,24,206,,192840,Milan Duric,sep,240020,70
,24,206,,268683,Michael Folorunsho,sep,240020,68
,24,206,,230065,Suat Serdar,sep,240020,70
,24,1746,,266596,Jacopo Fazzini,sep,240020,50
,24,1746,,268703,Nicolo Cambiaghi,sep,240020,72
,24,1746,,277515,Stiven Shpendi,sep,240020,62
,24,44,,228093,Marcus Thuram,sep,240020,78
,24,111811,,271146,Alessandro Sorrentino,sep,240020,63
,24,111811,,234147,Dany Mota,sep,240020,72
,24,44,,177683,Yann Sommer,sep,240020,84
,24,44,,231478,Lautaro Martinez,sep,240020,85
,24,44,,264699,Kristjan Asllani,sep,240020,60
,24,111811,,253213,Georgios Kyriakopoulos,sep,240020,48
,24,44,,192883,Henrikh Mkhitaryan,sep,240020,78
,24,111811,,239613,Matteo Pessina,sep,240020,69
,24,44,,226851,Benjamin Pavard,sep,240020,62
,24,111811,,237003,Samuele Birindelli,sep,240020,51
,24,44,,208128,Hakan Calhanoglu,sep,240020,79
,24,111811,,199776,Luca Caldirola,sep,240020,41
,24,111811,,251988,Andrea Colpani,sep,240020,71
,24,44,,226268,Federico Dimarco,sep,240020,74
,24,46,,219985,Matias Vecino,sep,240020,72
,24,347,,210676,Wladimiro Falcone,sep,240020,76
,24,347,,263469,Mohamed Kaba,sep,240020,51
,24,46,,224987,Ivan Provedel,sep,240020,82
,24,347,,277839,Nikola Krstovic,sep,240020,74
,24,46,,198706,Luis Alberto,sep,240020,76
,24,46,,201995,Felipe Anderson,sep,240020,78
,24,46,,220502,Mattia Zaccagni,sep,240020,76
,24,46,,189505,Pedro,sep,240020,72
,24,347,,268573,Federico Baschirotto,sep,240020,52
,24,347,,243787,Ylber Ramadani,sep,240020,56
,24,347,,236706,Pontus Almqvist,sep,240020,63
,24,347,,238370,Marin Pongracic,sep,240020,25
,24,46,,248729,Gustav Isaksen,sep,240020,69
,24,46,,206098,Patric,sep,240020,51
,24,347,,233265,Remi Oudin,sep,240020,70
,24,189,,271019,Giovanni Fabbian,sep,240020,62
,24,1842,,220048,Simone Scuffet,sep,240020,71
,24,189,,242280,Lewis Ferguson,sep,240020,73
,24,189,,202024,Remo Freuler,sep,240020,68
,24,189,,189908,Lukasz Skorupski,sep,240020,77
,24,1842,,173160,Nicolas Viola,sep,240020,70
,24,1842,,215689,Andrea Petagna,sep,240020,73
,24,1842,,252964,Gabriele Zappa,sep,240020,52
,24,189,,233556,Riccardo Orsolini,sep,240020,74
,24,189,,254819,Kacper Urbanski,sep,240020,51
,24,110374,,240452,M'bala Nzola,sep,240020,73
,24,55,,257288,Maduka Okoye,sep,240020,70
,24,110374,,189125,Giacomo Bonaventura,sep,240020,77
,24,55,,222634,Isaac Success,sep,240020,70
,24,110374,,205812,Pietro Terracciano,sep,240020,79
,24,110374,,246258,Lucas Beltran,sep,240020,75
,24,55,,204970,Florian Thauvin,sep,240020,74
,24,110374,,201389,Cristiano Biraghi,sep,240020,67
,24,110374,,225439,Rolando Mandragora,sep,240020,66
,24,55,,193061,Roberto Pereyra,sep,240020,74
,24,55,,263571,Festy Ebosele,sep,240020,43
,24,110374,,234612,Jonathan Ikone,sep,240020,66
,24,55,,256115,Lazar Samardzic,sep,240020,69
,24,55,,223866,Sandi Lovric,sep,240020,62
,24,55,,268474,Lorenzo Lucca,sep,240020,71
,24,110374,,234711,Josip Brekalo,sep,240020,73
,24,55,,222844,Walace,sep,240020,66
,24,52,,202884,Leonardo Spinazzola,sep,240020,63
,24,47,,215698,Mike Maignan,sep,240020,87
,24,47,,253177,Yunus Musah,sep,240020,67
,24,52,,230872,Mile Svilar,sep,240020,71
,24,52,,228251,Lorenzo Pellegrini,sep,240020,76
,24,47,,232656,Theo Hernandez,sep,240020,70
,24,52,,212602,Diego Llorente,sep,240020,39
,24,52,,207439,Leandro Paredes,sep,240020,64
,24,47,,228881,Davide Calabria,sep,240020,57
,24,47,,227796,Christian Pulisic,sep,240020,71
,24,47,,178509,Olivier Giroud,sep,240020,83
,24,47,,240277,Matteo Gabbia,sep,240020,35
,24,47,,213666,Ruben Loftus-Cheek,sep,240020,67
,24,47,,240638,Tijjani Reijnders,sep,240020,73
,24,52,,233301,Rasmus Kristensen,sep,240020,66
,24,52,,224490,Zeki Celik,sep,240020,58
,24,47,,243627,Yacine Adli,sep,240020,68
,24,52,,190813,Stephan El Shaarawy,sep,240020,75
,24,39,,223273,Mario Pasalic,sep,240020,77
,24,111657,,254502,Stefano Turati,sep,240020,73
,24,39,,246656,Emil Holm,sep,240020,59
,24,39,,216150,Davide Zappacosta,sep,240020,67
,24,39,,214092,Aleksey Miranchuk,sep,240020,70
,24,39,,199110,Luis Muriel,sep,240020,80
,24,111657,,279877,Fares Ghedjemis,sep,240020,68
,24,39,,252154,Marco Carnesecchi,sep,240020,79
,24,111657,,268511,Walid Cheddira,sep,240020,69
,24,111657,,265695,Matias Soule,sep,240020,64
,24,111657,,246871,Enzo Barrenechea,sep,240020,62
,24,111657,,221331,Luca Mazzitelli,sep,240020,62
,24,39,,259584,Matteo Ruggeri,sep,240020,48
,24,39,,226710,Gianluca Scamacca,sep,240020,78
,24,39,,266866,Ederson,sep,240020,66
,24,39,,240679,Teun Koopmeiners,sep,240020,74
,24,39,,251470,Charles De Ketelaere,sep,240020,72
,24,111657,,241937,Abdou Harroui,sep,240020,68
,24,111974,,265761,Cristian Volpato,sep,240020,63
,24,45,,186153,Wojciech Szczesny,sep,240020,86
,24,45,,235805,Federico Chiesa,sep,240020,81
,24,111974,,163489,Andrea Consigli,sep,240020,79
,24,45,,241496,Timothy Weah,sep,240020,70
,24,45,,246430,Dusan Vlahovic,sep,240020,84
,24,111974,,210935,Domenico Berardi,sep,240020,82
,24,111974,,235842,Andrea Pinamonti,sep,240020,75
,24,111974,,268462,Daniel Boloca,sep,240020,57
,24,45,,210008,Adrien Rabiot,sep,240020,75
,24,45,,277954,Kenan Yildiz,sep,240020,55
,24,111974,,242725,Kristian Thorstvedt,sep,240020,70
,24,111974,,243593,Armand Lauriente,sep,240020,76
,24,45,,258966,Andrea Cambiaso,sep,240020,53
,24,52,,192505,Romelu Lukaku,sep,240020,83
,24,206,,231835,Thomas Henry,sep,240020,73
,24,52,,178005,Rui Patricio,sep,240020,81
,24,206,,242392,Giangiacomo Magnani,sep,240020,37
,24,206,,255453,Juan Manuel Cruz,sep,240020,67
,24,206,,223137,Federico Bonazzoli,sep,240020,71
,24,55,,240970,Martin Payero,sep,240020,62
,24,47,,242530,Noah Okafor,sep,240020,75
,24,47,,232432,Luka Jovic,sep,240020,76
,24,55,,225669,Kingsley Ehizibue,sep,240020,55
,24,55,,220421,Hassane Kamara,sep,240020,57
,24,47,,179645,Simon Kjaer,sep,240020,54
,24,111657,,260644,Kaio Jorge,sep,240020,70
,24,1842,,205850,Leonardo Pavoletti,sep,240020,67
,24,1842,,237586,Alberto Dossena,sep,240020,33
,24,1842,,270597,Antoine Makoumbou,sep,240020,55
,24,111657,,198857,Simone Romagnoli,sep,240020,39
,24,111657,,257785,Marco Brescianini,sep,240020,54
,24,111657,,252440,Nadir Zortea,sep,240020,44
,24,111657,,274197,Francesco Gelli,sep,240020,57
,24,1842,,222388,Paulo Azzi,sep,240020,64
,24,1842,,271577,Ibrahim Sulemana,sep,240020,60
,24,1842,,230965,Nahitan Nandez,sep,240020,61
,24,111811,,198946,Danilo D'Ambrosio,sep,240020,55
,24,111811,,206654,Pablo Mari,sep,240020,40
,24,111811,,258027,Mirko Maric,sep,240020,69
,24,1746,,213829,Alberto Cerri,sep,240020,71
,24,111811,,212153,Roberto Gagliardini,sep,240020,62
,24,111811,,256899,Lorenzo Colombo,sep,240020,74
,24,110373,,236368,Giulio Maggiore,sep,240020,59
,24,110556,,224378,Mattia Bani,sep,240020,18
,24,110373,,219496,Simy,sep,240020,69
,24,110373,,258946,Matteo Lovato,sep,240020,30
,24,347,,201858,Nicola Sansone,sep,240020,71
,24,45,,266872,Federico Gatti,sep,240020,35
,24,347,,236758,Santiago Pierotti,sep,240020,14
,24,45,,239580,Bremer,sep,240020,49
,24,347,,277432,Patrick Dorgu,sep,240020,49
,24,45,,238744,Weston McKennie,sep,240020,71
,24,45,,268802,Fabio Miretti,sep,240020,60
,24,45,,208574,Filip Kostic,sep,240020,75
,24,110374,,205812,Pietro Terracciano,sep,240022,79
,24,110374,,201389,Cristiano Biraghi,sep,240022,67
,24,189,,240657,Federico Ravaglia,sep,240022,65
,24,110374,,240452,M'bala Nzola,sep,240022,73
,24,189,,250961,Joshua Zirkzee,sep,240022,76
,24,110374,,234612,Jonathan Ikone,sep,240022,66
,24,110374,,246258,Lucas Beltran,sep,240022,75
,24,189,,271019,Giovanni Fabbian,sep,240022,62
,24,189,,233556,Riccardo Orsolini,sep,240022,74
,24,189,,242280,Lewis Ferguson,sep,240022,73
,24,110374,,277869,Michael Kayode,sep,240022,33
,24,189,,262394,Sam Beukema,sep,240022,54
,24,189,,242664,Alexis Saelemaekers,sep,240022,66
,24,110374,,225439,Rolando Mandragora,sep,240022,66
,24,110374,,189125,Giacomo Bonaventura,sep,240022,77
,24,110374,,240690,Nicolas Gonzalez,sep,240022,75
,24,189,,236898,Michel Aebischer,sep,240022,64
,24,54,,211147,Valentino Lazaro,sep,240024,68
,24,46,,224987,Ivan Provedel,sep,240024,82
,24,54,,238873,Pietro Pellegri,sep,240024,67
,24,54,,273932,Gvidas Gineitis,sep,240024,53
,24,54,,215333,Duvan Zapata,sep,240024,80
,24,54,,253473,Samuele Ricci,sep,240024,54
,24,46,,236496,Matteo Guendouzi,sep,240024,67
,24,54,,224836,Vanja Milinkovic-Savic,sep,240024,76
,24,46,,237712,Valentin Castellanos,sep,240024,78
,24,46,,211361,Danilo Cataldi,sep,240024,71
,24,54,,247229,Raoul Bellanova,sep,240024,30
,24,54,,241095,Nikola Vlasic,sep,240024,75
,24,46,,198706,Luis Alberto,sep,240024,76
,24,54,,258683,Ivan Ilic,sep,240024,71
,24,46,,192387,Ciro Immobile,sep,240024,87
,24,54,,219932,Antonio Sanabria,sep,240024,75
,24,48,,227236,Frank Anguissa,sep,240025,66
,24,111974,,163489,Andrea Consigli,sep,240025,79
,24,48,,212501,Leander Dendoncker,sep,240025,68
,24,48,,210406,Piotr Zielinski,sep,240025,76
,24,48,,247635,Khvicha Kvaratskhelia,sep,240025,78
,24,48,,216816,Giovanni Simeone,sep,240025,79
,24,111974,,243593,Armand Lauriente,sep,240025,76
,24,48,,225116,Alex Meret,sep,240025,82
,24,48,,253002,Giacomo Raspadori,sep,240025,77
,24,48,,216409,Matteo Politano,sep,240025,77
,24,48,,232293,Victor Osimhen,sep,240025,85
,24,111974,,224808,Gian Marco Ferrari,sep,240025,27
,24,111974,,237640,Nedim Bajrami,sep,240025,66
,24,48,,244263,Amir Rrahmani,sep,240025,50
,24,111974,,244253,Uros Racic,sep,240025,69
,24,48,,238516,Leo Ostigard,sep,240025,37
,24,48,,240787,Hamed Junior Traore,sep,240025,69
,24,48,,216435,Stanislav Lobotka,sep,240025,66
,24,39,,239368,Mitchel Bakker,sep,240025,53
,24,44,,177683,Yann Sommer,sep,240025,84
,24,44,,258648,Carlos Augusto,sep,240025,71
,24,39,,252154,Marco Carnesecchi,sep,240025,80
,24,44,,239807,Davide Frattesi,sep,240025,73
,24,39,,266866,Ederson,sep,240025,67
,24,44,,233096,Denzel Dumfries,sep,240025,60
,24,44,,226268,Federico Dimarco,sep,240025,74
,24,44,,231478,Lautaro Martinez,sep,240025,85
,24,39,,207993,Sead Kolasinac,sep,240025,61
,24,44,,224232,Nicolo Barella,sep,240025,77
,24,44,,184392,Matteo Darmian,sep,240025,57
,24,44,,264699,Kristjan Asllani,sep,240025,60
,24,39,,214092,Aleksey Miranchuk,sep,240025,70
,24,39,,223273,Mario Pasalic,sep,240025,77
,24,1842,,211302,Gianluca Lapadula,sep,240020,73
,24,54,,273932,Gvidas Gineitis,sep,240020,53
,24,1842,,272725,Matteo Prati,sep,240020,62
,24,54,,211147,Valentino Lazaro,sep,240020,68
,24,1842,,226592,Jakub Jankto,sep,240020,69
,24,54,,211408,Karol Linetty,sep,240020,61
,24,55,,244206,Nehuen Perez,sep,240020,25
,24,39,,265188,Giorgio Scalvini,sep,240020,35
,24,45,,191043,Alex Sandro,sep,240020,64
,24,1746,,269312,Tommaso Baldanzi,sep,240020,71
,24,1746,,220534,Sebastiano Luperto,sep,240020,57
,24,1746,,236838,Youssef Maleh,sep,240020,64
,24,1746,,243497,Sebastian Walukiewicz,sep,240020,37
,24,47,,241721,Rafael Leao,sep,240020,79
,24,189,,257711,Riccardo Calafiori,sep,240020,46
,24,189,,250961,Joshua Zirkzee,sep,240020,76
,24,189,,259762,Victor Kristiansen,sep,240020,54
,24,189,,170320,Lorenzo De Silvestri,sep,240020,65
,24,347,,245863,Valentin Gendrey,sep,240020,32
,24,110556,,239795,Caleb Ekuban,sep,240020,66
,24,347,,271197,Lameck Banda,sep,240020,64
,24,347,,244717,Antonino Gallo,sep,240020,48
,24,206,,264257,Tijjani Noslin,sep,240020,62
,24,206,,213404,Pawel Dawidowicz,sep,240020,47
,24,206,,212127,Darko Lazovic,sep,240020,71
,24,206,,222148,Ondrej Duda,sep,240020,71
,24,111974,,243200,Samuele Mulattieri,sep,240020,68
,24,111811,,235840,Michele Di Gregorio,sep,240020,79
,24,111811,,219812,Patrick Ciurria,sep,240020,73
,24,111811,,257353,Warren Bondo,sep,240020,54
,24,111974,,264044,Mattia Viti,sep,240020,34
,24,111811,,272602,Valentin Carboni,sep,240020,48
,24,111811,,205343,Jean Daniel Akpa-Akpro,sep,240020,67
,24,46,,243237,Luca Pellegrini,sep,240020,53
,24,48,,210406,Piotr Zielinski,sep,240020,76
,24,46,,237712,Valentin Castellanos,sep,240020,78
,24,46,,211361,Danilo Cataldi,sep,240020,71
,24,46,,210413,Alessio Romagnoli,sep,240020,39
,24,110374,,236791,Antonin Barak,sep,240020,76
,24,110374,,240777,Luca Ranieri,sep,240020,40
,24,110374,,240690,Nicolas Gonzalez,sep,240020,75
,24,110374,,208535,Alfred Duncan,sep,240020,63
,24,44,,258648,Carlos Augusto,sep,240020,71
,24,44,,239807,Davide Frattesi,sep,240020,73
,24,110374,,230658,Arthur,sep,240020,65
,24,110374,,228708,Lucas Martinez Quarta,sep,240020,55
,24,110373,,277832,Chukwubuikem Ikwuemesi,sep,240020,68
,24,110373,,237335,Grigoris Kastanos,sep,240020,63
,24,52,,211110,Paulo Dybala,sep,240020,85
,24,52,,208268,Bryan Cristante,sep,240020,72
,24,110373,,223570,Junior Sambia,sep,240020,67
,24,110373,,252000,Domagoj Bradaric,sep,240020,53
,24,347,,248385,Roberto Piccoli,sep,240020,67
,24,110374,,258976,Fabiano Parisi,sep,240020,66
,24,110374,,208596,Andrea Belotti,sep,240020,75
,24,110374,,224030,Maxime Lopez,sep,240020,70
,24,347,,222982,Alexis Blin,sep,240020,52
,24,110374,,195272,Davide Faraoni,sep,240020,71
,24,110556,,263829,Vitinha,sep,240020,75
,24,1746,,193338,Mattia Destro,sep,240020,73
,24,55,,261573,Thomas Kristensen,sep,240020,25
,24,47,,226754,Ismael Bennacer,sep,240020,71
,24,111657,,266877,Demba Seck,sep,240020,64
,24,111974,,245537,Emil Konradsen Ceide,sep,240020,55
,24,189,,242664,Alexis Saelemaekers,sep,240020,66
,24,189,,210381,Charalampos Lykogiannis,sep,240020,67
,24,111974,,243481,Marcus Pedersen,sep,240020,47
,24,189,,236898,Michel Aebischer,sep,240020,64
,24,111974,,274702,Luca Lipani,sep,240020,43
,24,111974,,255561,Josh Doig,sep,240020,61
,24,111974,,237640,Nedim Bajrami,sep,240020,66
,24,110373,,246242,Boulaye Dia,sep,240020,80
,24,54,,225410,Adam Masina,sep,240020,40
,24,206,,224301,Karol Swiderski,sep,240020,74
,24,48,,227236,Frank Anguissa,sep,240020,66
,24,48,,245741,Jesper Lindstrom,sep,240020,71
,24,48,,239679,Pasquale Mazzocchi,sep,240020,60
,24,206,,269181,Diego Coppola,sep,240020,39
,24,206,,251870,Juan Cabal,sep,240020,37
,24,48,,204614,Mario Rui,sep,240020,56
,24,46,,192387,Ciro Immobile,sep,240020,87
,24,39,,208461,Marten de Roon,sep,240020,69
,24,39,,207993,Sead Kolasinac,sep,240020,61
,24,44,,184200,Marko Arnautovic,sep,240020,79
,24,44,,224232,Nicolo Barella,sep,240020,77
,24,45,,199304,Danilo,sep,240020,67
,24,44,,237383,Alessandro Bastoni,sep,240020,34
,24,44,,199845,Francesco Acerbi,sep,240020,50
,24,1842,,259011,Zito Luvumbo,sep,240020,66
,24,52,,262171,Edoardo Bove,sep,240020,66
,24,52,,278349,Dean Huijsen,sep,240020,36
,24,52,,222558,Rick Karsdorp,sep,240020,62
,24,1746,,263929,Matteo Cancellieri,sep,240022,69
,24,110373,,140233,Guillermo Ochoa,sep,240022,81
,24,110373,,245275,Toma Basic,sep,240022,65
,24,1746,,255303,Elia Caprile,sep,240022,72
,24,110373,,251412,Shon Weissman,sep,240022,75
,24,1746,,239732,Szymon Zurkowski,sep,240022,71
,24,110373,,257368,Lorenzo Pirola,sep,240022,42
,24,1746,,242429,Liberato Cacace,sep,240022,59
,24,110373,,236368,Giulio Maggiore,sep,240022,59
,24,110373,,246242,Boulaye Dia,sep,240022,80
,24,110373,,173221,Antonio Candreva,sep,240022,78
,24,1746,,268703,Nicolo Cambiaghi,sep,240022,72
,24,1746,,213829,Alberto Cerri,sep,240022,71
,24,1746,,236838,Youssef Maleh,sep,240022,64
,24,110373,,237335,Grigoris Kastanos,sep,240022,63
,24,1746,,220475,Alberto Grassi,sep,240022,62
,24,110373,,252000,Domagoj Bradaric,sep,240022,53
,24,1746,,220491,Emmanuel Gyasi,sep,240022,62
,24,1746,,268656,Alessandro Zanoli,sep,240022,38
,24,1746,,258782,Ardian Ismajli,sep,240022,30
,24,46,,232730,Daichi Kamada,sep,240022,71
,24,1842,,220048,Simone Scuffet,sep,240022,72
,24,1842,,224302,Mateusz Wieteska,sep,240022,37
,24,46,,224987,Ivan Provedel,sep,240022,82
,24,1842,,240100,Tommaso Augello,sep,240022,52
,24,1842,,246877,Gianluca Gaetano,sep,240022,70
,24,1842,,259011,Zito Luvumbo,sep,240022,66
,24,46,,201995,Felipe Anderson,sep,240022,78
,24,1842,,270597,Antoine Makoumbou,sep,240022,57
,24,1842,,252964,Gabriele Zappa,sep,240022,52
,24,46,,198706,Luis Alberto,sep,240022,76
,24,46,,192387,Ciro Immobile,sep,240022,87
,24,46,,248729,Gustav Isaksen,sep,240022,69
,24,1842,,230965,Nahitan Nandez,sep,240022,61
,24,1842,,222388,Paulo Azzi,sep,240022,64
,24,1842,,211302,Gianluca Lapadula,sep,240022,73
,24,1842,,173160,Nicolas Viola,sep,240022,70
,24,46,,211361,Danilo Cataldi,sep,240022,71
,24,44,,237383,Alessandro Bastoni,sep,240022,34
,24,52,,178005,Rui Patricio,sep,240022,81
,24,52,,262171,Edoardo Bove,sep,240022,66
,24,44,,177683,Yann Sommer,sep,240022,84
,24,52,,192505,Romelu Lukaku,sep,240022,83
,24,44,,226268,Federico Dimarco,sep,240022,74
,24,44,,226851,Benjamin Pavard,sep,240022,62
,24,44,,220651,Angelino,sep,240022,69
,24,44,,231478,Lautaro Martinez,sep,240022,85
,24,44,,228093,Marcus Thuram,sep,240022,78
,24,44,,208128,Hakan Calhanoglu,sep,240022,79
,24,52,,190813,Stephan El Shaarawy,sep,240022,75
,24,52,,211110,Paulo Dybala,sep,240022,85
,24,52,,229582,Gianluca Mancini,sep,240022,44
,24,44,,199845,Francesco Acerbi,sep,240022,50
,24,44,,224232,Nicolo Barella,sep,240022,77
,24,52,,228251,Lorenzo Pellegrini,sep,240022,76
,24,54,,215333,Duvan Zapata,sep,240022,80
,24,111974,,163489,Andrea Consigli,sep,240022,79
,24,111974,,202851,Gregoire Defrel,sep,240022,73
,24,54,,224836,Vanja Milinkovic-Savic,sep,240022,76
,24,54,,253473,Samuele Ricci,sep,240022,54
,24,111974,,243593,Armand Lauriente,sep,240022,76
,24,54,,233732,David Okereke,sep,240022,70
,24,54,,241095,Nikola Vlasic,sep,240022,75
,24,111974,,235842,Andrea Pinamonti,sep,240022,75
,24,54,,211147,Valentino Lazaro,sep,240022,68
,24,111974,,242725,Kristian Thorstvedt,sep,240022,70
,24,54,,258683,Ivan Ilic,sep,240022,71
,24,111974,,237640,Nedim Bajrami,sep,240022,66
,24,111974,,254487,Matheus Henrique,sep,240022,59
,24,54,,247229,Raoul Bellanova,sep,240022,30
,24,110374,,236791,Antonin Barak,sep,240022,76
,24,111657,,254502,Stefano Turati,sep,240022,73
,24,111657,,254544,Reinier,sep,240022,67
,24,111657,,260644,Kaio Jorge,sep,240022,70
,24,111657,,221331,Luca Mazzitelli,sep,240022,62
,24,111657,,261281,Caleb Okoli,sep,240022,30
,24,110374,,208596,Andrea Belotti,sep,240022,75
,24,110374,,228708,Lucas Martinez Quarta,sep,240022,55
,24,110374,,208535,Alfred Duncan,sep,240022,63
,24,111657,,265695,Matias Soule,sep,240022,66
,24,111657,,241937,Abdou Harroui,sep,240022,68
,24,111657,,266877,Demba Seck,sep,240022,64
,24,347,,243787,Ylber Ramadani,sep,240022,56
,24,189,,189908,Lukasz Skorupski,sep,240022,77
,24,347,,236706,Pontus Almqvist,sep,240022,63
,24,347,,201858,Nicola Sansone,sep,240022,70
,24,347,,248385,Roberto Piccoli,sep,240022,68
,24,189,,234671,Jens Odgaard,sep,240022,73
,24,347,,210676,Wladimiro Falcone,sep,240022,76
,24,347,,233265,Remi Oudin,sep,240022,70
,24,189,,257980,Dan Ndoye,sep,240022,64
,24,347,,268573,Federico Baschirotto,sep,240022,52
,24,189,,257711,Riccardo Calafiori,sep,240022,46
,24,347,,277839,Nikola Krstovic,sep,240022,73
,24,347,,263469,Mohamed Kaba,sep,240022,51
,24,347,,271197,Lameck Banda,sep,240022,65
,24,347,,220509,Lorenzo Venuti,sep,240022,25
,24,111811,,216145,Armando Izzo,sep,240022,33
,24,206,,215363,Lorenzo Montipo,sep,240022,77
,24,111811,,257000,Andrea Carboni,sep,240022,36
,24,111811,,251988,Andrea Colpani,sep,240022,71
,24,111811,,239613,Matteo Pessina,sep,240022,69
,24,206,,230065,Suat Serdar,sep,240022,70
,24,111811,,235840,Michele Di Gregorio,sep,240022,79
,24,206,,212127,Darko Lazovic,sep,240022,71
,24,206,,251870,Juan Cabal,sep,240022,37
,24,111811,,257353,Warren Bondo,sep,240022,54
,24,206,,213404,Pawel Dawidowicz,sep,240022,47
,24,111811,,237003,Samuele Birindelli,sep,240022,51
,24,111811,,256899,Lorenzo Colombo,sep,240022,74
,24,206,,268683,Michael Folorunsho,sep,240022,68
,24,206,,224301,Karol Swiderski,sep,240022,74
,24,39,,255529,El Bilal Toure,sep,240022,70
,24,110556,,243311,Josep Martinez,sep,240022,72
,24,39,,216150,Davide Zappacosta,sep,240022,67
,24,39,,214092,Aleksey Miranchuk,sep,240022,70
,24,110556,,231969,Ruslan Malinovskyi,sep,240022,79
,24,39,,252154,Marco Carnesecchi,sep,240022,79
,24,39,,240679,Teun Koopmeiners,sep,240022,74
,24,110556,,245566,Alessandro Vogliacco,sep,240022,35
,24,110556,,238004,Albert Gudmundsson,sep,240022,74
,24,39,,223273,Mario Pasalic,sep,240022,77
,24,39,,259584,Matteo Ruggeri,sep,240022,48
,24,110556,,242633,Morten Frendrup,sep,240022,57
,24,110556,,241850,Mateo Retegui,sep,240022,76
,24,110556,,244349,Johan Vasquez,sep,240022,31
,24,39,,251470,Charles De Ketelaere,sep,240022,72
,24,39,,226710,Gianluca Scamacca,sep,240022,78
,24,48,,244263,Amir Rrahmani,sep,240022,50
,24,47,,215698,Mike Maignan,sep,240022,87
,24,48,,217870,Giovanni Di Lorenzo,sep,240022,66
,24,48,,227236,Frank Anguissa,sep,240022,66
,24,48,,245741,Jesper Lindstrom,sep,240022,71
,24,48,,216409,Matteo Politano,sep,240022,77
,24,48,,239679,Pasquale Mazzocchi,sep,240022,60
,24,47,,241721,Rafael Leao,sep,240022,79
,24,48,,211515,Pierluigi Gollini,sep,240022,76
,24,48,,247635,Khvicha Kvaratskhelia,sep,240022,78
,24,47,,232656,Theo Hernandez,sep,240022,70
,24,48,,216816,Giovanni Simeone,sep,240022,79
,24,47,,226754,Ismael Bennacer,sep,240022,71
,24,47,,227796,Christian Pulisic,sep,240022,71
,24,47,,178509,Olivier Giroud,sep,240022,83
,24,47,,203551,Alessandro Florenzi,sep,240022,76
,24,47,,240277,Matteo Gabbia,sep,240022,35
,24,55,,223866,Sandi Lovric,sep,240022,62
,24,45,,186153,Wojciech Szczesny,sep,240022,86
,24,45,,238744,Weston McKennie,sep,240022,71
,24,55,,257288,Maduka Okoye,sep,240022,70
,24,55,,244206,Nehuen Perez,sep,240022,25
,24,55,,240332,Brenner,sep,240022,70
,24,55,,268474,Lorenzo Lucca,sep,240022,71
,24,45,,235805,Federico Chiesa,sep,240022,81
,24,45,,222077,Manuel Locatelli,sep,240022,70
,24,45,,205175,Arkadiusz Milik,sep,240022,82
,24,45,,258966,Andrea Cambiaso,sep,240022,53
,24,55,,204970,Florian Thauvin,sep,240022,74
,24,45,,210008,Adrien Rabiot,sep,240022,75
,24,45,,266872,Federico Gatti,sep,240022,35
,24,55,,215147,Lautaro Giannetti,sep,240022,34
,24,55,,261573,Thomas Kristensen,sep,240022,25
,24,45,,241496,Timothy Weah,sep,240022,70
,24,347,,244717,Antonino Gallo,sep,240022,48
,24,54,,219932,Antonio Sanabria,sep,240022,75
,24,44,,184200,Marko Arnautovic,sep,240022,79
,24,44,,184941,Alexis Sanchez,sep,240022,80
,24,44,,198176,Stefan de Vrij,sep,240022,41
,24,44,,233096,Denzel Dumfries,sep,240022,60
,24,44,,192883,Henrikh Mkhitaryan,sep,240022,78
,24,48,,253002,Giacomo Raspadori,sep,240022,77
,24,48,,246457,Cyril Ngonge,sep,240022,70
,24,48,,277537,Natan,sep,240022,33
,24,48,,240787,Hamed Junior Traore,sep,240022,69
,24,48,,225116,Alex Meret,sep,240022,82
,24,110556,,236295,Aaron Martin,sep,240022,52
,24,45,,256402,Carlos Alcaraz,sep,240022,68
,24,206,,275163,Reda Belahyane,sep,240022,41
,24,45,,246430,Dusan Vlahovic,sep,240022,84
,24,45,,277954,Kenan Yildiz,sep,240022,55
,24,206,,264257,Tijjani Noslin,sep,240022,63
,24,206,,242392,Giangiacomo Magnani,sep,240022,37
,24,206,,255233,Tomas Suslov,sep,240022,65
,24,206,,222148,Ondrej Duda,sep,240022,71
,24,45,,208574,Filip Kostic,sep,240022,75
,24,39,,254982,Michel Adopo,sep,240022,53
,24,111974,,243200,Samuele Mulattieri,sep,240022,68
,24,39,,239368,Mitchel Bakker,sep,240022,53
,24,39,,246656,Emil Holm,sep,240022,59
,24,39,,207993,Sead Kolasinac,sep,240022,61
,24,39,,266866,Ederson,sep,240022,66
,24,111974,,263785,Ruan,sep,240022,28
,24,46,,243237,Luca Pellegrini,sep,240022,53
,24,46,,189505,Pedro,sep,240022,72
,24,189,,210381,Charalampos Lykogiannis,sep,240022,67
,24,46,,237712,Valentin Castellanos,sep,240022,78
,24,189,,223671,Stefan Posch,sep,240022,28
,24,46,,236496,Matteo Guendouzi,sep,240022,67
,24,46,,239770,Nicolo Casale,sep,240022,52
,24,189,,269745,Oussama El Azzouzi,sep,240022,43
,24,1746,,235813,Razvan Marin,sep,240022,74
,24,110374,,246431,Riccardo Sottil,sep,240022,65
,24,1746,,204077,M'Baye Niang,sep,240022,73
,24,110374,,195272,Davide Faraoni,sep,240022,71
,24,1842,,261243,Alessandro Di Pardo,sep,240022,50
,24,55,,256115,Lazar Samardzic,sep,240022,69
,24,55,,225669,Kingsley Ehizibue,sep,240022,55
,24,55,,259634,Jordan Zemura,sep,240022,37
,24,52,,230872,Mile Svilar,sep,240022,71
,24,111657,,268511,Walid Cheddira,sep,240022,69
,24,52,,207439,Leandro Paredes,sep,240022,64
,24,52,,269312,Tommaso Baldanzi,sep,240022,71
,24,52,,213955,Sardar Azmoun,sep,240022,74
,24,52,,208268,Bryan Cristante,sep,240022,72
,24,111657,,235875,Pol Lirola,sep,240022,61
,24,111657,,258714,Emanuele Valeri,sep,240022,62
,24,111657,,274197,Francesco Gelli,sep,240022,57
,24,52,,278349,Dean Huijsen,sep,240022,36
,24,111657,,257785,Marco Brescianini,sep,240022,57
,24,111811,,255611,Daniel Maldini,sep,240022,60
,24,47,,253177,Yunus Musah,sep,240022,67
,24,111811,,230824,Pedro Pereira,sep,240022,37
,24,47,,213666,Ruben Loftus-Cheek,sep,240022,67
,24,111811,,234147,Dany Mota,sep,240022,72
,24,47,,232432,Luka Jovic,sep,240022,76
,24,111811,,192840,Milan Duric,sep,240022,70
,24,111811,,272602,Valentin Carboni,sep,240022,48
,24,47,,246172,Samuel Chukwueze,sep,240022,75
,24,206,,231835,Thomas Henry,sep,240025,73
,24,189,,189908,Lukasz Skorupski,sep,240025,77
,24,189,,262394,Sam Beukema,sep,240025,54
,24,206,,215363,Lorenzo Montipo,sep,240025,77
,24,189,,236898,Michel Aebischer,sep,240025,64
,24,189,,250961,Joshua Zirkzee,sep,240025,76
,24,189,,271019,Giovanni Fabbian,sep,240025,62
,24,189,,202024,Remo Freuler,sep,240025,68
,24,206,,255233,Tomas Suslov,sep,240025,68
,24,189,,257980,Dan Ndoye,sep,240025,64
,24,206,,264257,Tijjani Noslin,sep,240025,63
,24,189,,233556,Riccardo Orsolini,sep,240025,74
,24,206,,222148,Ondrej Duda,sep,240025,71
,24,189,,242280,Lewis Ferguson,sep,240025,73
,24,111974,,263785,Ruan,sep,240025,28
,24,1746,,255303,Elia Caprile,sep,240025,73
,24,1746,,225189,Simone Bastoni,sep,240025,56
,24,1746,,268703,Nicolo Cambiaghi,sep,240025,72
,24,111974,,242725,Kristian Thorstvedt,sep,240025,70
,24,1746,,204077,M'Baye Niang,sep,240025,73
,24,111974,,254487,Matheus Henrique,sep,240025,59
,24,1746,,263929,Matteo Cancellieri,sep,240025,69
,24,1746,,235813,Razvan Marin,sep,240025,74
,24,111974,,235842,Andrea Pinamonti,sep,240025,75
,24,111974,,255561,Josh Doig,sep,240025,61
,24,1746,,236838,Youssef Maleh,sep,240025,64
,24,1746,,228698,Viktor Kovalenko,sep,240025,69
,24,1746,,220534,Sebastiano Luperto,sep,240025,57
,24,111811,,205343,Jean Daniel Akpa-Akpro,sep,240025,67
,24,110373,,140233,Guillermo Ochoa,sep,240025,81
,24,111811,,239613,Matteo Pessina,sep,240025,69
,24,110373,,252000,Domagoj Bradaric,sep,240025,53
,24,111811,,235840,Michele Di Gregorio,sep,240025,79
,24,111811,,255611,Daniel Maldini,sep,240025,60
,24,110373,,268656,Alessandro Zanoli,sep,240025,38
,24,110373,,264880,Loum Tchaouna,sep,240025,62
,24,111811,,212153,Roberto Gagliardini,sep,240025,62
,24,111811,,257353,Warren Bondo,sep,240025,54
,24,110373,,237335,Grigoris Kastanos,sep,240025,67
,24,111811,,192840,Milan Duric,sep,240025,70
,24,110373,,274947,Marco Pellegrino,sep,240025,39
,24,111811,,216145,Armando Izzo,sep,240025,33
,24,110373,,173221,Antonio Candreva,sep,240025,78
,24,110373,,251412,Shon Weissman,sep,240025,75
,24,110556,,238004,Albert Gudmundsson,sep,240025,76
,24,55,,257288,Maduka Okoye,sep,240025,70
,24,110556,,231969,Ruslan Malinovskyi,sep,240025,79
,24,110556,,242633,Morten Frendrup,sep,240025,57
,24,110556,,241850,Mateo Retegui,sep,240025,76
,24,55,,244206,Nehuen Perez,sep,240025,25
,24,110556,,243311,Josep Martinez,sep,240025,73
,24,110556,,201144,Milan Badelj,sep,240025,61
,24,110556,,236295,Aaron Martin,sep,240025,52
,24,110556,,240938,Junior Messias,sep,240025,72
,24,110556,,224378,Mattia Bani,sep,240025,18
,24,55,,204970,Florian Thauvin,sep,240025,75
,24,110556,,244349,Johan Vasquez,sep,240025,31
,24,55,,268474,Lorenzo Lucca,sep,240025,72
,24,55,,222844,Walace,sep,240025,66
,24,55,,225669,Kingsley Ehizibue,sep,240025,55
,24,45,,211320,Daniele Rugani,sep,240025,40
,24,111657,,240785,Michele Cerofolini,sep,240025,65
,24,45,,246430,Dusan Vlahovic,sep,240025,84
,24,45,,205175,Arkadiusz Milik,sep,240025,82
,24,111657,,260644,Kaio Jorge,sep,240025,69
,24,45,,186153,Wojciech Szczesny,sep,240025,86
,24,45,,266872,Federico Gatti,sep,240025,35
,24,45,,222077,Manuel Locatelli,sep,240025,70
,24,45,,256402,Carlos Alcaraz,sep,240025,70
,24,45,,258966,Andrea Cambiaso,sep,240025,53
,24,45,,235805,Federico Chiesa,sep,240025,81
,24,111657,,257785,Marco Brescianini,sep,240025,57
,24,45,,239580,Bremer,sep,240025,49
,24,111657,,265695,Matias Soule,sep,240025,66
,24,111657,,268511,Walid Cheddira,sep,240025,69
,24,1842,,259011,Zito Luvumbo,sep,240025,66
,24,1842,,220048,Simone Scuffet,sep,240025,72
,24,1842,,229743,Alessandro Deiola,sep,240025,66
,24,1842,,211302,Gianluca Lapadula,sep,240025,72
,24,1842,,237586,Alberto Dossena,sep,240025,33
,24,48,,239679,Pasquale Mazzocchi,sep,240025,60
,24,1842,,226592,Jakub Jankto,sep,240025,67
,24,347,,210676,Wladimiro Falcone,sep,240025,76
,24,44,,198176,Stefan de Vrij,sep,240025,41
,24,347,,248385,Roberto Piccoli,sep,240025,68
,24,44,,228413,Emil Audero,sep,240025,79
,24,44,,184200,Marko Arnautovic,sep,240025,79
,24,347,,271197,Lameck Banda,sep,240025,65
,24,347,,222982,Alexis Blin,sep,240025,52
,24,347,,201858,Nicola Sansone,sep,240025,70
,24,347,,251790,Hamza Rafia,sep,240025,65
,24,347,,244717,Antonino Gallo,sep,240025,48
,24,44,,192883,Henrikh Mkhitaryan,sep,240025,78
,24,347,,236706,Pontus Almqvist,sep,240025,65
,24,47,,232656,Theo Hernandez,sep,240025,70
,24,47,,178509,Olivier Giroud,sep,240025,83
,24,47,,241721,Rafael Leao,sep,240025,79
,24,47,,213666,Ruben Loftus-Cheek,sep,240025,67
,24,47,,227796,Christian Pulisic,sep,240025,71
,24,47,,240277,Matteo Gabbia,sep,240025,35
,24,47,,228881,Davide Calabria,sep,240025,57
,24,39,,240679,Teun Koopmeiners,sep,240025,74
,24,47,,215698,Mike Maignan,sep,240025,87
,24,47,,243627,Yacine Adli,sep,240025,68
,24,47,,256261,Malick Thiaw,sep,240025,47
,24,39,,208165,Berat Djimsiti,sep,240025,37
,24,39,,251470,Charles De Ketelaere,sep,240025,73
,24,39,,246656,Emil Holm,sep,240025,59
,24,39,,208461,Marten de Roon,sep,240025,69
,24,54,,278349,Dean Huijsen,sep,240025,41
,24,52,,230872,Mile Svilar,sep,240025,71
,24,54,,233732,David Okereke,sep,240025,70
,24,54,,241095,Nikola Vlasic,sep,240025,75
,24,52,,211110,Paulo Dybala,sep,240025,85
,24,54,,224836,Vanja Milinkovic-Savic,sep,240025,77
,24,54,,225410,Adam Masina,sep,240025,40
,24,52,,229582,Gianluca Mancini,sep,240025,44
,24,54,,211147,Valentino Lazaro,sep,240025,68
,24,54,,215333,Duvan Zapata,sep,240025,80
,24,54,,203884,Koffi Djidji,sep,240025,31
,24,52,,236403,Evan Ndicka,sep,240025,51
,24,54,,253473,Samuele Ricci,sep,240025,54
,24,54,,219932,Antonio Sanabria,sep,240025,75
,24,52,,233301,Rasmus Kristensen,sep,240025,64
,24,54,,273932,Gvidas Gineitis,sep,240025,53
,24,46,,219985,Matias Vecino,sep,240025,72
,24,110374,,205812,Pietro Terracciano,sep,240025,79
,24,110374,,240690,Nicolas Gonzalez,sep,240025,75
,24,46,,224987,Ivan Provedel,sep,240025,82
,24,46,,220502,Mattia Zaccagni,sep,240025,76
,24,110374,,189125,Giacomo Bonaventura,sep,240025,77
,24,110374,,246258,Lucas Beltran,sep,240025,75
,24,110374,,277869,Michael Kayode,sep,240025,33
,24,110374,,240777,Luca Ranieri,sep,240025,40
,24,110374,,208596,Andrea Belotti,sep,240025,76
,24,46,,198706,Luis Alberto,sep,240025,76
,24,110374,,246431,Riccardo Sottil,sep,240025,65
,24,46,,236496,Matteo Guendouzi,sep,240025,67
,24,46,,192387,Ciro Immobile,sep,240025,87
,24,110374,,230658,Arthur,sep,240025,65
,24,46,,211361,Danilo Cataldi,sep,240026,71
,24,47,,215698,Mike Maignan,sep,240026,87
,24,46,,192387,Ciro Immobile,sep,240026,87
,24,47,,242530,Noah Okafor,sep,240026,75
,24,46,,224987,Ivan Provedel,sep,240026,82
,24,47,,178509,Olivier Giroud,sep,240026,83
,24,47,,240638,Tijjani Reijnders,sep,240026,73
,24,47,,213666,Ruben Loftus-Cheek,sep,240026,67
,24,47,,228881,Davide Calabria,sep,240026,57
,24,46,,220502,Mattia Zaccagni,sep,240026,76
,24,47,,241721,Rafael Leao,sep,240026,79
,24,47,,227796,Christian Pulisic,sep,240026,71
,24,46,,198706,Luis Alberto,sep,240026,76
,24,47,,203551,Alessandro Florenzi,sep,240026,76
,24,46,,237712,Valentin Castellanos,sep,240026,78
,24,46,,219985,Matias Vecino,sep,240026,72
,24,46,,201995,Felipe Anderson,sep,240026,78
,24,110373,,173221,Antonio Candreva,sep,240026,78
,24,55,,257288,Maduka Okoye,sep,240026,70
,24,55,,268474,Lorenzo Lucca,sep,240026,72
,24,110373,,140233,Guillermo Ochoa,sep,240026,81
,24,110373,,245275,Toma Basic,sep,240026,63
,24,110373,,264880,Loum Tchaouna,sep,240026,62
,24,55,,223866,Sandi Lovric,sep,240026,62
,24,55,,252577,Joao Ferreira,sep,240026,40
,24,110373,,274947,Marco Pellegrino,sep,240026,39
,24,110373,,252000,Domagoj Bradaric,sep,240026,53
,24,110373,,236368,Giulio Maggiore,sep,240026,59
,24,55,,222844,Walace,sep,240026,66
,24,55,,220421,Hassane Kamara,sep,240026,57
,24,55,,240970,Martin Payero,sep,240026,62
,24,55,,204970,Florian Thauvin,sep,240026,75
,24,55,,263571,Festy Ebosele,sep,240026,43
,24,110373,,251412,Shon Weissman,sep,240026,75
,24,111811,,205343,Jean Daniel Akpa-Akpro,sep,240026,67
,24,52,,230872,Mile Svilar,sep,240026,71
,24,52,,192505,Romelu Lukaku,sep,240026,83
,24,111811,,235840,Michele Di Gregorio,sep,240026,79
,24,52,,208268,Bryan Cristante,sep,240026,72
,24,111811,,257000,Andrea Carboni,sep,240026,36
,24,52,,207439,Leandro Paredes,sep,240026,64
,24,52,,190813,Stephan El Shaarawy,sep,240026,74
,24,111811,,199776,Luca Caldirola,sep,240026,41
,24,111811,,257353,Warren Bondo,sep,240026,54
,24,111811,,255611,Daniel Maldini,sep,240026,60
,24,52,,211110,Paulo Dybala,sep,240026,85
,24,111811,,272602,Valentin Carboni,sep,240026,49
,24,111811,,234147,Dany Mota,sep,240026,72
,24,111811,,192840,Milan Duric,sep,240026,70
,24,52,,228251,Lorenzo Pellegrini,sep,240026,76
,24,111811,,237003,Samuele Birindelli,sep,240026,51
,24,52,,220651,Angelino,sep,240026,69
,24,110374,,208596,Andrea Belotti,sep,240026,76
,24,54,,224836,Vanja Milinkovic-Savic,sep,240026,77
,24,110374,,240690,Nicolas Gonzalez,sep,240026,75
,24,110374,,236791,Antonin Barak,sep,240026,76
,24,110374,,225439,Rolando Mandragora,sep,240026,66
,24,54,,215333,Duvan Zapata,sep,240026,80
,24,110374,,205812,Pietro Terracciano,sep,240026,79
,24,110374,,277869,Michael Kayode,sep,240026,33
,24,110374,,189125,Giacomo Bonaventura,sep,240026,77
,24,110374,,246431,Riccardo Sottil,sep,240026,65
,24,54,,273932,Gvidas Gineitis,sep,240026,53
,24,54,,247229,Raoul Bellanova,sep,240026,30
,24,54,,193352,Ricardo Rodriguez,sep,240026,66
,24,54,,219932,Antonio Sanabria,sep,240026,75
,24,54,,225410,Adam Masina,sep,240026,40
,24,54,,241095,Nikola Vlasic,sep,240026,75
,24,111974,,244253,Uros Racic,sep,240026,69
,24,206,,215363,Lorenzo Montipo,sep,240026,77
,24,111974,,243593,Armand Lauriente,sep,240026,76
,24,206,,223137,Federico Bonazzoli,sep,240026,71
,24,111974,,163489,Andrea Consigli,sep,240026,79
,24,206,,224301,Karol Swiderski,sep,240026,74
,24,111974,,242725,Kristian Thorstvedt,sep,240026,70
,24,206,,222148,Ondrej Duda,sep,240026,71
,24,111974,,235842,Andrea Pinamonti,sep,240026,75
,24,111974,,210935,Domenico Berardi,sep,240026,82
,24,206,,255233,Tomas Suslov,sep,240026,68
,24,206,,212127,Darko Lazovic,sep,240026,71
,24,206,,251870,Juan Cabal,sep,240026,37
,24,206,,230065,Suat Serdar,sep,240026,70
,24,206,,231835,Thomas Henry,sep,240026,73
,24,111974,,243481,Marcus Pedersen,sep,240026,47
,24,1746,,258782,Ardian Ismajli,sep,240026,30
,24,1842,,220048,Simone Scuffet,sep,240026,72
,24,1746,,230681,Giuseppe Pezzella,sep,240026,54
,24,1746,,204077,M'Baye Niang,sep,240026,73
,24,1746,,213829,Alberto Cerri,sep,240026,71
,24,1842,,226592,Jakub Jankto,sep,240026,67
,24,1746,,255303,Elia Caprile,sep,240026,73
,24,1842,,230965,Nahitan Nandez,sep,240026,61
,24,1746,,228698,Viktor Kovalenko,sep,240026,69
,24,1842,,211302,Gianluca Lapadula,sep,240026,72
,24,1746,,268703,Nicolo Cambiaghi,sep,240026,72
,24,1746,,263929,Matteo Cancellieri,sep,240026,69
,24,1746,,193338,Mattia Destro,sep,240026,70
,24,1842,,229743,Alessandro Deiola,sep,240026,66
,24,1746,,236838,Youssef Maleh,sep,240026,64
,24,1842,,246877,Gianluca Gaetano,sep,240026,69
,24,111657,,260644,Kaio Jorge,sep,240026,69
,24,347,,210676,Wladimiro Falcone,sep,240026,76
,24,111657,,221331,Luca Mazzitelli,sep,240026,62
,24,111657,,266877,Demba Seck,sep,240026,64
,24,347,,233265,Remi Oudin,sep,240026,70
,24,111657,,240785,Michele Cerofolini,sep,240026,65
,24,347,,248385,Roberto Piccoli,sep,240026,68
,24,347,,236706,Pontus Almqvist,sep,240026,65
,24,111657,,257785,Marco Brescianini,sep,240026,57
,24,347,,277839,Nikola Krstovic,sep,240026,73
,24,111657,,274197,Francesco Gelli,sep,240026,57
,24,111657,,265695,Matias Soule,sep,240026,66
,24,111657,,258714,Emanuele Valeri,sep,240026,62
,24,111657,,268511,Walid Cheddira,sep,240026,69
,24,111657,,254544,Reinier,sep,240026,67
,24,347,,271197,Lameck Banda,sep,240026,65
,24,189,,242280,Lewis Ferguson,sep,240026,73
,24,39,,252154,Marco Carnesecchi,sep,240026,80
,24,39,,208165,Berat Djimsiti,sep,240026,37
,24,189,,189908,Lukasz Skorupski,sep,240026,77
,24,39,,214092,Aleksey Miranchuk,sep,240026,70
,24,39,,208461,Marten de Roon,sep,240026,69
,24,39,,246656,Emil Holm,sep,240026,59
,24,189,,257980,Dan Ndoye,sep,240026,64
,24,189,,250961,Joshua Zirkzee,sep,240026,76
,24,189,,257711,Riccardo Calafiori,sep,240026,46
,24,39,,230899,Ademola Lookman,sep,240026,80
,24,189,,233556,Riccardo Orsolini,sep,240026,74
,24,189,,223671,Stefan Posch,sep,240026,28
,24,39,,216150,Davide Zappacosta,sep,240026,67
,24,39,,259584,Matteo Ruggeri,sep,240026,48
,24,189,,271019,Giovanni Fabbian,sep,240026,62
,24,39,,251470,Charles De Ketelaere,sep,240026,73
,24,45,,211320,Daniele Rugani,sep,240026,40
,24,48,,225116,Alex Meret,sep,240026,82
,24,45,,222077,Manuel Locatelli,sep,240026,70
,24,45,,191043,Alex Sandro,sep,240026,64
,24,48,,253002,Giacomo Raspadori,sep,240026,77
,24,45,,186153,Wojciech Szczesny,sep,240026,86
,24,48,,232293,Victor Osimhen,sep,240026,85
,24,45,,235805,Federico Chiesa,sep,240026,81
,24,48,,217870,Giovanni Di Lorenzo,sep,240026,66
,24,45,,256402,Carlos Alcaraz,sep,240026,70
,24,45,,246430,Dusan Vlahovic,sep,240026,84
,24,45,,258966,Andrea Cambiaso,sep,240026,53
,24,48,,240787,Hamed Junior Traore,sep,240026,69
,24,48,,247635,Khvicha Kvaratskhelia,sep,240026,78
,24,48,,227236,Frank Anguissa,sep,240026,66
,24,48,,216409,Matteo Politano,sep,240026,77
,24,48,,240716,Mathias Olivera,sep,240026,48
,24,45,,268802,Fabio Miretti,sep,240026,60
,24,45,,272379,Samuel Iling Junior,sep,240026,61
,24,44,,184200,Marko Arnautovic,sep,240026,79
,24,110556,,243311,Josep Martinez,sep,240026,73
,24,44,,258648,Carlos Augusto,sep,240026,71
,24,44,,224232,Nicolo Barella,sep,240026,77
,24,110556,,263829,Vitinha,sep,240026,74
,24,44,,177683,Yann Sommer,sep,240026,84
,24,110556,,241850,Mateo Retegui,sep,240026,76
,24,110556,,244349,Johan Vasquez,sep,240026,31
,24,44,,192883,Henrikh Mkhitaryan,sep,240026,78
,24,44,,184392,Matteo Darmian,sep,240026,57
,24,44,,231478,Lautaro Martinez,sep,240026,85
,24,44,,264699,Kristjan Asllani,sep,240026,60
,24,44,,184941,Alexis Sanchez,sep,240026,80
,24,44,,226268,Federico Dimarco,sep,240026,74
,24,110556,,238004,Albert Gudmundsson,sep,240026,76
,24,48,,232293,Victor Osimhen,sep,240028,85
,24,54,,224836,Vanja Milinkovic-Savic,sep,240028,77
,24,48,,247635,Khvicha Kvaratskhelia,sep,240028,78
,24,48,,217870,Giovanni Di Lorenzo,sep,240028,66
,24,48,,253002,Giacomo Raspadori,sep,240028,76
,24,48,,240716,Mathias Olivera,sep,240028,48
,24,48,,238516,Leo Ostigard,sep,240028,37
,24,48,,240787,Hamed Junior Traore,sep,240028,69
,24,54,,247229,Raoul Bellanova,sep,240028,30
,24,48,,225116,Alex Meret,sep,240028,82
,24,48,,200752,Juan Jesus,sep,240028,31
,24,54,,219932,Antonio Sanabria,sep,240028,75
,24,54,,215333,Duvan Zapata,sep,240028,80
,24,54,,273932,Gvidas Gineitis,sep,240028,53
,24,54,,193352,Ricardo Rodriguez,sep,240028,66
,24,48,,216409,Matteo Politano,sep,240028,77
,24,54,,243241,Alessandro Buongiorno,sep,240028,45
,24,1842,,173160,Nicolas Viola,sep,240028,71
,24,110373,,140233,Guillermo Ochoa,sep,240028,81
,24,110373,,236368,Giulio Maggiore,sep,240028,59
,24,1842,,220048,Simone Scuffet,sep,240028,73
,24,1842,,239964,Eldor Shomurodov,sep,240028,70
,24,1842,,222388,Paulo Azzi,sep,240028,64
,24,110373,,173221,Antonio Candreva,sep,240028,78
,24,110373,,237335,Grigoris Kastanos,sep,240028,67
,24,1842,,237586,Alberto Dossena,sep,240028,33
,24,110373,,179847,Federico Fazio,sep,240028,40
,24,110373,,251412,Shon Weissman,sep,240028,75
,24,1842,,246877,Gianluca Gaetano,sep,240028,70
,24,110373,,264880,Loum Tchaouna,sep,240028,62
,24,1842,,220523,Yerry Mina,sep,240028,50
,24,1842,,211302,Gianluca Lapadula,sep,240028,72
,24,110373,,252000,Domagoj Bradaric,sep,240028,53
,24,111657,,221331,Luca Mazzitelli,sep,240028,62
,24,111974,,163489,Andrea Consigli,sep,240028,79
,24,111657,,266236,Arijon Ibrahimovic,sep,240028,61
,24,111657,,260644,Kaio Jorge,sep,240028,69
,24,111657,,266877,Demba Seck,sep,240028,64
,24,111974,,244253,Uros Racic,sep,240028,69
,24,111657,,254502,Stefano Turati,sep,240028,73
,24,111657,,235875,Pol Lirola,sep,240028,61
,24,111974,,224808,Gian Marco Ferrari,sep,240028,27
,24,111974,,237640,Nedim Bajrami,sep,240028,66
,24,111974,,235842,Andrea Pinamonti,sep,240028,75
,24,111974,,242725,Kristian Thorstvedt,sep,240028,70
,24,111974,,243593,Armand Lauriente,sep,240028,76
,24,111657,,279877,Fares Ghedjemis,sep,240028,68
,24,111657,,198857,Simone Romagnoli,sep,240028,39
,24,111657,,265695,Matias Soule,sep,240028,66
,24,189,,257980,Dan Ndoye,sep,240028,64
,24,44,,177683,Yann Sommer,sep,240028,85
,24,189,,267861,Santiago Castro,sep,240028,70
,24,189,,250961,Joshua Zirkzee,sep,240028,76
,24,189,,202024,Remo Freuler,sep,240028,68
,24,189,,242280,Lewis Ferguson,sep,240028,73
,24,189,,223671,Stefan Posch,sep,240028,28
,24,189,,234671,Jens Odgaard,sep,240028,73
,24,44,,241736,Yann Bisseck,sep,240028,49
,24,189,,189908,Lukasz Skorupski,sep,240028,77
,24,189,,242664,Alexis Saelemaekers,sep,240028,66
,24,189,,236898,Michel Aebischer,sep,240028,64
,24,44,,258648,Carlos Augusto,sep,240028,71
,24,44,,224232,Nicolo Barella,sep,240028,77
,24,189,,259762,Victor Kristiansen,sep,240028,54
,24,44,,184392,Matteo Darmian,sep,240028,57
,24,44,,184941,Alexis Sanchez,sep,240028,80
,24,111811,,230817,Jose Machin,sep,240028,63
,24,110556,,243311,Josep Martinez,sep,240028,73
,24,110556,,241850,Mateo Retegui,sep,240028,76
,24,111811,,235840,Michele Di Gregorio,sep,240028,79
,24,110556,,238004,Albert Gudmundsson,sep,240028,76
,24,110556,,263829,Vitinha,sep,240028,74
,24,111811,,255611,Daniel Maldini,sep,240028,60
,24,111811,,272602,Valentin Carboni,sep,240028,49
,24,110556,,201144,Milan Badelj,sep,240028,61
,24,110556,,231969,Ruslan Malinovskyi,sep,240028,79
,24,110556,,243702,Djed Spence,sep,240028,41
,24,110556,,242633,Morten Frendrup,sep,240028,57
,24,111811,,234147,Dany Mota,sep,240028,72
,24,110556,,245566,Alessandro Vogliacco,sep,240028,35
,24,110556,,240938,Junior Messias,sep,240028,72
,24,111811,,251988,Andrea Colpani,sep,240028,74
,24,111811,,237003,Samuele Birindelli,sep,240028,51
,24,111811,,239613,Matteo Pessina,sep,240028,69
,24,347,,253139,Santiago Pierotti,sep,240028,66
,24,206,,215363,Lorenzo Montipo,sep,240028,77
,24,347,,222982,Alexis Blin,sep,240028,52
,24,206,,231835,Thomas Henry,sep,240028,73
,24,347,,210676,Wladimiro Falcone,sep,240028,76
,24,347,,268573,Federico Baschirotto,sep,240028,52
,24,347,,277839,Nikola Krstovic,sep,240028,73
,24,206,,222148,Ondrej Duda,sep,240028,71
,24,206,,255233,Tomas Suslov,sep,240028,68
,24,206,,269181,Diego Coppola,sep,240028,39
,24,347,,236706,Pontus Almqvist,sep,240028,65
,24,347,,271197,Lameck Banda,sep,240028,65
,24,206,,268683,Michael Folorunsho,sep,240028,71
,24,206,,212127,Darko Lazovic,sep,240028,71
,24,206,,264257,Tijjani Noslin,sep,240028,63
,24,47,,246172,Samuel Chukwueze,sep,240028,73
,24,1746,,255303,Elia Caprile,sep,240028,73
,24,1746,,193338,Mattia Destro,sep,240028,70
,24,47,,215698,Mike Maignan,sep,240028,87
,24,47,,253177,Yunus Musah,sep,240028,67
,24,47,,228881,Davide Calabria,sep,240028,57
,24,47,,213666,Ruben Loftus-Cheek,sep,240028,72
,24,1746,,239732,Szymon Zurkowski,sep,240028,71
,24,1746,,268703,Nicolo Cambiaghi,sep,240028,72
,24,47,,232432,Luka Jovic,sep,240028,78
,24,47,,227796,Christian Pulisic,sep,240028,75
,24,47,,242530,Noah Okafor,sep,240028,75
,24,1746,,204077,M'Baye Niang,sep,240028,73
,24,47,,232756,Fikayo Tomori,sep,240028,39
,24,1746,,220491,Emmanuel Gyasi,sep,240028,61
,24,45,,266872,Federico Gatti,sep,240028,36
,24,39,,252154,Marco Carnesecchi,sep,240028,80
,24,45,,235805,Federico Chiesa,sep,240028,81
,24,39,,230899,Ademola Lookman,sep,240028,80
,24,45,,186153,Wojciech Szczesny,sep,240028,86
,24,39,,240679,Teun Koopmeiners,sep,240028,74
,24,45,,205175,Arkadiusz Milik,sep,240028,82
,24,45,,258966,Andrea Cambiaso,sep,240028,57
,24,45,,239580,Bremer,sep,240028,49
,24,39,,226710,Gianluca Scamacca,sep,240028,78
,24,45,,222077,Manuel Locatelli,sep,240028,70
,24,39,,266866,Ederson,sep,240028,67
,24,45,,199304,Danilo,sep,240028,67
,24,45,,268802,Fabio Miretti,sep,240028,60
,24,52,,212602,Diego Llorente,sep,240028,39
,24,110374,,205812,Pietro Terracciano,sep,240028,79
,24,52,,228251,Lorenzo Pellegrini,sep,240028,76
,24,52,,269312,Tommaso Baldanzi,sep,240028,71
,24,110374,,201389,Cristiano Biraghi,sep,240028,67
,24,52,,230872,Mile Svilar,sep,240028,71
,24,52,,208268,Bryan Cristante,sep,240028,72
,24,110374,,225439,Rolando Mandragora,sep,240028,66
,24,52,,234906,Houssem Aouar,sep,240028,68
,24,110374,,208596,Andrea Belotti,sep,240028,76
,24,110374,,189125,Giacomo Bonaventura,sep,240028,77
,24,110374,,246431,Riccardo Sottil,sep,240028,65
,24,110374,,238095,Nikola Milenkovic,sep,240028,45
,24,110374,,240690,Nicolas Gonzalez,sep,240028,75
,24,110374,,240777,Luca Ranieri,sep,240028,40
,24,52,,211110,Paulo Dybala,sep,240028,85
,24,52,,192505,Romelu Lukaku,sep,240028,83
,24,52,,220651,Angelino,sep,240028,69
,24,55,,256115,Lazar Samardzic,sep,240028,69
,24,46,,224987,Ivan Provedel,sep,240028,82
,24,46,,219985,Matias Vecino,sep,240028,72
,24,55,,257288,Maduka Okoye,sep,240028,70
,24,55,,244206,Nehuen Perez,sep,240028,25
,24,46,,248729,Gustav Isaksen,sep,240028,69
,24,46,,232730,Daichi Kamada,sep,240028,71
,24,46,,192387,Ciro Immobile,sep,240028,86
,24,46,,235374,Manuel Lazzari,sep,240028,60
,24,55,,258615,Oier Zarraga,sep,240028,64
,24,46,,215147,Lautaro Giannetti,sep,240028,34
,24,55,,268474,Lorenzo Lucca,sep,240028,72
,24,55,,220421,Hassane Kamara,sep,240028,57
,24,46,,201995,Felipe Anderson,sep,240028,78
,24,55,,223866,Sandi Lovric,sep,240028,62
,24,46,,198706,Luis Alberto,sep,240028,76
,24,46,,220502,Mattia Zaccagni,sep,240028,76
,24,55,,240970,Martin Payero,sep,240028,62
,24,55,,193061,Roberto Pereyra,sep,240028,74
,24,46,,268804,Mario Gila,sep,240028,39
,24,189,,271019,Giovanni Fabbian,sep,240029,62
,24,1746,,255303,Elia Caprile,sep,240029,73
,24,189,,257711,Riccardo Calafiori,sep,240029,46
,24,189,,231207,Jhon Lucumi,sep,240029,27
,24,189,,233556,Riccardo Orsolini,sep,240029,74
,24,189,,267861,Santiago Castro,sep,240029,70
,24,189,,242664,Alexis Saelemaekers,sep,240029,66
,24,1746,,204077,M'Baye Niang,sep,240029,73
,24,189,,189908,Lukasz Skorupski,sep,240029,77
,24,189,,254819,Kacper Urbanski,sep,240029,51
,24,189,,234671,Jens Odgaard,sep,240029,73
,24,1746,,268703,Nicolo Cambiaghi,sep,240029,72
,24,1746,,235813,Razvan Marin,sep,240029,74
,24,1746,,220534,Sebastiano Luperto,sep,240029,57
,24,1746,,199763,Bartosz Bereszynski,sep,240029,55
,24,189,,257980,Dan Ndoye,sep,240029,64
,24,1746,,239732,Szymon Zurkowski,sep,240029,71
,24,189,,262394,Sam Beukema,sep,240029,54
,24,1842,,230965,Nahitan Nandez,sep,240029,60
,24,111811,,235840,Michele Di Gregorio,sep,240029,79
,24,111811,,256899,Lorenzo Colombo,sep,240029,74
,24,1842,,220048,Simone Scuffet,sep,240029,73
,24,1842,,272725,Matteo Prati,sep,240029,64
,24,111811,,212153,Roberto Gagliardini,sep,240029,62
,24,1842,,211302,Gianluca Lapadula,sep,240029,72
,24,111811,,257000,Andrea Carboni,sep,240029,36
,24,111811,,251988,Andrea Colpani,sep,240029,74
,24,111811,,239613,Matteo Pessina,sep,240029,69
,24,111811,,237669,Alessio Zerbin,sep,240029,67
,24,1842,,224302,Mateusz Wieteska,sep,240029,37
,24,1842,,229743,Alessandro Deiola,sep,240029,66
,24,111811,,234147,Dany Mota,sep,240029,72
,24,111811,,257353,Warren Bondo,sep,240029,54
,24,111811,,255611,Daniel Maldini,sep,240029,60
,24,1842,,237586,Alberto Dossena,sep,240029,33
,24,111811,,237003,Samuele Birindelli,sep,240029,51
,24,1842,,226592,Jakub Jankto,sep,240029,67
,24,55,,222634,Isaac Success,sep,240029,68
,24,54,,224836,Vanja Milinkovic-Savic,sep,240029,77
,24,55,,263571,Festy Ebosele,sep,240029,43
,24,55,,222844,Walace,sep,240029,66
,24,55,,204970,Florian Thauvin,sep,240029,75
,24,54,,215333,Duvan Zapata,sep,240029,80
,24,55,,257288,Maduka Okoye,sep,240029,70
,24,55,,223866,Sandi Lovric,sep,240029,62
,24,54,,193352,Ricardo Rodriguez,sep,240029,66
,24,54,,273932,Gvidas Gineitis,sep,240029,53
,24,55,,220421,Hassane Kamara,sep,240029,57
,24,55,,268474,Lorenzo Lucca,sep,240029,72
,24,54,,241095,Nikola Vlasic,sep,240029,75
,24,54,,233732,David Okereke,sep,240029,70
,24,55,,244238,Jaka Bijol,sep,240029,58
,24,110373,,262083,Agustin Martegani,sep,240029,66
,24,347,,210676,Wladimiro Falcone,sep,240029,76
,24,110373,,192774,Konstantinos Manolas,sep,240029,24
,24,110373,,219496,Simy,sep,240029,69
,24,347,,243787,Ylber Ramadani,sep,240029,56
,24,110373,,158121,Benoit Costil,sep,240029,72
,24,110373,,247758,Iron Gomis,sep,240029,55
,24,347,,277839,Nikola Krstovic,sep,240029,73
,24,347,,277432,Patrick Dorgu,sep,240029,49
,24,110373,,173221,Antonio Candreva,sep,240029,78
,24,347,,236706,Pontus Almqvist,sep,240029,65
,24,347,,248385,Roberto Piccoli,sep,240029,68
,24,110373,,264880,Loum Tchaouna,sep,240029,62
,24,347,,268573,Federico Baschirotto,sep,240029,52
,24,347,,238370,Marin Pongracic,sep,240029,25
,24,110373,,236368,Giulio Maggiore,sep,240029,59
,24,110373,,245275,Toma Basic,sep,240029,63
,24,347,,233265,Remi Oudin,sep,240029,70
,24,110373,,257368,Lorenzo Pirola,sep,240029,42
,24,347,,220061,Norbert Gyomber,sep,240029,31
,24,46,,237712,Valentin Castellanos,sep,240029,78
,24,111657,,254502,Stefano Turati,sep,240029,73
,24,46,,235374,Manuel Lazzari,sep,240029,60
,24,111657,,258714,Emanuele Valeri,sep,240029,62
,24,46,,278032,Christos Mandas,sep,240029,62
,24,46,,219985,Matias Vecino,sep,240029,72
,24,46,,198706,Luis Alberto,sep,240029,76
,24,111657,,265695,Matias Soule,sep,240029,66
,24,111657,,268511,Walid Cheddira,sep,240029,69
,24,111657,,261281,Caleb Okoli,sep,240029,30
,24,46,,239770,Nicolo Casale,sep,240029,52
,24,46,,210413,Alessio Romagnoli,sep,240029,39
,24,46,,201995,Felipe Anderson,sep,240029,78
,24,46,,192387,Ciro Immobile,sep,240029,86
,24,46,,224031,Adam Marusic,sep,240029,66
,24,46,,220502,Mattia Zaccagni,sep,240029,76
,24,111657,,235875,Pol Lirola,sep,240029,61
,24,46,,211361,Danilo Cataldi,sep,240029,71
,24,111657,,198857,Simone Romagnoli,sep,240029,39
,24,111657,,221331,Luca Mazzitelli,sep,240029,62
,24,45,,266872,Federico Gatti,sep,240029,36
,24,110556,,243311,Josep Martinez,sep,240029,73
,24,45,,236610,Moise Kean,sep,240029,75
,24,45,,246430,Dusan Vlahovic,sep,240029,84
,24,45,,272379,Samuel Iling Junior,sep,240029,61
,24,110556,,240938,Junior Messias,sep,240029,72
,24,45,,186153,Wojciech Szczesny,sep,240029,86
,24,45,,258966,Andrea Cambiaso,sep,240029,57
,24,45,,268802,Fabio Miretti,sep,240029,60
,24,45,,222077,Manuel Locatelli,sep,240029,70
,24,110556,,201144,Milan Badelj,sep,240029,61
,24,110556,,241850,Mateo Retegui,sep,240029,76
,24,110556,,263829,Vitinha,sep,240029,74
,24,110556,,224378,Mattia Bani,sep,240029,18
,24,45,,208574,Filip Kostic,sep,240029,75
,24,206,,222148,Ondrej Duda,sep,240029,71
,24,47,,215698,Mike Maignan,sep,240029,87
,24,206,,229971,Fabien Centonze,sep,240029,49
,24,206,,264257,Tijjani Noslin,sep,240029,63
,24,206,,224301,Karol Swiderski,sep,240029,74
,24,47,,246172,Samuel Chukwueze,sep,240029,73
,24,206,,215363,Lorenzo Montipo,sep,240029,77
,24,47,,228881,Davide Calabria,sep,240029,57
,24,206,,255233,Tomas Suslov,sep,240029,68
,24,47,,241721,Rafael Leao,sep,240029,78
,24,47,,227796,Christian Pulisic,sep,240029,75
,24,47,,242530,Noah Okafor,sep,240029,75
,24,47,,232656,Theo Hernandez,sep,240029,70
,24,47,,240638,Tijjani Reijnders,sep,240029,73
,24,47,,255654,Pierre Kalulu,sep,240029,49
,24,47,,232756,Fikayo Tomori,sep,240029,39
,24,52,,269312,Tommaso Baldanzi,sep,240029,71
,24,111974,,163489,Andrea Consigli,sep,240029,79
,24,111974,,243593,Armand Lauriente,sep,240029,76
,24,52,,230872,Mile Svilar,sep,240029,71
,24,111974,,264044,Mattia Viti,sep,240029,34
,24,52,,192505,Romelu Lukaku,sep,240029,83
,24,111974,,244253,Uros Racic,sep,240029,69
,24,111974,,200054,Pedro Obiang,sep,240029,59
,24,52,,212602,Diego Llorente,sep,240029,39
,24,52,,208268,Bryan Cristante,sep,240029,72
,24,111974,,244456,Martin Erlic,sep,240029,34
,24,52,,228251,Lorenzo Pellegrini,sep,240029,76
,24,111974,,202851,Gregoire Defrel,sep,240029,73
,24,44,,228093,Marcus Thuram,sep,240029,79
,24,48,,225116,Alex Meret,sep,240029,82
,24,44,,239807,Davide Frattesi,sep,240029,73
,24,48,,217870,Giovanni Di Lorenzo,sep,240029,66
,24,44,,177683,Yann Sommer,sep,240029,85
,24,48,,200752,Juan Jesus,sep,240029,31
,24,48,,216816,Giovanni Simeone,sep,240029,79
,24,48,,227236,Frank Anguissa,sep,240029,66
,24,48,,240787,Hamed Junior Traore,sep,240029,69
,24,44,,226268,Federico Dimarco,sep,240029,74
,24,44,,224232,Nicolo Barella,sep,240029,77
,24,44,,231478,Lautaro Martinez,sep,240029,86
,24,48,,247635,Khvicha Kvaratskhelia,sep,240029,78
,24,44,,184392,Matteo Darmian,sep,240029,57
,24,48,,253002,Giacomo Raspadori,sep,240029,76
,24,39,,260697,Isak Hien,sep,240041,36
,24,110374,,275325,Tommaso Martinelli,sep,240041,56
,24,39,,226710,Gianluca Scamacca,sep,240041,79
,24,39,,220093,Hans Hateboer,sep,240041,62
,24,39,,214092,Aleksey Miranchuk,sep,240041,71
,24,110374,,240690,Nicolas Gonzalez,sep,240041,75
,24,39,,252154,Marco Carnesecchi,sep,240041,81
,24,39,,240679,Teun Koopmeiners,sep,240041,77
,24,39,,246656,Emil Holm,sep,240041,59
,24,110374,,208535,Alfred Duncan,sep,240041,63
,24,110374,,208596,Andrea Belotti,sep,240041,76
,24,110374,,246258,Lucas Beltran,sep,240041,75
,24,39,,259584,Matteo Ruggeri,sep,240041,48
,24,39,,265188,Giorgio Scalvini,sep,240041,35
,24,39,,230899,Ademola Lookman,sep,240041,80
,24,39,,266866,Ederson,sep,240032,67
,24,48,,225116,Alex Meret,sep,240032,82
,24,48,,216435,Stanislav Lobotka,sep,240032,66
,24,39,,252154,Marco Carnesecchi,sep,240032,80
,24,48,,217870,Giovanni Di Lorenzo,sep,240032,66
,24,39,,240679,Teun Koopmeiners,sep,240032,74
,24,48,,216816,Giovanni Simeone,sep,240032,79
,24,48,,232293,Victor Osimhen,sep,240032,85
,24,39,,208461,Marten de Roon,sep,240032,69
,24,48,,245741,Jesper Lindstrom,sep,240032,71
,24,39,,230899,Ademola Lookman,sep,240032,80
,24,48,,200752,Juan Jesus,sep,240032,31
,24,39,,214092,Aleksey Miranchuk,sep,240032,70
,24,48,,246457,Cyril Ngonge,sep,240032,71
,24,48,,210406,Piotr Zielinski,sep,240032,76
,24,48,,216409,Matteo Politano,sep,240032,77
,24,39,,216150,Davide Zappacosta,sep,240032,67
,24,39,,226710,Gianluca Scamacca,sep,240032,78
,24,110556,,245566,Alessandro Vogliacco,sep,240032,35
,24,111657,,254502,Stefano Turati,sep,240032,73
,24,110556,,244349,Johan Vasquez,sep,240032,31
,24,111657,,265695,Matias Soule,sep,240032,66
,24,110556,,243311,Josep Martinez,sep,240032,73
,24,111657,,258714,Emanuele Valeri,sep,240032,62
,24,110556,,240938,Junior Messias,sep,240032,72
,24,111657,,235875,Pol Lirola,sep,240032,61
,24,110556,,231969,Ruslan Malinovskyi,sep,240032,79
,24,111657,,257785,Marco Brescianini,sep,240032,57
,24,111657,,198857,Simone Romagnoli,sep,240032,39
,24,111657,,254544,Reinier,sep,240032,67
,24,110556,,238004,Albert Gudmundsson,sep,240032,76
,24,111657,,246871,Enzo Barrenechea,sep,240032,62
,24,110556,,206159,Stefano Sabelli,sep,240032,38
,24,54,,219932,Antonio Sanabria,sep,240032,75
,24,111811,,235840,Michele Di Gregorio,sep,240032,79
,24,111811,,234147,Dany Mota,sep,240032,72
,24,54,,224836,Vanja Milinkovic-Savic,sep,240032,77
,24,54,,215333,Duvan Zapata,sep,240032,80
,24,54,,253473,Samuele Ricci,sep,240032,54
,24,54,,213242,Adrien Tameze,sep,240032,65
,24,54,,241095,Nikola Vlasic,sep,240032,75
,24,111811,,192840,Milan Duric,sep,240032,70
,24,54,,233732,David Okereke,sep,240032,70
,24,54,,243241,Alessandro Buongiorno,sep,240032,45
,24,111811,,257000,Andrea Carboni,sep,240032,36
,24,54,,211147,Valentino Lazaro,sep,240032,68
,24,54,,247229,Raoul Bellanova,sep,240032,30
,24,111811,,251988,Andrea Colpani,sep,240032,74
,24,111811,,255611,Daniel Maldini,sep,240032,60
,24,46,,224031,Adam Marusic,sep,240032,66
,24,45,,186153,Wojciech Szczesny,sep,240032,86
,24,46,,198706,Luis Alberto,sep,240032,76
,24,46,,219985,Matias Vecino,sep,240032,72
,24,45,,239580,Bremer,sep,240032,49
,24,46,,278032,Christos Mandas,sep,240032,62
,24,46,,268804,Mario Gila,sep,240032,39
,24,45,,277954,Kenan Yildiz,sep,240032,57
,24,46,,201995,Felipe Anderson,sep,240032,78
,24,46,,210413,Alessio Romagnoli,sep,240032,39
,24,46,,239770,Nicolo Casale,sep,240032,52
,24,45,,235805,Federico Chiesa,sep,240032,81
,24,45,,222077,Manuel Locatelli,sep,240032,70
,24,45,,258966,Andrea Cambiaso,sep,240032,57
,24,45,,211320,Daniele Rugani,sep,240032,40
,24,46,,237712,Valentin Castellanos,sep,240032,78
,24,46,,232730,Daichi Kamada,sep,240032,71
,24,47,,227796,Christian Pulisic,sep,240032,75
,24,110374,,205812,Pietro Terracciano,sep,240032,79
,24,110374,,240690,Nicolas Gonzalez,sep,240032,75
,24,47,,215698,Mike Maignan,sep,240032,87
,24,110374,,225439,Rolando Mandragora,sep,240032,66
,24,110374,,208596,Andrea Belotti,sep,240032,76
,24,110374,,208535,Alfred Duncan,sep,240032,63
,24,47,,240277,Matteo Gabbia,sep,240032,35
,24,47,,203551,Alessandro Florenzi,sep,240032,76
,24,110374,,235866,Christian Kouame,sep,240032,71
,24,110374,,234612,Jonathan Ikone,sep,240032,66
,24,47,,241721,Rafael Leao,sep,240032,78
,24,47,,213666,Ruben Loftus-Cheek,sep,240032,72
,24,47,,178509,Olivier Giroud,sep,240032,84
,24,110374,,228708,Lucas Martinez Quarta,sep,240032,55
,24,47,,240638,Tijjani Reijnders,sep,240032,73
,24,47,,232756,Fikayo Tomori,sep,240032,39
,24,47,,246172,Samuel Chukwueze,sep,240032,73
,24,189,,210381,Charalampos Lykogiannis,sep,240032,67
,24,110373,,158121,Benoit Costil,sep,240032,72
,24,110373,,223570,Junior Sambia,sep,240032,65
,24,189,,240657,Federico Ravaglia,sep,240032,65
,24,110373,,173221,Antonio Candreva,sep,240032,79
,24,189,,250961,Joshua Zirkzee,sep,240032,76
,24,189,,257980,Dan Ndoye,sep,240032,64
,24,110373,,264880,Loum Tchaouna,sep,240032,68
,24,189,,233556,Riccardo Orsolini,sep,240032,74
,24,189,,234671,Jens Odgaard,sep,240032,73
,24,189,,242280,Lewis Ferguson,sep,240032,73
,24,189,,242664,Alexis Saelemaekers,sep,240032,66
,24,110373,,236368,Giulio Maggiore,sep,240032,59
,24,110373,,219496,Simy,sep,240032,69
,24,1842,,259011,Zito Luvumbo,sep,240032,66
,24,206,,215363,Lorenzo Montipo,sep,240032,77
,24,206,,268683,Michael Folorunsho,sep,240032,72
,24,1842,,220048,Simone Scuffet,sep,240032,73
,24,1842,,269276,Gaetano Oristanio,sep,240032,65
,24,1842,,272725,Matteo Prati,sep,240032,64
,24,1842,,271577,Ibrahim Sulemana,sep,240032,60
,24,206,,212127,Darko Lazovic,sep,240032,71
,24,1842,,240100,Tommaso Augello,sep,240032,53
,24,1842,,229743,Alessandro Deiola,sep,240032,66
,24,1842,,211302,Gianluca Lapadula,sep,240032,72
,24,206,,230065,Suat Serdar,sep,240032,70
,24,206,,223137,Federico Bonazzoli,sep,240032,71
,24,206,,70922,Stefan Mitrovic,sep,240032,68
,24,1842,,239964,Eldor Shomurodov,sep,240032,70
,24,55,,225669,Kingsley Ehizibue,sep,240032,55
,24,111974,,163489,Andrea Consigli,sep,240032,78
,24,111974,,255561,Josh Doig,sep,240032,61
,24,55,,257288,Maduka Okoye,sep,240032,70
,24,111974,,235842,Andrea Pinamonti,sep,240032,75
,24,111974,,243593,Armand Lauriente,sep,240032,76
,24,55,,204970,Florian Thauvin,sep,240032,75
,24,111974,,202851,Gregoire Defrel,sep,240032,72
,24,111974,,244253,Uros Racic,sep,240032,68
,24,55,,223866,Sandi Lovric,sep,240032,62
,24,111974,,242725,Kristian Thorstvedt,sep,240032,70
,24,55,,220421,Hassane Kamara,sep,240032,57
,24,55,,268474,Lorenzo Lucca,sep,240032,72
,24,111974,,224808,Gian Marco Ferrari,sep,240032,27
,24,347,,233265,Remi Oudin,sep,240032,70
,24,52,,230872,Mile Svilar,sep,240032,72
,24,347,,271197,Lameck Banda,sep,240032,65
,24,52,,211110,Paulo Dybala,sep,240032,85
,24,347,,210676,Wladimiro Falcone,sep,240032,76
,24,347,,201858,Nicola Sansone,sep,240032,70
,24,52,,190813,Stephan El Shaarawy,sep,240032,74
,24,347,,277839,Nikola Krstovic,sep,240032,73
,24,52,,234906,Houssem Aouar,sep,240032,68
,24,52,,192505,Romelu Lukaku,sep,240032,83
,24,347,,277432,Patrick Dorgu,sep,240032,49
,24,52,,269312,Tommaso Baldanzi,sep,240032,71
,24,347,,243787,Ylber Ramadani,sep,240032,56
,24,52,,220651,Angelino,sep,240032,69
,24,52,,262113,Nicola Zalewski,sep,240032,64
,24,347,,248385,Roberto Piccoli,sep,240032,68
,24,52,,207439,Leandro Paredes,sep,240032,64
,24,347,,236706,Pontus Almqvist,sep,240032,65
,24,347,,244717,Antonino Gallo,sep,240032,48
,24,347,,245863,Valentin Gendrey,sep,240032,32
,24,347,,238370,Marin Pongracic,sep,240032,25
,24,52,,222558,Rick Karsdorp,sep,240032,62
,24,44,,239807,Davide Frattesi,sep,240032,73
,24,1746,,255303,Elia Caprile,sep,240032,73
,24,1746,,266596,Jacopo Fazzini,sep,240032,50
,24,44,,228413,Emil Audero,sep,240032,79
,24,44,,184941,Alexis Sanchez,sep,240032,80
,24,44,,226851,Benjamin Pavard,sep,240032,62
,24,44,,264699,Kristjan Asllani,sep,240032,60
,24,1746,,242429,Liberato Cacace,sep,240032,58
,24,44,,231478,Lautaro Martinez,sep,240032,86
,24,44,,226268,Federico Dimarco,sep,240032,74
,24,1746,,268703,Nicolo Cambiaghi,sep,240032,72
,24,1746,,225189,Simone Bastoni,sep,240032,56
,24,44,,208128,Hakan Calhanoglu,sep,240032,80
,24,44,,192883,Henrikh Mkhitaryan,sep,240032,78
,24,44,,228093,Marcus Thuram,sep,240032,79
,24,44,,224232,Nicolo Barella,sep,240032,78
,24,1746,,220534,Sebastiano Luperto,sep,240032,57
,24,44,,199845,Francesco Acerbi,sep,240032,50
,24,1746,,204077,M'Baye Niang,sep,240032,73
,24,1746,,235813,Razvan Marin,sep,240032,74
,24,44,,237383,Alessandro Bastoni,sep,240032,35
,24,1746,,239732,Szymon Zurkowski,sep,240032,71
,24,111974,,235842,Andrea Pinamonti,sep,240033,75
,24,110373,,158121,Benoit Costil,sep,240033,72
,24,110373,,240661,Emanuel Vignato,sep,240033,63
,24,111974,,163489,Andrea Consigli,sep,240033,78
,24,110373,,236368,Giulio Maggiore,sep,240033,59
,24,111974,,243593,Armand Lauriente,sep,240033,76
,24,111974,,202851,Gregoire Defrel,sep,240033,72
,24,111974,,224808,Gian Marco Ferrari,sep,240033,27
,24,110373,,173221,Antonio Candreva,sep,240033,79
,24,111974,,237640,Nedim Bajrami,sep,240033,67
,24,110373,,230107,Lassana Coulibaly,sep,240033,57
,24,110373,,264880,Loum Tchaouna,sep,240033,68
,24,347,,248385,Roberto Piccoli,sep,240033,68
,24,47,,215698,Mike Maignan,sep,240033,87
,24,347,,253139,Santiago Pierotti,sep,240033,66
,24,47,,253177,Yunus Musah,sep,240033,67
,24,347,,210676,Wladimiro Falcone,sep,240033,76
,24,47,,226754,Ismael Bennacer,sep,240033,71
,24,47,,232432,Luka Jovic,sep,240033,78
,24,47,,246172,Samuel Chukwueze,sep,240033,73
,24,347,,236706,Pontus Almqvist,sep,240033,65
,24,47,,240638,Tijjani Reijnders,sep,240033,73
,24,47,,232656,Theo Hernandez,sep,240033,70
,24,47,,178509,Olivier Giroud,sep,240033,84
,24,47,,241721,Rafael Leao,sep,240033,78
,24,347,,277839,Nikola Krstovic,sep,240033,73
,24,347,,271196,Joan Gonzalez,sep,240033,60
,24,347,,220509,Lorenzo Venuti,sep,240033,25
,24,47,,227796,Christian Pulisic,sep,240033,75
,24,46,,201995,Felipe Anderson,sep,240033,78
,24,52,,230872,Mile Svilar,sep,240033,72
,24,46,,237712,Valentin Castellanos,sep,240033,78
,24,46,,236496,Matteo Guendouzi,sep,240033,67
,24,52,,190813,Stephan El Shaarawy,sep,240033,75
,24,46,,278032,Christos Mandas,sep,240033,62
,24,52,,228251,Lorenzo Pellegrini,sep,240033,76
,24,52,,208268,Bryan Cristante,sep,240033,73
,24,52,,229582,Gianluca Mancini,sep,240033,44
,24,52,,224490,Zeki Celik,sep,240033,58
,24,46,,192387,Ciro Immobile,sep,240033,86
,24,46,,219985,Matias Vecino,sep,240033,72
,24,46,,268804,Mario Gila,sep,240033,39
,24,52,,212602,Diego Llorente,sep,240033,39
,24,52,,207439,Leandro Paredes,sep,240033,64
,24,52,,220651,Angelino,sep,240033,69
,24,1746,,204077,M'Baye Niang,sep,240033,73
,24,54,,224836,Vanja Milinkovic-Savic,sep,240033,77
,24,54,,215333,Duvan Zapata,sep,240033,80
,24,1746,,255303,Elia Caprile,sep,240033,73
,24,54,,219932,Antonio Sanabria,sep,240033,75
,24,1746,,263929,Matteo Cancellieri,sep,240033,69
,24,54,,211408,Karol Linetty,sep,240033,61
,24,54,,193352,Ricardo Rodriguez,sep,240033,66
,24,54,,247229,Raoul Bellanova,sep,240033,30
,24,54,,241095,Nikola Vlasic,sep,240033,75
,24,54,,213242,Adrien Tameze,sep,240033,65
,24,1746,,235813,Razvan Marin,sep,240033,74
,24,1746,,268703,Nicolo Cambiaghi,sep,240033,72
,24,189,,257980,Dan Ndoye,sep,240033,64
,24,111657,,254502,Stefano Turati,sep,240033,73
,24,189,,254819,Kacper Urbanski,sep,240033,51
,24,111657,,257785,Marco Brescianini,sep,240033,57
,24,189,,189908,Lukasz Skorupski,sep,240033,77
,24,189,,267861,Santiago Castro,sep,240033,70
,24,189,,250961,Joshua Zirkzee,sep,240033,76
,24,111657,,221331,Luca Mazzitelli,sep,240033,62
,24,111657,,252440,Nadir Zortea,sep,240033,44
,24,189,,236898,Michel Aebischer,sep,240033,64
,24,189,,257711,Riccardo Calafiori,sep,240033,46
,24,189,,223671,Stefan Posch,sep,240033,28
,24,111657,,246871,Enzo Barrenechea,sep,240033,62
,24,189,,231207,Jhon Lucumi,sep,240033,27
,24,189,,233556,Riccardo Orsolini,sep,240033,74
,24,111657,,261281,Caleb Okoli,sep,240033,30
,24,111657,,265695,Matias Soule,sep,240033,67
,24,111657,,268511,Walid Cheddira,sep,240033,69
,24,111657,,254544,Reinier,sep,240033,67
,24,111811,,192840,Milan Duric,sep,240033,70
,24,48,,225116,Alex Meret,sep,240033,82
,24,48,,232293,Victor Osimhen,sep,240033,85
,24,111811,,235840,Michele Di Gregorio,sep,240033,79
,24,48,,217870,Giovanni Di Lorenzo,sep,240033,66
,24,48,,253002,Giacomo Raspadori,sep,240033,76
,24,111811,,251988,Andrea Colpani,sep,240033,75
,24,48,,210406,Piotr Zielinski,sep,240033,76
,24,48,,247635,Khvicha Kvaratskhelia,sep,240033,78
,24,48,,216409,Matteo Politano,sep,240033,77
,24,111811,,255611,Daniel Maldini,sep,240033,60
,24,48,,246457,Cyril Ngonge,sep,240033,71
,24,111811,,205343,Jean Daniel Akpa-Akpro,sep,240033,67
,24,48,,244263,Amir Rrahmani,sep,240033,50
,24,48,,240716,Mathias Olivera,sep,240033,48
,24,1842,,173160,Nicolas Viola,sep,240033,71
,24,39,,252154,Marco Carnesecchi,sep,240033,80
,24,1842,,259011,Zito Luvumbo,sep,240033,66
,24,39,,255529,El Bilal Toure,sep,240033,70
,24,1842,,220048,Simone Scuffet,sep,240033,73
,24,1842,,246877,Gianluca Gaetano,sep,240033,69
,24,1842,,239964,Eldor Shomurodov,sep,240033,70
,24,1842,,237586,Alberto Dossena,sep,240033,33
,24,1842,,229743,Alessandro Deiola,sep,240033,66
,24,39,,239368,Mitchel Bakker,sep,240033,53
,24,1842,,240100,Tommaso Augello,sep,240033,53
,24,1842,,270597,Antoine Makoumbou,sep,240033,58
,24,1842,,271577,Ibrahim Sulemana,sep,240033,60
,24,39,,230899,Ademola Lookman,sep,240033,80
,24,39,,226710,Gianluca Scamacca,sep,240033,78
,24,39,,187598,Rafael Toloi,sep,240033,51
,24,39,,266866,Ederson,sep,240033,67
,24,206,,268683,Michael Folorunsho,sep,240033,72
,24,110556,,243311,Josep Martinez,sep,240033,74
,24,206,,270686,Dani Silva,sep,240033,54
,24,206,,70922,Stefan Mitrovic,sep,240033,68
,24,206,,224301,Karol Swiderski,sep,240033,74
,24,110556,,240938,Junior Messias,sep,240033,72
,24,206,,215363,Lorenzo Montipo,sep,240033,77
,24,110556,,206159,Stefano Sabelli,sep,240033,38
,24,110556,,222475,Morten Thorsby,sep,240033,61
,24,206,,264257,Tijjani Noslin,sep,240033,66
,24,110556,,238004,Albert Gudmundsson,sep,240033,76
,24,110556,,244349,Johan Vasquez,sep,240033,31
,24,206,,230065,Suat Serdar,sep,240033,70
,24,110556,,239795,Caleb Ekuban,sep,240033,66
,24,110556,,242633,Morten Frendrup,sep,240033,58
,24,206,,251870,Juan Cabal,sep,240033,37
,24,206,,212127,Darko Lazovic,sep,240033,71
,24,206,,223137,Federico Bonazzoli,sep,240033,71
,24,45,,256402,Carlos Alcaraz,sep,240033,70
,24,110374,,205812,Pietro Terracciano,sep,240033,79
,24,110374,,240690,Nicolas Gonzalez,sep,240033,75
,24,45,,186153,Wojciech Szczesny,sep,240033,86
,24,110374,,246258,Lucas Beltran,sep,240033,75
,24,110374,,240452,M'bala Nzola,sep,240033,73
,24,110374,,246431,Riccardo Sottil,sep,240033,65
,24,45,,246430,Dusan Vlahovic,sep,240033,84
,24,110374,,236791,Antonin Barak,sep,240033,76
,24,45,,235805,Federico Chiesa,sep,240033,81
,24,110374,,201389,Cristiano Biraghi,sep,240033,67
,24,110374,,225439,Rolando Mandragora,sep,240033,66
,24,110374,,208596,Andrea Belotti,sep,240033,76
,24,45,,266872,Federico Gatti,sep,240033,36
,24,45,,239580,Bremer,sep,240033,49
,24,44,,239807,Davide Frattesi,sep,240033,73
,24,55,,257288,Maduka Okoye,sep,240033,71
,24,44,,231478,Lautaro Martinez,sep,240033,86
,24,44,,246800,Tajon Buchanan,sep,240033,62
,24,44,,226851,Benjamin Pavard,sep,240033,62
,24,44,,228093,Marcus Thuram,sep,240033,79
,24,44,,208128,Hakan Calhanoglu,sep,240033,80
,24,44,,233096,Denzel Dumfries,sep,240033,60
,24,55,,256115,Lazar Samardzic,sep,240033,69
,24,44,,177683,Yann Sommer,sep,240033,85
,24,44,,258648,Carlos Augusto,sep,240033,71
,24,55,,193061,Roberto Pereyra,sep,240033,74
,24,44,,226268,Federico Dimarco,sep,240033,74
,24,46,,248729,Gustav Isaksen,sep,240034,69
,24,110373,,158121,Benoit Costil,sep,240034,72
,24,110373,,230107,Lassana Coulibaly,sep,240034,57
,24,46,,278032,Christos Mandas,sep,240034,62
,24,46,,198706,Luis Alberto,sep,240034,76
,24,110373,,277832,Chukwubuikem Ikwuemesi,sep,240034,68
,24,46,,201995,Felipe Anderson,sep,240034,78
,24,110373,,264880,Loum Tchaouna,sep,240034,68
,24,46,,224031,Adam Marusic,sep,240034,66
,24,110373,,236368,Giulio Maggiore,sep,240034,59
,24,110373,,252000,Domagoj Bradaric,sep,240034,53
,24,46,,206098,Patric,sep,240034,51
,24,46,,219985,Matias Vecino,sep,240034,72
,24,46,,237712,Valentin Castellanos,sep,240034,78
,24,347,,201858,Nicola Sansone,sep,240034,70
,24,1746,,255303,Elia Caprile,sep,240034,74
,24,347,,248385,Roberto Piccoli,sep,240034,68
,24,347,,233265,Remi Oudin,sep,240034,70
,24,347,,268573,Federico Baschirotto,sep,240034,52
,24,347,,222982,Alexis Blin,sep,240034,52
,24,1746,,235813,Razvan Marin,sep,240034,74
,24,347,,210676,Wladimiro Falcone,sep,240034,76
,24,1746,,263929,Matteo Cancellieri,sep,240034,69
,24,347,,277432,Patrick Dorgu,sep,240034,49
,24,347,,245863,Valentin Gendrey,sep,240034,32
,24,54,,211147,Valentino Lazaro,sep,240034,68
,24,45,,186153,Wojciech Szczesny,sep,240034,86
,24,54,,233732,David Okereke,sep,240034,70
,24,45,,199304,Danilo,sep,240034,67
,24,54,,224836,Vanja Milinkovic-Savic,sep,240034,77
,24,45,,277954,Kenan Yildiz,sep,240034,57
,24,54,,228349,Mergim Vojvoda,sep,240034,52
,24,54,,253473,Samuele Ricci,sep,240034,54
,24,54,,241095,Nikola Vlasic,sep,240034,75
,24,45,,246430,Dusan Vlahovic,sep,240034,84
,24,54,,219932,Antonio Sanabria,sep,240034,75
,24,45,,235805,Federico Chiesa,sep,240034,81
,24,54,,247229,Raoul Bellanova,sep,240034,30
,24,54,,211408,Karol Linetty,sep,240034,61
,24,45,,222077,Manuel Locatelli,sep,240034,70
,24,45,,210008,Adrien Rabiot,sep,240034,75
,24,189,,250961,Joshua Zirkzee,sep,240034,76
,24,111811,,235840,Michele Di Gregorio,sep,240034,79
,24,189,,257980,Dan Ndoye,sep,240034,64
,24,111811,,239613,Matteo Pessina,sep,240034,69
,24,189,,189908,Lukasz Skorupski,sep,240034,77
,24,189,,231207,Jhon Lucumi,sep,240034,27
,24,189,,233556,Riccardo Orsolini,sep,240034,74
,24,189,,202024,Remo Freuler,sep,240034,68
,24,111811,,257000,Andrea Carboni,sep,240034,36
,24,189,,242280,Lewis Ferguson,sep,240034,73
,24,111811,,251988,Andrea Colpani,sep,240034,75
,24,189,,223671,Stefan Posch,sep,240034,28
,24,48,,244263,Amir Rrahmani,sep,240034,50
,24,111657,,254502,Stefano Turati,sep,240034,73
,24,111657,,266877,Demba Seck,sep,240034,64
,24,48,,225116,Alex Meret,sep,240034,82
,24,48,,247635,Khvicha Kvaratskhelia,sep,240034,78
,24,111657,,268511,Walid Cheddira,sep,240034,69
,24,48,,232293,Victor Osimhen,sep,240034,85
,24,111657,,252440,Nadir Zortea,sep,240034,44
,24,111657,,257785,Marco Brescianini,sep,240034,57
,24,48,,210406,Piotr Zielinski,sep,240034,76
,24,111657,,221331,Luca Mazzitelli,sep,240034,62
,24,111657,,265695,Matias Soule,sep,240034,67
,24,48,,216409,Matteo Politano,sep,240034,77
,24,47,,178509,Olivier Giroud,sep,240034,84
,24,111974,,163489,Andrea Consigli,sep,240034,78
,24,47,,242530,Noah Okafor,sep,240034,75
,24,47,,203551,Alessandro Florenzi,sep,240034,76
,24,47,,227796,Christian Pulisic,sep,240034,75
,24,111974,,235842,Andrea Pinamonti,sep,240034,75
,24,47,,216065,Marco Sportiello,sep,240034,77
,24,111974,,254487,Matheus Henrique,sep,240034,59
,24,47,,232432,Luka Jovic,sep,240034,78
,24,111974,,243593,Armand Lauriente,sep,240034,76
,24,111974,,242725,Kristian Thorstvedt,sep,240034,70
,24,47,,213666,Ruben Loftus-Cheek,sep,240034,72
,24,47,,232656,Theo Hernandez,sep,240034,70
,24,47,,246172,Samuel Chukwueze,sep,240034,73
,24,111974,,265761,Cristian Volpato,sep,240034,63
,24,47,,241721,Rafael Leao,sep,240034,78
,24,47,,179645,Simon Kjaer,sep,240034,54
,24,47,,256261,Malick Thiaw,sep,240034,47
,24,1842,,173160,Nicolas Viola,sep,240034,71
,24,44,,177683,Yann Sommer,sep,240034,85
,24,44,,241736,Yann Bisseck,sep,240034,49
,24,1842,,220048,Simone Scuffet,sep,240034,73
,24,44,,208128,Hakan Calhanoglu,sep,240034,80
,24,44,,239807,Davide Frattesi,sep,240034,73
,24,44,,184941,Alexis Sanchez,sep,240034,80
,24,1842,,239964,Eldor Shomurodov,sep,240034,70
,24,44,,224232,Nicolo Barella,sep,240034,78
,24,1842,,266636,Adam Obert,sep,240034,40
,24,44,,237383,Alessandro Bastoni,sep,240034,35
,24,44,,226268,Federico Dimarco,sep,240034,75
,24,1842,,259011,Zito Luvumbo,sep,240034,66
,24,1842,,271577,Ibrahim Sulemana,sep,240034,60
,24,44,,228093,Marcus Thuram,sep,240034,79
,24,110374,,235866,Christian Kouame,sep,240034,71
,24,110556,,243311,Josep Martinez,sep,240034,74
,24,110374,,240690,Nicolas Gonzalez,sep,240034,75
,24,110374,,228708,Lucas Martinez Quarta,sep,240034,55
,24,110374,,189125,Giacomo Bonaventura,sep,240034,77
,24,110374,,234612,Jonathan Ikone,sep,240034,66
,24,110374,,225439,Rolando Mandragora,sep,240034,66
,24,110374,,230658,Arthur,sep,240034,65
,24,110374,,208596,Andrea Belotti,sep,240034,76
,24,110556,,238004,Albert Gudmundsson,sep,240034,76
,24,110374,,205812,Pietro Terracciano,sep,240034,79
,24,110556,,240938,Junior Messias,sep,240034,72
,24,110374,,246431,Riccardo Sottil,sep,240034,65
,24,110374,,277869,Michael Kayode,sep,240034,33
,24,110556,,239795,Caleb Ekuban,sep,240034,66
,24,110374,,246258,Lucas Beltran,sep,240034,75
,24,206,,264257,Tijjani Noslin,sep,240034,66
,24,39,,252154,Marco Carnesecchi,sep,240034,80
,24,39,,214092,Aleksey Miranchuk,sep,240034,70
,24,206,,215363,Lorenzo Montipo,sep,240034,77
,24,39,,220093,Hans Hateboer,sep,240034,62
,24,206,,224301,Karol Swiderski,sep,240034,74
,24,39,,246656,Emil Holm,sep,240034,59
,24,206,,268683,Michael Folorunsho,sep,240034,72
,24,206,,212127,Darko Lazovic,sep,240034,71
,24,206,,251870,Juan Cabal,sep,240034,37
,24,206,,270686,Dani Silva,sep,240034,54
,24,39,,240679,Teun Koopmeiners,sep,240034,77
,24,206,,242392,Giangiacomo Magnani,sep,240034,37
,24,206,,255233,Tomas Suslov,sep,240034,68
,24,39,,251470,Charles De Ketelaere,sep,240034,73
,24,39,,226710,Gianluca Scamacca,sep,240034,78
,24,39,,223273,Mario Pasalic,sep,240034,77
,24,206,,213404,Pawel Dawidowicz,sep,240034,47
,24,39,,266866,Ederson,sep,240034,67
,24,39,,187598,Rafael Toloi,sep,240034,51
,24,52,,208268,Bryan Cristante,sep,240035,73
,24,55,,257288,Maduka Okoye,sep,240035,71
,24,52,,228251,Lorenzo Pellegrini,sep,240035,76
,24,52,,211110,Paulo Dybala,sep,240035,84
,24,52,,213955,Sardar Azmoun,sep,240035,75
,24,55,,193061,Roberto Pereyra,sep,240035,74
,24,52,,230872,Mile Svilar,sep,240035,72
,24,55,,268474,Lorenzo Lucca,sep,240035,72
,24,52,,192505,Romelu Lukaku,sep,240035,83
,24,52,,269312,Tommaso Baldanzi,sep,240035,71
,24,55,,256115,Lazar Samardzic,sep,240035,69
,24,52,,207439,Leandro Paredes,sep,240035,64
,24,52,,234906,Houssem Aouar,sep,240035,68
,24,55,,244238,Jaka Bijol,sep,240035,58
,24,55,,225669,Kingsley Ehizibue,sep,240035,55
,24,46,,232730,Daichi Kamada,sep,240035,71
,24,110556,,243311,Josep Martinez,sep,240035,74
,24,110556,,241850,Mateo Retegui,sep,240035,76
,24,46,,278032,Christos Mandas,sep,240035,62
,24,46,,198706,Luis Alberto,sep,240035,76
,24,46,,210413,Alessio Romagnoli,sep,240035,39
,24,46,,206098,Patric,sep,240035,51
,24,46,,201995,Felipe Anderson,sep,240035,78
,24,46,,237712,Valentin Castellanos,sep,240035,78
,24,110556,,239795,Caleb Ekuban,sep,240035,66
,24,46,,239770,Nicolo Casale,sep,240035,52
,24,110556,,265774,Koni De Winter,sep,240035,38
,24,46,,268804,Mario Gila,sep,240035,39
,24,46,,235374,Manuel Lazzari,sep,240035,60
,24,45,,277954,Kenan Yildiz,sep,240035,57
,24,1842,,220048,Simone Scuffet,sep,240035,73
,24,45,,237586,Alberto Dossena,sep,240035,33
,24,45,,246430,Dusan Vlahovic,sep,240035,84
,24,45,,258966,Andrea Cambiaso,sep,240035,57
,24,45,,210008,Adrien Rabiot,sep,240035,75
,24,1842,,272725,Matteo Prati,sep,240035,64
,24,45,,186153,Wojciech Szczesny,sep,240035,86
,24,45,,256402,Carlos Alcaraz,sep,240035,70
,24,1842,,220523,Yerry Mina,sep,240035,49
,24,1842,,259011,Zito Luvumbo,sep,240035,66
,24,1842,,246877,Gianluca Gaetano,sep,240035,69
,24,45,,241496,Timothy Weah,sep,240035,70
,24,1842,,239964,Eldor Shomurodov,sep,240035,70
,24,45,,235805,Federico Chiesa,sep,240035,81
,24,1842,,271577,Ibrahim Sulemana,sep,240035,60
,24,48,,246457,Cyril Ngonge,sep,240035,71
,24,1746,,255303,Elia Caprile,sep,240035,74
,24,48,,232293,Victor Osimhen,sep,240035,85
,24,48,,247635,Khvicha Kvaratskhelia,sep,240035,78
,24,48,,216409,Matteo Politano,sep,240035,77
,24,48,,210406,Piotr Zielinski,sep,240035,76
,24,48,,200752,Juan Jesus,sep,240035,31
,24,48,,217870,Giovanni Di Lorenzo,sep,240035,66
,24,1746,,266596,Jacopo Fazzini,sep,240035,50
,24,48,,225116,Alex Meret,sep,240035,82
,24,1746,,268703,Nicolo Cambiaghi,sep,240035,72
,24,1746,,213829,Alberto Cerri,sep,240035,71
,24,206,,269181,Diego Coppola,sep,240035,39
,24,206,,264257,Tijjani Noslin,sep,240035,66
,24,206,,268683,Michael Folorunsho,sep,240035,72
,24,206,,224301,Karol Swiderski,sep,240035,74
,24,206,,230065,Suat Serdar,sep,240035,70
,24,206,,223137,Federico Bonazzoli,sep,240035,71
,24,206,,215363,Lorenzo Montipo,sep,240035,77
,24,55,,240970,Martin Payero,sep,240035,64
,24,55,,222844,Walace,sep,240035,66
,24,206,,251870,Juan Cabal,sep,240035,37
,24,55,,261573,Thomas Kristensen,sep,240035,25
,24,55,,244206,Nehuen Perez,sep,240035,25
,24,206,,270686,Dani Silva,sep,240035,54
,24,347,,271196,Joan Gonzalez,sep,240035,60
,24,111974,,163489,Andrea Consigli,sep,240035,78
,24,111974,,255561,Josh Doig,sep,240035,61
,24,347,,210676,Wladimiro Falcone,sep,240035,76
,24,111974,,214622,Jeremy Toljan,sep,240035,41
,24,347,,277839,Nikola Krstovic,sep,240035,73
,24,111974,,235842,Andrea Pinamonti,sep,240035,75
,24,111974,,243200,Samuele Mulattieri,sep,240035,68
,24,347,,248385,Roberto Piccoli,sep,240035,68
,24,347,,277432,Patrick Dorgu,sep,240035,49
,24,347,,245863,Valentin Gendrey,sep,240035,32
,24,111974,,237640,Nedim Bajrami,sep,240035,67
,24,111974,,202851,Gregoire Defrel,sep,240035,72
,24,347,,222982,Alexis Blin,sep,240035,52
,24,54,,215333,Duvan Zapata,sep,240035,80
,24,111657,,254502,Stefano Turati,sep,240035,73
,24,54,,247229,Raoul Bellanova,sep,240035,30
,24,54,,258683,Ivan Ilic,sep,240035,71
,24,111657,,268511,Walid Cheddira,sep,240035,69
,24,54,,224836,Vanja Milinkovic-Savic,sep,240035,77
,24,54,,211408,Karol Linetty,sep,240035,61
,24,111657,,265695,Matias Soule,sep,240035,67
,24,111657,,258714,Emanuele Valeri,sep,240035,62
,24,54,,233732,David Okereke,sep,240035,70
,24,111657,,221331,Luca Mazzitelli,sep,240035,62
,24,54,,241095,Nikola Vlasic,sep,240035,75
,24,54,,228349,Mergim Vojvoda,sep,240035,52
,24,110374,,234612,Jonathan Ikone,sep,240035,66
,24,110373,,140233,Guillermo Ochoa,sep,240035,80
,24,110374,,225439,Rolando Mandragora,sep,240035,66
,24,110374,,246431,Riccardo Sottil,sep,240035,65
,24,110374,,235866,Christian Kouame,sep,240035,71
,24,110373,,173221,Antonio Candreva,sep,240035,79
,24,110374,,205812,Pietro Terracciano,sep,240035,79
,24,110374,,208535,Alfred Duncan,sep,240035,63
,24,110373,,264880,Loum Tchaouna,sep,240035,68
,24,110374,,240777,Luca Ranieri,sep,240035,40
,24,110373,,245275,Toma Basic,sep,240035,63
,24,110373,,223570,Junior Sambia,sep,240035,65
,24,110373,,277832,Chukwubuikem Ikwuemesi,sep,240035,68
,24,111811,,255611,Daniel Maldini,sep,240035,60
,24,39,,252154,Marco Carnesecchi,sep,240035,80
,24,111811,,272602,Valentin Carboni,sep,240035,49
,24,111811,,237669,Alessio Zerbin,sep,240035,67
,24,111811,,192840,Milan Duric,sep,240035,70
,24,39,,208461,Marten de Roon,sep,240035,69
,24,111811,,235840,Michele Di Gregorio,sep,240035,79
,24,39,,255529,El Bilal Toure,sep,240035,70
,24,111811,,239613,Matteo Pessina,sep,240035,69
,24,111811,,237003,Samuele Birindelli,sep,240035,51
,24,111811,,253213,Georgios Kyriakopoulos,sep,240035,48
,24,111811,,212153,Roberto Gagliardini,sep,240035,62
,24,39,,207993,Sead Kolasinac,sep,240035,61
,24,39,,230899,Ademola Lookman,sep,240035,80
,24,39,,251470,Charles De Ketelaere,sep,240035,73
,24,111811,,251988,Andrea Colpani,sep,240035,75
,24,39,,223273,Mario Pasalic,sep,240035,77
,24,39,,246656,Emil Holm,sep,240035,59
,24,189,,267861,Santiago Castro,sep,240035,70
,24,52,,222558,Rick Karsdorp,sep,240035,62
,24,189,,189908,Lukasz Skorupski,sep,240035,77
,24,189,,242664,Alexis Saelemaekers,sep,240035,66
,24,189,,257980,Dan Ndoye,sep,240035,64
,24,52,,190813,Stephan El Shaarawy,sep,240035,75
,24,189,,250961,Joshua Zirkzee,sep,240035,76
,24,189,,223671,Stefan Posch,sep,240035,28
,24,189,,269745,Oussama El Azzouzi,sep,240035,43
,24,189,,236898,Michel Aebischer,sep,240035,64
,24,47,,242530,Noah Okafor,sep,240035,75
,24,44,,177683,Yann Sommer,sep,240035,85
,24,47,,232756,Fikayo Tomori,sep,240035,39
,24,47,,240277,Matteo Gabbia,sep,240035,35
,24,47,,232656,Theo Hernandez,sep,240035,70
,24,47,,227796,Christian Pulisic,sep,240035,75
,24,44,,226851,Benjamin Pavard,sep,240035,62
,24,47,,215698,Mike Maignan,sep,240035,87
,24,44,,192883,Henrikh Mkhitaryan,sep,240035,78
,24,47,,213666,Ruben Loftus-Cheek,sep,240035,72
,24,44,,228093,Marcus Thuram,sep,240035,79
,24,47,,228881,Davide Calabria,sep,240035,57
,24,44,,226268,Federico Dimarco,sep,240035,75
,24,47,,241721,Rafael Leao,sep,240035,78
,24,44,,231478,Lautaro Martinez,sep,240035,86
,24,44,,199845,Francesco Acerbi,sep,240035,50
,24,47,,240638,Tijjani Reijnders,sep,240035,73
,24,110373,,179847,Federico Fazio,sep,240035,40
,24,110373,,247758,Iron Gomis,sep,240035,61
,24,111657,,252440,Nadir Zortea,sep,240035,44
,24,110373,,158121,Benoit Costil,sep,240035,72
,24,110373,,257368,Lorenzo Pirola,sep,240035,42
,24,111657,,246871,Enzo Barrenechea,sep,240035,62
,24,110373,,252000,Domagoj Bradaric,sep,240035,53
,24,110373,,230107,Lassana Coulibaly,sep,240035,57
,24,111657,,257785,Marco Brescianini,sep,240035,57
,24,111657,,261281,Caleb Okoli,sep,240035,30
,24,111811,,257353,Warren Bondo,sep,240035,54
,24,347,,244717,Antonino Gallo,sep,240035,48
,24,111811,,206654,Pablo Mari,sep,240035,39
,24,347,,233265,Remi Oudin,sep,240035,70
,24,347,,251790,Hamza Rafia,sep,240035,65
,24,45,,268802,Fabio Miretti,sep,240035,60
,24,47,,216065,Marco Sportiello,sep,240035,77
,24,45,,238744,Weston McKennie,sep,240035,72
,24,45,,199304,Danilo,sep,240035,67
,24,45,,205175,Arkadiusz Milik,sep,240035,82
,24,45,,266872,Federico Gatti,sep,240035,36
,24,45,,222077,Manuel Locatelli,sep,240035,70
,24,45,,208574,Filip Kostic,sep,240035,75
,24,47,,203551,Alessandro Florenzi,sep,240035,76
,24,47,,253177,Yunus Musah,sep,240035,67
,24,206,,231835,Thomas Henry,sep,240035,73
,24,46,,219985,Matias Vecino,sep,240035,72
,24,46,,189505,Pedro,sep,240035,72
,24,46,,220502,Mattia Zaccagni,sep,240035,76
,24,206,,212127,Darko Lazovic,sep,240035,71
,24,46,,248729,Gustav Isaksen,sep,240035,69
,24,206,,70922,Stefan Mitrovic,sep,240035,68
,24,46,,236496,Matteo Guendouzi,sep,240035,67
,24,44,,258648,Carlos Augusto,sep,240035,71
,24,44,,264699,Kristjan Asllani,sep,240035,60
,24,54,,219932,Antonio Sanabria,sep,240035,75
,24,44,,224232,Nicolo Barella,sep,240035,78
,24,54,,253473,Samuele Ricci,sep,240035,54
,24,44,,239807,Davide Frattesi,sep,240035,73
,24,44,,208128,Hakan Calhanoglu,sep,240035,80
,24,54,,193352,Ricardo Rodriguez,sep,240035,66
,24,55,,240332,Brenner,sep,240035,70
,24,55,,231743,Keinan Davis,sep,240035,68
,24,189,,233556,Riccardo Orsolini,sep,240035,74
,24,55,,258615,Oier Zarraga,sep,240035,64
,24,189,,231207,Jhon Lucumi,sep,240035,27
,24,39,,220093,Hans Hateboer,sep,240035,62
,24,1746,,235813,Razvan Marin,sep,240035,74
,24,1746,,228698,Viktor Kovalenko,sep,240035,69
,24,39,,214092,Aleksey Miranchuk,sep,240035,70
,24,39,,260697,Isak Hien,sep,240035,36
,24,39,,265188,Giorgio Scalvini,sep,240035,35
,24,1746,,230681,Giuseppe Pezzella,sep,240035,54
,24,1746,,204077,M'Baye Niang,sep,240035,73
,24,1746,,242429,Liberato Cacace,sep,240035,58
,24,1746,,220475,Alberto Grassi,sep,240035,62
,24,39,,208165,Berat Djimsiti,sep,240035,37
,24,48,,244263,Amir Rrahmani,sep,240035,50
,24,52,,231352,Tammy Abraham,sep,240035,76
,24,52,,236403,Evan Ndicka,sep,240035,51
,24,48,,240716,Mathias Olivera,sep,240035,48
,24,48,,216435,Stanislav Lobotka,sep,240035,66
,24,48,,227236,Frank Anguissa,sep,240035,66
,24,52,,229582,Gianluca Mancini,sep,240035,44
,24,110374,,240690,Nicolas Gonzalez,sep,240035,75
,24,110374,,236791,Antonin Barak,sep,240035,76
,24,111974,,242725,Kristian Thorstvedt,sep,240035,70
,24,110374,,236758,Oliver Christensen,sep,240035,73
,24,110374,,228708,Lucas Martinez Quarta,sep,240035,55
,24,111974,,268462,Daniel Boloca,sep,240035,58
,24,110374,,258976,Fabiano Parisi,sep,240035,66
,24,111974,,263785,Ruan,sep,240035,28
,24,110374,,277869,Michael Kayode,sep,240035,33
,24,110556,,245566,Alessandro Vogliacco,sep,240035,35
,24,110556,,263829,Vitinha,sep,240035,74
,24,1842,,70049,Kingstone Mutandwa,sep,240035,51
,24,1842,,211302,Gianluca Lapadula,sep,240035,72
,24,1842,,222388,Paulo Azzi,sep,240035,64
,24,1842,,229743,Alessandro Deiola,sep,240035,66
,24,110556,,238004,Albert Gudmundsson,sep,240035,76
,24,110556,,222475,Morten Thorsby,sep,240035,61
,24,110556,,201144,Milan Badelj,sep,240035,61
,24,1842,,224302,Mateusz Wieteska,sep,240035,37
,24,1842,,269276,Gaetano Oristanio,sep,240035,65
,24,110556,,242633,Morten Frendrup,sep,240035,58
,24,110556,,236295,Aaron Martin,sep,240035,52
,24,54,,225410,Adam Masina,sep,240037,40
,24,189,,189908,Lukasz Skorupski,sep,240037,77
,24,54,,211408,Karol Linetty,sep,240037,61
,24,54,,215333,Duvan Zapata,sep,240037,80
,24,54,,258683,Ivan Ilic,sep,240037,71
,24,189,,236898,Michel Aebischer,sep,240037,66
,24,54,,224836,Vanja Milinkovic-Savic,sep,240037,77
,24,189,,250961,Joshua Zirkzee,sep,240037,76
,24,189,,202024,Remo Freuler,sep,240037,68
,24,54,,219932,Antonio Sanabria,sep,240037,75
,24,54,,241095,Nikola Vlasic,sep,240037,75
,24,111811,,192840,Milan Duric,sep,240037,70
,24,46,,278032,Christos Mandas,sep,240037,62
,24,46,,236496,Matteo Guendouzi,sep,240037,67
,24,111811,,235840,Michele Di Gregorio,sep,240037,79
,24,111811,,251988,Andrea Colpani,sep,240037,75
,24,111811,,206654,Pablo Mari,sep,240037,39
,24,111811,,205343,Jean Daniel Akpa-Akpro,sep,240037,67
,24,46,,219985,Matias Vecino,sep,240037,72
,24,111811,,239613,Matteo Pessina,sep,240037,69
,24,111811,,237669,Alessio Zerbin,sep,240037,67
,24,46,,210413,Alessio Romagnoli,sep,240037,39
,24,111811,,253213,Georgios Kyriakopoulos,sep,240037,48
,24,111811,,257353,Warren Bondo,sep,240037,54
,24,46,,198706,Luis Alberto,sep,240037,76
,24,46,,192387,Ciro Immobile,sep,240037,86
,24,46,,206098,Patric,sep,240037,51
,24,111811,,272602,Valentin Carboni,sep,240037,49
,24,46,,232730,Daichi Kamada,sep,240037,71
,24,44,,224232,Nicolo Barella,sep,240037,78
,24,111974,,163489,Andrea Consigli,sep,240037,78
,24,44,,246800,Tajon Buchanan,sep,240037,62
,24,44,,184200,Marko Arnautovic,sep,240037,79
,24,111974,,243593,Armand Lauriente,sep,240037,76
,24,44,,228413,Emil Audero,sep,240037,79
,24,44,,258648,Carlos Augusto,sep,240037,71
,24,44,,198176,Stefan de Vrij,sep,240037,41
,24,44,,239807,Davide Frattesi,sep,240037,73
,24,44,,233096,Denzel Dumfries,sep,240037,60
,24,44,,231478,Lautaro Martinez,sep,240037,86
,24,44,,184941,Alexis Sanchez,sep,240037,80
,24,111974,,235842,Andrea Pinamonti,sep,240037,75
,24,111974,,274702,Luca Lipani,sep,240037,43
,24,111974,,242725,Kristian Thorstvedt,sep,240037,70
,24,347,,277839,Nikola Krstovic,sep,240037,73
,24,1842,,220048,Simone Scuffet,sep,240037,73
,24,347,,245863,Valentin Gendrey,sep,240037,32
,24,347,,222982,Alexis Blin,sep,240037,52
,24,347,,201858,Nicola Sansone,sep,240037,70
,24,347,,268573,Federico Baschirotto,sep,240037,52
,24,347,,253139,Santiago Pierotti,sep,240037,66
,24,347,,233265,Remi Oudin,sep,240037,70
,24,1842,,237586,Alberto Dossena,sep,240037,33
,24,347,,210676,Wladimiro Falcone,sep,240037,76
,24,1842,,259011,Zito Luvumbo,sep,240037,66
,24,1842,,271577,Ibrahim Sulemana,sep,240037,61
,24,347,,244717,Antonino Gallo,sep,240037,48
,24,1842,,270597,Antoine Makoumbou,sep,240037,58
,24,1842,,220523,Yerry Mina,sep,240037,48
,24,1842,,246877,Gianluca Gaetano,sep,240037,69
,24,347,,248385,Roberto Piccoli,sep,240037,68
,24,1842,,211302,Gianluca Lapadula,sep,240037,72
,24,111657,,261281,Caleb Okoli,sep,240037,30
,24,1746,,255303,Elia Caprile,sep,240037,74
,24,111657,,221331,Luca Mazzitelli,sep,240037,62
,24,111657,,274197,Francesco Gelli,sep,240037,57
,24,1746,,239732,Szymon Zurkowski,sep,240037,71
,24,111657,,240785,Michele Cerofolini,sep,240037,65
,24,111657,,265695,Matias Soule,sep,240037,67
,24,111657,,257785,Marco Brescianini,sep,240037,57
,24,111657,,268511,Walid Cheddira,sep,240037,69
,24,1746,,268703,Nicolo Cambiaghi,sep,240037,72
,24,111657,,198857,Simone Romagnoli,sep,240037,39
,24,111657,,235875,Pol Lirola,sep,240037,61
,24,1746,,220475,Alberto Grassi,sep,240037,62
,24,1746,,235813,Razvan Marin,sep,240037,74
,24,111657,,246871,Enzo Barrenechea,sep,240037,62
,24,110374,,208596,Andrea Belotti,sep,240037,76
,24,206,,215363,Lorenzo Montipo,sep,240037,77
,24,110374,,189125,Giacomo Bonaventura,sep,240037,77
,24,206,,255233,Tomas Suslov,sep,240037,69
,24,110374,,236758,Oliver Christensen,sep,240037,73
,24,110374,,240452,M'bala Nzola,sep,240037,73
,24,206,,224301,Karol Swiderski,sep,240037,74
,24,206,,264257,Tijjani Noslin,sep,240037,66
,24,110374,,236791,Antonin Barak,sep,240037,76
,24,110374,,225014,Gaetano Castrovilli,sep,240037,66
,24,206,,223137,Federico Bonazzoli,sep,240037,71
,24,206,,230065,Suat Serdar,sep,240037,70
,24,110374,,208535,Alfred Duncan,sep,240037,63
,24,110374,,234612,Jonathan Ikone,sep,240037,66
,24,206,,212127,Darko Lazovic,sep,240037,71
,24,110374,,238095,Nikola Milenkovic,sep,240037,45
,24,47,,178509,Olivier Giroud,sep,240037,84
,24,110556,,243311,Josep Martinez,sep,240037,74
,24,47,,232656,Theo Hernandez,sep,240037,70
,24,110556,,256261,Malick Thiaw,sep,240037,47
,24,47,,216065,Marco Sportiello,sep,240037,77
,24,110556,,210384,Ridgeciano Haps,sep,240037,61
,24,110556,,241850,Mateo Retegui,sep,240037,76
,24,47,,240277,Matteo Gabbia,sep,240037,35
,24,47,,203551,Alessandro Florenzi,sep,240037,76
,24,47,,241721,Rafael Leao,sep,240037,78
,24,47,,246172,Samuel Chukwueze,sep,240037,73
,24,110556,,239795,Caleb Ekuban,sep,240037,66
,24,110556,,222475,Morten Thorsby,sep,240037,61
,24,47,,227796,Christian Pulisic,sep,240037,77
,24,110556,,242633,Morten Frendrup,sep,240037,58
,24,47,,240638,Tijjani Reijnders,sep,240037,73
,24,47,,226754,Ismael Bennacer,sep,240037,71
,24,52,,236403,Evan Ndicka,sep,240037,51
,24,45,,186153,Wojciech Szczesny,sep,240037,86
,24,52,,231352,Tammy Abraham,sep,240037,76
,24,45,,205175,Arkadiusz Milik,sep,240037,82
,24,52,,230872,Mile Svilar,sep,240037,72
,24,45,,236610,Moise Kean,sep,240037,75
,24,45,,222077,Manuel Locatelli,sep,240037,70
,24,52,,262113,Nicola Zalewski,sep,240037,64
,24,52,,233301,Rasmus Kristensen,sep,240037,64
,24,52,,212602,Diego Llorente,sep,240037,39
,24,52,,228251,Lorenzo Pellegrini,sep,240037,76
,24,45,,246430,Dusan Vlahovic,sep,240037,84
,24,45,,266872,Federico Gatti,sep,240037,36
,24,45,,210008,Adrien Rabiot,sep,240037,75
,24,45,,235805,Federico Chiesa,sep,240037,81
,24,45,,258966,Andrea Cambiaso,sep,240037,57
,24,52,,211110,Paulo Dybala,sep,240037,84
,24,52,,207439,Leandro Paredes,sep,240037,64
,24,45,,199304,Danilo,sep,240037,67
,24,45,,239580,Bremer,sep,240037,49
,24,52,,192505,Romelu Lukaku,sep,240037,83
,24,52,,208268,Bryan Cristante,sep,240037,73
,24,110373,,264880,Loum Tchaouna,sep,240037,68
,24,39,,252154,Marco Carnesecchi,sep,240037,81
,24,39,,259584,Matteo Ruggeri,sep,240037,48
,24,110373,,185172,Vincenzo Fiorillo,sep,240037,68
,24,39,,230899,Ademola Lookman,sep,240037,80
,24,39,,220093,Hans Hateboer,sep,240037,62
,24,110373,,251412,Shon Weissman,sep,240037,75
,24,39,,226710,Gianluca Scamacca,sep,240037,79
,24,39,,240679,Teun Koopmeiners,sep,240037,77
,24,110373,,223570,Junior Sambia,sep,240037,65
,24,110373,,245275,Toma Basic,sep,240037,63
,24,39,,214092,Aleksey Miranchuk,sep,240037,71
,24,110373,,257368,Lorenzo Pirola,sep,240037,42
,24,39,,265188,Giorgio Scalvini,sep,240037,35
,24,55,,222634,Isaac Success,sep,240037,67
,24,48,,225116,Alex Meret,sep,240037,82
,24,48,,216409,Matteo Politano,sep,240037,77
,24,55,,257288,Maduka Okoye,sep,240037,71
,24,48,,240787,Hamed Junior Traore,sep,240037,69
,24,48,,232293,Victor Osimhen,sep,240037,85
,24,55,,258615,Oier Zarraga,sep,240037,64
,24,55,,256115,Lazar Samardzic,sep,240037,69
,24,55,,225669,Kingsley Ehizibue,sep,240037,55
,24,55,,231743,Keinan Davis,sep,240037,68
,24,48,,217870,Giovanni Di Lorenzo,sep,240037,66
,24,48,,244472,Jens-Lys Cajuste,sep,240037,61
,24,48,,238516,Leo Ostigard,sep,240037,37
,24,55,,244238,Jaka Bijol,sep,240037,58
,24,48,,245741,Jesper Lindstrom,sep,240037,71
,24,55,,268474,Lorenzo Lucca,sep,240037,72
,24,55,,220421,Hassane Kamara,sep,240037,57
,24,44,,241736,Yann Bisseck,sep,240037,49
,24,44,,177683,Yann Sommer,sep,240037,86
,24,111657,,260644,Kaio Jorge,sep,240037,69
,24,44,,228093,Marcus Thuram,sep,240037,79
,24,111657,,241937,Abdou Harroui,sep,240037,68
,24,111657,,258714,Emanuele Valeri,sep,240037,62
,24,111657,,252440,Nadir Zortea,sep,240037,44
,24,111657,,254544,Reinier,sep,240037,67
,24,44,,226268,Federico Dimarco,sep,240037,75
,24,44,,264699,Kristjan Asllani,sep,240037,60
,24,189,,240657,Federico Ravaglia,sep,240037,67
,24,48,,239679,Pasquale Mazzocchi,sep,240037,58
,24,48,,253002,Giacomo Raspadori,sep,240037,76
,24,48,,227236,Frank Anguissa,sep,240037,66
,24,48,,246457,Cyril Ngonge,sep,240037,71
,24,189,,233556,Riccardo Orsolini,sep,240037,78
,24,48,,247635,Khvicha Kvaratskhelia,sep,240037,78
,24,189,,242664,Alexis Saelemaekers,sep,240037,66
,24,189,,223671,Stefan Posch,sep,240037,53
,24,48,,216435,Stanislav Lobotka,sep,240037,66
,24,189,,257980,Dan Ndoye,sep,240037,65
,24,48,,240716,Mathias Olivera,sep,240037,48
,24,189,,257711,Riccardo Calafiori,sep,240037,49
,24,1842,,239964,Eldor Shomurodov,sep,240037,70
,24,1842,,230965,Nahitan Nandez,sep,240037,60
,24,1842,,266636,Adam Obert,sep,240037,40
,24,1842,,229743,Alessandro Deiola,sep,240037,66
,24,1842,,272725,Matteo Prati,sep,240037,64
,24,1746,,263929,Matteo Cancellieri,sep,240037,69
,24,1746,,199763,Bartosz Bereszynski,sep,240037,55
,24,1746,,277515,Stiven Shpendi,sep,240037,63
,24,46,,201995,Felipe Anderson,sep,240037,78
,24,1746,,189053,Francesco Caputo,sep,240037,73
,24,46,,220502,Mattia Zaccagni,sep,240037,76
,24,1746,,236838,Youssef Maleh,sep,240037,64
,24,1746,,220534,Sebastiano Luperto,sep,240037,57
,24,1746,,258782,Ardian Ismajli,sep,240037,30
,24,1746,,225189,Simone Bastoni,sep,240037,56
,24,110556,,244349,Johan Vasquez,sep,240037,31
,24,111974,,265761,Cristian Volpato,sep,240037,63
,24,111974,,214622,Jeremy Toljan,sep,240037,41
,24,110556,,201144,Milan Badelj,sep,240037,61
,24,111974,,254487,Matheus Henrique,sep,240037,59
,24,111974,,224808,Gian Marco Ferrari,sep,240037,27
,24,111974,,255561,Josh Doig,sep,240037,61
,24,206,,235172,Ruben Vinagre,sep,240037,53
,24,206,,222148,Ondrej Duda,sep,240037,71
,24,54,,238873,Pietro Pellegri,sep,240037,65
,24,206,,269181,Diego Coppola,sep,240037,39
,24,45,,268802,Fabio Miretti,sep,240037,60
,24,110373,,263317,Mateusz Legowski,sep,240037,55
,24,45,,277954,Kenan Yildiz,sep,240037,57
,24,110373,,179847,Federico Fazio,sep,240037,40
,24,110373,,270926,Niccolo Pierozzi,sep,240037,62
,24,45,,272379,Samuel Iling Junior,sep,240037,61
,24,45,,208574,Filip Kostic,sep,240037,75
,24,110373,,277832,Chukwubuikem Ikwuemesi,sep,240037,68
,24,52,,190813,Stephan El Shaarawy,sep,240037,75
,24,39,,266866,Ederson,sep,240037,67
,24,52,,262171,Edoardo Bove,sep,240037,66
,24,39,,208165,Berat Djimsiti,sep,240037,37
,24,39,,208461,Marten de Roon,sep,240037,69
,24,39,,223273,Mario Pasalic,sep,240037,77
,24,39,,251470,Charles De Ketelaere,sep,240037,75
,24,52,,220651,Angelino,sep,240037,69
,24,55,,240970,Martin Payero,sep,240037,64
,24,347,,238370,Marin Pongracic,sep,240037,25
,24,347,,251790,Hamza Rafia,sep,240037,65
,24,55,,244206,Nehuen Perez,sep,240037,25
,24,55,,261573,Thomas Kristensen,sep,240037,25
,24,110374,,205812,Pietro Terracciano,sep,240037,79
,24,110374,,230658,Arthur,sep,240037,65
,24,110374,,240690,Nicolas Gonzalez,sep,240037,75
,24,110374,,225439,Rolando Mandragora,sep,240037,66
,24,110374,,228708,Lucas Martinez Quarta,sep,240037,55
,24,110374,,258976,Fabiano Parisi,sep,240037,66
,24,48,,216435,Stanislav Lobotka,sep,240039,66
,24,110374,,205812,Pietro Terracciano,sep,240039,79
,24,48,,253002,Giacomo Raspadori,sep,240039,76
,24,110374,,208596,Andrea Belotti,sep,240039,76
,24,48,,225116,Alex Meret,sep,240039,82
,24,48,,244263,Amir Rrahmani,sep,240039,50
,24,48,,216409,Matteo Politano,sep,240039,77
,24,110374,,240690,Nicolas Gonzalez,sep,240039,75
,24,48,,216816,Giovanni Simeone,sep,240039,79
,24,48,,247635,Khvicha Kvaratskhelia,sep,240039,78
,24,110374,,201389,Cristiano Biraghi,sep,240039,67
,24,48,,244472,Jens-Lys Cajuste,sep,240039,61
,24,110374,,246258,Lucas Beltran,sep,240039,75
,24,110374,,240452,M'bala Nzola,sep,240039,73
,24,110374,,235866,Christian Kouame,sep,240039,71
,24,110374,,189125,Giacomo Bonaventura,sep,240039,77
,24,347,,248385,Roberto Piccoli,sep,240039,68
,24,39,,214979,Juan Musso,sep,240039,79
,24,39,,208165,Berat Djimsiti,sep,240039,37
,24,347,,210676,Wladimiro Falcone,sep,240039,76
,24,39,,260697,Isak Hien,sep,240039,36
,24,39,,265188,Giorgio Scalvini,sep,240039,35
,24,39,,214092,Aleksey Miranchuk,sep,240039,71
,24,39,,226710,Gianluca Scamacca,sep,240039,79
,24,39,,251470,Charles De Ketelaere,sep,240039,75
,24,347,,277839,Nikola Krstovic,sep,240039,73
,24,39,,216150,Davide Zappacosta,sep,240039,67
,24,347,,277432,Patrick Dorgu,sep,240039,49
,24,39,,255529,El Bilal Toure,sep,240039,70
,24,39,,278354,Giovanni Bonfanti,sep,240039,34
,24,347,,245863,Valentin Gendrey,sep,240039,32
,24,39,,223273,Mario Pasalic,sep,240039,77
,24,54,,211408,Karol Linetty,sep,240039,61
,24,47,,216065,Marco Sportiello,sep,240039,77
,24,47,,240638,Tijjani Reijnders,sep,240039,73
,24,54,,224836,Vanja Milinkovic-Savic,sep,240039,77
,24,47,,241721,Rafael Leao,sep,240039,78
,24,54,,211147,Valentino Lazaro,sep,240039,68
,24,47,,178509,Olivier Giroud,sep,240039,84
,24,47,,227796,Christian Pulisic,sep,240039,78
,24,47,,255654,Pierre Kalulu,sep,240039,49
,24,47,,253177,Yunus Musah,sep,240039,67
,24,47,,232432,Luka Jovic,sep,240039,78
,24,54,,215333,Duvan Zapata,sep,240039,80
,24,47,,242530,Noah Okafor,sep,240039,75
,24,47,,226754,Ismael Bennacer,sep,240039,71
,24,54,,193352,Ricardo Rodriguez,sep,240039,66
,24,54,,247229,Raoul Bellanova,sep,240039,30
,24,54,,258683,Ivan Ilic,sep,240039,71
,24,54,,213242,Adrien Tameze,sep,240039,65
,24,1842,,211302,Gianluca Lapadula,sep,240039,72
,24,111974,,163489,Andrea Consigli,sep,240039,78
,24,111974,,235842,Andrea Pinamonti,sep,240039,75
,24,1842,,220048,Simone Scuffet,sep,240039,73
,24,1842,,271577,Ibrahim Sulemana,sep,240039,61
,24,111974,,202851,Gregoire Defrel,sep,240039,72
,24,1842,,272725,Matteo Prati,sep,240039,64
,24,1842,,252964,Gabriele Zappa,sep,240039,52
,24,1842,,259011,Zito Luvumbo,sep,240039,66
,24,1842,,229743,Alessandro Deiola,sep,240039,66
,24,1842,,246877,Gianluca Gaetano,sep,240039,69
,24,1842,,239964,Eldor Shomurodov,sep,240039,70
,24,111974,,224808,Gian Marco Ferrari,sep,240039,27
,24,111974,,244253,Uros Racic,sep,240039,68
,24,111811,,202848,Gianluca Caprari,sep,240039,73
,24,111657,,240785,Michele Cerofolini,sep,240039,65
,24,111811,,192840,Milan Duric,sep,240039,70
,24,111657,,252440,Nadir Zortea,sep,240039,44
,24,111811,,271146,Alessandro Sorrentino,sep,240039,63
,24,111657,,254544,Reinier,sep,240039,67
,24,111657,,265695,Matias Soule,sep,240039,67
,24,111811,,239613,Matteo Pessina,sep,240039,69
,24,111811,,272602,Valentin Carboni,sep,240039,49
,24,111811,,251988,Andrea Colpani,sep,240039,75
,24,111811,,212153,Roberto Gagliardini,sep,240039,62
,24,111657,,258714,Emanuele Valeri,sep,240039,62
,24,111657,,241937,Abdou Harroui,sep,240039,68
,24,111657,,268511,Walid Cheddira,sep,240039,69
,24,111811,,198946,Danilo D'Ambrosio,sep,240039,55
,24,111657,,235875,Pol Lirola,sep,240039,61
,24,111657,,261281,Caleb Okoli,sep,240039,30
,24,55,,256115,Lazar Samardzic,sep,240039,69
,24,1746,,255303,Elia Caprile,sep,240039,74
,24,55,,244238,Jaka Bijol,sep,240039,58
,24,1746,,204077,M'Baye Niang,sep,240039,73
,24,55,,257288,Maduka Okoye,sep,240039,71
,24,1746,,258782,Ardian Ismajli,sep,240039,30
,24,55,,231743,Keinan Davis,sep,240039,68
,24,55,,222844,Walace,sep,240039,66
,24,55,,220421,Hassane Kamara,sep,240039,57
,24,1746,,220475,Alberto Grassi,sep,240039,62
,24,46,,237712,Valentin Castellanos,sep,240039,78
,24,44,,177683,Yann Sommer,sep,240039,86
,24,44,,184941,Alexis Sanchez,sep,240039,80
,24,46,,224987,Ivan Provedel,sep,240039,82
,24,44,,233096,Denzel Dumfries,sep,240039,60
,24,44,,231478,Lautaro Martinez,sep,240039,86
,24,46,,236496,Matteo Guendouzi,sep,240039,67
,24,46,,219985,Matias Vecino,sep,240039,72
,24,44,,224232,Nicolo Barella,sep,240039,78
,24,44,,208128,Hakan Calhanoglu,sep,240039,80
,24,44,,228093,Marcus Thuram,sep,240039,79
,24,44,,237383,Alessandro Bastoni,sep,240039,35
,24,46,,220502,Mattia Zaccagni,sep,240039,76
,24,46,,232730,Daichi Kamada,sep,240039,71
,24,44,,226268,Federico Dimarco,sep,240039,75
,24,110556,,241850,Mateo Retegui,sep,240039,76
,24,52,,230872,Mile Svilar,sep,240039,72
,24,110556,,222475,Morten Thorsby,sep,240039,61
,24,110556,,231969,Ruslan Malinovskyi,sep,240039,79
,24,52,,211110,Paulo Dybala,sep,240039,84
,24,110556,,243311,Josep Martinez,sep,240039,74
,24,110556,,263829,Vitinha,sep,240039,74
,24,52,,192505,Romelu Lukaku,sep,240039,83
,24,52,,208268,Bryan Cristante,sep,240039,73
,24,52,,220651,Angelino,sep,240039,69
,24,52,,212602,Diego Llorente,sep,240039,39
,24,110556,,236295,Aaron Martin,sep,240039,52
,24,110556,,242633,Morten Frendrup,sep,240039,58
,24,52,,190813,Stephan El Shaarawy,sep,240039,75
,24,52,,269312,Tommaso Baldanzi,sep,240039,71
,24,110556,,244349,Johan Vasquez,sep,240039,31
,24,52,,207439,Leandro Paredes,sep,240039,64
,24,52,,262171,Edoardo Bove,sep,240039,66
,24,110373,,236368,Giulio Maggiore,sep,240039,59
,24,206,,215363,Lorenzo Montipo,sep,240039,77
,24,110373,,270926,Niccolo Pierozzi,sep,240039,62
,24,110373,,192774,Konstantinos Manolas,sep,240039,24
,24,110373,,173221,Antonio Candreva,sep,240039,79
,24,206,,268683,Michael Folorunsho,sep,240039,73
,24,110373,,185172,Vincenzo Fiorillo,sep,240039,68
,24,110373,,245275,Toma Basic,sep,240039,63
,24,110373,,268656,Alessandro Zanoli,sep,240039,38
,24,206,,230065,Suat Serdar,sep,240039,70
,24,206,,264257,Tijjani Noslin,sep,240039,70
,24,206,,269181,Diego Coppola,sep,240039,39
,24,206,,255233,Tomas Suslov,sep,240039,69
,24,206,,212127,Darko Lazovic,sep,240039,71
,24,45,,222077,Manuel Locatelli,sep,240039,70
,24,189,,189908,Lukasz Skorupski,sep,240039,77
,24,189,,257980,Dan Ndoye,sep,240039,65
,24,45,,186153,Wojciech Szczesny,sep,240039,86
,24,45,,235805,Federico Chiesa,sep,240039,81
,24,45,,277954,Kenan Yildiz,sep,240039,57
,24,45,,205175,Arkadiusz Milik,sep,240039,82
,24,189,,234671,Jens Odgaard,sep,240039,73
,24,45,,266872,Federico Gatti,sep,240039,36
,24,189,,257711,Riccardo Calafiori,sep,240039,49
,24,45,,210008,Adrien Rabiot,sep,240039,75
,24,45,,239580,Bremer,sep,240039,49
,24,189,,254819,Kacper Urbanski,sep,240039,51
,24,189,,267861,Santiago Castro,sep,240039,70
,24,189,,236898,Michel Aebischer,sep,240039,66
,24,189,,202024,Remo Freuler,sep,240039,69
,24,110374,,230658,Arthur,sep,240039,65
,24,1842,,70049,Kingstone Mutandwa,sep,240039,51
,24,110374,,228708,Lucas Martinez Quarta,sep,240039,55
,24,1842,,173160,Nicolas Viola,sep,240039,71
,24,110374,,225014,Gaetano Castrovilli,sep,240039,66
,24,110374,,234112,Dodo,sep,240039,57
,24,110374,,236791,Antonin Barak,sep,240039,76
,24,110556,,238004,Albert Gudmundsson,sep,240039,76
,24,189,,240657,Federico Ravaglia,sep,240039,67
,24,110556,,239795,Caleb Ekuban,sep,240039,66
,24,189,,231207,Jhon Lucumi,sep,240039,27
,24,110556,,201299,Nicola Leali,sep,240039,69
,24,110556,,274082,Alan Matturro,sep,240039,28
,24,189,,233556,Riccardo Orsolini,sep,240039,78
,24,189,,271019,Giovanni Fabbian,sep,240039,73
,24,189,,210381,Charalampos Lykogiannis,sep,240039,70
,24,110556,,206159,Stefano Sabelli,sep,240039,38
,24,189,,262394,Sam Beukema,sep,240039,54
,24,45,,256402,Carlos Alcaraz,sep,240039,70
,24,111811,,253213,Georgios Kyriakopoulos,sep,240039,48
,24,45,,198009,Mattia Perin,sep,240039,79
,24,111811,,237003,Samuele Birindelli,sep,240039,51
,24,111811,,257353,Warren Bondo,sep,240039,54
,24,45,,191043,Alex Sandro,sep,240039,64
,24,45,,260823,Nicolo Fagioli,sep,240039,64
,24,111811,,216145,Armando Izzo,sep,240039,33
,24,47,,220477,Mattia Caldara,sep,240039,34
,24,110373,,219496,Simy,sep,240039,69
,24,47,,140293,Antonio Mirante,sep,240039,72
,24,110373,,264880,Loum Tchaouna,sep,240039,68
,24,110373,,223570,Junior Sambia,sep,240039,65
,24,47,,232656,Theo Hernandez,sep,240039,73
,24,47,,228881,Davide Calabria,sep,240039,57
,24,47,,240277,Matteo Gabbia,sep,240039,35
,24,47,,232756,Fikayo Tomori,sep,240039,39
,24,47,,203551,Alessandro Florenzi,sep,240039,76
,24,110373,,237335,Grigoris Kastanos,sep,240039,69
,24,54,,266333,Luca Gemello,sep,240039,64
,24,39,,252154,Marco Carnesecchi,sep,240039,81
,24,39,,240679,Teun Koopmeiners,sep,240039,77
,24,54,,219932,Antonio Sanabria,sep,240039,75
,24,39,,246656,Emil Holm,sep,240039,59
,24,54,,238873,Pietro Pellegri,sep,240039,65
,24,39,,230899,Ademola Lookman,sep,240039,80
,24,48,,232293,Victor Osimhen,sep,240039,85
,24,347,,233265,Remi Oudin,sep,240039,70
,24,48,,217870,Giovanni Di Lorenzo,sep,240039,66
,24,48,,238516,Leo Ostigard,sep,240039,37
,24,48,,240716,Mathias Olivera,sep,240039,48
,24,48,,246457,Cyril Ngonge,sep,240039,71
,24,347,,244717,Antonino Gallo,sep,240039,48
,24,347,,271198,Medon Berisha,sep,240039,47
,24,347,,253139,Santiago Pierotti,sep,240039,66
,24,48,,227236,Frank Anguissa,sep,240039,66
,24,52,,228251,Lorenzo Pellegrini,sep,240039,76
,24,1746,,266596,Jacopo Fazzini,sep,240039,50
,24,1746,,263929,Matteo Cancellieri,sep,240039,69
,24,1746,,268703,Nicolo Cambiaghi,sep,240039,72
,24,52,,262113,Nicola Zalewski,sep,240039,64
,24,52,,236403,Evan Ndicka,sep,240039,51
,24,1746,,235813,Razvan Marin,sep,240039,74
,24,1746,,242429,Liberato Cacace,sep,240039,58
,24,1746,,225189,Simone Bastoni,sep,240039,56
,24,1746,,236838,Youssef Maleh,sep,240039,64
,24,52,,234906,Houssem Aouar,sep,240039,68
,24,52,,231352,Tammy Abraham,sep,240039,76
,24,1746,,193338,Mattia Destro,sep,240039,70
,24,111657,,264467,Marvin Cuni,sep,240039,65
,24,111657,,198857,Simone Romagnoli,sep,240039,39
,24,55,,268474,Lorenzo Lucca,sep,240039,72
,24,111657,,257785,Marco Brescianini,sep,240039,57
,24,55,,240970,Martin Payero,sep,240039,64
,24,111657,,246871,Enzo Barrenechea,sep,240039,62
,24,55,,240332,Brenner,sep,240039,70
,24,55,,261573,Thomas Kristensen,sep,240039,25
,24,44,,239807,Davide Frattesi,sep,240039,73
,24,206,,210940,Simone Perilli,sep,240039,67
,24,44,,228413,Emil Audero,sep,240039,79
,24,206,,262335,Elayis Tavsan,sep,240039,64
,24,44,,193082,Juan Cuadrado,sep,240039,72
,24,44,,241736,Yann Bisseck,sep,240039,49
,24,206,,70922,Stefan Mitrovic,sep,240039,68
,24,44,,184200,Marko Arnautovic,sep,240039,79
,24,206,,235172,Ruben Vinagre,sep,240039,53
,24,111974,,243593,Armand Lauriente,sep,240039,76
,24,46,,210413,Alessio Romagnoli,sep,240039,39
,24,111974,,205659,Alessio Cragno,sep,240039,74
,24,46,,192387,Ciro Immobile,sep,240039,86
,24,111974,,265762,Filippo Missori,sep,240039,34
,24,111974,,243200,Samuele Mulattieri,sep,240039,68
,24,46,,201995,Felipe Anderson,sep,240039,78
,24,111974,,264044,Mattia Viti,sep,240039,34
,24,46,,243237,Luca Pellegrini,sep,240039,53
,24,111974,,274702,Luca Lipani,sep,240039,43
,24,111974,,265761,Cristian Volpato,sep,240039,63
,24,46,,210864,Elseid Hysaj,sep,240039,49
