,round,game_index,date,home_team,away_team,minute,team,teamId,isHome,eloTeam,player,playerId,position,rating,keeper,keeperRating,opponent,eloOpponent,x,y,distance,angle,goal_difference,situation,body_part,goal,xg
20,1,0,19/09/2020,Fiorentina,Torino,4,Fiorentina,2693,True,1476,Giacomo Bonaventura,36784,M,76,Salvatore Sirigu,84,Torino,1453,20.7,70.7,25,34,0,set-piece,strongFoot,0,
19,1,0,19/09/2020,Fiorentina,Torino,6,Fiorentina,2693,True,1476,Alfred Duncan,232224,M,62,Salvatore Sirigu,84,Torino,1453,23.1,48.2,23,3,0,assisted,strongFoot,0,
18,1,0,19/09/2020,Fiorentina,Torino,18,Fiorentina,2693,True,1476,Christian Kouamé,812946,F,70,Salvatore Sirigu,84,Torino,1453,5.3,50.9,5,6,0,assisted,head,0,
17,1,0,19/09/2020,Fiorentina,Torino,22,Torino,2696,False,1453,Álex Berenguer,592012,M,71,Bartłomiej Drągowski,75,Fiorentina,1476,10.7,44.3,11,19,0,assisted,weakFoot,0,
16,1,0,19/09/2020,Fiorentina,Torino,22,Torino,2696,False,1453,Simone Zaza,48077,F,77,Bartłomiej Drągowski,75,Fiorentina,1476,18.3,55.5,18,11,0,regular,strongFoot,0,
15,1,0,19/09/2020,Fiorentina,Torino,43,Fiorentina,2693,True,1476,Christian Kouamé,812946,F,70,Salvatore Sirigu,84,Torino,1453,4.8,49.0,4,8,0,set-piece,head,0,
14,1,0,19/09/2020,Fiorentina,Torino,45,Torino,2696,False,1453,Andrea Belotti,220223,F,81,Bartłomiej Drągowski,75,Fiorentina,1476,20.3,29.5,24,34,0,free-kick,strongFoot,0,
13,1,0,19/09/2020,Fiorentina,Torino,45,Torino,2696,False,1453,Andrea Belotti,220223,F,81,Bartłomiej Drągowski,75,Fiorentina,1476,19.2,29.7,23,35,0,set-piece,strongFoot,0,
12,1,0,19/09/2020,Fiorentina,Torino,45,Torino,2696,False,1453,Bremer,885197,D,35,Bartłomiej Drągowski,75,Fiorentina,1476,9.6,52.4,9,9,0,set-piece,head,0,
11,1,0,19/09/2020,Fiorentina,Torino,45,Fiorentina,2693,True,1476,Christian Kouamé,812946,F,70,Salvatore Sirigu,84,Torino,1453,5.4,49.8,5,1,0,assisted,head,0,
10,1,0,19/09/2020,Fiorentina,Torino,53,Fiorentina,2693,True,1476,Giacomo Bonaventura,36784,M,76,Salvatore Sirigu,84,Torino,1453,17.9,63.9,20,27,0,assisted,strongFoot,0,
9,1,0,19/09/2020,Fiorentina,Torino,64,Fiorentina,2693,True,1476,Giacomo Bonaventura,36784,M,76,Salvatore Sirigu,84,Torino,1453,13.9,61.7,16,29,0,assisted,weakFoot,0,
8,1,0,19/09/2020,Fiorentina,Torino,68,Fiorentina,2693,True,1476,Gaetano Castrovilli,587628,M,57,Salvatore Sirigu,84,Torino,1453,20.6,39.1,21,19,0,regular,strongFoot,0,
7,1,0,19/09/2020,Fiorentina,Torino,71,Fiorentina,2693,True,1476,Federico Chiesa,845386,F,73,Salvatore Sirigu,84,Torino,1453,7.9,69.3,15,58,0,assisted,strongFoot,0,
6,1,0,19/09/2020,Fiorentina,Torino,76,Fiorentina,2693,True,1476,Franck Ribéry,5712,M,74,Salvatore Sirigu,84,Torino,1453,14.2,40.0,15,25,0,assisted,strongFoot,0,
5,1,0,19/09/2020,Fiorentina,Torino,78,Fiorentina,2693,True,1476,Federico Chiesa,845386,F,73,Salvatore Sirigu,84,Torino,1453,19.5,63.3,21,24,0,assisted,strongFoot,0,
4,1,0,19/09/2020,Fiorentina,Torino,78,Fiorentina,2693,True,1476,Gaetano Castrovilli,587628,M,57,Salvatore Sirigu,84,Torino,1453,3.0,43.1,5,57,0,assisted,weakFoot,1,
3,1,0,19/09/2020,Fiorentina,Torino,83,Torino,2696,False,1453,Simone Zaza,48077,F,77,Bartłomiej Drągowski,75,Fiorentina,1476,19.1,63.3,21,25,-1,assisted,weakFoot,0,
2,1,0,19/09/2020,Fiorentina,Torino,89,Fiorentina,2693,True,1476,Patrick Cutrone,795044,F,73,Salvatore Sirigu,84,Torino,1453,6.3,34.0,12,59,1,assisted,weakFoot,0,
1,1,0,19/09/2020,Fiorentina,Torino,90,Fiorentina,2693,True,1476,Patrick Cutrone,795044,F,73,Salvatore Sirigu,84,Torino,1453,19.4,53.0,19,6,1,regular,strongFoot,0,
0,1,0,19/09/2020,Fiorentina,Torino,90,Fiorentina,2693,True,1476,Gaetano Castrovilli,587628,M,57,Salvatore Sirigu,84,Torino,1453,18.4,33.9,21,30,1,assisted,strongFoot,0,
22,1,2,20/09/2020,Parma,SSC Napoli,5,Parma,2690,True,1404,Alberto Grassi,186845,M,62,David Ospina,79,SSC Napoli,1724,29.2,56.6,29,8,0,assisted,strongFoot,0,
21,1,2,20/09/2020,Parma,SSC Napoli,12,SSC Napoli,2714,False,1724,Lorenzo Insigne,106258,M,77,Luigi Sepe,77,Parma,1404,3.8,27.6,15,75,0,assisted,weakFoot,0,
20,1,2,20/09/2020,Parma,SSC Napoli,18,SSC Napoli,2714,False,1724,Diego Demme,124318,M,37,Luigi Sepe,77,Parma,1404,14.4,67.6,18,39,0,regular,strongFoot,0,
19,1,2,20/09/2020,Parma,SSC Napoli,24,Parma,2690,True,1404,Roberto Inglese,126699,F,74,David Ospina,79,SSC Napoli,1724,25.4,46.3,25,5,0,regular,strongFoot,0,
18,1,2,20/09/2020,Parma,SSC Napoli,25,SSC Napoli,2714,False,1724,Fabián Ruiz,784655,M,77,Luigi Sepe,77,Parma,1404,20.4,54.9,20,9,0,assisted,strongFoot,0,
17,1,2,20/09/2020,Parma,SSC Napoli,41,SSC Napoli,2714,False,1724,Fabián Ruiz,784655,M,77,Luigi Sepe,77,Parma,1404,20.1,64.9,22,26,0,assisted,strongFoot,0,
16,1,2,20/09/2020,Parma,SSC Napoli,45,SSC Napoli,2714,False,1724,Hirving Lozano,385320,F,74,Luigi Sepe,77,Parma,1404,12.9,70.6,19,47,0,assisted,weakFoot,0,
15,1,2,20/09/2020,Parma,SSC Napoli,55,Parma,2690,True,1404,Juraj Kucka,48563,M,73,David Ospina,79,SSC Napoli,1724,26.8,65.8,28,21,0,assisted,strongFoot,0,
14,1,2,20/09/2020,Parma,SSC Napoli,61,SSC Napoli,2714,False,1724,Fabián Ruiz,784655,M,77,Luigi Sepe,77,Parma,1404,24.3,64.3,26,21,0,assisted,strongFoot,0,
13,1,2,20/09/2020,Parma,SSC Napoli,62,SSC Napoli,2714,False,1724,Fabián Ruiz,784655,M,77,Luigi Sepe,77,Parma,1404,23.0,57.6,23,12,0,assisted,strongFoot,0,
12,1,2,20/09/2020,Parma,SSC Napoli,63,SSC Napoli,2714,False,1724,Dries Mertens,32493,M,80,Luigi Sepe,77,Parma,1404,12.8,56.1,13,17,0,regular,strongFoot,1,
11,1,2,20/09/2020,Parma,SSC Napoli,66,SSC Napoli,2714,False,1724,Dries Mertens,32493,M,80,Luigi Sepe,77,Parma,1404,19.5,52.8,19,5,1,assisted,strongFoot,0,
10,1,2,20/09/2020,Parma,SSC Napoli,68,SSC Napoli,2714,False,1724,Lorenzo Insigne,106258,M,77,Luigi Sepe,77,Parma,1404,20.8,55.7,21,10,1,assisted,strongFoot,0,
9,1,2,20/09/2020,Parma,SSC Napoli,70,SSC Napoli,2714,False,1724,Giovanni Di Lorenzo,153257,D,68,Luigi Sepe,77,Parma,1404,20.5,47.8,20,4,1,assisted,weakFoot,0,
8,1,2,20/09/2020,Parma,SSC Napoli,70,SSC Napoli,2714,False,1724,Victor Osimhen,822471,F,78,Luigi Sepe,77,Parma,1404,10.2,43.6,11,23,1,assisted,head,0,
7,1,2,20/09/2020,Parma,SSC Napoli,77,SSC Napoli,2714,False,1724,Hirving Lozano,385320,F,74,Luigi Sepe,77,Parma,1404,8.0,67.8,14,56,1,regular,strongFoot,0,
6,1,2,20/09/2020,Parma,SSC Napoli,77,SSC Napoli,2714,False,1724,Lorenzo Insigne,106258,M,77,Luigi Sepe,77,Parma,1404,2.5,50.4,2,6,1,regular,strongFoot,1,
5,1,2,20/09/2020,Parma,SSC Napoli,80,SSC Napoli,2714,False,1724,Victor Osimhen,822471,F,78,Luigi Sepe,77,Parma,1404,15.0,71.1,20,43,2,assisted,strongFoot,0,
4,1,2,20/09/2020,Parma,SSC Napoli,81,Parma,2690,True,1404,Andreas Cornelius,183483,F,74,David Ospina,79,SSC Napoli,1724,12.5,53.4,12,10,-2,assisted,head,0,
3,1,2,20/09/2020,Parma,SSC Napoli,85,SSC Napoli,2714,False,1724,Dries Mertens,32493,M,80,Luigi Sepe,77,Parma,1404,21.8,41.3,22,15,2,assisted,strongFoot,0,
2,1,2,20/09/2020,Parma,SSC Napoli,88,SSC Napoli,2714,False,1724,Matteo Politano,235672,M,77,Luigi Sepe,77,Parma,1404,22.9,61.1,24,18,2,assisted,strongFoot,0,
1,1,2,20/09/2020,Parma,SSC Napoli,90,Parma,2690,True,1404,Juraj Kucka,48563,M,73,David Ospina,79,SSC Napoli,1724,18.3,50.7,18,1,-2,assisted,strongFoot,0,
0,1,2,20/09/2020,Parma,SSC Napoli,90,Parma,2690,True,1404,Jacopo Dezi,173349,M,65,David Ospina,79,SSC Napoli,1724,19.1,44.3,19,11,-2,assisted,weakFoot,0,
26,1,3,20/09/2020,Genoa,FC Crotone,1,FC Crotone,2718,False,1404,Junior Messias,888219,F,61,Mattia Perin,82,Genoa,1371,24.3,28.2,28,31,0,regular,strongFoot,0,
25,1,3,20/09/2020,Genoa,FC Crotone,4,Genoa,2713,True,1371,Davide Zappacosta,132318,M,65,Alex Cordaz,72,FC Crotone,1404,26.8,29.3,30,27,0,assisted,strongFoot,0,
24,1,3,20/09/2020,Genoa,FC Crotone,6,Genoa,2713,True,1371,Mattia Destro,100570,F,70,Alex Cordaz,72,FC Crotone,1404,4.9,54.8,5,33,0,assisted,strongFoot,1,
23,1,3,20/09/2020,Genoa,FC Crotone,9,Genoa,2713,True,1371,Goran Pandev,2695,F,73,Alex Cordaz,72,FC Crotone,1404,10.1,57.2,11,25,1,assisted,strongFoot,1,
22,1,3,20/09/2020,Genoa,FC Crotone,12,FC Crotone,2718,False,1404,Emmanuel Rivière,38764,F,66,Mattia Perin,82,Genoa,1371,18.7,47.8,18,4,-2,assisted,weakFoot,0,
21,1,3,20/09/2020,Genoa,FC Crotone,15,FC Crotone,2718,False,1404,Simy,170499,F,74,Mattia Perin,82,Genoa,1371,6.2,51.3,6,8,-2,assisted,strongFoot,0,
20,1,3,20/09/2020,Genoa,FC Crotone,23,FC Crotone,2718,False,1404,Emmanuel Rivière,38764,F,66,Mattia Perin,82,Genoa,1371,26.8,53.4,26,4,-2,regular,strongFoot,0,
19,1,3,20/09/2020,Genoa,FC Crotone,24,Genoa,2713,True,1371,Davide Zappacosta,132318,M,65,Alex Cordaz,72,FC Crotone,1404,18.5,29.3,23,37,2,assisted,strongFoot,0,
18,1,3,20/09/2020,Genoa,FC Crotone,26,Genoa,2713,True,1371,Mattia Destro,100570,F,70,Alex Cordaz,72,FC Crotone,1404,16.2,28.5,21,42,2,regular,strongFoot,0,
17,1,3,20/09/2020,Genoa,FC Crotone,28,FC Crotone,2718,False,1404,Emmanuel Rivière,38764,F,66,Mattia Perin,82,Genoa,1371,2.2,56.1,4,62,-2,assisted,strongFoot,1,
16,1,3,20/09/2020,Genoa,FC Crotone,31,FC Crotone,2718,False,1404,Niccolò Zanellato,845023,M,46,Mattia Perin,82,Genoa,1371,14.5,49.6,14,1,-1,regular,strongFoot,0,
15,1,3,20/09/2020,Genoa,FC Crotone,34,Genoa,2713,True,1371,Davide Zappacosta,132318,M,65,Alex Cordaz,72,FC Crotone,1404,24.5,36.7,26,20,1,assisted,strongFoot,1,
14,1,3,20/09/2020,Genoa,FC Crotone,42,FC Crotone,2718,False,1404,Simy,170499,F,74,Mattia Perin,82,Genoa,1371,6.0,47.6,6,15,-2,set-piece,head,0,
13,1,3,20/09/2020,Genoa,FC Crotone,42,FC Crotone,2718,False,1404,Luca Cigarini,12656,M,65,Mattia Perin,82,Genoa,1371,23.5,54.6,23,7,-2,set-piece,strongFoot,0,
12,1,3,20/09/2020,Genoa,FC Crotone,43,Genoa,2713,True,1371,Paolo Ghiglione,787642,M,50,Alex Cordaz,72,FC Crotone,1404,9.5,63.1,13,43,2,assisted,strongFoot,0,
11,1,3,20/09/2020,Genoa,FC Crotone,54,FC Crotone,2718,False,1404,Luca Cigarini,12656,M,65,Mattia Perin,82,Genoa,1371,24.1,53.0,24,4,-2,regular,strongFoot,0,
10,1,3,20/09/2020,Genoa,FC Crotone,54,FC Crotone,2718,False,1404,Junior Messias,888219,F,61,Mattia Perin,82,Genoa,1371,21.1,64.8,23,25,-2,regular,strongFoot,0,
9,1,3,20/09/2020,Genoa,FC Crotone,57,Genoa,2713,True,1371,Miha Zajc,139256,M,69,Alex Cordaz,72,FC Crotone,1404,19.8,61.8,21,22,2,regular,strongFoot,0,
8,1,3,20/09/2020,Genoa,FC Crotone,57,Genoa,2713,True,1371,Miha Zajc,139256,M,69,Alex Cordaz,72,FC Crotone,1404,9.7,75.6,19,60,2,corner,strongFoot,0,
7,1,3,20/09/2020,Genoa,FC Crotone,63,FC Crotone,2718,False,1404,Junior Messias,888219,F,61,Mattia Perin,82,Genoa,1371,24.1,74.2,29,34,-2,assisted,strongFoot,0,
6,1,3,20/09/2020,Genoa,FC Crotone,67,Genoa,2713,True,1371,Mattia Destro,100570,F,70,Alex Cordaz,72,FC Crotone,1404,10.0,57.9,11,28,2,assisted,strongFoot,0,
5,1,3,20/09/2020,Genoa,FC Crotone,73,FC Crotone,2718,False,1404,Lisandro Magallán,248125,D,37,Mattia Perin,82,Genoa,1371,6.6,45.5,7,24,-2,corner,head,0,
4,1,3,20/09/2020,Genoa,FC Crotone,75,Genoa,2713,True,1371,Marko Pjaca,190435,F,67,Alex Cordaz,72,FC Crotone,1404,9.5,64.9,13,46,2,fast-break,strongFoot,1,
3,1,3,20/09/2020,Genoa,FC Crotone,83,FC Crotone,2718,False,1404,Simy,170499,F,74,Mattia Perin,82,Genoa,1371,13.2,53.9,13,11,-3,regular,strongFoot,0,
2,1,3,20/09/2020,Genoa,FC Crotone,84,Genoa,2713,True,1371,Mattia Destro,100570,F,70,Alex Cordaz,72,FC Crotone,1404,10.7,36.1,14,41,3,fast-break,weakFoot,0,
1,1,3,20/09/2020,Genoa,FC Crotone,85,Genoa,2713,True,1371,Mattia Destro,100570,F,70,Alex Cordaz,72,FC Crotone,1404,3.9,41.3,7,56,3,corner,strongFoot,0,
0,1,3,20/09/2020,Genoa,FC Crotone,85,Genoa,2713,True,1371,Mattia Destro,100570,F,70,Alex Cordaz,72,FC Crotone,1404,3.8,37.7,9,65,3,corner,strongFoot,0,
40,1,4,20/09/2020,Sassuolo,Cagliari,1,Sassuolo,2793,True,1459,Manuel Locatelli,363860,M,63,Alessio Cragno,81,Cagliari,1391,21.7,50.6,21,1,0,assisted,weakFoot,0,
39,1,4,20/09/2020,Sassuolo,Cagliari,2,Sassuolo,2793,True,1459,Gian Marco Ferrari,170887,D,26,Alessio Cragno,81,Cagliari,1391,8.5,37.7,11,44,0,corner,head,0,
38,1,4,20/09/2020,Sassuolo,Cagliari,3,Sassuolo,2793,True,1459,Lukáš Haraslín,325121,F,61,Alessio Cragno,81,Cagliari,1391,13.1,32.8,17,41,0,assisted,strongFoot,0,
37,1,4,20/09/2020,Sassuolo,Cagliari,4,Sassuolo,2793,True,1459,Domenico Berardi,253367,F,79,Alessio Cragno,81,Cagliari,1391,23.3,61.7,24,18,0,corner,weakFoot,0,
36,1,4,20/09/2020,Sassuolo,Cagliari,8,Sassuolo,2793,True,1459,Lukáš Haraslín,325121,F,61,Alessio Cragno,81,Cagliari,1391,11.1,13.5,27,65,0,free-kick,strongFoot,0,
35,1,4,20/09/2020,Sassuolo,Cagliari,9,Sassuolo,2793,True,1459,Rogério,830551,D,51,Alessio Cragno,81,Cagliari,1391,20.9,39.4,22,19,0,corner,strongFoot,0,
34,1,4,20/09/2020,Sassuolo,Cagliari,10,Sassuolo,2793,True,1459,Francesco Caputo,43905,F,78,Alessio Cragno,81,Cagliari,1391,9.7,72.7,18,57,0,assisted,strongFoot,0,
33,1,4,20/09/2020,Sassuolo,Cagliari,11,Sassuolo,2793,True,1459,Francesco Caputo,43905,F,78,Alessio Cragno,81,Cagliari,1391,12.6,55.3,13,15,0,assisted,strongFoot,0,
32,1,4,20/09/2020,Sassuolo,Cagliari,13,Sassuolo,2793,True,1459,Manuel Locatelli,363860,M,63,Alessio Cragno,81,Cagliari,1391,23.1,53.2,23,5,0,assisted,strongFoot,0,
31,1,4,20/09/2020,Sassuolo,Cagliari,18,Sassuolo,2793,True,1459,Jeremy Toljan,149606,D,41,Alessio Cragno,81,Cagliari,1391,7.9,69.0,15,58,0,assisted,strongFoot,0,
30,1,4,20/09/2020,Sassuolo,Cagliari,22,Cagliari,2719,False,1391,Charalampos Lykogiannis,98212,D,67,Andrea Consigli,81,Sassuolo,1459,29.5,65.6,31,19,0,free-kick,strongFoot,0,
29,1,4,20/09/2020,Sassuolo,Cagliari,29,Sassuolo,2793,True,1459,Domenico Berardi,253367,F,79,Alessio Cragno,81,Cagliari,1391,20.8,41.6,21,15,0,assisted,strongFoot,0,
28,1,4,20/09/2020,Sassuolo,Cagliari,30,Sassuolo,2793,True,1459,Vlad Chiricheş,69295,M,63,Alessio Cragno,81,Cagliari,1391,21.2,60.8,22,19,0,assisted,weakFoot,0,
27,1,4,20/09/2020,Sassuolo,Cagliari,30,Sassuolo,2793,True,1459,Lukáš Haraslín,325121,F,61,Alessio Cragno,81,Cagliari,1391,10.4,35.4,14,43,0,regular,weakFoot,0,
26,1,4,20/09/2020,Sassuolo,Cagliari,36,Cagliari,2719,False,1391,João Pedro Galvão,123208,F,77,Andrea Consigli,81,Sassuolo,1459,21.1,34.0,23,27,0,assisted,strongFoot,0,
25,1,4,20/09/2020,Sassuolo,Cagliari,38,Sassuolo,2793,True,1459,Domenico Berardi,253367,F,79,Alessio Cragno,81,Cagliari,1391,27.2,40.8,27,12,0,free-kick,strongFoot,0,
24,1,4,20/09/2020,Sassuolo,Cagliari,39,Sassuolo,2793,True,1459,Manuel Locatelli,363860,M,63,Alessio Cragno,81,Cagliari,1391,21.5,52.8,21,5,0,assisted,strongFoot,0,
23,1,4,20/09/2020,Sassuolo,Cagliari,43,Cagliari,2719,False,1391,Giovanni Simeone,341143,F,74,Andrea Consigli,81,Sassuolo,1459,4.4,60.2,8,57,0,corner,head,0,
22,1,4,20/09/2020,Sassuolo,Cagliari,45,Sassuolo,2793,True,1459,Lukáš Haraslín,325121,F,61,Alessio Cragno,81,Cagliari,1391,5.8,37.1,10,56,0,assisted,head,0,
21,1,4,20/09/2020,Sassuolo,Cagliari,45,Sassuolo,2793,True,1459,Rogério,830551,D,51,Alessio Cragno,81,Cagliari,1391,20.7,37.3,22,22,0,assisted,strongFoot,0,
20,1,4,20/09/2020,Sassuolo,Cagliari,45,Cagliari,2719,False,1391,Nahitan Nández,589620,M,66,Andrea Consigli,81,Sassuolo,1459,4.4,66.4,11,68,0,assisted,strongFoot,0,
19,1,4,20/09/2020,Sassuolo,Cagliari,45,Cagliari,2719,False,1391,Giovanni Simeone,341143,F,74,Andrea Consigli,81,Sassuolo,1459,8.8,51.5,8,6,0,assisted,head,0,
18,1,4,20/09/2020,Sassuolo,Cagliari,48,Sassuolo,2793,True,1459,Francesco Caputo,43905,F,78,Alessio Cragno,81,Cagliari,1391,7.6,45.9,8,20,0,assisted,weakFoot,0,
17,1,4,20/09/2020,Sassuolo,Cagliari,50,Cagliari,2719,False,1391,Nahitan Nández,589620,M,66,Andrea Consigli,81,Sassuolo,1459,20.5,71.1,25,34,0,regular,strongFoot,0,
16,1,4,20/09/2020,Sassuolo,Cagliari,52,Sassuolo,2793,True,1459,Gian Marco Ferrari,170887,D,26,Alessio Cragno,81,Cagliari,1391,13.5,40.6,14,25,0,corner,weakFoot,0,
15,1,4,20/09/2020,Sassuolo,Cagliari,52,Sassuolo,2793,True,1459,Rogério,830551,D,51,Alessio Cragno,81,Cagliari,1391,21.1,34.0,23,27,0,corner,strongFoot,0,
14,1,4,20/09/2020,Sassuolo,Cagliari,56,Sassuolo,2793,True,1459,Rogério,830551,D,51,Alessio Cragno,81,Cagliari,1391,27.6,38.8,28,15,0,corner,strongFoot,0,
13,1,4,20/09/2020,Sassuolo,Cagliari,57,Sassuolo,2793,True,1459,Pedro Obiang,46799,M,59,Alessio Cragno,81,Cagliari,1391,25.5,41.2,26,13,0,assisted,strongFoot,0,
12,1,4,20/09/2020,Sassuolo,Cagliari,65,Sassuolo,2793,True,1459,Francesco Caputo,43905,F,78,Alessio Cragno,81,Cagliari,1391,11.3,42.4,12,24,0,assisted,strongFoot,0,
11,1,4,20/09/2020,Sassuolo,Cagliari,65,Sassuolo,2793,True,1459,Francesco Caputo,43905,F,78,Alessio Cragno,81,Cagliari,1391,10.6,39.0,12,35,0,regular,weakFoot,0,
10,1,4,20/09/2020,Sassuolo,Cagliari,68,Sassuolo,2793,True,1459,Domenico Berardi,253367,F,79,Alessio Cragno,81,Cagliari,1391,21.5,42.4,22,13,0,assisted,strongFoot,0,
9,1,4,20/09/2020,Sassuolo,Cagliari,74,Sassuolo,2793,True,1459,Domenico Berardi,253367,F,79,Alessio Cragno,81,Cagliari,1391,14.3,67.8,18,40,0,assisted,strongFoot,0,
8,1,4,20/09/2020,Sassuolo,Cagliari,77,Cagliari,2719,False,1391,Giovanni Simeone,341143,F,74,Andrea Consigli,81,Sassuolo,1459,3.9,51.6,4,15,0,assisted,head,1,
7,1,4,20/09/2020,Sassuolo,Cagliari,79,Sassuolo,2793,True,1459,Francesco Caputo,43905,F,78,Alessio Cragno,81,Cagliari,1391,8.1,47.2,8,13,-1,assisted,weakFoot,0,
6,1,4,20/09/2020,Sassuolo,Cagliari,79,Sassuolo,2793,True,1459,Manuel Locatelli,363860,M,63,Alessio Cragno,81,Cagliari,1391,18.3,52.1,18,4,-1,assisted,strongFoot,0,
5,1,4,20/09/2020,Sassuolo,Cagliari,81,Cagliari,2719,False,1391,Paolo Faragò,253387,M,55,Andrea Consigli,81,Sassuolo,1459,10.7,71.5,18,53,1,assisted,strongFoot,0,
4,1,4,20/09/2020,Sassuolo,Cagliari,83,Sassuolo,2793,True,1459,Mert Müldür,836683,D,48,Alessio Cragno,81,Cagliari,1391,8.5,74.2,18,62,-1,assisted,strongFoot,0,
3,1,4,20/09/2020,Sassuolo,Cagliari,86,Sassuolo,2793,True,1459,Grégoire Defrel,148566,F,77,Alessio Cragno,81,Cagliari,1391,22.4,45.2,22,8,-1,assisted,weakFoot,0,
2,1,4,20/09/2020,Sassuolo,Cagliari,87,Sassuolo,2793,True,1459,Mehdi Bourabia,98003,M,60,Alessio Cragno,81,Cagliari,1391,26.6,49.6,26,0,-1,free-kick,strongFoot,1,
1,1,4,20/09/2020,Sassuolo,Cagliari,90,Sassuolo,2793,True,1459,Domenico Berardi,253367,F,79,Alessio Cragno,81,Cagliari,1391,21.5,59.2,22,16,0,assisted,strongFoot,0,
0,1,4,20/09/2020,Sassuolo,Cagliari,90,Sassuolo,2793,True,1459,Manuel Locatelli,363860,M,63,Alessio Cragno,81,Cagliari,1391,27.9,53.4,27,4,0,assisted,strongFoot,0,
34,1,5,20/09/2020,Juventus,Sampdoria,5,Juventus,2687,True,1878,Cristiano Ronaldo,750,F,92,Emil Audero,77,Sampdoria,1459,26.5,22.6,32,35,0,free-kick,strongFoot,0,
33,1,5,20/09/2020,Juventus,Sampdoria,6,Juventus,2687,True,1878,Danilo,124992,D,69,Emil Audero,77,Sampdoria,1459,29.5,64.8,31,18,0,assisted,strongFoot,0,
32,1,5,20/09/2020,Juventus,Sampdoria,11,Juventus,2687,True,1878,Cristiano Ronaldo,750,F,92,Emil Audero,77,Sampdoria,1459,8.0,34.7,13,52,0,assisted,weakFoot,0,
31,1,5,20/09/2020,Juventus,Sampdoria,13,Juventus,2687,True,1878,Dejan Kulusevski,928124,M,67,Emil Audero,77,Sampdoria,1459,14.4,67.8,18,40,0,assisted,strongFoot,1,
30,1,5,20/09/2020,Juventus,Sampdoria,24,Juventus,2687,True,1878,Cristiano Ronaldo,750,F,92,Emil Audero,77,Sampdoria,1459,7.8,32.4,14,56,0,fast-break,weakFoot,0,
29,1,5,20/09/2020,Juventus,Sampdoria,27,Sampdoria,2711,False,1459,Albin Ekdal,21992,M,65,Wojciech Szczęsny,87,Juventus,1878,14.5,46.4,14,9,0,corner,strongFoot,0,
28,1,5,20/09/2020,Juventus,Sampdoria,27,Sampdoria,2711,False,1459,Jakub Jankto,569556,M,68,Wojciech Szczęsny,87,Juventus,1878,20.5,32.2,23,30,0,corner,strongFoot,0,
27,1,5,20/09/2020,Juventus,Sampdoria,31,Sampdoria,2711,False,1459,Federico Bonazzoli,284363,F,64,Wojciech Szczęsny,87,Juventus,1878,24.9,48.5,24,2,0,assisted,strongFoot,0,
26,1,5,20/09/2020,Juventus,Sampdoria,34,Juventus,2687,True,1878,Cristiano Ronaldo,750,F,92,Emil Audero,77,Sampdoria,1459,12.2,44.8,12,16,0,regular,strongFoot,0,
25,1,5,20/09/2020,Juventus,Sampdoria,43,Juventus,2687,True,1878,Weston McKennie,881931,M,62,Emil Audero,77,Sampdoria,1459,19.2,34.0,22,29,0,assisted,weakFoot,0,
24,1,5,20/09/2020,Juventus,Sampdoria,45,Sampdoria,2711,False,1459,Fabio Depaoli,830288,M,52,Wojciech Szczęsny,87,Juventus,1878,18.9,68.7,22,33,0,fast-break,strongFoot,0,
23,1,5,20/09/2020,Juventus,Sampdoria,47,Juventus,2687,True,1878,Gianluca Frabotta,867734,M,46,Emil Audero,77,Sampdoria,1459,13.1,28.3,19,48,0,assisted,strongFoot,0,
22,1,5,20/09/2020,Juventus,Sampdoria,52,Sampdoria,2711,False,1459,Federico Bonazzoli,284363,F,64,Wojciech Szczęsny,87,Juventus,1878,9.8,51.8,9,7,0,assisted,weakFoot,0,
21,1,5,20/09/2020,Juventus,Sampdoria,52,Sampdoria,2711,False,1459,Gastón Ramírez,135590,M,74,Wojciech Szczęsny,87,Juventus,1878,18.5,27.0,24,40,0,assisted,strongFoot,0,
20,1,5,20/09/2020,Juventus,Sampdoria,53,Juventus,2687,True,1878,Cristiano Ronaldo,750,F,92,Emil Audero,77,Sampdoria,1459,17.4,35.1,20,30,0,assisted,strongFoot,0,
18,1,5,20/09/2020,Juventus,Sampdoria,58,Sampdoria,2711,False,1459,Morten Thorsby,280991,M,58,Wojciech Szczęsny,87,Juventus,1878,7.4,50.7,7,3,0,assisted,head,0,
19,1,5,20/09/2020,Juventus,Sampdoria,58,Sampdoria,2711,False,1459,Bartosz Bereszyński,109461,D,55,Wojciech Szczęsny,87,Juventus,1878,26.7,56.3,27,9,0,regular,strongFoot,0,
17,1,5,20/09/2020,Juventus,Sampdoria,59,Juventus,2687,True,1878,Cristiano Ronaldo,750,F,92,Emil Audero,77,Sampdoria,1459,11.1,52.6,11,9,0,assisted,weakFoot,0,
16,1,5,20/09/2020,Juventus,Sampdoria,66,Sampdoria,2711,False,1459,Fabio Quagliarella,11621,F,85,Wojciech Szczęsny,87,Juventus,1878,12.1,63.9,15,37,0,regular,strongFoot,0,
15,1,5,20/09/2020,Juventus,Sampdoria,67,Juventus,2687,True,1878,Cristiano Ronaldo,750,F,92,Emil Audero,77,Sampdoria,1459,21.9,48.9,21,1,0,assisted,weakFoot,0,
14,1,5,20/09/2020,Juventus,Sampdoria,69,Sampdoria,2711,False,1459,Morten Thorsby,280991,M,58,Wojciech Szczęsny,87,Juventus,1878,5.7,52.8,6,18,0,corner,head,0,
13,1,5,20/09/2020,Juventus,Sampdoria,71,Juventus,2687,True,1878,Mattia De Sciglio,137667,D,45,Emil Audero,77,Sampdoria,1459,17.4,31.4,21,36,0,assisted,strongFoot,0,
12,1,5,20/09/2020,Juventus,Sampdoria,73,Juventus,2687,True,1878,Cristiano Ronaldo,750,F,92,Emil Audero,77,Sampdoria,1459,8.1,52.4,8,11,0,corner,head,0,
11,1,5,20/09/2020,Juventus,Sampdoria,75,Juventus,2687,True,1878,Cristiano Ronaldo,750,F,92,Emil Audero,77,Sampdoria,1459,29.5,39.8,30,13,0,free-kick,strongFoot,0,
10,1,5,20/09/2020,Juventus,Sampdoria,77,Sampdoria,2711,False,1459,Fabio Quagliarella,11621,F,85,Wojciech Szczęsny,87,Juventus,1878,27.5,32.4,29,23,0,free-kick,strongFoot,0,
9,1,5,20/09/2020,Juventus,Sampdoria,77,Sampdoria,2711,False,1459,Valerio Verre,139267,M,73,Wojciech Szczęsny,87,Juventus,1878,28.2,50.3,28,0,0,set-piece,weakFoot,0,
8,1,5,20/09/2020,Juventus,Sampdoria,77,Juventus,2687,True,1878,Danilo,124992,D,69,Emil Audero,77,Sampdoria,1459,15.1,66.2,18,36,0,assisted,strongFoot,0,
5,1,5,20/09/2020,Juventus,Sampdoria,78,Juventus,2687,True,1878,Leonardo Bonucci,15444,D,58,Emil Audero,77,Sampdoria,1459,2.1,51.3,2,22,0,corner,strongFoot,1,
7,1,5,20/09/2020,Juventus,Sampdoria,78,Juventus,2687,True,1878,Leonardo Bonucci,15444,D,58,Emil Audero,77,Sampdoria,1459,7.5,50.1,7,0,1,corner,head,0,
6,1,5,20/09/2020,Juventus,Sampdoria,78,Juventus,2687,True,1878,Weston McKennie,881931,M,62,Emil Audero,77,Sampdoria,1459,4.1,47.5,4,22,1,corner,strongFoot,0,
4,1,5,20/09/2020,Juventus,Sampdoria,80,Sampdoria,2711,False,1459,Fabio Quagliarella,11621,F,85,Wojciech Szczęsny,87,Juventus,1878,15.2,66.8,19,36,-1,assisted,strongFoot,0,
3,1,5,20/09/2020,Juventus,Sampdoria,83,Sampdoria,2711,False,1459,Albin Ekdal,21992,M,65,Wojciech Szczęsny,87,Juventus,1878,11.5,34.3,15,42,-1,corner,head,0,
2,1,5,20/09/2020,Juventus,Sampdoria,85,Juventus,2687,True,1878,Weston McKennie,881931,M,62,Emil Audero,77,Sampdoria,1459,13.7,56.6,14,18,1,corner,strongFoot,0,
1,1,5,20/09/2020,Juventus,Sampdoria,87,Sampdoria,2711,False,1459,Fabio Quagliarella,11621,F,85,Wojciech Szczęsny,87,Juventus,1878,11.1,34.9,15,42,-1,fast-break,weakFoot,0,
0,1,5,20/09/2020,Juventus,Sampdoria,88,Juventus,2687,True,1878,Cristiano Ronaldo,750,F,92,Emil Audero,77,Sampdoria,1459,10.9,66.2,15,45,1,assisted,strongFoot,1,
29,1,6,21/09/2020,AC Milan,Bologna,2,Bologna,2685,False,1419,Roberto Soriano,80406,M,73,Gianluigi Donnarumma,85,AC Milan,1644,12.2,39.7,14,29,0,assisted,weakFoot,0,
28,1,6,21/09/2020,AC Milan,Bologna,12,AC Milan,2692,True,1644,Zlatan Ibrahimović,2089,F,87,Łukasz Skorupski,76,Bologna,1419,12.7,61.2,14,30,0,assisted,weakFoot,0,
27,1,6,21/09/2020,AC Milan,Bologna,14,AC Milan,2692,True,1644,Hakan Çalhanoğlu,135700,M,75,Łukasz Skorupski,76,Bologna,1419,18.5,54.6,18,9,0,assisted,strongFoot,0,
26,1,6,21/09/2020,AC Milan,Bologna,22,Bologna,2685,False,1419,Nicolás Domínguez,871765,M,64,Gianluigi Donnarumma,85,AC Milan,1644,29.4,53.1,29,4,0,assisted,strongFoot,0,
25,1,6,21/09/2020,AC Milan,Bologna,26,AC Milan,2692,True,1644,Matteo Gabbia,826195,D,33,Łukasz Skorupski,76,Bologna,1419,7.7,54.0,8,19,0,set-piece,weakFoot,0,
24,1,6,21/09/2020,AC Milan,Bologna,28,AC Milan,2692,True,1644,Franck Kessié,359226,M,70,Łukasz Skorupski,76,Bologna,1419,24.3,40.9,25,14,0,assisted,strongFoot,0,
23,1,6,21/09/2020,AC Milan,Bologna,28,AC Milan,2692,True,1644,Ismaël Bennacer,823733,M,65,Łukasz Skorupski,76,Bologna,1419,6.5,49.3,6,4,0,regular,weakFoot,0,
22,1,6,21/09/2020,AC Milan,Bologna,31,Bologna,2685,False,1419,Musa Barrow,916680,F,69,Gianluigi Donnarumma,85,AC Milan,1644,18.5,27.4,24,39,0,assisted,weakFoot,0,
21,1,6,21/09/2020,AC Milan,Bologna,35,AC Milan,2692,True,1644,Zlatan Ibrahimović,2089,F,87,Łukasz Skorupski,76,Bologna,1419,9.3,53.4,9,13,0,assisted,head,1,
20,1,6,21/09/2020,AC Milan,Bologna,44,AC Milan,2692,True,1644,Hakan Çalhanoğlu,135700,M,75,Łukasz Skorupski,76,Bologna,1419,15.8,63.5,18,30,1,assisted,strongFoot,0,
19,1,6,21/09/2020,AC Milan,Bologna,47,AC Milan,2692,True,1644,Zlatan Ibrahimović,2089,F,87,Łukasz Skorupski,76,Bologna,1419,15.3,51.5,15,3,1,assisted,weakFoot,0,
18,1,6,21/09/2020,AC Milan,Bologna,49,AC Milan,2692,True,1644,Theo Hernández,788027,D,66,Łukasz Skorupski,76,Bologna,1419,7.5,49.4,7,3,1,corner,head,0,
17,1,6,21/09/2020,AC Milan,Bologna,51,AC Milan,2692,True,1644,Zlatan Ibrahimović,2089,F,87,Łukasz Skorupski,76,Bologna,1419,11.8,50.3,11,0,1,penalty,weakFoot,1,
16,1,6,21/09/2020,AC Milan,Bologna,52,Bologna,2685,False,1419,Roberto Soriano,80406,M,73,Gianluigi Donnarumma,85,AC Milan,1644,23.4,61.4,24,18,-2,assisted,weakFoot,0,
15,1,6,21/09/2020,AC Milan,Bologna,53,Bologna,2685,False,1419,Riccardo Orsolini,793645,M,69,Gianluigi Donnarumma,85,AC Milan,1644,12.2,64.5,15,38,-2,assisted,strongFoot,0,
14,1,6,21/09/2020,AC Milan,Bologna,53,Bologna,2685,False,1419,Roberto Soriano,80406,M,73,Gianluigi Donnarumma,85,AC Milan,1644,14.0,62.7,16,31,-2,regular,weakFoot,0,
12,1,6,21/09/2020,AC Milan,Bologna,54,AC Milan,2692,True,1644,Matteo Gabbia,826195,D,33,Łukasz Skorupski,76,Bologna,1419,23.8,45.8,23,6,2,regular,strongFoot,0,
11,1,6,21/09/2020,AC Milan,Bologna,54,AC Milan,2692,True,1644,Zlatan Ibrahimović,2089,F,87,Łukasz Skorupski,76,Bologna,1419,25.2,65.2,27,22,2,assisted,weakFoot,0,
13,1,6,21/09/2020,AC Milan,Bologna,54,AC Milan,2692,True,1644,Franck Kessié,359226,M,70,Łukasz Skorupski,76,Bologna,1419,10.5,45.2,10,17,2,regular,weakFoot,0,
10,1,6,21/09/2020,AC Milan,Bologna,63,AC Milan,2692,True,1644,Zlatan Ibrahimović,2089,F,87,Łukasz Skorupski,76,Bologna,1419,9.8,35.2,14,45,2,fast-break,weakFoot,0,
9,1,6,21/09/2020,AC Milan,Bologna,66,Bologna,2685,False,1419,Musa Barrow,916680,F,69,Gianluigi Donnarumma,85,AC Milan,1644,19.2,66.0,22,29,-2,assisted,strongFoot,0,
8,1,6,21/09/2020,AC Milan,Bologna,67,Bologna,2685,False,1419,Musa Barrow,916680,F,69,Gianluigi Donnarumma,85,AC Milan,1644,12.7,60.8,14,30,-2,assisted,weakFoot,0,
7,1,6,21/09/2020,AC Milan,Bologna,68,AC Milan,2692,True,1644,Ismaël Bennacer,823733,M,65,Łukasz Skorupski,76,Bologna,1419,27.9,48.7,27,1,2,assisted,strongFoot,0,
6,1,6,21/09/2020,AC Milan,Bologna,76,AC Milan,2692,True,1644,Theo Hernández,788027,D,66,Łukasz Skorupski,76,Bologna,1419,26.2,37.1,27,18,2,regular,strongFoot,0,
5,1,6,21/09/2020,AC Milan,Bologna,77,AC Milan,2692,True,1644,Zlatan Ibrahimović,2089,F,87,Łukasz Skorupski,76,Bologna,1419,10.8,47.6,10,8,2,corner,weakFoot,0,
4,1,6,21/09/2020,AC Milan,Bologna,79,Bologna,2685,False,1419,Andreas Skov Olsen,888537,M,70,Gianluigi Donnarumma,85,AC Milan,1644,12.4,57.8,13,23,-2,fast-break,strongFoot,0,
3,1,6,21/09/2020,AC Milan,Bologna,84,Bologna,2685,False,1419,Nicola Sansone,100580,F,76,Gianluigi Donnarumma,85,AC Milan,1644,9.1,33.7,14,50,-2,assisted,weakFoot,0,
2,1,6,21/09/2020,AC Milan,Bologna,87,Bologna,2685,False,1419,Federico Santander,46972,F,71,Gianluigi Donnarumma,85,AC Milan,1644,10.1,40.9,11,31,-2,set-piece,strongFoot,0,
1,1,6,21/09/2020,AC Milan,Bologna,87,Bologna,2685,False,1419,Lorenzo De Silvestri,14718,D,66,Gianluigi Donnarumma,85,AC Milan,1644,7.0,51.1,7,6,-2,set-piece,strongFoot,0,
0,1,6,21/09/2020,AC Milan,Bologna,90,Bologna,2685,False,1419,Takehiro Tomiyasu,804434,D,31,Gianluigi Donnarumma,85,AC Milan,1644,7.0,45.8,7,22,-2,set-piece,head,0,
28,1,7,30/09/2020,Benevento,Inter,1,Inter,2697,False,1758,Romelu Lukaku,78893,F,82,Lorenzo Montipò,72,Benevento,1390,5.6,50.5,5,3,0,assisted,weakFoot,1,
27,1,7,30/09/2020,Benevento,Inter,6,Benevento,2759,True,1390,Roberto Insigne,296432,F,62,Samir Handanović,88,Inter,1758,15.7,44.2,16,14,0,regular,strongFoot,0,
26,1,7,30/09/2020,Benevento,Inter,13,Inter,2697,False,1758,Alexis Sánchez,34120,F,77,Lorenzo Montipò,72,Benevento,1390,27.9,56.7,28,9,0,free-kick,strongFoot,0,
25,1,7,30/09/2020,Benevento,Inter,14,Benevento,2759,True,1390,Artur Ioniță,49406,M,67,Samir Handanović,88,Inter,1758,10.2,47.8,10,8,0,corner,head,0,
24,1,7,30/09/2020,Benevento,Inter,14,Inter,2697,False,1758,Achraf Hakimi,814594,D,69,Lorenzo Montipò,72,Benevento,1390,19.9,28.5,24,36,0,assisted,strongFoot,0,
23,1,7,30/09/2020,Benevento,Inter,25,Inter,2697,False,1758,Roberto Gagliardini,287057,M,62,Lorenzo Montipò,72,Benevento,1390,12.7,39.1,14,30,0,assisted,weakFoot,1,
22,1,7,30/09/2020,Benevento,Inter,27,Inter,2697,False,1758,Ashley Young,10589,D,67,Lorenzo Montipò,72,Benevento,1390,3.1,31.9,12,75,0,assisted,weakFoot,0,
21,1,7,30/09/2020,Benevento,Inter,28,Inter,2697,False,1758,Arturo Vidal,18342,M,78,Lorenzo Montipò,72,Benevento,1390,23.6,63.1,25,20,0,assisted,strongFoot,0,
20,1,7,30/09/2020,Benevento,Inter,28,Inter,2697,False,1758,Romelu Lukaku,78893,F,82,Lorenzo Montipò,72,Benevento,1390,8.4,52.7,8,12,0,assisted,strongFoot,1,
19,1,7,30/09/2020,Benevento,Inter,30,Inter,2697,False,1758,Stefano Sensi,294313,M,58,Lorenzo Montipò,72,Benevento,1390,22.1,27.9,26,34,1,assisted,strongFoot,0,
18,1,7,30/09/2020,Benevento,Inter,34,Benevento,2759,True,1390,Gianluca Caprari,148458,F,67,Samir Handanović,88,Inter,1758,20.5,43.3,21,12,-1,regular,strongFoot,1,
17,1,7,30/09/2020,Benevento,Inter,41,Benevento,2759,True,1390,Luca Caldirola,100565,D,40,Samir Handanović,88,Inter,1758,10.6,47.0,10,10,0,set-piece,head,0,
16,1,7,30/09/2020,Benevento,Inter,42,Inter,2697,False,1758,Romelu Lukaku,78893,F,82,Lorenzo Montipò,72,Benevento,1390,7.4,44.8,8,25,0,assisted,strongFoot,0,
15,1,7,30/09/2020,Benevento,Inter,42,Inter,2697,False,1758,Achraf Hakimi,814594,D,69,Lorenzo Montipò,72,Benevento,1390,7.3,51.3,7,6,0,regular,strongFoot,1,
14,1,7,30/09/2020,Benevento,Inter,45,Inter,2697,False,1758,Arturo Vidal,18342,M,78,Lorenzo Montipò,72,Benevento,1390,5.7,53.0,6,19,1,fast-break,head,0,
13,1,7,30/09/2020,Benevento,Inter,49,Benevento,2759,True,1390,Gabriele Moncini,362686,F,67,Samir Handanović,88,Inter,1758,14.0,74.4,21,49,-1,fast-break,strongFoot,0,
12,1,7,30/09/2020,Benevento,Inter,52,Benevento,2759,True,1390,Kamil Glik,45362,D,31,Samir Handanović,88,Inter,1758,24.3,73.8,29,33,-1,regular,strongFoot,0,
11,1,7,30/09/2020,Benevento,Inter,64,Benevento,2759,True,1390,Gaetano Letizia,132295,D,41,Samir Handanović,88,Inter,1758,10.7,73.3,19,55,-1,assisted,weakFoot,0,
10,1,7,30/09/2020,Benevento,Inter,64,Benevento,2759,True,1390,Gianluca Lapadula,147368,F,69,Samir Handanović,88,Inter,1758,6.1,56.3,7,35,-1,regular,strongFoot,0,
9,1,7,30/09/2020,Benevento,Inter,70,Inter,2697,False,1758,Roberto Gagliardini,287057,M,62,Lorenzo Montipò,72,Benevento,1390,15.2,48.5,15,3,1,assisted,strongFoot,0,
8,1,7,30/09/2020,Benevento,Inter,71,Inter,2697,False,1758,Lautaro Martínez,823984,F,81,Lorenzo Montipò,72,Benevento,1390,16.8,43.3,17,15,1,assisted,strongFoot,1,
7,1,7,30/09/2020,Benevento,Inter,74,Inter,2697,False,1758,Alexis Sánchez,34120,F,77,Lorenzo Montipò,72,Benevento,1390,9.3,48.7,9,5,2,regular,strongFoot,0,
6,1,7,30/09/2020,Benevento,Inter,74,Inter,2697,False,1758,Nicolò Barella,363856,M,66,Lorenzo Montipò,72,Benevento,1390,11.0,45.6,11,15,2,regular,strongFoot,0,
5,1,7,30/09/2020,Benevento,Inter,76,Benevento,2759,True,1390,Gianluca Caprari,148458,F,67,Samir Handanović,88,Inter,1758,12.4,46.0,12,12,-2,assisted,strongFoot,1,
4,1,7,30/09/2020,Benevento,Inter,78,Inter,2697,False,1758,Ivan Perišić,38710,M,80,Lorenzo Montipò,72,Benevento,1390,6.5,46.0,7,22,1,assisted,weakFoot,0,
3,1,7,30/09/2020,Benevento,Inter,79,Inter,2697,False,1758,Alexis Sánchez,34120,F,77,Lorenzo Montipò,72,Benevento,1390,14.5,64.5,17,34,1,assisted,weakFoot,0,
2,1,7,30/09/2020,Benevento,Inter,82,Inter,2697,False,1758,Nicolò Barella,363856,M,66,Lorenzo Montipò,72,Benevento,1390,19.0,51.2,19,2,1,assisted,weakFoot,0,
1,1,7,30/09/2020,Benevento,Inter,84,Benevento,2759,True,1390,Gianluca Lapadula,147368,F,69,Samir Handanović,88,Inter,1758,15.9,49.0,15,2,-1,assisted,strongFoot,0,
0,1,7,30/09/2020,Benevento,Inter,88,Benevento,2759,True,1390,Kamil Glik,45362,D,31,Samir Handanović,88,Inter,1758,9.8,50.5,9,1,-1,corner,head,0,
16,1,8,30/09/2020,Udinese,Spezia,17,Spezia,2735,False,1386,Daniele Verde,605580,F,70,Juan Musso,80,Udinese,1400,9.1,63.1,12,44,0,assisted,weakFoot,0,
15,1,8,30/09/2020,Udinese,Spezia,24,Udinese,2695,True,1400,Stefano Okaka,13148,F,73,Jeroen Zoet,76,Spezia,1386,6.4,44.3,7,31,0,set-piece,strongFoot,0,
14,1,8,30/09/2020,Udinese,Spezia,27,Udinese,2695,True,1400,Kevin Lasagna,587962,F,72,Jeroen Zoet,76,Spezia,1386,22.5,41.0,23,15,0,regular,strongFoot,0,
13,1,8,30/09/2020,Udinese,Spezia,28,Udinese,2695,True,1400,Stefano Okaka,13148,F,73,Jeroen Zoet,76,Spezia,1386,14.7,49.3,14,1,0,assisted,strongFoot,0,
12,1,8,30/09/2020,Udinese,Spezia,28,Udinese,2695,True,1400,Stefano Okaka,13148,F,73,Jeroen Zoet,76,Spezia,1386,13.7,49.9,13,0,0,regular,strongFoot,0,
11,1,8,30/09/2020,Udinese,Spezia,29,Spezia,2735,False,1386,Andrey Gălăbinov,80110,F,69,Juan Musso,80,Udinese,1400,6.7,54.0,7,22,0,assisted,head,1,
10,1,8,30/09/2020,Udinese,Spezia,36,Spezia,2735,False,1386,Alessandro Deiola,328109,M,62,Juan Musso,80,Udinese,1400,15.5,62.7,17,29,0,assisted,weakFoot,0,
9,1,8,30/09/2020,Udinese,Spezia,43,Udinese,2695,True,1400,Kevin Lasagna,587962,F,72,Jeroen Zoet,76,Spezia,1386,11.2,62.3,13,36,0,assisted,weakFoot,0,
8,1,8,30/09/2020,Udinese,Spezia,46,Udinese,2695,True,1400,Kevin Lasagna,587962,F,72,Jeroen Zoet,76,Spezia,1386,14.3,38.5,16,28,0,assisted,strongFoot,0,
7,1,8,30/09/2020,Udinese,Spezia,65,Udinese,2695,True,1400,Kevin Lasagna,587962,F,72,Jeroen Zoet,76,Spezia,1386,7.3,53.6,7,18,0,assisted,strongFoot,0,
6,1,8,30/09/2020,Udinese,Spezia,75,Udinese,2695,True,1400,Fernando Forestieri,27792,F,71,Jeroen Zoet,76,Spezia,1386,4.1,52.6,4,23,0,assisted,strongFoot,0,
5,1,8,30/09/2020,Udinese,Spezia,77,Udinese,2695,True,1400,Rodrigo De Paul,249399,M,75,Jeroen Zoet,76,Spezia,1386,29.1,51.3,29,1,0,assisted,strongFoot,0,
4,1,8,30/09/2020,Udinese,Spezia,84,Udinese,2695,True,1400,Rodrigo Becão,880207,D,32,Jeroen Zoet,76,Spezia,1386,11.2,41.7,12,26,0,set-piece,head,0,
3,1,8,30/09/2020,Udinese,Spezia,85,Udinese,2695,True,1400,Ilija Nestorovski,55314,F,73,Jeroen Zoet,76,Spezia,1386,12.5,46.8,12,9,0,set-piece,head,0,
2,1,8,30/09/2020,Udinese,Spezia,90,Udinese,2695,True,1400,Thomas Ouwejan,798180,D,52,Jeroen Zoet,76,Spezia,1386,26.5,31.2,29,25,0,assisted,strongFoot,0,
1,1,8,30/09/2020,Udinese,Spezia,90,Udinese,2695,True,1400,Ilija Nestorovski,55314,F,73,Jeroen Zoet,76,Spezia,1386,13.5,50.3,13,0,0,assisted,head,0,
0,1,8,30/09/2020,Udinese,Spezia,90,Spezia,2735,False,1386,Andrey Gălăbinov,80110,F,69,Juan Musso,80,Udinese,1400,15.5,51.8,15,4,0,fast-break,strongFoot,1,
23,1,9,30/09/2020,Lazio,Atalanta,6,Lazio,2699,True,1612,Adam Marušić,267619,D,70,Marco Sportiello,76,Atalanta,1758,9.8,27.2,18,57,0,assisted,weakFoot,0,
22,1,9,30/09/2020,Lazio,Atalanta,6,Lazio,2699,True,1612,Ciro Immobile,45923,F,87,Marco Sportiello,76,Atalanta,1758,13.7,34.2,17,38,0,regular,strongFoot,0,
21,1,9,30/09/2020,Lazio,Atalanta,7,Lazio,2699,True,1612,Ciro Immobile,45923,F,87,Marco Sportiello,76,Atalanta,1758,24.8,54.2,24,6,0,assisted,strongFoot,0,
20,1,9,30/09/2020,Lazio,Atalanta,10,Atalanta,2686,False,1758,Papu Gómez,33381,M,78,Thomas Strakosha,83,Lazio,1612,14.1,31.0,19,42,0,assisted,strongFoot,0,
19,1,9,30/09/2020,Lazio,Atalanta,10,Atalanta,2686,False,1758,Robin Gosens,377118,D,73,Thomas Strakosha,83,Lazio,1612,6.9,48.8,6,6,0,regular,strongFoot,1,
18,1,9,30/09/2020,Lazio,Atalanta,16,Atalanta,2686,False,1758,Papu Gómez,33381,M,78,Thomas Strakosha,83,Lazio,1612,13.0,54.8,13,14,0,assisted,strongFoot,0,
17,1,9,30/09/2020,Lazio,Atalanta,20,Lazio,2699,True,1612,Sergej Milinković-Savić,331447,M,78,Marco Sportiello,76,Atalanta,1758,13.8,62.0,16,30,0,assisted,weakFoot,0,
16,1,9,30/09/2020,Lazio,Atalanta,20,Lazio,2699,True,1612,Luis Alberto,111416,M,75,Marco Sportiello,76,Atalanta,1758,9.5,38.4,12,39,0,assisted,head,0,
15,1,9,30/09/2020,Lazio,Atalanta,32,Atalanta,2686,False,1758,Hans Hateboer,356352,D,62,Thomas Strakosha,83,Lazio,1612,8.0,54.2,8,19,0,assisted,strongFoot,1,
14,1,9,30/09/2020,Lazio,Atalanta,33,Lazio,2699,True,1612,Ciro Immobile,45923,F,87,Marco Sportiello,76,Atalanta,1758,2.6,56.1,4,57,-1,regular,strongFoot,0,
13,1,9,30/09/2020,Lazio,Atalanta,33,Lazio,2699,True,1612,Felipe Caicedo,18841,F,75,Marco Sportiello,76,Atalanta,1758,5.1,52.8,5,20,-1,regular,weakFoot,0,
12,1,9,30/09/2020,Lazio,Atalanta,41,Atalanta,2686,False,1758,Duván Zapata,38162,F,80,Thomas Strakosha,83,Lazio,1612,14.2,41.0,15,23,1,assisted,strongFoot,0,
11,1,9,30/09/2020,Lazio,Atalanta,41,Atalanta,2686,False,1758,Papu Gómez,33381,M,78,Thomas Strakosha,83,Lazio,1612,7.4,64.3,12,52,1,regular,strongFoot,1,
10,1,9,30/09/2020,Lazio,Atalanta,43,Lazio,2699,True,1612,Adam Marušić,267619,D,70,Marco Sportiello,76,Atalanta,1758,17.9,49.5,17,1,-2,assisted,strongFoot,0,
9,1,9,30/09/2020,Lazio,Atalanta,45,Lazio,2699,True,1612,Lucas Leiva,27234,M,65,Marco Sportiello,76,Atalanta,1758,27.7,52.8,27,3,-2,assisted,strongFoot,0,
8,1,9,30/09/2020,Lazio,Atalanta,55,Lazio,2699,True,1612,Adam Marušić,267619,D,70,Marco Sportiello,76,Atalanta,1758,3.8,41.0,7,58,-2,assisted,strongFoot,0,
7,1,9,30/09/2020,Lazio,Atalanta,57,Lazio,2699,True,1612,Felipe Caicedo,18841,F,75,Marco Sportiello,76,Atalanta,1758,0.7,44.3,3,79,-2,assisted,strongFoot,1,
6,1,9,30/09/2020,Lazio,Atalanta,59,Lazio,2699,True,1612,Ciro Immobile,45923,F,87,Marco Sportiello,76,Atalanta,1758,7.5,35.1,12,53,-1,regular,weakFoot,0,
5,1,9,30/09/2020,Lazio,Atalanta,61,Atalanta,2686,False,1758,Papu Gómez,33381,M,78,Thomas Strakosha,83,Lazio,1612,12.1,30.4,18,47,1,assisted,weakFoot,1,
4,1,9,30/09/2020,Lazio,Atalanta,64,Atalanta,2686,False,1758,Rafael Tolói,82943,D,46,Thomas Strakosha,83,Lazio,1612,11.8,53.1,11,10,2,corner,head,0,
3,1,9,30/09/2020,Lazio,Atalanta,68,Lazio,2699,True,1612,Felipe Caicedo,18841,F,75,Marco Sportiello,76,Atalanta,1758,15.6,50.4,15,0,-2,regular,strongFoot,0,
2,1,9,30/09/2020,Lazio,Atalanta,69,Atalanta,2686,False,1758,Ruslan Malinovskyi,195850,M,79,Thomas Strakosha,83,Lazio,1612,32.9,30.8,35,21,2,free-kick,strongFoot,0,
1,1,9,30/09/2020,Lazio,Atalanta,77,Lazio,2699,True,1612,Felipe Caicedo,18841,F,75,Marco Sportiello,76,Atalanta,1758,17.4,33.4,20,32,-2,regular,strongFoot,0,
0,1,9,30/09/2020,Lazio,Atalanta,87,Atalanta,2686,False,1758,Luis Muriel,119242,F,78,Thomas Strakosha,83,Lazio,1612,16.2,42.2,17,18,2,assisted,strongFoot,0,
24,2,0,26/09/2020,Torino,Atalanta,7,Torino,2696,True,1443,Simone Zaza,48077,F,77,Marco Sportiello,76,Atalanta,1753,10.5,30.7,16,51,0,throw-in-set-piece,strongFoot,0,
23,2,0,26/09/2020,Torino,Atalanta,11,Torino,2696,True,1443,Andrea Belotti,220223,F,81,Marco Sportiello,76,Atalanta,1753,6.8,32.8,13,59,0,assisted,weakFoot,1,
22,2,0,26/09/2020,Torino,Atalanta,12,Atalanta,2686,False,1753,Luis Muriel,119242,F,78,Salvatore Sirigu,84,Torino,1443,15.0,73.5,21,46,-1,corner,strongFoot,0,
21,2,0,26/09/2020,Torino,Atalanta,12,Atalanta,2686,False,1753,Marten de Roon,100389,M,68,Salvatore Sirigu,84,Torino,1443,24.8,63.7,26,20,-1,corner,strongFoot,0,
20,2,0,26/09/2020,Torino,Atalanta,13,Atalanta,2686,False,1753,Papu Gómez,33381,M,78,Salvatore Sirigu,84,Torino,1443,24.8,38.2,26,17,-1,assisted,strongFoot,1,
19,2,0,26/09/2020,Torino,Atalanta,14,Torino,2696,True,1443,Simone Zaza,48077,F,77,Marco Sportiello,76,Atalanta,1753,19.7,40.8,20,17,0,assisted,strongFoot,0,
18,2,0,26/09/2020,Torino,Atalanta,16,Atalanta,2686,False,1753,Duván Zapata,38162,F,80,Salvatore Sirigu,84,Torino,1443,4.3,49.4,4,5,0,assisted,head,0,
17,2,0,26/09/2020,Torino,Atalanta,19,Atalanta,2686,False,1753,Robin Gosens,377118,D,73,Salvatore Sirigu,84,Torino,1443,4.8,35.3,11,64,0,assisted,strongFoot,0,
16,2,0,26/09/2020,Torino,Atalanta,21,Atalanta,2686,False,1753,Luis Muriel,119242,F,78,Salvatore Sirigu,84,Torino,1443,12.0,71.3,18,50,0,assisted,strongFoot,1,
15,2,0,26/09/2020,Torino,Atalanta,29,Atalanta,2686,False,1753,Duván Zapata,38162,F,80,Salvatore Sirigu,84,Torino,1443,26.6,26.0,31,31,1,regular,strongFoot,0,
14,2,0,26/09/2020,Torino,Atalanta,33,Atalanta,2686,False,1753,Luis Muriel,119242,F,78,Salvatore Sirigu,84,Torino,1443,25.2,71.0,28,29,1,assisted,strongFoot,0,
13,2,0,26/09/2020,Torino,Atalanta,34,Atalanta,2686,False,1753,Duván Zapata,38162,F,80,Salvatore Sirigu,84,Torino,1443,9.3,44.2,10,22,1,assisted,strongFoot,0,
12,2,0,26/09/2020,Torino,Atalanta,42,Atalanta,2686,False,1753,Hans Hateboer,356352,D,62,Salvatore Sirigu,84,Torino,1443,5.0,57.2,6,44,1,assisted,strongFoot,1,
11,2,0,26/09/2020,Torino,Atalanta,43,Torino,2696,True,1443,Andrea Belotti,220223,F,81,Marco Sportiello,76,Atalanta,1753,8.7,46.0,9,17,-2,assisted,head,1,
10,2,0,26/09/2020,Torino,Atalanta,47,Atalanta,2686,False,1753,Luis Muriel,119242,F,78,Salvatore Sirigu,84,Torino,1443,11.0,66.2,15,45,1,assisted,strongFoot,0,
9,2,0,26/09/2020,Torino,Atalanta,51,Atalanta,2686,False,1753,Papu Gómez,33381,M,78,Salvatore Sirigu,84,Torino,1443,24.4,34.6,26,23,1,free-kick,strongFoot,0,
8,2,0,26/09/2020,Torino,Atalanta,53,Torino,2696,True,1443,Álex Berenguer,592012,M,71,Marco Sportiello,76,Atalanta,1753,17.2,37.5,19,26,-1,assisted,weakFoot,0,
7,2,0,26/09/2020,Torino,Atalanta,54,Atalanta,2686,False,1753,Hans Hateboer,356352,D,62,Salvatore Sirigu,84,Torino,1443,5.4,55.5,6,34,1,assisted,head,0,
6,2,0,26/09/2020,Torino,Atalanta,54,Atalanta,2686,False,1753,Marten de Roon,100389,M,68,Salvatore Sirigu,84,Torino,1443,13.8,57.6,14,20,1,assisted,weakFoot,1,
5,2,0,26/09/2020,Torino,Atalanta,59,Atalanta,2686,False,1753,Papu Gómez,33381,M,78,Salvatore Sirigu,84,Torino,1443,20.1,35.1,22,26,2,assisted,strongFoot,0,
4,2,0,26/09/2020,Torino,Atalanta,60,Atalanta,2686,False,1753,Papu Gómez,33381,M,78,Salvatore Sirigu,84,Torino,1443,7.8,37.4,11,47,2,assisted,weakFoot,0,
3,2,0,26/09/2020,Torino,Atalanta,65,Atalanta,2686,False,1753,Ruslan Malinovskyi,195850,M,79,Salvatore Sirigu,84,Torino,1443,8.3,53.4,8,15,2,assisted,head,0,
2,2,0,26/09/2020,Torino,Atalanta,73,Atalanta,2686,False,1753,Robin Gosens,377118,D,73,Salvatore Sirigu,84,Torino,1443,13.6,26.8,20,49,2,assisted,strongFoot,0,
1,2,0,26/09/2020,Torino,Atalanta,90,Torino,2696,True,1443,Andrea Belotti,220223,F,81,Marco Sportiello,76,Atalanta,1753,20.1,48.1,20,3,-2,assisted,strongFoot,0,
0,2,0,26/09/2020,Torino,Atalanta,90,Torino,2696,True,1443,Bremer,885197,D,35,Marco Sportiello,76,Atalanta,1753,7.2,57.9,8,36,-2,corner,head,0,
24,2,1,26/09/2020,Cagliari,Lazio,4,Lazio,2699,False,1606,Manuel Lazzari,273405,D,60,Alessio Cragno,81,Cagliari,1393,2.3,50.7,2,11,0,regular,strongFoot,1,
23,2,1,26/09/2020,Cagliari,Lazio,6,Lazio,2699,False,1606,Sergej Milinković-Savić,331447,M,78,Alessio Cragno,81,Cagliari,1393,6.6,63.7,11,54,1,assisted,strongFoot,0,
22,2,1,26/09/2020,Cagliari,Lazio,13,Lazio,2699,False,1606,Sergej Milinković-Savić,331447,M,78,Alessio Cragno,81,Cagliari,1393,5.5,47.9,5,14,1,corner,head,0,
21,2,1,26/09/2020,Cagliari,Lazio,13,Lazio,2699,False,1606,Adam Marušić,267619,D,70,Alessio Cragno,81,Cagliari,1393,10.0,51.8,10,6,1,corner,strongFoot,0,
20,2,1,26/09/2020,Cagliari,Lazio,13,Lazio,2699,False,1606,Patric,217784,D,51,Alessio Cragno,81,Cagliari,1393,17.4,63.7,19,28,1,corner,strongFoot,0,
19,2,1,26/09/2020,Cagliari,Lazio,14,Lazio,2699,False,1606,Ciro Immobile,45923,F,87,Alessio Cragno,81,Cagliari,1393,23.0,27.4,27,33,1,corner,strongFoot,0,
18,2,1,26/09/2020,Cagliari,Lazio,15,Lazio,2699,False,1606,Lucas Leiva,27234,M,65,Alessio Cragno,81,Cagliari,1393,23.8,48.9,23,1,1,assisted,strongFoot,0,
17,2,1,26/09/2020,Cagliari,Lazio,18,Lazio,2699,False,1606,Ciro Immobile,45923,F,87,Alessio Cragno,81,Cagliari,1393,13.8,56.1,14,16,1,assisted,strongFoot,0,
16,2,1,26/09/2020,Cagliari,Lazio,22,Cagliari,2719,True,1393,Charalampos Lykogiannis,98212,D,67,Thomas Strakosha,83,Lazio,1606,12.1,91.8,30,66,-1,free-kick,strongFoot,0,
15,2,1,26/09/2020,Cagliari,Lazio,25,Cagliari,2719,True,1393,Marko Rog,573616,M,66,Thomas Strakosha,83,Lazio,1606,17.2,53.6,17,8,-1,assisted,strongFoot,0,
14,2,1,26/09/2020,Cagliari,Lazio,26,Lazio,2699,False,1606,Ciro Immobile,45923,F,87,Alessio Cragno,81,Cagliari,1393,5.9,33.7,12,61,1,assisted,strongFoot,0,
13,2,1,26/09/2020,Cagliari,Lazio,33,Lazio,2699,False,1606,Sergej Milinković-Savić,331447,M,78,Alessio Cragno,81,Cagliari,1393,7.5,60.4,10,43,1,assisted,strongFoot,0,
12,2,1,26/09/2020,Cagliari,Lazio,34,Lazio,2699,False,1606,Ciro Immobile,45923,F,87,Alessio Cragno,81,Cagliari,1393,21.2,40.4,22,17,1,assisted,strongFoot,0,
11,2,1,26/09/2020,Cagliari,Lazio,42,Lazio,2699,False,1606,Ciro Immobile,45923,F,87,Alessio Cragno,81,Cagliari,1393,12.3,30.6,18,47,1,fast-break,strongFoot,0,
10,2,1,26/09/2020,Cagliari,Lazio,45,Cagliari,2719,True,1393,João Pedro Galvão,123208,F,77,Thomas Strakosha,83,Lazio,1606,18.9,29.9,23,35,-1,free-kick,strongFoot,0,
9,2,1,26/09/2020,Cagliari,Lazio,48,Cagliari,2719,True,1393,João Pedro Galvão,123208,F,77,Thomas Strakosha,83,Lazio,1606,25.1,55.7,25,8,-1,assisted,strongFoot,0,
8,2,1,26/09/2020,Cagliari,Lazio,48,Cagliari,2719,True,1393,Giovanni Simeone,341143,F,74,Thomas Strakosha,83,Lazio,1606,7.8,47.4,7,12,-1,regular,strongFoot,0,
7,2,1,26/09/2020,Cagliari,Lazio,57,Cagliari,2719,True,1393,Giovanni Simeone,341143,F,74,Thomas Strakosha,83,Lazio,1606,21.2,63.1,22,22,-1,assisted,strongFoot,0,
6,2,1,26/09/2020,Cagliari,Lazio,65,Lazio,2699,False,1606,Sergej Milinković-Savić,331447,M,78,Alessio Cragno,81,Cagliari,1393,19.1,51.1,19,2,1,assisted,strongFoot,0,
5,2,1,26/09/2020,Cagliari,Lazio,67,Cagliari,2719,True,1393,Sebastian Walukiewicz,886243,D,37,Thomas Strakosha,83,Lazio,1606,3.4,57.0,5,54,-1,set-piece,weakFoot,0,
4,2,1,26/09/2020,Cagliari,Lazio,74,Lazio,2699,False,1606,Ciro Immobile,45923,F,87,Alessio Cragno,81,Cagliari,1393,14.8,41.5,15,21,1,assisted,strongFoot,1,
3,2,1,26/09/2020,Cagliari,Lazio,76,Cagliari,2719,True,1393,Riccardo Sottil,893640,F,59,Thomas Strakosha,83,Lazio,1606,13.0,74.5,21,52,-2,regular,strongFoot,0,
2,2,1,26/09/2020,Cagliari,Lazio,78,Lazio,2699,False,1606,Luis Alberto,111416,M,75,Alessio Cragno,81,Cagliari,1393,12.8,65.2,16,38,2,assisted,strongFoot,0,
1,2,1,26/09/2020,Cagliari,Lazio,89,Lazio,2699,False,1606,Luis Alberto,111416,M,75,Alessio Cragno,81,Cagliari,1393,20.8,34.7,23,26,2,assisted,strongFoot,0,
0,2,1,26/09/2020,Cagliari,Lazio,90,Cagliari,2719,True,1393,Leonardo Pavoletti,132704,F,74,Thomas Strakosha,83,Lazio,1606,4.9,44.0,6,39,-2,corner,head,0,
22,2,2,26/09/2020,Sampdoria,Benevento,7,Benevento,2759,False,1400,Roberto Insigne,296432,F,62,Emil Audero,77,Sampdoria,1458,4.6,31.9,13,69,0,fast-break,strongFoot,0,
21,2,2,26/09/2020,Sampdoria,Benevento,8,Sampdoria,2711,True,1458,Fabio Quagliarella,11621,F,85,Lorenzo Montipò,72,Benevento,1400,6.4,52.2,6,13,0,assisted,strongFoot,1,
20,2,2,26/09/2020,Sampdoria,Benevento,17,Sampdoria,2711,True,1458,Federico Bonazzoli,284363,F,64,Lorenzo Montipò,72,Benevento,1400,19.9,73.2,25,38,1,regular,strongFoot,0,
19,2,2,26/09/2020,Sampdoria,Benevento,18,Sampdoria,2711,True,1458,Omar Colley,238408,D,31,Lorenzo Montipò,72,Benevento,1400,5.1,50.4,5,3,1,corner,head,1,
18,2,2,26/09/2020,Sampdoria,Benevento,21,Sampdoria,2711,True,1458,Jakub Jankto,569556,M,68,Lorenzo Montipò,72,Benevento,1400,24.5,30.1,27,28,2,assisted,strongFoot,0,
17,2,2,26/09/2020,Sampdoria,Benevento,24,Benevento,2759,False,1400,Gabriele Moncini,362686,F,67,Emil Audero,77,Sampdoria,1458,7.1,48.4,7,8,-2,assisted,head,0,
16,2,2,26/09/2020,Sampdoria,Benevento,25,Benevento,2759,False,1400,Kamil Glik,45362,D,31,Emil Audero,77,Sampdoria,1458,9.4,51.3,9,5,-2,corner,head,0,
15,2,2,26/09/2020,Sampdoria,Benevento,33,Benevento,2759,False,1400,Bryan Dabo,116623,M,66,Emil Audero,77,Sampdoria,1458,22.6,49.1,22,1,-2,set-piece,strongFoot,0,
14,2,2,26/09/2020,Sampdoria,Benevento,33,Benevento,2759,False,1400,Luca Caldirola,100565,D,40,Emil Audero,77,Sampdoria,1458,10.8,45.2,11,16,-2,corner,weakFoot,1,
13,2,2,26/09/2020,Sampdoria,Benevento,36,Benevento,2759,False,1400,Gianluca Caprari,148458,F,67,Emil Audero,77,Sampdoria,1458,27.1,44.1,27,8,-1,free-kick,strongFoot,0,
12,2,2,26/09/2020,Sampdoria,Benevento,36,Benevento,2759,False,1400,Gianluca Caprari,148458,F,67,Emil Audero,77,Sampdoria,1458,22.4,46.0,22,6,-1,set-piece,strongFoot,0,
11,2,2,26/09/2020,Sampdoria,Benevento,45,Benevento,2759,False,1400,Bryan Dabo,116623,M,66,Emil Audero,77,Sampdoria,1458,23.9,53.7,24,6,-1,regular,strongFoot,0,
10,2,2,26/09/2020,Sampdoria,Benevento,47,Benevento,2759,False,1400,Roberto Insigne,296432,F,62,Emil Audero,77,Sampdoria,1458,10.4,32.5,15,48,-1,regular,strongFoot,0,
9,2,2,26/09/2020,Sampdoria,Benevento,54,Benevento,2759,False,1400,Gabriele Moncini,362686,F,67,Emil Audero,77,Sampdoria,1458,9.4,62.2,12,41,-1,assisted,strongFoot,0,
8,2,2,26/09/2020,Sampdoria,Benevento,60,Sampdoria,2711,True,1458,Federico Bonazzoli,284363,F,64,Lorenzo Montipò,72,Benevento,1400,15.7,66.9,19,36,1,fast-break,strongFoot,0,
7,2,2,26/09/2020,Sampdoria,Benevento,65,Benevento,2759,False,1400,Gianluca Caprari,148458,F,67,Emil Audero,77,Sampdoria,1458,20.8,30.1,24,33,-1,assisted,strongFoot,0,
6,2,2,26/09/2020,Sampdoria,Benevento,71,Benevento,2759,False,1400,Gabriele Moncini,362686,F,67,Emil Audero,77,Sampdoria,1458,4.2,44.2,5,43,-1,regular,strongFoot,0,
5,2,2,26/09/2020,Sampdoria,Benevento,72,Benevento,2759,False,1400,Luca Caldirola,100565,D,40,Emil Audero,77,Sampdoria,1458,4.7,46.8,5,24,-1,corner,head,1,
4,2,2,26/09/2020,Sampdoria,Benevento,83,Sampdoria,2711,True,1458,Jakub Jankto,569556,M,68,Lorenzo Montipò,72,Benevento,1400,10.3,40.6,12,31,0,corner,head,0,
3,2,2,26/09/2020,Sampdoria,Benevento,83,Sampdoria,2711,True,1458,Fabio Depaoli,830288,M,52,Lorenzo Montipò,72,Benevento,1400,9.4,57.6,10,28,0,corner,head,0,
2,2,2,26/09/2020,Sampdoria,Benevento,84,Sampdoria,2711,True,1458,Manolo Gabbiadini,53816,F,78,Lorenzo Montipò,72,Benevento,1400,11.7,55.0,12,16,0,assisted,head,0,
1,2,2,26/09/2020,Sampdoria,Benevento,88,Benevento,2759,False,1400,Gaetano Letizia,132295,D,41,Emil Audero,77,Sampdoria,1458,24.8,68.0,27,26,0,assisted,weakFoot,1,
0,2,2,26/09/2020,Sampdoria,Benevento,90,Sampdoria,2711,True,1458,Omar Colley,238408,D,31,Lorenzo Montipò,72,Benevento,1400,9.1,49.9,9,0,-1,assisted,head,0,
31,2,3,26/09/2020,Inter,Fiorentina,3,Fiorentina,2693,False,1485,Christian Kouamé,812946,F,70,Samir Handanović,88,Inter,1753,3.4,52.0,3,21,0,assisted,strongFoot,1,
30,2,3,26/09/2020,Inter,Fiorentina,9,Fiorentina,2693,False,1485,Cristiano Biraghi,122848,D,64,Samir Handanović,88,Inter,1753,8.4,32.4,14,54,0,assisted,strongFoot,0,
29,2,3,26/09/2020,Inter,Fiorentina,11,Inter,2697,True,1753,Ivan Perišić,38710,M,80,Bartłomiej Drągowski,75,Fiorentina,1485,7.4,42.9,8,33,0,assisted,head,0,
28,2,3,26/09/2020,Inter,Fiorentina,16,Inter,2697,True,1753,Aleksandar Kolarov,26097,D,73,Bartłomiej Drągowski,75,Fiorentina,1485,25.2,70.1,28,28,0,corner,strongFoot,0,
27,2,3,26/09/2020,Inter,Fiorentina,17,Fiorentina,2693,False,1485,Christian Kouamé,812946,F,70,Samir Handanović,88,Inter,1753,13.2,62.9,15,33,0,assisted,strongFoot,0,
26,2,3,26/09/2020,Inter,Fiorentina,21,Inter,2697,True,1753,Romelu Lukaku,78893,F,82,Bartłomiej Drągowski,75,Fiorentina,1485,6.5,70.3,15,64,0,fast-break,weakFoot,0,
25,2,3,26/09/2020,Inter,Fiorentina,24,Fiorentina,2693,False,1485,Nikola Milenković,836168,D,45,Samir Handanović,88,Inter,1753,8.1,50.5,8,2,0,set-piece,head,0,
24,2,3,26/09/2020,Inter,Fiorentina,34,Inter,2697,True,1753,Romelu Lukaku,78893,F,82,Bartłomiej Drągowski,75,Fiorentina,1485,18.8,51.5,18,3,0,assisted,strongFoot,0,
23,2,3,26/09/2020,Inter,Fiorentina,35,Inter,2697,True,1753,Aleksandar Kolarov,26097,D,73,Bartłomiej Drągowski,75,Fiorentina,1485,29.6,27.6,33,27,0,assisted,strongFoot,0,
22,2,3,26/09/2020,Inter,Fiorentina,41,Fiorentina,2693,False,1485,Christian Kouamé,812946,F,70,Samir Handanović,88,Inter,1753,12.7,53.8,12,11,0,regular,strongFoot,0,
21,2,3,26/09/2020,Inter,Fiorentina,44,Inter,2697,True,1753,Ivan Perišić,38710,M,80,Bartłomiej Drągowski,75,Fiorentina,1485,6.4,45.6,7,25,0,assisted,weakFoot,0,
20,2,3,26/09/2020,Inter,Fiorentina,45,Inter,2697,True,1753,Lautaro Martínez,823984,F,81,Bartłomiej Drągowski,75,Fiorentina,1485,19.4,42.1,20,15,0,fast-break,strongFoot,1,
19,2,3,26/09/2020,Inter,Fiorentina,49,Inter,2697,True,1753,Romelu Lukaku,78893,F,82,Bartłomiej Drągowski,75,Fiorentina,1485,8.8,59.0,10,34,1,assisted,head,0,
18,2,3,26/09/2020,Inter,Fiorentina,52,Inter,2697,True,1753,Lautaro Martínez,823984,F,81,Bartłomiej Drągowski,75,Fiorentina,1485,9.7,32.4,15,50,1,assisted,strongFoot,0,
16,2,3,26/09/2020,Inter,Fiorentina,56,Fiorentina,2693,False,1485,Giacomo Bonaventura,36784,M,76,Samir Handanović,88,Inter,1753,22.8,63.1,24,21,-2,assisted,weakFoot,0,
15,2,3,26/09/2020,Inter,Fiorentina,57,Fiorentina,2693,False,1485,Gaetano Castrovilli,587628,M,57,Samir Handanović,88,Inter,1753,12.5,39.6,14,29,-2,fast-break,weakFoot,1,
14,2,3,26/09/2020,Inter,Fiorentina,61,Inter,2697,True,1753,Ivan Perišić,38710,M,80,Bartłomiej Drągowski,75,Fiorentina,1485,13.0,54.8,13,14,1,assisted,weakFoot,0,
13,2,3,26/09/2020,Inter,Fiorentina,62,Inter,2697,True,1753,Marcelo Brozović,108800,M,73,Bartłomiej Drągowski,75,Fiorentina,1485,19.8,39.0,21,20,1,assisted,weakFoot,0,
12,2,3,26/09/2020,Inter,Fiorentina,63,Fiorentina,2693,False,1485,Federico Chiesa,845386,F,73,Samir Handanović,88,Inter,1753,12.0,61.4,14,32,-1,fast-break,strongFoot,1,
11,2,3,26/09/2020,Inter,Fiorentina,68,Inter,2697,True,1753,Romelu Lukaku,78893,F,82,Bartłomiej Drągowski,75,Fiorentina,1485,7.0,48.5,7,8,0,assisted,strongFoot,0,
10,2,3,26/09/2020,Inter,Fiorentina,69,Inter,2697,True,1753,Lautaro Martínez,823984,F,81,Bartłomiej Drągowski,75,Fiorentina,1485,21.1,42.7,21,13,0,regular,strongFoot,0,
9,2,3,26/09/2020,Inter,Fiorentina,70,Inter,2697,True,1753,Stefano Sensi,294313,M,58,Bartłomiej Drągowski,75,Fiorentina,1485,23.9,42.9,24,11,0,assisted,strongFoot,0,
8,2,3,26/09/2020,Inter,Fiorentina,72,Fiorentina,2693,False,1485,Dušan Vlahović,832208,F,71,Samir Handanović,88,Inter,1753,21.5,59.8,22,17,0,assisted,strongFoot,0,
7,2,3,26/09/2020,Inter,Fiorentina,72,Inter,2697,True,1753,Romelu Lukaku,78893,F,82,Bartłomiej Drągowski,75,Fiorentina,1485,14.5,53.0,14,8,0,assisted,weakFoot,0,
6,2,3,26/09/2020,Inter,Fiorentina,73,Inter,2697,True,1753,Nicolò Barella,363856,M,66,Bartłomiej Drągowski,75,Fiorentina,1485,27.2,62.5,28,17,0,assisted,strongFoot,0,
5,2,3,26/09/2020,Inter,Fiorentina,77,Inter,2697,True,1753,Stefano Sensi,294313,M,58,Bartłomiej Drągowski,75,Fiorentina,1485,23.2,60.2,24,16,0,assisted,strongFoot,0,
4,2,3,26/09/2020,Inter,Fiorentina,80,Fiorentina,2693,False,1485,Dušan Vlahović,832208,F,71,Samir Handanović,88,Inter,1753,11.8,58.8,13,26,0,fast-break,weakFoot,0,
3,2,3,26/09/2020,Inter,Fiorentina,82,Inter,2697,True,1753,Arturo Vidal,18342,M,78,Bartłomiej Drągowski,75,Fiorentina,1485,9.7,53.2,9,12,0,assisted,head,0,
2,2,3,26/09/2020,Inter,Fiorentina,87,Inter,2697,True,1753,Romelu Lukaku,78893,F,82,Bartłomiej Drągowski,75,Fiorentina,1485,7.3,50.7,7,3,0,assisted,weakFoot,1,
1,2,3,26/09/2020,Inter,Fiorentina,89,Inter,2697,True,1753,Danilo D'Ambrosio,107936,D,55,Bartłomiej Drągowski,75,Fiorentina,1485,3.3,55.7,5,49,1,corner,head,1,
0,2,3,26/09/2020,Inter,Fiorentina,90,Inter,2697,True,1753,Achraf Hakimi,814594,D,69,Bartłomiej Drągowski,75,Fiorentina,1485,20.5,85.5,31,49,2,fast-break,strongFoot,0,
28,2,4,27/09/2020,Spezia,Sassuolo,3,Spezia,2735,True,1393,Emmanuel Gyasi,541578,M,59,Andrea Consigli,81,Sassuolo,1458,9.9,55.1,10,19,0,assisted,head,0,
26,2,4,27/09/2020,Spezia,Sassuolo,4,Sassuolo,2793,False,1458,Filip Đuričić,69367,M,67,Jeroen Zoet,76,Spezia,1393,14.3,45.5,14,12,0,regular,weakFoot,0,
27,2,4,27/09/2020,Spezia,Sassuolo,4,Sassuolo,2793,False,1458,Francesco Caputo,43905,F,78,Jeroen Zoet,76,Spezia,1393,17.7,46.1,17,8,0,assisted,strongFoot,0,
25,2,4,27/09/2020,Spezia,Sassuolo,12,Sassuolo,2793,False,1458,Filip Đuričić,69367,M,67,Jeroen Zoet,76,Spezia,1393,5.7,31.0,14,66,0,assisted,weakFoot,1,
24,2,4,27/09/2020,Spezia,Sassuolo,16,Spezia,2735,True,1393,Kevin Agudelo,931290,M,56,Andrea Consigli,81,Sassuolo,1458,18.7,63.6,20,26,-1,regular,strongFoot,0,
23,2,4,27/09/2020,Spezia,Sassuolo,30,Spezia,2735,True,1393,Andrey Gălăbinov,80110,F,69,Andrea Consigli,81,Sassuolo,1458,7.3,46.6,7,17,-1,assisted,head,1,
22,2,4,27/09/2020,Spezia,Sassuolo,42,Sassuolo,2793,False,1458,Francesco Caputo,43905,F,78,Jeroen Zoet,76,Spezia,1393,4.1,33.7,11,69,0,assisted,weakFoot,0,
21,2,4,27/09/2020,Spezia,Sassuolo,45,Sassuolo,2793,False,1458,Manuel Locatelli,363860,M,63,Jeroen Zoet,76,Spezia,1393,22.4,28.2,26,33,0,free-kick,strongFoot,0,
20,2,4,27/09/2020,Spezia,Sassuolo,45,Sassuolo,2793,False,1458,Vlad Chiricheş,69295,M,63,Jeroen Zoet,76,Spezia,1393,5.4,42.3,7,44,0,set-piece,head,0,
19,2,4,27/09/2020,Spezia,Sassuolo,45,Sassuolo,2793,False,1458,Francesco Caputo,43905,F,78,Jeroen Zoet,76,Spezia,1393,14.6,59.6,15,24,0,assisted,strongFoot,0,
18,2,4,27/09/2020,Spezia,Sassuolo,45,Sassuolo,2793,False,1458,Filip Đuričić,69367,M,67,Jeroen Zoet,76,Spezia,1393,25.5,33.4,27,23,0,corner,weakFoot,0,
17,2,4,27/09/2020,Spezia,Sassuolo,45,Spezia,2735,True,1393,Kevin Agudelo,931290,M,56,Andrea Consigli,81,Sassuolo,1458,21.1,67.2,24,29,0,assisted,strongFoot,0,
16,2,4,27/09/2020,Spezia,Sassuolo,45,Spezia,2735,True,1393,Matteo Ricci,225132,M,57,Andrea Consigli,81,Sassuolo,1458,18.5,49.3,18,1,0,assisted,weakFoot,0,
15,2,4,27/09/2020,Spezia,Sassuolo,45,Sassuolo,2793,False,1458,Filip Đuričić,69367,M,67,Jeroen Zoet,76,Spezia,1393,21.5,33.8,24,27,0,regular,weakFoot,0,
14,2,4,27/09/2020,Spezia,Sassuolo,56,Sassuolo,2793,False,1458,Grégoire Defrel,148566,F,77,Jeroen Zoet,76,Spezia,1393,6.0,65.8,12,60,0,assisted,weakFoot,0,
13,2,4,27/09/2020,Spezia,Sassuolo,62,Sassuolo,2793,False,1458,Manuel Locatelli,363860,M,63,Jeroen Zoet,76,Spezia,1393,21.6,58.8,22,15,0,assisted,strongFoot,0,
12,2,4,27/09/2020,Spezia,Sassuolo,64,Sassuolo,2793,False,1458,Domenico Berardi,253367,F,79,Jeroen Zoet,76,Spezia,1393,11.5,49.9,11,0,0,penalty,strongFoot,1,
11,2,4,27/09/2020,Spezia,Sassuolo,65,Sassuolo,2793,False,1458,Francesco Caputo,43905,F,78,Jeroen Zoet,76,Spezia,1393,14.4,44.9,14,13,1,assisted,strongFoot,0,
10,2,4,27/09/2020,Spezia,Sassuolo,66,Sassuolo,2793,False,1458,Grégoire Defrel,148566,F,77,Jeroen Zoet,76,Spezia,1393,10.0,42.9,11,25,1,assisted,strongFoot,1,
9,2,4,27/09/2020,Spezia,Sassuolo,73,Spezia,2735,True,1393,Andrey Gălăbinov,80110,F,69,Andrea Consigli,81,Sassuolo,1458,3.0,43.7,5,54,-2,assisted,head,0,
8,2,4,27/09/2020,Spezia,Sassuolo,76,Sassuolo,2793,False,1458,Francesco Caputo,43905,F,78,Jeroen Zoet,76,Spezia,1393,8.0,42.4,9,32,2,corner,strongFoot,1,
7,2,4,27/09/2020,Spezia,Sassuolo,81,Sassuolo,2793,False,1458,Filip Đuričić,69367,M,67,Jeroen Zoet,76,Spezia,1393,14.1,61.4,16,28,3,assisted,weakFoot,0,
6,2,4,27/09/2020,Spezia,Sassuolo,85,Sassuolo,2793,False,1458,Manuel Locatelli,363860,M,63,Jeroen Zoet,76,Spezia,1393,13.0,47.9,13,6,3,set-piece,strongFoot,0,
5,2,4,27/09/2020,Spezia,Sassuolo,85,Spezia,2735,True,1393,Juan Ramos,587824,D,33,Andrea Consigli,81,Sassuolo,1458,23.8,33.5,26,25,-3,assisted,weakFoot,0,
4,2,4,27/09/2020,Spezia,Sassuolo,86,Spezia,2735,True,1393,Luca Mora,131901,M,61,Andrea Consigli,81,Sassuolo,1458,9.2,38.2,12,41,-3,assisted,strongFoot,0,
3,2,4,27/09/2020,Spezia,Sassuolo,86,Spezia,2735,True,1393,Andrey Gălăbinov,80110,F,69,Andrea Consigli,81,Sassuolo,1458,8.3,53.2,8,14,-3,corner,head,0,
2,2,4,27/09/2020,Spezia,Sassuolo,90,Spezia,2735,True,1393,Diego Farias,41008,F,68,Andrea Consigli,81,Sassuolo,1458,13.3,29.7,19,46,-3,assisted,strongFoot,0,
1,2,4,27/09/2020,Spezia,Sassuolo,90,Spezia,2735,True,1393,Emmanuel Gyasi,541578,M,59,Andrea Consigli,81,Sassuolo,1458,10.8,51.1,10,3,-3,regular,strongFoot,0,
0,2,4,27/09/2020,Spezia,Sassuolo,90,Spezia,2735,True,1393,Alessandro Deiola,328109,M,62,Andrea Consigli,81,Sassuolo,1458,27.6,48.2,27,2,-3,assisted,strongFoot,0,
35,2,5,27/09/2020,Hellas Verona,Udinese,7,Hellas Verona,2701,True,1375,Mattia Zaccagni,293581,F,66,Juan Musso,80,Udinese,1411,17.7,42.1,18,16,0,assisted,strongFoot,0,
34,2,5,27/09/2020,Hellas Verona,Udinese,12,Hellas Verona,2701,True,1375,Mert Çetin,858148,D,42,Juan Musso,80,Udinese,1411,10.7,59.0,12,29,0,set-piece,head,0,
33,2,5,27/09/2020,Hellas Verona,Udinese,13,Udinese,2695,False,1411,Kevin Lasagna,587962,F,72,Marco Silvestri,77,Hellas Verona,1375,16.1,66.6,19,35,0,assisted,strongFoot,0,
32,2,5,27/09/2020,Hellas Verona,Udinese,15,Udinese,2695,False,1411,Mamadou Coulibaly,874481,M,56,Marco Silvestri,77,Hellas Verona,1375,22.1,50.9,22,1,0,assisted,strongFoot,0,
31,2,5,27/09/2020,Hellas Verona,Udinese,35,Hellas Verona,2701,True,1375,Adrien Tameze,139235,D,59,Juan Musso,80,Udinese,1411,17.9,43.5,18,13,0,regular,strongFoot,0,
30,2,5,27/09/2020,Hellas Verona,Udinese,37,Udinese,2695,False,1411,Rodrigo De Paul,249399,M,75,Marco Silvestri,77,Hellas Verona,1375,20.2,56.9,20,13,0,assisted,strongFoot,0,
29,2,5,27/09/2020,Hellas Verona,Udinese,37,Udinese,2695,False,1411,Stefano Okaka,13148,F,73,Marco Silvestri,77,Hellas Verona,1375,23.4,57.9,24,12,0,regular,strongFoot,0,
28,2,5,27/09/2020,Hellas Verona,Udinese,42,Udinese,2695,False,1411,Stefano Okaka,13148,F,73,Marco Silvestri,77,Hellas Verona,1375,11.2,39.7,13,32,0,assisted,head,0,
27,2,5,27/09/2020,Hellas Verona,Udinese,45,Udinese,2695,False,1411,Rodrigo Becão,880207,D,32,Marco Silvestri,77,Hellas Verona,1375,8.3,48.5,8,7,0,set-piece,head,0,
25,2,5,27/09/2020,Hellas Verona,Udinese,45,Udinese,2695,False,1411,Marvin Zeegelaar,74506,D,61,Marco Silvestri,77,Hellas Verona,1375,11.5,47.2,11,9,0,corner,strongFoot,0,
24,2,5,27/09/2020,Hellas Verona,Udinese,45,Udinese,2695,False,1411,Kevin Lasagna,587962,F,72,Marco Silvestri,77,Hellas Verona,1375,18.4,36.7,20,26,0,corner,strongFoot,0,
26,2,5,27/09/2020,Hellas Verona,Udinese,45,Udinese,2695,False,1411,Stefano Okaka,13148,F,73,Marco Silvestri,77,Hellas Verona,1375,4.1,48.7,4,12,0,corner,head,0,
23,2,5,27/09/2020,Hellas Verona,Udinese,47,Udinese,2695,False,1411,Sebastien De Maio,43908,D,32,Marco Silvestri,77,Hellas Verona,1375,20.1,41.5,20,16,0,set-piece,strongFoot,0,
22,2,5,27/09/2020,Hellas Verona,Udinese,47,Udinese,2695,False,1411,Kevin Lasagna,587962,F,72,Marco Silvestri,77,Hellas Verona,1375,21.9,41.7,22,14,0,assisted,strongFoot,0,
21,2,5,27/09/2020,Hellas Verona,Udinese,49,Udinese,2695,False,1411,Kevin Lasagna,587962,F,72,Marco Silvestri,77,Hellas Verona,1375,14.4,53.6,14,9,0,assisted,strongFoot,0,
20,2,5,27/09/2020,Hellas Verona,Udinese,49,Udinese,2695,False,1411,Mamadou Coulibaly,874481,M,56,Marco Silvestri,77,Hellas Verona,1375,17.7,46.4,17,7,0,regular,strongFoot,0,
19,2,5,27/09/2020,Hellas Verona,Udinese,50,Udinese,2695,False,1411,Samir Caetano,331405,D,33,Marco Silvestri,77,Hellas Verona,1375,3.8,51.8,3,17,0,corner,other,0,
18,2,5,27/09/2020,Hellas Verona,Udinese,54,Hellas Verona,2701,True,1375,Antonín Barák,330705,M,72,Juan Musso,80,Udinese,1411,4.3,63.3,10,64,0,corner,head,0,
17,2,5,27/09/2020,Hellas Verona,Udinese,55,Hellas Verona,2701,True,1375,Davide Faraoni,32040,D,68,Juan Musso,80,Udinese,1411,9.7,63.3,13,42,0,assisted,strongFoot,0,
15,2,5,27/09/2020,Hellas Verona,Udinese,56,Udinese,2695,False,1411,Marvin Zeegelaar,74506,D,61,Marco Silvestri,77,Hellas Verona,1375,15.1,55.3,15,13,0,corner,weakFoot,0,
16,2,5,27/09/2020,Hellas Verona,Udinese,56,Udinese,2695,False,1411,Kevin Lasagna,587962,F,72,Marco Silvestri,77,Hellas Verona,1375,9.0,48.0,9,8,0,assisted,weakFoot,0,
14,2,5,27/09/2020,Hellas Verona,Udinese,57,Hellas Verona,2701,True,1375,Andrea Favilli,785444,F,66,Juan Musso,80,Udinese,1411,5.3,55.3,6,34,0,assisted,strongFoot,1,
13,2,5,27/09/2020,Hellas Verona,Udinese,59,Hellas Verona,2701,True,1375,Federico Dimarco,284361,M,36,Juan Musso,80,Udinese,1411,24.4,23.1,30,36,1,assisted,strongFoot,0,
12,2,5,27/09/2020,Hellas Verona,Udinese,59,Hellas Verona,2701,True,1375,Antonín Barák,330705,M,72,Juan Musso,80,Udinese,1411,11.7,52.8,11,9,1,assisted,head,0,
11,2,5,27/09/2020,Hellas Verona,Udinese,61,Hellas Verona,2701,True,1375,Andrea Favilli,785444,F,66,Juan Musso,80,Udinese,1411,10.0,47.4,10,10,1,assisted,other,0,
10,2,5,27/09/2020,Hellas Verona,Udinese,62,Hellas Verona,2701,True,1375,Antonín Barák,330705,M,72,Juan Musso,80,Udinese,1411,19.1,24.8,25,41,1,assisted,strongFoot,0,
9,2,5,27/09/2020,Hellas Verona,Udinese,62,Udinese,2695,False,1411,Kevin Lasagna,587962,F,72,Marco Silvestri,77,Hellas Verona,1375,6.4,56.7,7,35,-1,assisted,weakFoot,0,
8,2,5,27/09/2020,Hellas Verona,Udinese,66,Udinese,2695,False,1411,Rodrigo Becão,880207,D,32,Marco Silvestri,77,Hellas Verona,1375,11.6,42.1,12,24,-1,corner,strongFoot,0,
7,2,5,27/09/2020,Hellas Verona,Udinese,67,Udinese,2695,False,1411,Thomas Ouwejan,798180,D,52,Marco Silvestri,77,Hellas Verona,1375,21.1,28.5,25,34,-1,regular,weakFoot,0,
6,2,5,27/09/2020,Hellas Verona,Udinese,67,Udinese,2695,False,1411,Rodrigo Becão,880207,D,32,Marco Silvestri,77,Hellas Verona,1375,4.7,51.5,4,12,-1,corner,strongFoot,0,
5,2,5,27/09/2020,Hellas Verona,Udinese,69,Hellas Verona,2701,True,1375,Adrien Tameze,139235,D,59,Juan Musso,80,Udinese,1411,20.7,51.8,20,3,1,assisted,strongFoot,0,
4,2,5,27/09/2020,Hellas Verona,Udinese,72,Hellas Verona,2701,True,1375,Andrea Favilli,785444,F,66,Juan Musso,80,Udinese,1411,8.8,24.8,19,62,1,assisted,weakFoot,0,
3,2,5,27/09/2020,Hellas Verona,Udinese,83,Udinese,2695,False,1411,Kevin Lasagna,587962,F,72,Marco Silvestri,77,Hellas Verona,1375,11.8,45.4,12,14,-1,assisted,strongFoot,0,
2,2,5,27/09/2020,Hellas Verona,Udinese,90,Hellas Verona,2701,True,1375,Ebrima Colley,928106,F,65,Juan Musso,80,Udinese,1411,25.2,50.7,25,1,1,assisted,strongFoot,0,
1,2,5,27/09/2020,Hellas Verona,Udinese,90,Hellas Verona,2701,True,1375,Paweł Dawidowicz,288321,M,45,Juan Musso,80,Udinese,1411,10.8,67.6,16,47,1,assisted,strongFoot,0,
0,2,5,27/09/2020,Hellas Verona,Udinese,90,Udinese,2695,False,1411,Ilija Nestorovski,55314,F,73,Marco Silvestri,77,Hellas Verona,1375,11.2,33.9,15,44,-1,regular,strongFoot,0,
20,2,6,27/09/2020,FC Crotone,AC Milan,1,FC Crotone,2718,True,1400,Junior Messias,888219,F,61,Gianluigi Donnarumma,85,AC Milan,1662,26.1,58.3,26,12,0,assisted,strongFoot,0,
19,2,6,27/09/2020,FC Crotone,AC Milan,8,AC Milan,2692,False,1662,Hakan Çalhanoğlu,135700,M,75,Alex Cordaz,72,FC Crotone,1400,23.5,35.8,25,22,0,assisted,strongFoot,0,
18,2,6,27/09/2020,FC Crotone,AC Milan,9,AC Milan,2692,False,1662,Simon Kjær,21535,D,55,Alex Cordaz,72,FC Crotone,1400,7.9,44.5,8,25,0,corner,head,0,
17,2,6,27/09/2020,FC Crotone,AC Milan,9,AC Milan,2692,False,1662,Brahim Díaz,835485,M,66,Alex Cordaz,72,FC Crotone,1400,3.5,61.7,8,66,0,corner,weakFoot,0,
16,2,6,27/09/2020,FC Crotone,AC Milan,14,AC Milan,2692,False,1662,Brahim Díaz,835485,M,66,Alex Cordaz,72,FC Crotone,1400,15.8,46.7,15,8,0,assisted,weakFoot,0,
15,2,6,27/09/2020,FC Crotone,AC Milan,16,AC Milan,2692,False,1662,Hakan Çalhanoğlu,135700,M,75,Alex Cordaz,72,FC Crotone,1400,13.3,70.0,19,45,0,assisted,strongFoot,0,
14,2,6,27/09/2020,FC Crotone,AC Milan,20,AC Milan,2692,False,1662,Simon Kjær,21535,D,55,Alex Cordaz,72,FC Crotone,1400,8.8,53.9,9,16,0,corner,head,0,
13,2,6,27/09/2020,FC Crotone,AC Milan,20,FC Crotone,2718,True,1400,Junior Messias,888219,F,61,Gianluigi Donnarumma,85,AC Milan,1662,15.6,66.3,19,35,0,assisted,strongFoot,0,
12,2,6,27/09/2020,FC Crotone,AC Milan,22,AC Milan,2692,False,1662,Brahim Díaz,835485,M,66,Alex Cordaz,72,FC Crotone,1400,11.2,34.0,15,44,0,assisted,weakFoot,0,
11,2,6,27/09/2020,FC Crotone,AC Milan,32,AC Milan,2692,False,1662,Hakan Çalhanoğlu,135700,M,75,Alex Cordaz,72,FC Crotone,1400,26.2,41.6,26,12,0,free-kick,strongFoot,0,
10,2,6,27/09/2020,FC Crotone,AC Milan,32,AC Milan,2692,False,1662,Hakan Çalhanoğlu,135700,M,75,Alex Cordaz,72,FC Crotone,1400,25.2,41.0,25,13,0,set-piece,strongFoot,0,
9,2,6,27/09/2020,FC Crotone,AC Milan,43,AC Milan,2692,False,1662,Matteo Gabbia,826195,D,33,Alex Cordaz,72,FC Crotone,1400,12.3,52.8,12,8,0,set-piece,head,0,
8,2,6,27/09/2020,FC Crotone,AC Milan,45,AC Milan,2692,False,1662,Franck Kessié,359226,M,70,Alex Cordaz,72,FC Crotone,1400,11.5,50.0,11,0,0,penalty,strongFoot,1,
7,2,6,27/09/2020,FC Crotone,AC Milan,50,AC Milan,2692,False,1662,Brahim Díaz,835485,M,66,Alex Cordaz,72,FC Crotone,1400,3.6,52.4,3,24,1,regular,weakFoot,1,
6,2,6,27/09/2020,FC Crotone,AC Milan,53,FC Crotone,2718,True,1400,Junior Messias,888219,F,61,Gianluigi Donnarumma,85,AC Milan,1662,12.1,39.0,14,31,-2,assisted,head,0,
5,2,6,27/09/2020,FC Crotone,AC Milan,58,FC Crotone,2718,True,1400,Junior Messias,888219,F,61,Gianluigi Donnarumma,85,AC Milan,1662,11.8,66.9,16,44,-2,corner,strongFoot,0,
4,2,6,27/09/2020,FC Crotone,AC Milan,82,AC Milan,2692,False,1662,Brahim Díaz,835485,M,66,Alex Cordaz,72,FC Crotone,1400,24.9,64.5,26,21,2,regular,weakFoot,0,
3,2,6,27/09/2020,FC Crotone,AC Milan,86,AC Milan,2692,False,1662,Rafael Leão,851284,F,71,Alex Cordaz,72,FC Crotone,1400,13.1,47.2,13,8,2,fast-break,strongFoot,0,
2,2,6,27/09/2020,FC Crotone,AC Milan,86,AC Milan,2692,False,1662,Rade Krunić,155449,M,73,Alex Cordaz,72,FC Crotone,1400,19.1,46.6,19,6,2,regular,strongFoot,0,
1,2,6,27/09/2020,FC Crotone,AC Milan,90,AC Milan,2692,False,1662,Lorenzo Colombo,930191,F,62,Alex Cordaz,72,FC Crotone,1400,7.3,30.9,14,60,2,fast-break,strongFoot,0,
0,2,6,27/09/2020,FC Crotone,AC Milan,90,FC Crotone,2718,True,1400,Vladimir Golemić,139524,D,27,Gianluigi Donnarumma,85,AC Milan,1662,11.7,60.4,13,31,-2,set-piece,head,0,
23,2,7,27/09/2020,SSC Napoli,Genoa,5,SSC Napoli,2714,True,1729,Victor Osimhen,822471,F,78,Federico Marchetti,71,Genoa,1379,7.7,50.3,7,1,0,assisted,head,0,
22,2,7,27/09/2020,SSC Napoli,Genoa,6,SSC Napoli,2714,True,1729,Victor Osimhen,822471,F,78,Federico Marchetti,71,Genoa,1379,4.7,68.8,13,69,0,regular,strongFoot,0,
21,2,7,27/09/2020,SSC Napoli,Genoa,10,SSC Napoli,2714,True,1729,Hirving Lozano,385320,F,74,Federico Marchetti,71,Genoa,1379,3.3,55.1,4,46,0,assisted,strongFoot,1,
20,2,7,27/09/2020,SSC Napoli,Genoa,12,SSC Napoli,2714,True,1729,Victor Osimhen,822471,F,78,Federico Marchetti,71,Genoa,1379,16.3,50.3,16,0,0,regular,strongFoot,0,
19,2,7,27/09/2020,SSC Napoli,Genoa,15,Genoa,2713,False,1379,Davide Zappacosta,132318,M,65,Alex Meret,78,SSC Napoli,1729,10.4,67.1,15,48,0,regular,strongFoot,0,
18,2,7,27/09/2020,SSC Napoli,Genoa,18,Genoa,2713,False,1379,Lukas Lerager,151470,M,66,Alex Meret,78,SSC Napoli,1729,7.8,49.7,7,1,0,regular,weakFoot,0,
17,2,7,27/09/2020,SSC Napoli,Genoa,19,SSC Napoli,2714,True,1729,Hirving Lozano,385320,F,74,Federico Marchetti,71,Genoa,1379,10.3,59.2,12,31,0,assisted,strongFoot,0,
16,2,7,27/09/2020,SSC Napoli,Genoa,28,SSC Napoli,2714,True,1729,Victor Osimhen,822471,F,78,Federico Marchetti,71,Genoa,1379,6.6,50.7,6,4,0,set-piece,head,0,
15,2,7,27/09/2020,SSC Napoli,Genoa,38,Genoa,2713,False,1379,Davide Zappacosta,132318,M,65,Alex Meret,78,SSC Napoli,1729,14.6,76.5,23,50,0,assisted,strongFoot,0,
14,2,7,27/09/2020,SSC Napoli,Genoa,40,Genoa,2713,False,1379,Miha Zajc,139256,M,69,Alex Meret,78,SSC Napoli,1729,14.8,40.7,16,23,0,regular,strongFoot,0,
13,2,7,27/09/2020,SSC Napoli,Genoa,45,SSC Napoli,2714,True,1729,Victor Osimhen,822471,F,78,Federico Marchetti,71,Genoa,1379,20.5,58.7,21,16,0,assisted,strongFoot,0,
12,2,7,27/09/2020,SSC Napoli,Genoa,45,Genoa,2713,False,1379,Davide Zappacosta,132318,M,65,Alex Meret,78,SSC Napoli,1729,21.6,75.6,27,38,0,assisted,weakFoot,0,
11,2,7,27/09/2020,SSC Napoli,Genoa,46,SSC Napoli,2714,True,1729,Piotr Zieliński,138605,M,72,Federico Marchetti,71,Genoa,1379,11.8,48.9,11,3,0,assisted,weakFoot,1,
10,2,7,27/09/2020,SSC Napoli,Genoa,49,SSC Napoli,2714,True,1729,Fabián Ruiz,784655,M,77,Federico Marchetti,71,Genoa,1379,23.9,76.1,29,36,1,free-kick,strongFoot,0,
9,2,7,27/09/2020,SSC Napoli,Genoa,51,SSC Napoli,2714,True,1729,Eljif Elmas,838232,M,68,Federico Marchetti,71,Genoa,1379,14.5,56.0,15,15,1,assisted,strongFoot,0,
8,2,7,27/09/2020,SSC Napoli,Genoa,53,SSC Napoli,2714,True,1729,Hirving Lozano,385320,F,74,Federico Marchetti,71,Genoa,1379,22.5,58.4,23,14,1,regular,strongFoot,0,
7,2,7,27/09/2020,SSC Napoli,Genoa,54,SSC Napoli,2714,True,1729,Giovanni Di Lorenzo,153257,D,68,Federico Marchetti,71,Genoa,1379,4.8,54.0,5,29,1,corner,head,0,
6,2,7,27/09/2020,SSC Napoli,Genoa,57,SSC Napoli,2714,True,1729,Dries Mertens,32493,M,80,Federico Marchetti,71,Genoa,1379,15.6,49.0,15,2,1,assisted,strongFoot,1,
5,2,7,27/09/2020,SSC Napoli,Genoa,61,Genoa,2713,False,1379,Milan Badelj,39482,M,63,Alex Meret,78,SSC Napoli,1729,20.5,29.9,24,33,-2,regular,strongFoot,0,
4,2,7,27/09/2020,SSC Napoli,Genoa,65,SSC Napoli,2714,True,1729,Hirving Lozano,385320,F,74,Federico Marchetti,71,Genoa,1379,9.5,52.8,9,11,2,assisted,strongFoot,1,
3,2,7,27/09/2020,SSC Napoli,Genoa,69,SSC Napoli,2714,True,1729,Eljif Elmas,838232,M,68,Federico Marchetti,71,Genoa,1379,9.1,41.5,10,32,3,assisted,strongFoot,1,
2,2,7,27/09/2020,SSC Napoli,Genoa,72,SSC Napoli,2714,True,1729,Matteo Politano,235672,M,77,Federico Marchetti,71,Genoa,1379,8.0,66.6,13,54,4,assisted,strongFoot,1,
1,2,7,27/09/2020,SSC Napoli,Genoa,82,SSC Napoli,2714,True,1729,Fabián Ruiz,784655,M,77,Federico Marchetti,71,Genoa,1379,12.3,25.3,20,53,5,corner,strongFoot,0,
0,2,7,27/09/2020,SSC Napoli,Genoa,90,SSC Napoli,2714,True,1729,Faouzi Ghoulam,133236,D,63,Federico Marchetti,71,Genoa,1379,24.2,23.6,30,36,5,free-kick,strongFoot,0,
18,2,8,27/09/2020,AS Roma,Juventus,8,Juventus,2687,False,1881,Cristiano Ronaldo,750,F,92,Antonio Mirante,78,AS Roma,1667,15.4,18.4,26,54,0,assisted,strongFoot,0,
17,2,8,27/09/2020,AS Roma,Juventus,12,AS Roma,2702,True,1667,Henrikh Mkhitaryan,37151,M,75,Wojciech Szczęsny,87,Juventus,1881,11.1,54.2,11,14,0,fast-break,weakFoot,0,
16,2,8,27/09/2020,AS Roma,Juventus,17,Juventus,2687,False,1881,Álvaro Morata,125407,F,79,Antonio Mirante,78,AS Roma,1667,12.7,50.7,12,2,0,set-piece,head,0,
15,2,8,27/09/2020,AS Roma,Juventus,17,AS Roma,2702,True,1667,Leonardo Spinazzola,148899,D,63,Wojciech Szczęsny,87,Juventus,1881,15.6,34.3,18,34,0,assisted,strongFoot,0,
14,2,8,27/09/2020,AS Roma,Juventus,30,AS Roma,2702,True,1667,Jordan Veretout,151124,M,73,Wojciech Szczęsny,87,Juventus,1881,17.8,57.5,18,15,0,regular,weakFoot,0,
13,2,8,27/09/2020,AS Roma,Juventus,31,AS Roma,2702,True,1667,Jordan Veretout,151124,M,73,Wojciech Szczęsny,87,Juventus,1881,11.5,50.0,11,0,0,penalty,strongFoot,1,
12,2,8,27/09/2020,AS Roma,Juventus,44,Juventus,2687,False,1881,Cristiano Ronaldo,750,F,92,Antonio Mirante,78,AS Roma,1667,11.5,50.0,11,0,0,penalty,strongFoot,1,
11,2,8,27/09/2020,AS Roma,Juventus,45,AS Roma,2702,True,1667,Jordan Veretout,151124,M,73,Wojciech Szczęsny,87,Juventus,1881,11.5,46.4,11,12,0,fast-break,weakFoot,1,
10,2,8,27/09/2020,AS Roma,Juventus,51,AS Roma,2702,True,1667,Pedro,35428,F,75,Wojciech Szczęsny,87,Juventus,1881,24.6,23.9,30,35,1,corner,weakFoot,0,
9,2,8,27/09/2020,AS Roma,Juventus,51,AS Roma,2702,True,1667,Edin Džeko,14990,F,83,Wojciech Szczęsny,87,Juventus,1881,11.5,41.9,12,25,1,corner,head,0,
7,2,8,27/09/2020,AS Roma,Juventus,56,AS Roma,2702,True,1667,Edin Džeko,14990,F,83,Wojciech Szczęsny,87,Juventus,1881,12.0,55.1,12,16,1,assisted,weakFoot,0,
8,2,8,27/09/2020,AS Roma,Juventus,56,AS Roma,2702,True,1667,Leonardo Spinazzola,148899,D,63,Wojciech Szczęsny,87,Juventus,1881,11.5,32.8,16,45,1,assisted,strongFoot,0,
6,2,8,27/09/2020,AS Roma,Juventus,57,Juventus,2687,False,1881,Cristiano Ronaldo,750,F,92,Antonio Mirante,78,AS Roma,1667,12.2,47.8,12,6,-1,assisted,strongFoot,0,
5,2,8,27/09/2020,AS Roma,Juventus,64,AS Roma,2702,True,1667,Edin Džeko,14990,F,83,Wojciech Szczęsny,87,Juventus,1881,11.0,52.5,11,8,1,assisted,weakFoot,0,
4,2,8,27/09/2020,AS Roma,Juventus,65,Juventus,2687,False,1881,Aaron Ramsey,23571,M,76,Antonio Mirante,78,AS Roma,1667,22.1,51.9,22,3,-1,assisted,weakFoot,0,
3,2,8,27/09/2020,AS Roma,Juventus,69,Juventus,2687,False,1881,Cristiano Ronaldo,750,F,92,Antonio Mirante,78,AS Roma,1667,4.2,49.3,4,6,-1,assisted,head,1,
2,2,8,27/09/2020,AS Roma,Juventus,82,AS Roma,2702,True,1667,Pedro,35428,F,75,Wojciech Szczęsny,87,Juventus,1881,18.2,47.0,18,6,0,assisted,weakFoot,0,
1,2,8,27/09/2020,AS Roma,Juventus,89,Juventus,2687,False,1881,Danilo,124992,D,69,Antonio Mirante,78,AS Roma,1667,7.4,59.4,9,40,0,corner,head,0,
0,2,8,27/09/2020,AS Roma,Juventus,90,Juventus,2687,False,1881,Giorgio Chiellini,2009,D,47,Antonio Mirante,78,AS Roma,1667,12.6,61.1,14,30,0,set-piece,strongFoot,0,
20,2,9,28/09/2020,Bologna,Parma,1,Parma,2690,False,1400,Gervinho,26991,F,70,Łukasz Skorupski,76,Bologna,1413,8.3,37.5,11,45,0,assisted,weakFoot,0,
19,2,9,28/09/2020,Bologna,Parma,3,Parma,2690,False,1400,Gastón Brugman,147269,M,58,Łukasz Skorupski,76,Bologna,1413,9.6,51.3,9,5,0,assisted,head,0,
18,2,9,28/09/2020,Bologna,Parma,5,Parma,2690,False,1400,Juraj Kucka,48563,M,73,Łukasz Skorupski,76,Bologna,1413,10.5,71.2,17,53,0,regular,weakFoot,0,
17,2,9,28/09/2020,Bologna,Parma,14,Bologna,2685,True,1413,Roberto Soriano,80406,M,73,Luigi Sepe,77,Parma,1400,8.5,47.8,8,9,0,regular,weakFoot,0,
16,2,9,28/09/2020,Bologna,Parma,15,Bologna,2685,True,1413,Roberto Soriano,80406,M,73,Luigi Sepe,77,Parma,1400,10.1,34.7,14,45,0,corner,weakFoot,0,
15,2,9,28/09/2020,Bologna,Parma,16,Bologna,2685,True,1413,Roberto Soriano,80406,M,73,Luigi Sepe,77,Parma,1400,3.1,59.6,7,64,0,corner,head,1,
14,2,9,28/09/2020,Bologna,Parma,30,Bologna,2685,True,1413,Roberto Soriano,80406,M,73,Luigi Sepe,77,Parma,1400,17.9,44.6,18,11,0,regular,weakFoot,1,
13,2,9,28/09/2020,Bologna,Parma,33,Parma,2690,False,1400,Yann Karamoh,802149,F,68,Łukasz Skorupski,76,Bologna,1413,4.9,56.0,6,39,0,assisted,weakFoot,0,
12,2,9,28/09/2020,Bologna,Parma,56,Bologna,2685,True,1413,Andreas Skov Olsen,888537,M,70,Luigi Sepe,77,Parma,1400,15.3,52.7,15,6,0,assisted,strongFoot,1,
11,2,9,28/09/2020,Bologna,Parma,62,Parma,2690,False,1400,Juraj Kucka,48563,M,73,Łukasz Skorupski,76,Bologna,1413,28.1,56.5,28,8,-1,assisted,strongFoot,0,
10,2,9,28/09/2020,Bologna,Parma,63,Parma,2690,False,1400,Hernani,156019,M,68,Łukasz Skorupski,76,Bologna,1413,6.5,52.6,6,15,-1,corner,head,0,
9,2,9,28/09/2020,Bologna,Parma,63,Parma,2690,False,1400,Gastón Brugman,147269,M,58,Łukasz Skorupski,76,Bologna,1413,5.0,19.6,21,76,-1,corner,strongFoot,0,
8,2,9,28/09/2020,Bologna,Parma,67,Parma,2690,False,1400,Hernani,156019,M,68,Łukasz Skorupski,76,Bologna,1413,14.1,50.3,14,0,-1,assisted,weakFoot,1,
7,2,9,28/09/2020,Bologna,Parma,75,Bologna,2685,True,1413,Musa Barrow,916680,F,69,Luigi Sepe,77,Parma,1400,21.6,69.6,25,31,0,assisted,strongFoot,0,
6,2,9,28/09/2020,Bologna,Parma,79,Bologna,2685,True,1413,Musa Barrow,916680,F,69,Luigi Sepe,77,Parma,1400,17.9,56.9,18,14,0,free-kick,strongFoot,0,
5,2,9,28/09/2020,Bologna,Parma,81,Parma,2690,False,1400,Hernani,156019,M,68,Łukasz Skorupski,76,Bologna,1413,31.7,49.1,31,1,0,free-kick,strongFoot,0,
4,2,9,28/09/2020,Bologna,Parma,82,Bologna,2685,True,1413,Nicola Sansone,100580,F,76,Luigi Sepe,77,Parma,1400,8.3,54.8,8,21,0,assisted,strongFoot,0,
3,2,9,28/09/2020,Bologna,Parma,87,Bologna,2685,True,1413,Rodrigo Palacio,15529,F,71,Luigi Sepe,77,Parma,1400,14.9,66.7,18,37,0,assisted,strongFoot,0,
2,2,9,28/09/2020,Bologna,Parma,90,Bologna,2685,True,1413,Rodrigo Palacio,15529,F,71,Luigi Sepe,77,Parma,1400,7.1,30.7,14,61,0,assisted,weakFoot,1,
1,2,9,28/09/2020,Bologna,Parma,90,Bologna,2685,True,1413,Federico Santander,46972,F,71,Luigi Sepe,77,Parma,1400,14.9,30.1,20,42,1,assisted,strongFoot,0,
0,2,9,28/09/2020,Bologna,Parma,90,Bologna,2685,True,1413,Riccardo Orsolini,793645,M,69,Luigi Sepe,77,Parma,1400,7.3,64.7,12,53,1,assisted,strongFoot,0,
39,3,0,02/10/2020,Fiorentina,Sampdoria,3,Fiorentina,2693,True,1469,Federico Chiesa,845386,F,73,Emil Audero,77,Sampdoria,1471,14.5,70.0,19,43,0,regular,weakFoot,0,
38,3,0,02/10/2020,Fiorentina,Sampdoria,8,Fiorentina,2693,True,1469,Christian Kouamé,812946,F,70,Emil Audero,77,Sampdoria,1471,12.0,44.0,12,18,0,assisted,strongFoot,0,
36,3,0,02/10/2020,Fiorentina,Sampdoria,12,Sampdoria,2711,False,1471,Mikkel Damsgaard,907072,M,66,Bartłomiej Drągowski,75,Fiorentina,1469,14.5,42.5,15,19,0,regular,strongFoot,0,
37,3,0,02/10/2020,Fiorentina,Sampdoria,12,Sampdoria,2711,False,1471,Antonio Candreva,27982,F,78,Bartłomiej Drągowski,75,Fiorentina,1469,27.3,58.2,27,11,0,assisted,strongFoot,0,
35,3,0,02/10/2020,Fiorentina,Sampdoria,13,Fiorentina,2693,True,1469,Dušan Vlahović,832208,F,71,Emil Audero,77,Sampdoria,1471,27.5,60.5,28,14,0,assisted,strongFoot,0,
34,3,0,02/10/2020,Fiorentina,Sampdoria,19,Fiorentina,2693,True,1469,Cristiano Biraghi,122848,D,64,Emil Audero,77,Sampdoria,1471,26.5,51.2,26,1,0,free-kick,strongFoot,0,
33,3,0,02/10/2020,Fiorentina,Sampdoria,21,Sampdoria,2711,False,1471,Gastón Ramírez,135590,M,74,Bartłomiej Drągowski,75,Fiorentina,1469,9.7,25.9,19,59,0,assisted,strongFoot,0,
32,3,0,02/10/2020,Fiorentina,Sampdoria,26,Sampdoria,2711,False,1471,Antonio Candreva,27982,F,78,Bartłomiej Drągowski,75,Fiorentina,1469,22.5,61.7,23,19,0,assisted,strongFoot,0,
31,3,0,02/10/2020,Fiorentina,Sampdoria,28,Fiorentina,2693,True,1469,Federico Chiesa,845386,F,73,Emil Audero,77,Sampdoria,1471,5.8,73.0,16,69,0,assisted,strongFoot,0,
30,3,0,02/10/2020,Fiorentina,Sampdoria,34,Sampdoria,2711,False,1471,Antonio Candreva,27982,F,78,Bartłomiej Drągowski,75,Fiorentina,1469,14.6,74.1,21,48,0,assisted,weakFoot,0,
28,3,0,02/10/2020,Fiorentina,Sampdoria,36,Sampdoria,2711,False,1471,Mikkel Damsgaard,907072,M,66,Bartłomiej Drągowski,75,Fiorentina,1469,9.5,55.5,10,21,0,assisted,strongFoot,0,
29,3,0,02/10/2020,Fiorentina,Sampdoria,36,Sampdoria,2711,False,1471,Fabio Quagliarella,11621,F,85,Bartłomiej Drągowski,75,Fiorentina,1469,3.9,55.8,5,45,0,assisted,strongFoot,0,
27,3,0,02/10/2020,Fiorentina,Sampdoria,37,Fiorentina,2693,True,1469,Giacomo Bonaventura,36784,M,76,Emil Audero,77,Sampdoria,1471,19.4,51.0,19,2,0,regular,weakFoot,0,
26,3,0,02/10/2020,Fiorentina,Sampdoria,38,Sampdoria,2711,False,1471,Gastón Ramírez,135590,M,74,Bartłomiej Drągowski,75,Fiorentina,1469,9.5,52.6,9,10,0,assisted,head,0,
25,3,0,02/10/2020,Fiorentina,Sampdoria,38,Sampdoria,2711,False,1471,Fabio Quagliarella,11621,F,85,Bartłomiej Drągowski,75,Fiorentina,1469,8.4,66.7,14,53,0,assisted,strongFoot,0,
24,3,0,02/10/2020,Fiorentina,Sampdoria,40,Fiorentina,2693,True,1469,Gaetano Castrovilli,587628,M,57,Emil Audero,77,Sampdoria,1471,8.4,50.1,8,0,0,assisted,head,0,
23,3,0,02/10/2020,Fiorentina,Sampdoria,43,Sampdoria,2711,False,1471,Fabio Quagliarella,11621,F,85,Bartłomiej Drągowski,75,Fiorentina,1469,11.4,50.1,11,0,0,penalty,strongFoot,1,
22,3,0,02/10/2020,Fiorentina,Sampdoria,45,Fiorentina,2693,True,1469,Christian Kouamé,812946,F,70,Emil Audero,77,Sampdoria,1471,12.8,45.4,13,13,-1,assisted,strongFoot,0,
21,3,0,02/10/2020,Fiorentina,Sampdoria,45,Fiorentina,2693,True,1469,Giacomo Bonaventura,36784,M,76,Emil Audero,77,Sampdoria,1471,15.1,50.3,15,0,-1,regular,weakFoot,0,
20,3,0,02/10/2020,Fiorentina,Sampdoria,48,Fiorentina,2693,True,1469,Federico Chiesa,845386,F,73,Emil Audero,77,Sampdoria,1471,13.2,43.7,13,17,-1,assisted,weakFoot,0,
19,3,0,02/10/2020,Fiorentina,Sampdoria,50,Sampdoria,2711,False,1471,Fabio Quagliarella,11621,F,85,Bartłomiej Drągowski,75,Fiorentina,1469,12.5,33.3,16,42,1,assisted,weakFoot,0,
18,3,0,02/10/2020,Fiorentina,Sampdoria,51,Sampdoria,2711,False,1471,Antonio Candreva,27982,F,78,Bartłomiej Drągowski,75,Fiorentina,1469,9.8,69.1,16,52,1,corner,strongFoot,0,
17,3,0,02/10/2020,Fiorentina,Sampdoria,52,Sampdoria,2711,False,1471,Tommaso Augello,596736,M,37,Bartłomiej Drągowski,75,Fiorentina,1469,19.4,35.7,21,26,1,corner,strongFoot,0,
16,3,0,02/10/2020,Fiorentina,Sampdoria,55,Sampdoria,2711,False,1471,Antonio Candreva,27982,F,78,Bartłomiej Drągowski,75,Fiorentina,1469,9.2,70.9,16,57,1,assisted,strongFoot,0,
15,3,0,02/10/2020,Fiorentina,Sampdoria,56,Fiorentina,2693,True,1469,Martín Cáceres,28186,D,51,Emil Audero,77,Sampdoria,1471,30.2,51.3,30,1,-1,assisted,strongFoot,0,
14,3,0,02/10/2020,Fiorentina,Sampdoria,57,Fiorentina,2693,True,1469,Gaetano Castrovilli,587628,M,57,Emil Audero,77,Sampdoria,1471,24.1,22.7,30,37,-1,corner,strongFoot,0,
13,3,0,02/10/2020,Fiorentina,Sampdoria,58,Fiorentina,2693,True,1469,Dušan Vlahović,832208,F,71,Emil Audero,77,Sampdoria,1471,13.0,74.5,21,52,-1,assisted,weakFoot,0,
12,3,0,02/10/2020,Fiorentina,Sampdoria,61,Fiorentina,2693,True,1469,Martín Cáceres,28186,D,51,Emil Audero,77,Sampdoria,1471,8.3,48.4,8,7,-1,corner,head,0,
11,3,0,02/10/2020,Fiorentina,Sampdoria,63,Sampdoria,2711,False,1471,Gastón Ramírez,135590,M,74,Bartłomiej Drągowski,75,Fiorentina,1469,23.2,63.7,25,21,1,free-kick,strongFoot,0,
10,3,0,02/10/2020,Fiorentina,Sampdoria,64,Sampdoria,2711,False,1471,Antonio Candreva,27982,F,78,Bartłomiej Drągowski,75,Fiorentina,1469,9.4,66.3,14,49,1,assisted,strongFoot,0,
9,3,0,02/10/2020,Fiorentina,Sampdoria,67,Fiorentina,2693,True,1469,Dušan Vlahović,832208,F,71,Emil Audero,77,Sampdoria,1471,4.3,54.8,5,37,-1,corner,head,0,
8,3,0,02/10/2020,Fiorentina,Sampdoria,70,Fiorentina,2693,True,1469,Federico Chiesa,845386,F,73,Emil Audero,77,Sampdoria,1471,27.0,69.1,29,25,-1,set-piece,strongFoot,0,
6,3,0,02/10/2020,Fiorentina,Sampdoria,72,Fiorentina,2693,True,1469,Dušan Vlahović,832208,F,71,Emil Audero,77,Sampdoria,1471,8.8,49.7,8,1,-1,assisted,strongFoot,1,
7,3,0,02/10/2020,Fiorentina,Sampdoria,72,Fiorentina,2693,True,1469,Nikola Milenković,836168,D,45,Emil Audero,77,Sampdoria,1471,22.5,69.5,26,30,0,assisted,strongFoot,0,
5,3,0,02/10/2020,Fiorentina,Sampdoria,77,Fiorentina,2693,True,1469,Federico Chiesa,845386,F,73,Emil Audero,77,Sampdoria,1471,16.3,33.0,19,35,0,assisted,strongFoot,0,
4,3,0,02/10/2020,Fiorentina,Sampdoria,83,Sampdoria,2711,False,1471,Valerio Verre,139267,M,73,Bartłomiej Drągowski,75,Fiorentina,1469,19.8,66.7,22,29,0,assisted,weakFoot,1,
3,3,0,02/10/2020,Fiorentina,Sampdoria,86,Fiorentina,2693,True,1469,Federico Chiesa,845386,F,73,Emil Audero,77,Sampdoria,1471,14.0,73.2,21,48,-1,corner,strongFoot,0,
2,3,0,02/10/2020,Fiorentina,Sampdoria,86,Fiorentina,2693,True,1469,Patrick Cutrone,795044,F,73,Emil Audero,77,Sampdoria,1471,6.9,58.1,8,38,-1,corner,head,0,
1,3,0,02/10/2020,Fiorentina,Sampdoria,90,Sampdoria,2711,False,1471,Antonio Palumbo,587708,F,45,Bartłomiej Drągowski,75,Fiorentina,1469,17.8,32.4,21,33,1,assisted,strongFoot,0,
0,3,0,02/10/2020,Fiorentina,Sampdoria,90,Fiorentina,2693,True,1469,Federico Chiesa,845386,F,73,Emil Audero,77,Sampdoria,1471,13.4,70.6,19,46,-1,assisted,strongFoot,0,
21,3,1,03/10/2020,Sassuolo,FC Crotone,11,FC Crotone,2718,False,1400,Lisandro Magallán,248125,D,37,Andrea Consigli,81,Sassuolo,1471,8.5,46.7,8,14,0,corner,weakFoot,0,
20,3,1,03/10/2020,Sassuolo,FC Crotone,12,FC Crotone,2718,False,1400,Luca Cigarini,12656,M,65,Andrea Consigli,81,Sassuolo,1471,18.8,65.8,21,29,0,assisted,strongFoot,0,
19,3,1,03/10/2020,Sassuolo,FC Crotone,18,FC Crotone,2718,False,1400,Junior Messias,888219,F,61,Andrea Consigli,81,Sassuolo,1471,29.1,44.2,29,7,0,free-kick,strongFoot,0,
18,3,1,03/10/2020,Sassuolo,FC Crotone,19,Sassuolo,2793,True,1471,Domenico Berardi,253367,F,79,Alex Cordaz,72,FC Crotone,1400,18.4,57.7,19,15,0,assisted,strongFoot,1,
17,3,1,03/10/2020,Sassuolo,FC Crotone,22,FC Crotone,2718,False,1400,Luca Marrone,81827,D,59,Andrea Consigli,81,Sassuolo,1471,2.6,56.7,5,60,-1,corner,head,0,
16,3,1,03/10/2020,Sassuolo,FC Crotone,25,FC Crotone,2718,False,1400,Luca Cigarini,12656,M,65,Andrea Consigli,81,Sassuolo,1471,20.0,33.7,22,28,-1,free-kick,strongFoot,0,
15,3,1,03/10/2020,Sassuolo,FC Crotone,28,Sassuolo,2793,True,1471,Jeremy Toljan,149606,D,41,Alex Cordaz,72,FC Crotone,1400,9.4,33.4,14,50,1,assisted,strongFoot,0,
14,3,1,03/10/2020,Sassuolo,FC Crotone,38,Sassuolo,2793,True,1471,Kaan Ayhan,138152,D,52,Alex Cordaz,72,FC Crotone,1400,9.3,52.6,9,10,1,corner,strongFoot,0,
13,3,1,03/10/2020,Sassuolo,FC Crotone,40,FC Crotone,2718,False,1400,Miloš Vulić,795861,M,60,Andrea Consigli,81,Sassuolo,1471,14.7,43.3,15,17,-1,assisted,strongFoot,0,
12,3,1,03/10/2020,Sassuolo,FC Crotone,45,FC Crotone,2718,False,1400,Junior Messias,888219,F,61,Andrea Consigli,81,Sassuolo,1471,15.6,66.3,19,35,-1,assisted,strongFoot,0,
11,3,1,03/10/2020,Sassuolo,FC Crotone,45,FC Crotone,2718,False,1400,Luca Cigarini,12656,M,65,Andrea Consigli,81,Sassuolo,1471,20.7,63.3,22,23,-1,regular,strongFoot,0,
10,3,1,03/10/2020,Sassuolo,FC Crotone,45,FC Crotone,2718,False,1400,Junior Messias,888219,F,61,Andrea Consigli,81,Sassuolo,1471,15.0,53.9,15,10,-1,assisted,weakFoot,0,
9,3,1,03/10/2020,Sassuolo,FC Crotone,49,FC Crotone,2718,False,1400,Simy,170499,F,74,Andrea Consigli,81,Sassuolo,1471,11.5,50.0,11,0,-1,penalty,strongFoot,1,
8,3,1,03/10/2020,Sassuolo,FC Crotone,58,Sassuolo,2793,True,1471,Francesco Caputo,43905,F,78,Alex Cordaz,72,FC Crotone,1400,11.5,50.0,11,0,0,penalty,strongFoot,1,
7,3,1,03/10/2020,Sassuolo,FC Crotone,63,Sassuolo,2793,True,1471,Domenico Berardi,253367,F,79,Alex Cordaz,72,FC Crotone,1400,10.1,61.2,12,37,1,fast-break,strongFoot,0,
6,3,1,03/10/2020,Sassuolo,FC Crotone,69,FC Crotone,2718,False,1400,Arkadiusz Reca,580638,D,55,Andrea Consigli,81,Sassuolo,1471,9.4,31.6,15,53,-1,set-piece,strongFoot,0,
5,3,1,03/10/2020,Sassuolo,FC Crotone,70,FC Crotone,2718,False,1400,Simy,170499,F,74,Andrea Consigli,81,Sassuolo,1471,7.1,49.9,7,0,-1,assisted,strongFoot,0,
4,3,1,03/10/2020,Sassuolo,FC Crotone,78,FC Crotone,2718,False,1400,Simy,170499,F,74,Andrea Consigli,81,Sassuolo,1471,11.8,35.9,15,39,-1,assisted,weakFoot,0,
3,3,1,03/10/2020,Sassuolo,FC Crotone,84,FC Crotone,2718,False,1400,Junior Messias,888219,F,61,Andrea Consigli,81,Sassuolo,1471,12.2,31.8,17,45,-1,assisted,strongFoot,0,
2,3,1,03/10/2020,Sassuolo,FC Crotone,85,Sassuolo,2793,True,1471,Francesco Caputo,43905,F,78,Alex Cordaz,72,FC Crotone,1400,11.7,48.9,11,3,1,fast-break,strongFoot,1,
1,3,1,03/10/2020,Sassuolo,FC Crotone,89,FC Crotone,2718,False,1400,Denis Drăguş,841199,F,65,Andrea Consigli,81,Sassuolo,1471,24.2,69.7,27,28,-2,assisted,strongFoot,0,
0,3,1,03/10/2020,Sassuolo,FC Crotone,90,Sassuolo,2793,True,1471,Manuel Locatelli,363860,M,63,Alex Cordaz,72,FC Crotone,1400,10.8,45.2,11,16,2,regular,strongFoot,1,
22,3,3,03/10/2020,Udinese,AS Roma,11,AS Roma,2702,False,1676,Lorenzo Pellegrini,555540,F,70,Juan Musso,80,Udinese,1382,19.7,18.6,29,47,0,free-kick,strongFoot,0,
21,3,3,03/10/2020,Udinese,AS Roma,12,Udinese,2695,True,1382,Stefano Okaka,13148,F,73,Antonio Mirante,78,AS Roma,1676,9.1,72.7,17,59,0,regular,strongFoot,0,
20,3,3,03/10/2020,Udinese,AS Roma,17,AS Roma,2702,False,1676,Henrikh Mkhitaryan,37151,M,75,Juan Musso,80,Udinese,1382,24.8,51.3,24,2,0,regular,weakFoot,0,
19,3,3,03/10/2020,Udinese,AS Roma,19,AS Roma,2702,False,1676,Pedro,35428,F,75,Juan Musso,80,Udinese,1382,13.2,50.9,13,2,0,assisted,head,0,
18,3,3,03/10/2020,Udinese,AS Roma,20,Udinese,2695,True,1382,Kevin Lasagna,587962,F,72,Antonio Mirante,78,AS Roma,1676,23.9,65.1,26,23,0,corner,strongFoot,0,
17,3,3,03/10/2020,Udinese,AS Roma,22,AS Roma,2702,False,1676,Edin Džeko,14990,F,83,Juan Musso,80,Udinese,1382,9.8,43.7,10,23,0,assisted,weakFoot,0,
16,3,3,03/10/2020,Udinese,AS Roma,24,AS Roma,2702,False,1676,Lorenzo Pellegrini,555540,F,70,Juan Musso,80,Udinese,1382,23.2,58.3,23,13,0,assisted,strongFoot,0,
15,3,3,03/10/2020,Udinese,AS Roma,28,AS Roma,2702,False,1676,Davide Santon,40983,D,57,Juan Musso,80,Udinese,1382,9.5,57.7,10,28,0,assisted,head,0,
14,3,3,03/10/2020,Udinese,AS Roma,29,AS Roma,2702,False,1676,Jordan Veretout,151124,M,73,Juan Musso,80,Udinese,1382,20.0,43.0,20,13,0,assisted,strongFoot,0,
13,3,3,03/10/2020,Udinese,AS Roma,33,Udinese,2695,True,1382,Roberto Pereyra,122701,M,72,Antonio Mirante,78,AS Roma,1676,25.8,47.6,25,3,0,fast-break,weakFoot,0,
12,3,3,03/10/2020,Udinese,AS Roma,35,AS Roma,2702,False,1676,Jordan Veretout,151124,M,73,Juan Musso,80,Udinese,1382,28.7,47.8,28,2,0,free-kick,strongFoot,0,
11,3,3,03/10/2020,Udinese,AS Roma,36,AS Roma,2702,False,1676,Henrikh Mkhitaryan,37151,M,75,Juan Musso,80,Udinese,1382,23.4,43.9,23,10,0,assisted,weakFoot,0,
10,3,3,03/10/2020,Udinese,AS Roma,37,Udinese,2695,True,1382,Kevin Lasagna,587962,F,72,Antonio Mirante,78,AS Roma,1676,7.8,46.6,8,16,0,assisted,weakFoot,0,
9,3,3,03/10/2020,Udinese,AS Roma,43,Udinese,2695,True,1382,Kevin Lasagna,587962,F,72,Antonio Mirante,78,AS Roma,1676,11.0,52.4,11,8,0,regular,weakFoot,0,
8,3,3,03/10/2020,Udinese,AS Roma,43,Udinese,2695,True,1382,Roberto Pereyra,122701,M,72,Antonio Mirante,78,AS Roma,1676,5.7,69.3,14,66,0,regular,weakFoot,0,
7,3,3,03/10/2020,Udinese,AS Roma,45,AS Roma,2702,False,1676,Jordan Veretout,151124,M,73,Juan Musso,80,Udinese,1382,24.1,54.6,24,7,0,set-piece,weakFoot,0,
6,3,3,03/10/2020,Udinese,AS Roma,48,AS Roma,2702,False,1676,Pedro,35428,F,75,Juan Musso,80,Udinese,1382,18.8,46.8,18,6,0,assisted,weakFoot,0,
5,3,3,03/10/2020,Udinese,AS Roma,55,AS Roma,2702,False,1676,Pedro,35428,F,75,Juan Musso,80,Udinese,1382,25.5,58.8,26,13,0,regular,weakFoot,1,
4,3,3,03/10/2020,Udinese,AS Roma,59,AS Roma,2702,False,1676,Edin Džeko,14990,F,83,Juan Musso,80,Udinese,1382,10.7,51.8,10,6,1,set-piece,head,0,
3,3,3,03/10/2020,Udinese,AS Roma,69,Udinese,2695,True,1382,Stefano Okaka,13148,F,73,Antonio Mirante,78,AS Roma,1676,10.9,67.3,16,47,-1,assisted,strongFoot,0,
2,3,3,03/10/2020,Udinese,AS Roma,71,Udinese,2695,True,1382,Thomas Ouwejan,798180,D,52,Antonio Mirante,78,AS Roma,1676,24.9,41.9,25,12,-1,regular,strongFoot,0,
1,3,3,03/10/2020,Udinese,AS Roma,72,Udinese,2695,True,1382,Nahuel Molina,831799,D,33,Antonio Mirante,78,AS Roma,1676,11.6,70.8,18,50,-1,regular,strongFoot,0,
0,3,3,03/10/2020,Udinese,AS Roma,73,Udinese,2695,True,1382,Fernando Forestieri,27792,F,71,Antonio Mirante,78,AS Roma,1676,27.1,55.3,27,7,-1,corner,strongFoot,0,
32,3,4,04/10/2020,Atalanta,Cagliari,7,Atalanta,2686,True,1769,Luis Muriel,119242,F,78,Alessio Cragno,81,Cagliari,1383,17.2,45.6,17,9,0,fast-break,strongFoot,1,
31,3,4,04/10/2020,Atalanta,Cagliari,11,Atalanta,2686,True,1769,Luis Muriel,119242,F,78,Alessio Cragno,81,Cagliari,1383,7.2,5.0,31,76,0,free-kick,strongFoot,0,
30,3,4,04/10/2020,Atalanta,Cagliari,15,Atalanta,2686,True,1769,Duván Zapata,38162,F,80,Alessio Cragno,81,Cagliari,1383,10.4,40.6,12,31,0,assisted,strongFoot,0,
29,3,4,04/10/2020,Atalanta,Cagliari,15,Atalanta,2686,True,1769,Marten de Roon,100389,M,68,Alessio Cragno,81,Cagliari,1383,22.1,60.0,23,17,0,assisted,strongFoot,0,
28,3,4,04/10/2020,Atalanta,Cagliari,20,Atalanta,2686,True,1769,Luis Muriel,119242,F,78,Alessio Cragno,81,Cagliari,1383,6.4,55.3,7,29,0,set-piece,head,0,
27,3,4,04/10/2020,Atalanta,Cagliari,22,Atalanta,2686,True,1769,Marten de Roon,100389,M,68,Alessio Cragno,81,Cagliari,1383,17.9,49.4,17,1,0,assisted,strongFoot,0,
26,3,4,04/10/2020,Atalanta,Cagliari,22,Atalanta,2686,True,1769,Mario Pašalić,190437,M,70,Alessio Cragno,81,Cagliari,1383,17.8,48.9,17,2,0,assisted,weakFoot,0,
25,3,4,04/10/2020,Atalanta,Cagliari,22,Cagliari,2719,False,1383,Riccardo Sottil,893640,F,59,Marco Sportiello,76,Atalanta,1769,10.3,69.6,16,52,0,regular,strongFoot,0,
24,3,4,04/10/2020,Atalanta,Cagliari,24,Cagliari,2719,False,1383,Diego Godín,14933,D,48,Marco Sportiello,76,Atalanta,1769,6.4,58.7,8,42,0,corner,head,1,
23,3,4,04/10/2020,Atalanta,Cagliari,29,Atalanta,2686,True,1769,Papu Gómez,33381,M,78,Alessio Cragno,81,Cagliari,1383,22.5,40.3,23,16,-1,assisted,strongFoot,1,
22,3,4,04/10/2020,Atalanta,Cagliari,32,Cagliari,2719,False,1383,Răzvan Marin,279563,M,73,Marco Sportiello,76,Atalanta,1769,16.0,65.3,19,33,0,assisted,weakFoot,0,
21,3,4,04/10/2020,Atalanta,Cagliari,35,Atalanta,2686,True,1769,Hans Hateboer,356352,D,62,Alessio Cragno,81,Cagliari,1383,3.6,66.6,11,72,0,assisted,head,0,
20,3,4,04/10/2020,Atalanta,Cagliari,37,Atalanta,2686,True,1769,Mario Pašalić,190437,M,70,Alessio Cragno,81,Cagliari,1383,6.0,46.6,6,21,0,assisted,strongFoot,1,
19,3,4,04/10/2020,Atalanta,Cagliari,42,Atalanta,2686,True,1769,Duván Zapata,38162,F,80,Alessio Cragno,81,Cagliari,1383,11.5,33.1,16,44,1,assisted,strongFoot,1,
18,3,4,04/10/2020,Atalanta,Cagliari,44,Cagliari,2719,False,1383,Diego Godín,14933,D,48,Marco Sportiello,76,Atalanta,1769,9.0,48.9,9,4,-2,corner,head,0,
17,3,4,04/10/2020,Atalanta,Cagliari,45,Atalanta,2686,True,1769,Duván Zapata,38162,F,80,Alessio Cragno,81,Cagliari,1383,18.8,50.7,18,1,2,regular,strongFoot,0,
16,3,4,04/10/2020,Atalanta,Cagliari,50,Cagliari,2719,False,1383,Giovanni Simeone,341143,F,74,Marco Sportiello,76,Atalanta,1769,20.6,29.2,24,34,-2,assisted,strongFoot,0,
14,3,4,04/10/2020,Atalanta,Cagliari,51,Atalanta,2686,True,1769,Luis Muriel,119242,F,78,Alessio Cragno,81,Cagliari,1383,3.0,51.2,3,15,2,regular,weakFoot,0,
15,3,4,04/10/2020,Atalanta,Cagliari,51,Atalanta,2686,True,1769,Duván Zapata,38162,F,80,Alessio Cragno,81,Cagliari,1383,11.7,38.2,14,34,2,assisted,strongFoot,0,
13,3,4,04/10/2020,Atalanta,Cagliari,52,Atalanta,2686,True,1769,Cristian Romero,829932,D,34,Alessio Cragno,81,Cagliari,1383,11.1,48.9,11,3,2,corner,head,0,
12,3,4,04/10/2020,Atalanta,Cagliari,52,Cagliari,2719,False,1383,João Pedro Galvão,123208,F,77,Marco Sportiello,76,Atalanta,1769,7.9,41.3,9,36,-2,fast-break,strongFoot,1,
11,3,4,04/10/2020,Atalanta,Cagliari,55,Cagliari,2719,False,1383,Giovanni Simeone,341143,F,74,Marco Sportiello,76,Atalanta,1769,11.6,58.8,13,27,-1,fast-break,strongFoot,0,
10,3,4,04/10/2020,Atalanta,Cagliari,55,Cagliari,2719,False,1383,João Pedro Galvão,123208,F,77,Marco Sportiello,76,Atalanta,1769,20.9,39.5,22,18,-1,assisted,strongFoot,0,
9,3,4,04/10/2020,Atalanta,Cagliari,57,Cagliari,2719,False,1383,João Pedro Galvão,123208,F,77,Marco Sportiello,76,Atalanta,1769,25.5,41.2,26,13,-1,free-kick,strongFoot,0,
8,3,4,04/10/2020,Atalanta,Cagliari,63,Atalanta,2686,True,1769,Duván Zapata,38162,F,80,Alessio Cragno,81,Cagliari,1383,7.5,44.8,8,25,1,assisted,weakFoot,0,
7,3,4,04/10/2020,Atalanta,Cagliari,69,Cagliari,2719,False,1383,Matteo Tramoni,887275,F,57,Marco Sportiello,76,Atalanta,1769,20.9,37.0,22,22,-1,assisted,strongFoot,0,
6,3,4,04/10/2020,Atalanta,Cagliari,75,Atalanta,2686,True,1769,Ruslan Malinovskyi,195850,M,79,Alessio Cragno,81,Cagliari,1383,26.6,61.8,27,16,1,assisted,strongFoot,0,
5,3,4,04/10/2020,Atalanta,Cagliari,80,Cagliari,2719,False,1383,Nahitan Nández,589620,M,66,Marco Sportiello,76,Atalanta,1769,14.7,64.4,17,33,-1,assisted,strongFoot,0,
4,3,4,04/10/2020,Atalanta,Cagliari,81,Atalanta,2686,True,1769,Sam Lammers,804901,F,74,Alessio Cragno,81,Cagliari,1383,4.8,64.5,10,64,1,assisted,weakFoot,1,
3,3,4,04/10/2020,Atalanta,Cagliari,83,Atalanta,2686,True,1769,Remo Freuler,115516,M,68,Alessio Cragno,81,Cagliari,1383,13.2,41.0,14,24,2,regular,strongFoot,0,
2,3,4,04/10/2020,Atalanta,Cagliari,86,Cagliari,2719,False,1383,Leonardo Pavoletti,132704,F,74,Marco Sportiello,76,Atalanta,1769,7.0,51.5,7,8,-2,assisted,head,0,
1,3,4,04/10/2020,Atalanta,Cagliari,87,Atalanta,2686,True,1769,Ruslan Malinovskyi,195850,M,79,Alessio Cragno,81,Cagliari,1383,23.5,48.4,23,2,2,assisted,strongFoot,0,
0,3,4,04/10/2020,Atalanta,Cagliari,90,Atalanta,2686,True,1769,Ruslan Malinovskyi,195850,M,79,Alessio Cragno,81,Cagliari,1383,11.8,59.3,13,28,2,assisted,strongFoot,0,
23,3,5,04/10/2020,Benevento,Bologna,3,Bologna,2685,False,1409,Rodrigo Palacio,15529,F,71,Lorenzo Montipò,72,Benevento,1400,9.5,33.4,14,49,0,assisted,head,0,
22,3,5,04/10/2020,Benevento,Bologna,5,Bologna,2685,False,1409,Roberto Soriano,80406,M,73,Lorenzo Montipò,72,Benevento,1400,23.6,66.7,26,25,0,assisted,weakFoot,0,
21,3,5,04/10/2020,Benevento,Bologna,9,Bologna,2685,False,1409,Andreas Skov Olsen,888537,M,70,Lorenzo Montipò,72,Benevento,1400,19.1,43.5,19,13,0,assisted,strongFoot,0,
20,3,5,04/10/2020,Benevento,Bologna,11,Bologna,2685,False,1409,Mattias Svanberg,796987,M,65,Lorenzo Montipò,72,Benevento,1400,27.2,51.0,27,1,0,assisted,weakFoot,0,
19,3,5,04/10/2020,Benevento,Bologna,12,Bologna,2685,False,1409,Lorenzo De Silvestri,14718,D,66,Lorenzo Montipò,72,Benevento,1400,6.7,62.0,10,50,0,corner,head,0,
18,3,5,04/10/2020,Benevento,Bologna,28,Bologna,2685,False,1409,Musa Barrow,916680,F,69,Lorenzo Montipò,72,Benevento,1400,6.7,41.2,8,41,0,assisted,weakFoot,0,
17,3,5,04/10/2020,Benevento,Bologna,30,Bologna,2685,False,1409,Mattias Svanberg,796987,M,65,Lorenzo Montipò,72,Benevento,1400,29.1,31.2,31,23,0,assisted,strongFoot,0,
16,3,5,04/10/2020,Benevento,Bologna,31,Bologna,2685,False,1409,Andreas Skov Olsen,888537,M,70,Lorenzo Montipò,72,Benevento,1400,14.0,75.1,22,50,0,assisted,strongFoot,0,
15,3,5,04/10/2020,Benevento,Bologna,41,Bologna,2685,False,1409,Andreas Skov Olsen,888537,M,70,Lorenzo Montipò,72,Benevento,1400,10.3,40.2,12,32,0,assisted,strongFoot,0,
14,3,5,04/10/2020,Benevento,Bologna,41,Bologna,2685,False,1409,Mattias Svanberg,796987,M,65,Lorenzo Montipò,72,Benevento,1400,28.0,45.4,28,6,0,assisted,strongFoot,0,
13,3,5,04/10/2020,Benevento,Bologna,41,Benevento,2759,True,1400,Përparim Hetemaj,7472,M,64,Łukasz Skorupski,76,Bologna,1409,31.7,29.5,34,23,0,regular,weakFoot,0,
12,3,5,04/10/2020,Benevento,Bologna,43,Bologna,2685,False,1409,Danilo,39348,D,38,Lorenzo Montipò,72,Benevento,1400,4.4,57.7,6,49,0,corner,head,0,
11,3,5,04/10/2020,Benevento,Bologna,45,Benevento,2759,True,1400,Iago Falque,46707,M,72,Łukasz Skorupski,76,Bologna,1409,27.6,55.7,27,7,0,regular,strongFoot,0,
10,3,5,04/10/2020,Benevento,Bologna,45,Benevento,2759,True,1400,Gaetano Letizia,132295,D,41,Łukasz Skorupski,76,Bologna,1409,8.6,72.7,17,60,0,regular,weakFoot,0,
9,3,5,04/10/2020,Benevento,Bologna,55,Benevento,2759,True,1400,Gianluca Caprari,148458,F,67,Łukasz Skorupski,76,Bologna,1409,14.8,51.1,14,2,0,assisted,strongFoot,0,
8,3,5,04/10/2020,Benevento,Bologna,56,Bologna,2685,False,1409,Andreas Skov Olsen,888537,M,70,Lorenzo Montipò,72,Benevento,1400,13.1,55.5,13,15,0,assisted,weakFoot,0,
7,3,5,04/10/2020,Benevento,Bologna,64,Benevento,2759,True,1400,Iago Falque,46707,M,72,Łukasz Skorupski,76,Bologna,1409,15.0,72.0,21,44,0,assisted,strongFoot,0,
6,3,5,04/10/2020,Benevento,Bologna,66,Benevento,2759,True,1400,Gianluca Lapadula,147368,F,69,Łukasz Skorupski,76,Bologna,1409,2.2,52.8,2,40,0,corner,strongFoot,1,
5,3,5,04/10/2020,Benevento,Bologna,80,Bologna,2685,False,1409,Musa Barrow,916680,F,69,Lorenzo Montipò,72,Benevento,1400,10.3,48.2,10,6,-1,assisted,head,0,
4,3,5,04/10/2020,Benevento,Bologna,84,Bologna,2685,False,1409,Riccardo Orsolini,793645,M,69,Lorenzo Montipò,72,Benevento,1400,19.2,73.5,24,39,-1,free-kick,strongFoot,0,
3,3,5,04/10/2020,Benevento,Bologna,86,Benevento,2759,True,1400,Pasquale Schiattarella,21264,M,63,Łukasz Skorupski,76,Bologna,1409,8.2,44.5,9,24,1,assisted,strongFoot,0,
2,3,5,04/10/2020,Benevento,Bologna,86,Bologna,2685,False,1409,Musa Barrow,916680,F,69,Lorenzo Montipò,72,Benevento,1400,11.2,47.6,11,8,-1,assisted,head,0,
1,3,5,04/10/2020,Benevento,Bologna,88,Bologna,2685,False,1409,Emanuel Vignato,862373,F,60,Lorenzo Montipò,72,Benevento,1400,18.1,53.8,18,8,-1,corner,strongFoot,0,
0,3,5,04/10/2020,Benevento,Bologna,88,Bologna,2685,False,1409,Nicola Sansone,100580,F,76,Lorenzo Montipò,72,Benevento,1400,17.5,41.9,18,17,-1,corner,strongFoot,0,
23,3,6,04/10/2020,Lazio,Inter,6,Lazio,2699,True,1608,Ştefan Radu,13592,D,63,Samir Handanović,88,Inter,1758,5.4,61.6,9,55,0,corner,head,0,
22,3,6,04/10/2020,Lazio,Inter,18,Lazio,2699,True,1608,Joaquín Correa,249929,F,75,Samir Handanović,88,Inter,1758,7.6,48.3,7,8,0,assisted,head,0,
21,3,6,04/10/2020,Lazio,Inter,19,Lazio,2699,True,1608,Luis Alberto,111416,M,75,Samir Handanović,88,Inter,1758,14.4,39.6,16,26,0,assisted,weakFoot,0,
20,3,6,04/10/2020,Lazio,Inter,29,Inter,2697,False,1758,Lautaro Martínez,823984,F,81,Thomas Strakosha,83,Lazio,1608,11.0,54.3,11,14,0,assisted,strongFoot,0,
19,3,6,04/10/2020,Lazio,Inter,30,Inter,2697,False,1758,Lautaro Martínez,823984,F,81,Thomas Strakosha,83,Lazio,1608,8.4,36.9,12,46,0,assisted,weakFoot,1,
18,3,6,04/10/2020,Lazio,Inter,31,Inter,2697,False,1758,Roberto Gagliardini,287057,M,62,Thomas Strakosha,83,Lazio,1608,22.7,36.3,24,22,0,assisted,strongFoot,0,
17,3,6,04/10/2020,Lazio,Inter,39,Inter,2697,False,1758,Achraf Hakimi,814594,D,69,Thomas Strakosha,83,Lazio,1608,9.3,59.3,11,34,0,assisted,head,0,
16,3,6,04/10/2020,Lazio,Inter,45,Inter,2697,False,1758,Nicolò Barella,363856,M,66,Thomas Strakosha,83,Lazio,1608,19.4,60.5,20,20,0,assisted,weakFoot,0,
15,3,6,04/10/2020,Lazio,Inter,47,Inter,2697,False,1758,Romelu Lukaku,78893,F,82,Thomas Strakosha,83,Lazio,1608,18.5,46.0,18,8,0,assisted,strongFoot,0,
14,3,6,04/10/2020,Lazio,Inter,52,Inter,2697,False,1758,Lautaro Martínez,823984,F,81,Thomas Strakosha,83,Lazio,1608,12.0,54.8,12,15,0,assisted,strongFoot,0,
13,3,6,04/10/2020,Lazio,Inter,53,Inter,2697,False,1758,Ivan Perišić,38710,M,80,Thomas Strakosha,83,Lazio,1608,6.2,33.9,12,60,0,assisted,weakFoot,0,
12,3,6,04/10/2020,Lazio,Inter,55,Lazio,2699,True,1608,Sergej Milinković-Savić,331447,M,78,Samir Handanović,88,Inter,1758,3.3,60.4,7,64,0,assisted,head,1,
11,3,6,04/10/2020,Lazio,Inter,57,Lazio,2699,True,1608,Marco Parolo,76122,M,75,Samir Handanović,88,Inter,1758,3.3,45.8,4,40,1,corner,head,0,
10,3,6,04/10/2020,Lazio,Inter,62,Lazio,2699,True,1608,Luis Alberto,111416,M,75,Samir Handanović,88,Inter,1758,15.9,30.4,20,39,1,assisted,strongFoot,0,
9,3,6,04/10/2020,Lazio,Inter,63,Lazio,2699,True,1608,Marco Parolo,76122,M,75,Samir Handanović,88,Inter,1758,11.8,40.0,13,29,1,assisted,weakFoot,0,
8,3,6,04/10/2020,Lazio,Inter,63,Lazio,2699,True,1608,Luis Alberto,111416,M,75,Samir Handanović,88,Inter,1758,13.8,59.2,15,24,1,fast-break,strongFoot,0,
7,3,6,04/10/2020,Lazio,Inter,65,Lazio,2699,True,1608,Luis Alberto,111416,M,75,Samir Handanović,88,Inter,1758,13.1,33.7,17,40,1,assisted,strongFoot,0,
6,3,6,04/10/2020,Lazio,Inter,65,Lazio,2699,True,1608,Ciro Immobile,45923,F,87,Samir Handanović,88,Inter,1758,23.3,52.5,23,4,1,corner,strongFoot,0,
5,3,6,04/10/2020,Lazio,Inter,76,Lazio,2699,True,1608,Sergej Milinković-Savić,331447,M,78,Samir Handanović,88,Inter,1758,30.5,57.7,30,9,1,assisted,strongFoot,0,
4,3,6,04/10/2020,Lazio,Inter,81,Inter,2697,False,1758,Stefano Sensi,294313,M,58,Thomas Strakosha,83,Lazio,1608,19.0,47.8,19,4,-1,assisted,weakFoot,0,
3,3,6,04/10/2020,Lazio,Inter,82,Lazio,2699,True,1608,Joaquín Correa,249929,F,75,Samir Handanović,88,Inter,1758,3.3,31.4,13,75,1,assisted,strongFoot,0,
2,3,6,04/10/2020,Lazio,Inter,83,Inter,2697,False,1758,Achraf Hakimi,814594,D,69,Thomas Strakosha,83,Lazio,1608,14.3,71.5,20,45,-1,assisted,weakFoot,0,
1,3,6,04/10/2020,Lazio,Inter,86,Inter,2697,False,1758,Marcelo Brozović,108800,M,73,Thomas Strakosha,83,Lazio,1608,18.9,46.4,19,7,-1,regular,weakFoot,0,
0,3,6,04/10/2020,Lazio,Inter,90,Inter,2697,False,1758,Stefan de Vrij,91046,D,41,Thomas Strakosha,83,Lazio,1608,13.2,50.3,13,0,-1,corner,head,0,
18,3,7,04/10/2020,Parma,Hellas Verona,1,Parma,2690,True,1400,Jasmin Kurtić,61445,M,68,Marco Silvestri,77,Hellas Verona,1375,4.7,48.9,4,9,0,assisted,strongFoot,1,
17,3,7,04/10/2020,Parma,Hellas Verona,4,Parma,2690,True,1400,Yann Karamoh,802149,F,68,Marco Silvestri,77,Hellas Verona,1375,9.7,69.2,16,53,0,assisted,weakFoot,0,
16,3,7,04/10/2020,Parma,Hellas Verona,8,Hellas Verona,2701,False,1375,Andrea Favilli,785444,F,66,Luigi Sepe,77,Parma,1400,14.8,73.1,21,46,0,assisted,weakFoot,0,
15,3,7,04/10/2020,Parma,Hellas Verona,21,Hellas Verona,2701,False,1375,Antonín Barák,330705,M,72,Luigi Sepe,77,Parma,1400,25.8,57.9,26,11,0,assisted,strongFoot,0,
14,3,7,04/10/2020,Parma,Hellas Verona,22,Hellas Verona,2701,False,1375,Davide Faraoni,32040,D,68,Luigi Sepe,77,Parma,1400,10.3,55.1,10,18,0,assisted,strongFoot,0,
13,3,7,04/10/2020,Parma,Hellas Verona,24,Hellas Verona,2701,False,1375,Andrea Favilli,785444,F,66,Luigi Sepe,77,Parma,1400,15.1,63.9,17,32,0,assisted,weakFoot,0,
12,3,7,04/10/2020,Parma,Hellas Verona,28,Parma,2690,True,1400,Gervinho,26991,F,70,Marco Silvestri,77,Hellas Verona,1375,10.3,65.4,14,45,0,assisted,strongFoot,0,
11,3,7,04/10/2020,Parma,Hellas Verona,44,Parma,2690,True,1400,Gervinho,26991,F,70,Marco Silvestri,77,Hellas Verona,1375,9.3,70.3,16,56,0,assisted,strongFoot,0,
10,3,7,04/10/2020,Parma,Hellas Verona,44,Parma,2690,True,1400,Jasmin Kurtić,61445,M,68,Marco Silvestri,77,Hellas Verona,1375,11.8,54.2,12,13,0,regular,strongFoot,0,
9,3,7,04/10/2020,Parma,Hellas Verona,54,Parma,2690,True,1400,Jasmin Kurtić,61445,M,68,Marco Silvestri,77,Hellas Verona,1375,24.1,30.3,27,29,0,assisted,strongFoot,0,
8,3,7,04/10/2020,Parma,Hellas Verona,54,Parma,2690,True,1400,Hernani,156019,M,68,Marco Silvestri,77,Hellas Verona,1375,14.4,67.0,18,38,0,regular,strongFoot,0,
7,3,7,04/10/2020,Parma,Hellas Verona,60,Hellas Verona,2701,False,1375,Andrea Favilli,785444,F,66,Luigi Sepe,77,Parma,1400,11.7,45.4,12,14,0,assisted,head,0,
6,3,7,04/10/2020,Parma,Hellas Verona,61,Hellas Verona,2701,False,1375,Darko Lazović,41157,M,69,Luigi Sepe,77,Parma,1400,12.8,40.4,14,27,0,corner,weakFoot,0,
5,3,7,04/10/2020,Parma,Hellas Verona,74,Parma,2690,True,1400,Juraj Kucka,48563,M,73,Marco Silvestri,77,Hellas Verona,1375,23.1,57.6,23,12,0,assisted,weakFoot,0,
4,3,7,04/10/2020,Parma,Hellas Verona,78,Parma,2690,True,1400,Andreas Cornelius,183483,F,74,Marco Silvestri,77,Hellas Verona,1375,7.1,53.6,7,19,0,corner,head,0,
3,3,7,04/10/2020,Parma,Hellas Verona,84,Parma,2690,True,1400,Gastón Brugman,147269,M,58,Marco Silvestri,77,Hellas Verona,1375,17.1,49.9,17,0,0,assisted,strongFoot,0,
2,3,7,04/10/2020,Parma,Hellas Verona,86,Hellas Verona,2701,False,1375,Koray Günter,138165,D,31,Luigi Sepe,77,Parma,1400,8.2,54.2,8,19,0,corner,head,0,
1,3,7,04/10/2020,Parma,Hellas Verona,90,Hellas Verona,2701,False,1375,Lubomir Tupta,815553,F,64,Luigi Sepe,77,Parma,1400,11.6,40.6,13,28,0,assisted,head,0,
0,3,7,04/10/2020,Parma,Hellas Verona,90,Parma,2690,True,1400,Juraj Kucka,48563,M,73,Marco Silvestri,77,Hellas Verona,1375,21.1,66.9,24,28,0,assisted,weakFoot,0,
20,3,8,04/10/2020,AC Milan,Spezia,4,AC Milan,2692,True,1688,Lorenzo Colombo,930191,F,62,Rafael,73,Spezia,1383,12.5,66.0,16,41,0,assisted,strongFoot,0,
19,3,8,04/10/2020,AC Milan,Spezia,4,AC Milan,2692,True,1688,Simon Kjær,21535,D,55,Rafael,73,Spezia,1383,3.7,56.7,5,50,0,corner,head,0,
18,3,8,04/10/2020,AC Milan,Spezia,10,AC Milan,2692,True,1688,Brahim Díaz,835485,M,66,Rafael,73,Spezia,1383,19.5,50.7,19,1,0,assisted,weakFoot,0,
17,3,8,04/10/2020,AC Milan,Spezia,12,Spezia,2735,False,1383,Daniele Verde,605580,F,70,Gianluigi Donnarumma,85,AC Milan,1688,22.3,50.4,22,0,0,assisted,strongFoot,0,
16,3,8,04/10/2020,AC Milan,Spezia,18,AC Milan,2692,True,1688,Simon Kjær,21535,D,55,Rafael,73,Spezia,1383,24.1,34.3,26,23,0,free-kick,strongFoot,0,
15,3,8,04/10/2020,AC Milan,Spezia,19,AC Milan,2692,True,1688,Brahim Díaz,835485,M,66,Rafael,73,Spezia,1383,8.5,65.2,13,50,0,assisted,weakFoot,0,
14,3,8,04/10/2020,AC Milan,Spezia,34,AC Milan,2692,True,1688,Lorenzo Colombo,930191,F,62,Rafael,73,Spezia,1383,9.1,56.7,10,26,0,assisted,weakFoot,0,
13,3,8,04/10/2020,AC Milan,Spezia,38,AC Milan,2692,True,1688,Rafael Leão,851284,F,71,Rafael,73,Spezia,1383,25.3,28.4,29,30,0,assisted,strongFoot,0,
12,3,8,04/10/2020,AC Milan,Spezia,38,AC Milan,2692,True,1688,Matteo Gabbia,826195,D,33,Rafael,73,Spezia,1383,7.5,46.3,7,18,0,corner,head,0,
11,3,8,04/10/2020,AC Milan,Spezia,41,AC Milan,2692,True,1688,Theo Hernández,788027,D,66,Rafael,73,Spezia,1383,24.3,39.7,25,16,0,set-piece,strongFoot,0,
10,3,8,04/10/2020,AC Milan,Spezia,43,AC Milan,2692,True,1688,Brahim Díaz,835485,M,66,Rafael,73,Spezia,1383,8.7,52.8,8,12,0,assisted,other,0,
9,3,8,04/10/2020,AC Milan,Spezia,44,AC Milan,2692,True,1688,Alexis Saelemaekers,901891,M,59,Rafael,73,Spezia,1383,13.8,60.2,15,26,0,assisted,strongFoot,0,
8,3,8,04/10/2020,AC Milan,Spezia,45,Spezia,2735,False,1383,Daniele Verde,605580,F,70,Gianluigi Donnarumma,85,AC Milan,1688,11.2,69.1,17,49,0,fast-break,weakFoot,0,
7,3,8,04/10/2020,AC Milan,Spezia,45,Spezia,2735,False,1383,Matteo Ricci,225132,M,57,Gianluigi Donnarumma,85,AC Milan,1688,31.4,52.4,31,2,0,corner,weakFoot,0,
6,3,8,04/10/2020,AC Milan,Spezia,50,AC Milan,2692,True,1688,Brahim Díaz,835485,M,66,Rafael,73,Spezia,1383,18.7,50.6,18,1,0,assisted,weakFoot,0,
5,3,8,04/10/2020,AC Milan,Spezia,57,AC Milan,2692,True,1688,Rafael Leão,851284,F,71,Rafael,73,Spezia,1383,4.3,47.6,4,20,0,set-piece,strongFoot,1,
4,3,8,04/10/2020,AC Milan,Spezia,66,Spezia,2735,False,1383,Kevin Agudelo,931290,M,56,Gianluigi Donnarumma,85,AC Milan,1688,11.7,71.5,18,51,-1,regular,strongFoot,0,
3,3,8,04/10/2020,AC Milan,Spezia,72,AC Milan,2692,True,1688,Hakan Çalhanoğlu,135700,M,75,Rafael,73,Spezia,1383,13.7,69.0,18,43,1,assisted,strongFoot,0,
2,3,8,04/10/2020,AC Milan,Spezia,76,AC Milan,2692,True,1688,Theo Hernández,788027,D,66,Rafael,73,Spezia,1383,14.0,31.9,18,41,1,regular,strongFoot,1,
1,3,8,04/10/2020,AC Milan,Spezia,78,AC Milan,2692,True,1688,Rafael Leão,851284,F,71,Rafael,73,Spezia,1383,2.6,50.3,2,4,2,assisted,strongFoot,1,
0,3,8,04/10/2020,AC Milan,Spezia,82,AC Milan,2692,True,1688,Theo Hernández,788027,D,66,Rafael,73,Spezia,1383,11.8,34.9,15,41,3,fast-break,strongFoot,0,
24,3,10,04/11/2020,Genoa,Torino,10,Torino,2696,False,1422,Saša Lukić,371222,M,60,Mattia Perin,82,Genoa,1373,12.7,36.7,15,35,0,regular,weakFoot,1,
23,3,10,04/11/2020,Genoa,Torino,11,Genoa,2713,True,1373,Gianluca Scamacca,807301,F,66,Salvatore Sirigu,84,Torino,1422,11.1,51.0,11,3,0,regular,head,0,
22,3,10,04/11/2020,Genoa,Torino,14,Genoa,2713,True,1373,Gianluca Scamacca,807301,F,66,Salvatore Sirigu,84,Torino,1422,3.7,64.3,10,69,0,assisted,strongFoot,0,
21,3,10,04/11/2020,Genoa,Torino,14,Genoa,2713,True,1373,Paolo Ghiglione,787642,M,50,Salvatore Sirigu,84,Torino,1422,19.1,69.9,23,35,0,assisted,strongFoot,0,
20,3,10,04/11/2020,Genoa,Torino,15,Genoa,2713,True,1373,Marko Pjaca,190435,F,67,Salvatore Sirigu,84,Torino,1422,8.5,51.5,8,6,0,assisted,head,0,
19,3,10,04/11/2020,Genoa,Torino,26,Torino,2696,False,1422,Luca Pellegrini,826186,D,33,Mattia Perin,82,Genoa,1373,3.5,50.6,3,6,0,regular,strongFoot,1,
18,3,10,04/11/2020,Genoa,Torino,33,Genoa,2713,True,1373,Nicolò Rovella,937324,M,62,Salvatore Sirigu,84,Torino,1422,14.9,44.0,15,15,0,assisted,weakFoot,0,
17,3,10,04/11/2020,Genoa,Torino,34,Genoa,2713,True,1373,Gianluca Scamacca,807301,F,66,Salvatore Sirigu,84,Torino,1422,7.3,52.2,7,11,0,corner,head,0,
16,3,10,04/11/2020,Genoa,Torino,35,Genoa,2713,True,1373,Paolo Ghiglione,787642,M,50,Salvatore Sirigu,84,Torino,1422,14.2,73.8,21,48,0,assisted,strongFoot,0,
15,3,10,04/11/2020,Genoa,Torino,43,Torino,2696,False,1422,Nicola Murru,148745,D,39,Mattia Perin,82,Genoa,1373,23.5,23.5,29,37,0,assisted,strongFoot,0,
14,3,10,04/11/2020,Genoa,Torino,44,Genoa,2713,True,1373,Gianluca Scamacca,807301,F,66,Salvatore Sirigu,84,Torino,1422,26.2,58.5,26,12,0,assisted,strongFoot,0,
13,3,10,04/11/2020,Genoa,Torino,47,Genoa,2713,True,1373,Marko Pjaca,190435,F,67,Salvatore Sirigu,84,Torino,1422,14.9,47.9,14,5,0,assisted,strongFoot,0,
12,3,10,04/11/2020,Genoa,Torino,49,Genoa,2713,True,1373,Paolo Ghiglione,787642,M,50,Salvatore Sirigu,84,Torino,1422,27.8,63.9,29,18,0,assisted,strongFoot,0,
11,3,10,04/11/2020,Genoa,Torino,50,Genoa,2713,True,1373,Luca Pellegrini,826186,D,33,Salvatore Sirigu,84,Torino,1422,17.8,32.3,21,34,0,corner,strongFoot,0,
10,3,10,04/11/2020,Genoa,Torino,58,Torino,2696,False,1422,Soualiho Meïté,139229,M,58,Mattia Perin,82,Genoa,1373,23.6,52.6,23,4,0,assisted,strongFoot,0,
9,3,10,04/11/2020,Genoa,Torino,62,Torino,2696,False,1422,Andrea Belotti,220223,F,81,Mattia Perin,82,Genoa,1373,13.0,53.0,13,8,0,assisted,strongFoot,0,
8,3,10,04/11/2020,Genoa,Torino,66,Genoa,2713,True,1373,Gianluca Scamacca,807301,F,66,Salvatore Sirigu,84,Torino,1422,17.0,56.1,17,13,0,assisted,strongFoot,0,
7,3,10,04/11/2020,Genoa,Torino,66,Genoa,2713,True,1373,Paolo Ghiglione,787642,M,50,Salvatore Sirigu,84,Torino,1422,23.6,65.8,25,24,0,assisted,strongFoot,0,
6,3,10,04/11/2020,Genoa,Torino,70,Torino,2696,False,1422,Andrea Belotti,220223,F,81,Mattia Perin,82,Genoa,1373,21.2,34.9,23,25,0,assisted,strongFoot,0,
5,3,10,04/11/2020,Genoa,Torino,73,Torino,2696,False,1422,Federico Bonazzoli,284363,F,64,Mattia Perin,82,Genoa,1373,20.7,59.9,21,18,0,fast-break,strongFoot,0,
4,3,10,04/11/2020,Genoa,Torino,75,Genoa,2713,True,1373,Mattia Bani,250547,D,18,Salvatore Sirigu,84,Torino,1422,5.2,44.6,6,35,0,set-piece,head,0,
3,3,10,04/11/2020,Genoa,Torino,80,Genoa,2713,True,1373,Vittorio Parigini,284371,M,65,Salvatore Sirigu,84,Torino,1422,27.7,45.1,27,6,0,corner,strongFoot,0,
2,3,10,04/11/2020,Genoa,Torino,84,Torino,2696,False,1422,Karol Linetty,189135,M,61,Mattia Perin,82,Genoa,1373,16.7,55.5,17,12,0,assisted,weakFoot,0,
1,3,10,04/11/2020,Genoa,Torino,90,Genoa,2713,True,1373,Gianluca Scamacca,807301,F,66,Salvatore Sirigu,84,Torino,1422,11.7,62.3,14,35,0,assisted,strongFoot,1,
0,3,10,04/11/2020,Genoa,Torino,90,Genoa,2713,True,1373,Gianluca Scamacca,807301,F,66,Salvatore Sirigu,84,Torino,1422,7.4,57.0,8,32,1,set-piece,head,0,
25,3,12,07/04/2021,Juventus,SSC Napoli,2,Juventus,2687,True,1870,Cristiano Ronaldo,750,F,92,Alex Meret,78,SSC Napoli,1709,3.6,51.5,3,15,0,assisted,head,0,
24,3,12,07/04/2021,Juventus,SSC Napoli,4,SSC Napoli,2714,False,1709,Piotr Zieliński,138605,M,73,Gianluigi Buffon,82,Juventus,1870,10.6,59.0,12,30,0,assisted,weakFoot,0,
23,3,12,07/04/2021,Juventus,SSC Napoli,5,Juventus,2687,True,1870,Álvaro Morata,125407,F,79,Alex Meret,78,SSC Napoli,1709,3.7,32.3,12,72,0,regular,weakFoot,0,
22,3,12,07/04/2021,Juventus,SSC Napoli,9,Juventus,2687,True,1870,Federico Chiesa,845386,F,75,Alex Meret,78,SSC Napoli,1709,9.8,41.2,11,31,0,regular,strongFoot,0,
21,3,12,07/04/2021,Juventus,SSC Napoli,10,Juventus,2687,True,1870,Adrien Rabiot,250737,M,73,Alex Meret,78,SSC Napoli,1709,9.5,46.1,9,15,0,corner,head,0,
20,3,12,07/04/2021,Juventus,SSC Napoli,10,Juventus,2687,True,1870,Álvaro Morata,125407,F,79,Alex Meret,78,SSC Napoli,1709,20.9,37.5,22,22,0,assisted,strongFoot,0,
19,3,12,07/04/2021,Juventus,SSC Napoli,13,Juventus,2687,True,1870,Cristiano Ronaldo,750,F,92,Alex Meret,78,SSC Napoli,1709,10.2,53.6,10,13,0,assisted,strongFoot,1,
18,3,12,07/04/2021,Juventus,SSC Napoli,16,SSC Napoli,2714,False,1709,Fabián Ruiz,784655,M,77,Gianluigi Buffon,82,Juventus,1870,20.7,47.3,20,5,0,assisted,strongFoot,0,
17,3,12,07/04/2021,Juventus,SSC Napoli,35,SSC Napoli,2714,False,1709,Piotr Zieliński,138605,M,73,Gianluigi Buffon,82,Juventus,1870,21.4,59.4,22,16,0,assisted,weakFoot,0,
16,3,12,07/04/2021,Juventus,SSC Napoli,38,Juventus,2687,True,1870,Juan Cuadrado,47743,M,71,Alex Meret,78,SSC Napoli,1709,12.0,56.4,12,19,0,assisted,strongFoot,0,
15,3,12,07/04/2021,Juventus,SSC Napoli,40,SSC Napoli,2714,False,1709,Lorenzo Insigne,106258,M,77,Gianluigi Buffon,82,Juventus,1870,23.2,71.5,27,32,0,assisted,strongFoot,0,
14,3,12,07/04/2021,Juventus,SSC Napoli,41,Juventus,2687,True,1870,Federico Chiesa,845386,F,75,Alex Meret,78,SSC Napoli,1709,12.8,39.4,14,29,0,assisted,strongFoot,0,
13,3,12,07/04/2021,Juventus,SSC Napoli,48,SSC Napoli,2714,False,1709,Giovanni Di Lorenzo,153257,D,65,Gianluigi Buffon,82,Juventus,1870,7.7,69.7,15,60,0,assisted,strongFoot,0,
12,3,12,07/04/2021,Juventus,SSC Napoli,48,SSC Napoli,2714,False,1709,Diego Demme,124318,M,37,Gianluigi Buffon,82,Juventus,1870,25.5,46.2,25,5,0,regular,strongFoot,0,
11,3,12,07/04/2021,Juventus,SSC Napoli,50,Juventus,2687,True,1870,Federico Chiesa,845386,F,75,Alex Meret,78,SSC Napoli,1709,13.7,44.1,14,16,0,assisted,head,0,
10,3,12,07/04/2021,Juventus,SSC Napoli,53,SSC Napoli,2714,False,1709,Fabián Ruiz,784655,M,77,Gianluigi Buffon,82,Juventus,1870,20.5,58.8,21,16,0,assisted,strongFoot,0,
9,3,12,07/04/2021,Juventus,SSC Napoli,53,Juventus,2687,True,1870,Juan Cuadrado,47743,M,71,Alex Meret,78,SSC Napoli,1709,12.8,70.0,18,46,0,fast-break,strongFoot,0,
8,3,12,07/04/2021,Juventus,SSC Napoli,55,SSC Napoli,2714,False,1709,Victor Osimhen,822471,F,78,Gianluigi Buffon,82,Juventus,1870,17.7,48.1,17,4,0,assisted,strongFoot,0,
7,3,12,07/04/2021,Juventus,SSC Napoli,56,SSC Napoli,2714,False,1709,Victor Osimhen,822471,F,78,Gianluigi Buffon,82,Juventus,1870,14.4,56.0,14,15,0,regular,strongFoot,0,
6,3,12,07/04/2021,Juventus,SSC Napoli,59,SSC Napoli,2714,False,1709,Lorenzo Insigne,106258,M,77,Gianluigi Buffon,82,Juventus,1870,8.4,31.3,15,56,0,assisted,weakFoot,0,
5,3,12,07/04/2021,Juventus,SSC Napoli,71,SSC Napoli,2714,False,1709,Fabián Ruiz,784655,M,77,Gianluigi Buffon,82,Juventus,1870,28.1,45.4,28,6,0,assisted,strongFoot,0,
4,3,12,07/04/2021,Juventus,SSC Napoli,73,Juventus,2687,True,1870,Paulo Dybala,256219,F,82,Alex Meret,78,SSC Napoli,1709,15.2,62.3,17,28,0,assisted,strongFoot,1,
3,3,12,07/04/2021,Juventus,SSC Napoli,84,SSC Napoli,2714,False,1709,Mário Rui,99546,D,48,Gianluigi Buffon,82,Juventus,1870,21.5,66.4,24,27,-1,free-kick,strongFoot,0,
2,3,12,07/04/2021,Juventus,SSC Napoli,90,SSC Napoli,2714,False,1709,Lorenzo Insigne,106258,M,77,Gianluigi Buffon,82,Juventus,1870,11.5,50.0,11,0,-1,penalty,strongFoot,1,
1,3,12,07/04/2021,Juventus,SSC Napoli,90,Juventus,2687,True,1870,Paulo Dybala,256219,F,82,Alex Meret,78,SSC Napoli,1709,18.7,61.8,20,23,0,assisted,strongFoot,0,
0,3,12,07/04/2021,Juventus,SSC Napoli,90,SSC Napoli,2714,False,1709,Victor Osimhen,822471,F,78,Gianluigi Buffon,82,Juventus,1870,12.2,58.1,13,24,0,assisted,strongFoot,0,
31,4,0,17/10/2020,SSC Napoli,Atalanta,4,Atalanta,2686,False,1769,Papu Gómez,33381,M,78,David Ospina,79,SSC Napoli,1733,17.4,15.5,29,53,0,assisted,strongFoot,0,
30,4,0,17/10/2020,SSC Napoli,Atalanta,4,SSC Napoli,2714,True,1733,Hirving Lozano,385320,F,74,Marco Sportiello,76,Atalanta,1769,13.6,43.4,14,18,0,assisted,strongFoot,0,
29,4,0,17/10/2020,SSC Napoli,Atalanta,10,SSC Napoli,2714,True,1733,Dries Mertens,32493,M,80,Marco Sportiello,76,Atalanta,1769,24.2,31.8,27,27,0,assisted,strongFoot,0,
28,4,0,17/10/2020,SSC Napoli,Atalanta,11,SSC Napoli,2714,True,1733,Victor Osimhen,822471,F,78,Marco Sportiello,76,Atalanta,1769,8.7,26.2,18,61,0,assisted,strongFoot,0,
27,4,0,17/10/2020,SSC Napoli,Atalanta,11,SSC Napoli,2714,True,1733,Elseid Hysaj,136322,D,49,Marco Sportiello,76,Atalanta,1769,14.0,36.3,16,33,0,assisted,strongFoot,0,
26,4,0,17/10/2020,SSC Napoli,Atalanta,13,SSC Napoli,2714,True,1733,Victor Osimhen,822471,F,78,Marco Sportiello,76,Atalanta,1769,12.6,73.8,20,52,0,assisted,strongFoot,0,
25,4,0,17/10/2020,SSC Napoli,Atalanta,16,Atalanta,2686,False,1769,Duván Zapata,38162,F,80,David Ospina,79,SSC Napoli,1733,14.4,30.9,19,42,0,assisted,weakFoot,0,
24,4,0,17/10/2020,SSC Napoli,Atalanta,17,SSC Napoli,2714,True,1733,Matteo Politano,235672,M,77,Marco Sportiello,76,Atalanta,1769,23.4,67.2,26,26,0,assisted,strongFoot,0,
23,4,0,17/10/2020,SSC Napoli,Atalanta,20,SSC Napoli,2714,True,1733,Dries Mertens,32493,M,80,Marco Sportiello,76,Atalanta,1769,13.9,64.1,16,34,0,regular,strongFoot,0,
22,4,0,17/10/2020,SSC Napoli,Atalanta,22,Atalanta,2686,False,1769,Papu Gómez,33381,M,78,David Ospina,79,SSC Napoli,1733,21.5,52.0,21,3,0,assisted,weakFoot,0,
21,4,0,17/10/2020,SSC Napoli,Atalanta,23,SSC Napoli,2714,True,1733,Hirving Lozano,385320,F,74,Marco Sportiello,76,Atalanta,1769,3.6,46.0,4,37,0,regular,weakFoot,1,
20,4,0,17/10/2020,SSC Napoli,Atalanta,25,SSC Napoli,2714,True,1733,Hirving Lozano,385320,F,74,Marco Sportiello,76,Atalanta,1769,5.8,43.1,7,38,1,assisted,head,0,
19,4,0,17/10/2020,SSC Napoli,Atalanta,27,SSC Napoli,2714,True,1733,Hirving Lozano,385320,F,74,Marco Sportiello,76,Atalanta,1769,15.8,35.6,18,31,1,assisted,strongFoot,1,
18,4,0,17/10/2020,SSC Napoli,Atalanta,30,SSC Napoli,2714,True,1733,Matteo Politano,235672,M,77,Marco Sportiello,76,Atalanta,1769,22.8,60.2,23,16,2,assisted,strongFoot,1,
17,4,0,17/10/2020,SSC Napoli,Atalanta,33,SSC Napoli,2714,True,1733,Victor Osimhen,822471,F,78,Marco Sportiello,76,Atalanta,1769,15.2,61.8,17,27,3,assisted,strongFoot,0,
16,4,0,17/10/2020,SSC Napoli,Atalanta,35,SSC Napoli,2714,True,1733,Giovanni Di Lorenzo,153257,D,68,Marco Sportiello,76,Atalanta,1769,6.2,64.9,11,58,3,corner,head,0,
15,4,0,17/10/2020,SSC Napoli,Atalanta,37,Atalanta,2686,False,1769,Robin Gosens,377118,D,73,David Ospina,79,SSC Napoli,1733,16.2,35.9,18,30,-3,corner,strongFoot,0,
14,4,0,17/10/2020,SSC Napoli,Atalanta,38,SSC Napoli,2714,True,1733,Matteo Politano,235672,M,77,Marco Sportiello,76,Atalanta,1769,19.4,61.7,20,22,3,assisted,strongFoot,0,
13,4,0,17/10/2020,SSC Napoli,Atalanta,40,SSC Napoli,2714,True,1733,Victor Osimhen,822471,F,78,Marco Sportiello,76,Atalanta,1769,11.1,74.1,19,55,3,assisted,strongFoot,0,
12,4,0,17/10/2020,SSC Napoli,Atalanta,41,Atalanta,2686,False,1769,Rafael Tolói,82943,D,46,David Ospina,79,SSC Napoli,1733,16.0,67.8,20,37,-3,assisted,strongFoot,0,
11,4,0,17/10/2020,SSC Napoli,Atalanta,43,SSC Napoli,2714,True,1733,Victor Osimhen,822471,F,78,Marco Sportiello,76,Atalanta,1769,23.8,45.2,24,7,3,assisted,strongFoot,1,
10,4,0,17/10/2020,SSC Napoli,Atalanta,46,Atalanta,2686,False,1769,Papu Gómez,33381,M,78,David Ospina,79,SSC Napoli,1733,27.5,70.7,30,27,-4,assisted,strongFoot,0,
9,4,0,17/10/2020,SSC Napoli,Atalanta,47,Atalanta,2686,False,1769,Papu Gómez,33381,M,78,David Ospina,79,SSC Napoli,1733,0.8,35.9,9,85,-4,regular,strongFoot,0,
8,4,0,17/10/2020,SSC Napoli,Atalanta,51,Atalanta,2686,False,1769,Marten de Roon,100389,M,68,David Ospina,79,SSC Napoli,1733,22.5,62.7,24,20,-4,assisted,strongFoot,0,
7,4,0,17/10/2020,SSC Napoli,Atalanta,62,SSC Napoli,2714,True,1733,Dries Mertens,32493,M,80,Marco Sportiello,76,Atalanta,1769,12.1,64.9,15,39,4,corner,strongFoot,0,
6,4,0,17/10/2020,SSC Napoli,Atalanta,62,SSC Napoli,2714,True,1733,Kalidou Koulibaly,126071,D,26,Marco Sportiello,76,Atalanta,1769,6.3,32.4,13,62,4,corner,weakFoot,0,
5,4,0,17/10/2020,SSC Napoli,Atalanta,67,Atalanta,2686,False,1769,Mario Pašalić,190437,M,70,David Ospina,79,SSC Napoli,1733,20.6,27.1,25,37,-4,assisted,weakFoot,0,
4,4,0,17/10/2020,SSC Napoli,Atalanta,69,Atalanta,2686,False,1769,Sam Lammers,804901,F,74,David Ospina,79,SSC Napoli,1733,12.1,34.9,15,40,-4,assisted,weakFoot,1,
3,4,0,17/10/2020,SSC Napoli,Atalanta,70,Atalanta,2686,False,1769,Ruslan Malinovskyi,195850,M,79,David Ospina,79,SSC Napoli,1733,23.9,39.8,24,16,-3,assisted,strongFoot,0,
2,4,0,17/10/2020,SSC Napoli,Atalanta,78,Atalanta,2686,False,1769,Robin Gosens,377118,D,73,David Ospina,79,SSC Napoli,1733,14.4,34.8,17,35,-3,assisted,head,0,
1,4,0,17/10/2020,SSC Napoli,Atalanta,80,Atalanta,2686,False,1769,Robin Gosens,377118,D,73,David Ospina,79,SSC Napoli,1733,6.9,46.4,7,19,-3,assisted,head,0,
0,4,0,17/10/2020,SSC Napoli,Atalanta,89,SSC Napoli,2714,True,1733,Hirving Lozano,385320,F,74,Marco Sportiello,76,Atalanta,1769,11.2,57.3,12,23,3,assisted,strongFoot,0,
28,4,1,17/10/2020,Inter,AC Milan,1,Inter,2697,True,1758,Lautaro Martínez,823984,F,81,Gianluigi Donnarumma,85,AC Milan,1688,9.9,57.5,11,27,0,regular,strongFoot,0,
26,4,1,17/10/2020,Inter,AC Milan,9,AC Milan,2692,False,1688,Alessio Romagnoli,227864,D,40,Samir Handanović,88,Inter,1758,10.0,52.7,10,10,0,set-piece,weakFoot,0,
27,4,1,17/10/2020,Inter,AC Milan,9,AC Milan,2692,False,1688,Zlatan Ibrahimović,2089,F,87,Samir Handanović,88,Inter,1758,10.3,54.8,10,17,0,set-piece,weakFoot,0,
25,4,1,17/10/2020,Inter,AC Milan,13,AC Milan,2692,False,1688,Zlatan Ibrahimović,2089,F,87,Samir Handanović,88,Inter,1758,11.5,50.0,11,0,0,penalty,weakFoot,0,
24,4,1,17/10/2020,Inter,AC Milan,13,AC Milan,2692,False,1688,Zlatan Ibrahimović,2089,F,87,Samir Handanović,88,Inter,1758,6.2,48.2,6,11,0,set-piece,weakFoot,1,
23,4,1,17/10/2020,Inter,AC Milan,16,Inter,2697,True,1758,Ivan Perišić,38710,M,80,Gianluigi Donnarumma,85,AC Milan,1688,10.9,26.3,19,55,-1,regular,weakFoot,0,
22,4,1,17/10/2020,Inter,AC Milan,16,AC Milan,2692,False,1688,Zlatan Ibrahimović,2089,F,87,Samir Handanović,88,Inter,1758,7.0,53.0,7,16,1,assisted,weakFoot,1,
21,4,1,17/10/2020,Inter,AC Milan,18,Inter,2697,True,1758,Romelu Lukaku,78893,F,82,Gianluigi Donnarumma,85,AC Milan,1688,13.0,28.4,19,48,-2,assisted,weakFoot,0,
20,4,1,17/10/2020,Inter,AC Milan,25,AC Milan,2692,False,1688,Theo Hernández,788027,D,66,Samir Handanović,88,Inter,1758,25.0,33.6,27,24,2,assisted,strongFoot,0,
19,4,1,17/10/2020,Inter,AC Milan,29,Inter,2697,True,1758,Romelu Lukaku,78893,F,82,Gianluigi Donnarumma,85,AC Milan,1688,6.1,54.0,6,24,-2,regular,strongFoot,1,
18,4,1,17/10/2020,Inter,AC Milan,32,Inter,2697,True,1758,Lautaro Martínez,823984,F,81,Gianluigi Donnarumma,85,AC Milan,1688,6.5,40.0,9,46,-1,assisted,head,0,
17,4,1,17/10/2020,Inter,AC Milan,32,Inter,2697,True,1758,Romelu Lukaku,78893,F,82,Gianluigi Donnarumma,85,AC Milan,1688,12.1,46.9,12,9,-1,assisted,strongFoot,0,
16,4,1,17/10/2020,Inter,AC Milan,32,Inter,2697,True,1758,Nicolò Barella,363856,M,66,Gianluigi Donnarumma,85,AC Milan,1688,14.2,54.6,14,12,-1,assisted,strongFoot,0,
15,4,1,17/10/2020,Inter,AC Milan,44,Inter,2697,True,1758,Lautaro Martínez,823984,F,81,Gianluigi Donnarumma,85,AC Milan,1688,21.5,53.2,21,5,-1,assisted,strongFoot,0,
14,4,1,17/10/2020,Inter,AC Milan,45,Inter,2697,True,1758,Romelu Lukaku,78893,F,82,Gianluigi Donnarumma,85,AC Milan,1688,8.5,46.4,8,16,-1,corner,head,0,
13,4,1,17/10/2020,Inter,AC Milan,47,Inter,2697,True,1758,Lautaro Martínez,823984,F,81,Gianluigi Donnarumma,85,AC Milan,1688,23.4,39.2,24,17,-1,fast-break,strongFoot,0,
12,4,1,17/10/2020,Inter,AC Milan,55,Inter,2697,True,1758,Lautaro Martínez,823984,F,81,Gianluigi Donnarumma,85,AC Milan,1688,17.4,40.2,18,20,-1,assisted,strongFoot,0,
11,4,1,17/10/2020,Inter,AC Milan,56,AC Milan,2692,False,1688,Rafael Leão,851284,F,71,Samir Handanović,88,Inter,1758,23.1,41.0,23,14,1,assisted,strongFoot,0,
10,4,1,17/10/2020,Inter,AC Milan,59,Inter,2697,True,1758,Achraf Hakimi,814594,D,69,Gianluigi Donnarumma,85,AC Milan,1688,7.0,56.7,8,33,-1,assisted,head,0,
9,4,1,17/10/2020,Inter,AC Milan,61,Inter,2697,True,1758,Nicolò Barella,363856,M,66,Gianluigi Donnarumma,85,AC Milan,1688,14.9,32.8,18,38,-1,assisted,strongFoot,0,
8,4,1,17/10/2020,Inter,AC Milan,69,Inter,2697,True,1758,Romelu Lukaku,78893,F,82,Gianluigi Donnarumma,85,AC Milan,1688,16.6,51.4,16,3,-1,assisted,strongFoot,0,
7,4,1,17/10/2020,Inter,AC Milan,72,Inter,2697,True,1758,Lautaro Martínez,823984,F,81,Gianluigi Donnarumma,85,AC Milan,1688,6.1,53.0,6,18,-1,assisted,head,0,
6,4,1,17/10/2020,Inter,AC Milan,72,AC Milan,2692,False,1688,Rade Krunić,155449,M,73,Samir Handanović,88,Inter,1758,7.1,37.0,11,51,1,assisted,weakFoot,0,
5,4,1,17/10/2020,Inter,AC Milan,80,AC Milan,2692,False,1688,Simon Kjær,21535,D,55,Samir Handanović,88,Inter,1758,11.0,45.0,11,17,1,set-piece,head,0,
4,4,1,17/10/2020,Inter,AC Milan,84,AC Milan,2692,False,1688,Samu Castillejo,188405,M,72,Samir Handanović,88,Inter,1758,13.8,59.6,15,25,1,set-piece,strongFoot,0,
3,4,1,17/10/2020,Inter,AC Milan,89,AC Milan,2692,False,1688,Zlatan Ibrahimović,2089,F,87,Samir Handanović,88,Inter,1758,25.3,45.1,25,7,1,free-kick,weakFoot,0,
2,4,1,17/10/2020,Inter,AC Milan,90,Inter,2697,True,1758,Ivan Perišić,38710,M,80,Gianluigi Donnarumma,85,AC Milan,1688,6.5,47.3,6,15,-1,assisted,head,0,
1,4,1,17/10/2020,Inter,AC Milan,90,Inter,2697,True,1758,Romelu Lukaku,78893,F,82,Gianluigi Donnarumma,85,AC Milan,1688,7.6,50.0,7,0,-1,assisted,strongFoot,0,
0,4,1,17/10/2020,Inter,AC Milan,90,Inter,2697,True,1758,Romelu Lukaku,78893,F,82,Gianluigi Donnarumma,85,AC Milan,1688,6.5,48.0,6,11,-1,throw-in-set-piece,strongFoot,0,
21,4,2,17/10/2020,Sampdoria,Lazio,3,Sampdoria,2711,True,1471,Albin Ekdal,21992,M,65,Thomas Strakosha,83,Lazio,1608,24.4,50.4,24,0,0,set-piece,strongFoot,0,
20,4,2,17/10/2020,Sampdoria,Lazio,8,Sampdoria,2711,True,1471,Albin Ekdal,21992,M,65,Thomas Strakosha,83,Lazio,1608,25.4,44.9,25,7,0,regular,strongFoot,0,
19,4,2,17/10/2020,Sampdoria,Lazio,18,Lazio,2699,False,1608,Marco Parolo,76122,M,75,Emil Audero,77,Sampdoria,1471,20.4,66.6,23,28,0,assisted,strongFoot,0,
18,4,2,17/10/2020,Sampdoria,Lazio,19,Lazio,2699,False,1608,Sergej Milinković-Savić,331447,M,78,Emil Audero,77,Sampdoria,1471,51.5,58.1,51,6,0,assisted,strongFoot,0,
17,4,2,17/10/2020,Sampdoria,Lazio,25,Lazio,2699,False,1608,Luis Alberto,111416,M,75,Emil Audero,77,Sampdoria,1471,26.9,38.3,28,16,0,assisted,strongFoot,0,
16,4,2,17/10/2020,Sampdoria,Lazio,29,Sampdoria,2711,True,1471,Fabio Quagliarella,11621,F,85,Thomas Strakosha,83,Lazio,1608,46.5,65.4,47,12,0,assisted,strongFoot,0,
15,4,2,17/10/2020,Sampdoria,Lazio,32,Sampdoria,2711,True,1471,Fabio Quagliarella,11621,F,85,Thomas Strakosha,83,Lazio,1608,7.2,50.3,7,1,0,assisted,head,1,
14,4,2,17/10/2020,Sampdoria,Lazio,41,Sampdoria,2711,True,1471,Tommaso Augello,596736,M,37,Thomas Strakosha,83,Lazio,1608,20.6,46.6,20,6,1,corner,strongFoot,1,
13,4,2,17/10/2020,Sampdoria,Lazio,43,Lazio,2699,False,1608,Felipe Caicedo,18841,F,75,Emil Audero,77,Sampdoria,1471,14.6,53.4,14,8,-2,assisted,weakFoot,0,
12,4,2,17/10/2020,Sampdoria,Lazio,47,Lazio,2699,False,1608,Sergej Milinković-Savić,331447,M,78,Emil Audero,77,Sampdoria,1471,3.8,43.1,6,50,-2,corner,head,0,
11,4,2,17/10/2020,Sampdoria,Lazio,63,Lazio,2699,False,1608,Francesco Acerbi,126816,D,51,Emil Audero,77,Sampdoria,1471,14.6,39.7,16,25,-2,corner,weakFoot,0,
10,4,2,17/10/2020,Sampdoria,Lazio,67,Lazio,2699,False,1608,Joaquín Correa,249929,F,75,Emil Audero,77,Sampdoria,1471,19.8,32.5,23,31,-2,assisted,strongFoot,0,
9,4,2,17/10/2020,Sampdoria,Lazio,69,Sampdoria,2711,True,1471,Fabio Quagliarella,11621,F,85,Thomas Strakosha,83,Lazio,1608,14.5,43.9,15,15,2,assisted,strongFoot,0,
8,4,2,17/10/2020,Sampdoria,Lazio,70,Lazio,2699,False,1608,Joaquín Correa,249929,F,75,Emil Audero,77,Sampdoria,1471,6.7,67.0,13,59,-2,assisted,strongFoot,0,
7,4,2,17/10/2020,Sampdoria,Lazio,73,Lazio,2699,False,1608,Sergej Milinković-Savić,331447,M,78,Emil Audero,77,Sampdoria,1471,23.7,57.0,24,11,-2,assisted,strongFoot,0,
6,4,2,17/10/2020,Sampdoria,Lazio,74,Sampdoria,2711,True,1471,Fabio Quagliarella,11621,F,85,Thomas Strakosha,83,Lazio,1608,11.1,58.4,12,27,2,assisted,strongFoot,0,
5,4,2,17/10/2020,Sampdoria,Lazio,74,Sampdoria,2711,True,1471,Mikkel Damsgaard,907072,M,66,Thomas Strakosha,83,Lazio,1608,10.6,44.9,11,18,2,assisted,strongFoot,1,
4,4,2,17/10/2020,Sampdoria,Lazio,82,Sampdoria,2711,True,1471,Mikkel Damsgaard,907072,M,66,Thomas Strakosha,83,Lazio,1608,14.7,53.1,14,8,3,assisted,strongFoot,0,
3,4,2,17/10/2020,Sampdoria,Lazio,82,Sampdoria,2711,True,1471,Keita Baldé,317699,F,73,Thomas Strakosha,83,Lazio,1608,12.0,53.8,12,12,3,regular,strongFoot,0,
2,4,2,17/10/2020,Sampdoria,Lazio,83,Sampdoria,2711,True,1471,Keita Baldé,317699,F,73,Thomas Strakosha,83,Lazio,1608,5.9,56.3,7,35,3,corner,head,0,
1,4,2,17/10/2020,Sampdoria,Lazio,85,Lazio,2699,False,1608,Luis Alberto,111416,M,75,Emil Audero,77,Sampdoria,1471,24.2,47.5,24,4,-3,regular,strongFoot,0,
0,4,2,17/10/2020,Sampdoria,Lazio,90,Sampdoria,2711,True,1471,Valerio Verre,139267,M,73,Thomas Strakosha,83,Lazio,1608,22.9,46.0,23,6,3,assisted,weakFoot,0,
20,4,3,17/10/2020,FC Crotone,Juventus,2,FC Crotone,2718,True,1400,Simy,170499,F,74,Gianluigi Buffon,82,Juventus,1877,18.7,54.1,18,8,0,assisted,strongFoot,0,
19,4,3,17/10/2020,FC Crotone,Juventus,5,FC Crotone,2718,True,1400,Miloš Vulić,795861,M,60,Gianluigi Buffon,82,Juventus,1877,20.8,27.5,25,36,0,corner,strongFoot,0,
18,4,3,17/10/2020,FC Crotone,Juventus,8,Juventus,2687,False,1877,Manolo Portanova,876236,F,-100,Alex Cordaz,72,FC Crotone,1400,10.2,59.3,12,31,0,corner,strongFoot,0,
17,4,3,17/10/2020,FC Crotone,Juventus,12,FC Crotone,2718,True,1400,Simy,170499,F,74,Gianluigi Buffon,82,Juventus,1877,11.5,50.0,11,0,0,penalty,strongFoot,1,
16,4,3,17/10/2020,FC Crotone,Juventus,18,Juventus,2687,False,1877,Álvaro Morata,125407,F,79,Alex Cordaz,72,FC Crotone,1400,11.0,45.2,11,16,-1,corner,weakFoot,0,
15,4,3,17/10/2020,FC Crotone,Juventus,21,FC Crotone,2718,True,1400,Luca Cigarini,12656,M,65,Gianluigi Buffon,82,Juventus,1877,27.1,45.2,27,6,1,assisted,strongFoot,0,
14,4,3,17/10/2020,FC Crotone,Juventus,21,Juventus,2687,False,1877,Álvaro Morata,125407,F,79,Alex Cordaz,72,FC Crotone,1400,2.6,48.8,2,17,-1,assisted,weakFoot,1,
13,4,3,17/10/2020,FC Crotone,Juventus,25,Juventus,2687,False,1877,Manolo Portanova,876236,F,-100,Alex Cordaz,72,FC Crotone,1400,27.9,22.9,33,33,0,free-kick,strongFoot,0,
12,4,3,17/10/2020,FC Crotone,Juventus,25,Juventus,2687,False,1877,Dejan Kulusevski,928124,M,67,Alex Cordaz,72,FC Crotone,1400,22.0,72.0,26,34,0,assisted,strongFoot,0,
11,4,3,17/10/2020,FC Crotone,Juventus,35,Juventus,2687,False,1877,Álvaro Morata,125407,F,79,Alex Cordaz,72,FC Crotone,1400,4.8,60.0,8,54,0,corner,head,0,
10,4,3,17/10/2020,FC Crotone,Juventus,40,Juventus,2687,False,1877,Manolo Portanova,876236,F,-100,Alex Cordaz,72,FC Crotone,1400,18.2,44.9,18,10,0,assisted,strongFoot,0,
9,4,3,17/10/2020,FC Crotone,Juventus,42,Juventus,2687,False,1877,Manolo Portanova,876236,F,-100,Alex Cordaz,72,FC Crotone,1400,8.8,63.4,12,45,0,assisted,strongFoot,0,
8,4,3,17/10/2020,FC Crotone,Juventus,44,FC Crotone,2718,True,1400,Pedro Pereira,807291,D,37,Gianluigi Buffon,82,Juventus,1877,9.7,60.2,11,35,0,regular,weakFoot,0,
7,4,3,17/10/2020,FC Crotone,Juventus,46,Juventus,2687,False,1877,Rodrigo Bentancur,791190,M,58,Alex Cordaz,72,FC Crotone,1400,22.8,40.0,23,16,0,regular,weakFoot,0,
6,4,3,17/10/2020,FC Crotone,Juventus,49,FC Crotone,2718,True,1400,Junior Messias,888219,F,61,Gianluigi Buffon,82,Juventus,1877,13.4,42.1,14,21,0,assisted,strongFoot,0,
5,4,3,17/10/2020,FC Crotone,Juventus,55,FC Crotone,2718,True,1400,Luca Cigarini,12656,M,65,Gianluigi Buffon,82,Juventus,1877,16.4,44.3,16,13,0,assisted,strongFoot,0,
4,4,3,17/10/2020,FC Crotone,Juventus,63,Juventus,2687,False,1877,Álvaro Morata,125407,F,79,Alex Cordaz,72,FC Crotone,1400,10.3,40.6,12,31,0,set-piece,head,0,
3,4,3,17/10/2020,FC Crotone,Juventus,71,FC Crotone,2718,True,1400,Luca Cigarini,12656,M,65,Gianluigi Buffon,82,Juventus,1877,24.9,62.8,26,19,0,regular,strongFoot,0,
2,4,3,17/10/2020,FC Crotone,Juventus,76,Juventus,2687,False,1877,Juan Cuadrado,47743,M,71,Alex Cordaz,72,FC Crotone,1400,13.5,69.7,19,44,0,assisted,strongFoot,0,
1,4,3,17/10/2020,FC Crotone,Juventus,86,FC Crotone,2718,True,1400,Luca Siligardi,43903,M,-100,Gianluigi Buffon,82,Juventus,1877,8.1,67.4,14,55,0,assisted,head,0,
0,4,3,17/10/2020,FC Crotone,Juventus,90,FC Crotone,2718,True,1400,Arkadiusz Reca,580638,D,55,Gianluigi Buffon,82,Juventus,1877,21.2,23.5,27,40,0,assisted,strongFoot,0,
39,4,4,18/10/2020,Bologna,Sassuolo,6,Sassuolo,2793,False,1471,Filip Đuričić,69367,M,67,Łukasz Skorupski,76,Bologna,1409,20.8,43.3,21,12,0,assisted,weakFoot,0,
38,4,4,18/10/2020,Bologna,Sassuolo,9,Bologna,2685,True,1409,Roberto Soriano,80406,M,73,Andrea Consigli,81,Sassuolo,1471,10.3,52.2,10,8,0,assisted,weakFoot,1,
36,4,4,18/10/2020,Bologna,Sassuolo,12,Sassuolo,2793,False,1471,Hamed Junior Traorè,892924,M,66,Łukasz Skorupski,76,Bologna,1409,15.1,42.4,15,18,0,regular,strongFoot,0,
37,4,4,18/10/2020,Bologna,Sassuolo,12,Sassuolo,2793,False,1471,Domenico Berardi,253367,F,79,Łukasz Skorupski,76,Bologna,1409,12.2,47.0,12,9,0,assisted,strongFoot,0,
35,4,4,18/10/2020,Bologna,Sassuolo,14,Bologna,2685,True,1409,Musa Barrow,916680,F,69,Andrea Consigli,81,Sassuolo,1471,18.2,35.9,20,27,0,assisted,strongFoot,0,
34,4,4,18/10/2020,Bologna,Sassuolo,16,Sassuolo,2793,False,1471,Georgios Kyriakopoulos,377302,D,47,Łukasz Skorupski,76,Bologna,1409,6.1,67.5,13,62,0,assisted,weakFoot,0,
33,4,4,18/10/2020,Bologna,Sassuolo,18,Sassuolo,2793,False,1471,Domenico Berardi,253367,F,79,Łukasz Skorupski,76,Bologna,1409,21.4,73.2,26,36,0,assisted,strongFoot,1,
32,4,4,18/10/2020,Bologna,Sassuolo,23,Sassuolo,2793,False,1471,Francesco Caputo,43905,F,78,Łukasz Skorupski,76,Bologna,1409,8.1,31.3,15,57,1,assisted,weakFoot,0,
31,4,4,18/10/2020,Bologna,Sassuolo,30,Bologna,2685,True,1409,Mattias Svanberg,796987,M,65,Andrea Consigli,81,Sassuolo,1471,19.5,34.7,22,28,-1,assisted,strongFoot,0,
30,4,4,18/10/2020,Bologna,Sassuolo,35,Bologna,2685,True,1409,Takehiro Tomiyasu,804434,D,31,Andrea Consigli,81,Sassuolo,1471,6.9,51.2,6,6,-1,corner,strongFoot,0,
29,4,4,18/10/2020,Bologna,Sassuolo,36,Sassuolo,2793,False,1471,Filip Đuričić,69367,M,67,Łukasz Skorupski,76,Bologna,1409,17.1,62.0,18,25,1,assisted,weakFoot,0,
28,4,4,18/10/2020,Bologna,Sassuolo,37,Bologna,2685,True,1409,Rodrigo Palacio,15529,F,71,Andrea Consigli,81,Sassuolo,1471,3.8,61.2,8,63,-1,corner,head,0,
27,4,4,18/10/2020,Bologna,Sassuolo,39,Bologna,2685,True,1409,Mattias Svanberg,796987,M,65,Andrea Consigli,81,Sassuolo,1471,8.5,34.7,13,50,-1,assisted,strongFoot,1,
26,4,4,18/10/2020,Bologna,Sassuolo,45,Bologna,2685,True,1409,Lorenzo De Silvestri,14718,D,66,Andrea Consigli,81,Sassuolo,1471,8.5,53.6,8,16,0,set-piece,head,0,
25,4,4,18/10/2020,Bologna,Sassuolo,45,Sassuolo,2793,False,1471,Francesco Caputo,43905,F,78,Łukasz Skorupski,76,Bologna,1409,9.3,32.8,14,51,0,assisted,weakFoot,0,
24,4,4,18/10/2020,Bologna,Sassuolo,48,Sassuolo,2793,False,1471,Filip Đuričić,69367,M,67,Łukasz Skorupski,76,Bologna,1409,11.8,29.9,18,49,0,assisted,weakFoot,0,
23,4,4,18/10/2020,Bologna,Sassuolo,49,Bologna,2685,True,1409,Musa Barrow,916680,F,69,Andrea Consigli,81,Sassuolo,1471,14.5,33.8,18,37,0,assisted,strongFoot,0,
22,4,4,18/10/2020,Bologna,Sassuolo,52,Sassuolo,2793,False,1471,Domenico Berardi,253367,F,79,Łukasz Skorupski,76,Bologna,1409,24.2,58.3,24,13,0,assisted,strongFoot,0,
21,4,4,18/10/2020,Bologna,Sassuolo,54,Sassuolo,2793,False,1471,Domenico Berardi,253367,F,79,Łukasz Skorupski,76,Bologna,1409,6.0,65.5,12,60,0,assisted,weakFoot,0,
20,4,4,18/10/2020,Bologna,Sassuolo,55,Bologna,2685,True,1409,Musa Barrow,916680,F,69,Andrea Consigli,81,Sassuolo,1471,24.6,44.5,24,8,0,assisted,strongFoot,0,
19,4,4,18/10/2020,Bologna,Sassuolo,55,Bologna,2685,True,1409,Rodrigo Palacio,15529,F,71,Andrea Consigli,81,Sassuolo,1471,19.4,35.1,21,27,0,assisted,strongFoot,0,
18,4,4,18/10/2020,Bologna,Sassuolo,56,Bologna,2685,True,1409,Rodrigo Palacio,15529,F,71,Andrea Consigli,81,Sassuolo,1471,13.1,33.4,17,40,0,assisted,strongFoot,0,
17,4,4,18/10/2020,Bologna,Sassuolo,59,Bologna,2685,True,1409,Jerdy Schouten,844234,D,54,Andrea Consigli,81,Sassuolo,1471,21.4,40.6,22,16,0,corner,weakFoot,0,
16,4,4,18/10/2020,Bologna,Sassuolo,60,Bologna,2685,True,1409,Riccardo Orsolini,793645,M,69,Andrea Consigli,81,Sassuolo,1471,9.8,67.0,15,49,0,regular,strongFoot,1,
15,4,4,18/10/2020,Bologna,Sassuolo,64,Sassuolo,2793,False,1471,Filip Đuričić,69367,M,67,Łukasz Skorupski,76,Bologna,1409,5.1,35.8,10,62,-1,assisted,weakFoot,1,
14,4,4,18/10/2020,Bologna,Sassuolo,65,Sassuolo,2793,False,1471,Georgios Kyriakopoulos,377302,D,47,Łukasz Skorupski,76,Bologna,1409,23.8,21.9,30,38,0,assisted,strongFoot,0,
13,4,4,18/10/2020,Bologna,Sassuolo,67,Sassuolo,2793,False,1471,Gian Marco Ferrari,170887,D,26,Łukasz Skorupski,76,Bologna,1409,8.4,31.9,14,55,0,set-piece,strongFoot,0,
12,4,4,18/10/2020,Bologna,Sassuolo,67,Sassuolo,2793,False,1471,Gian Marco Ferrari,170887,D,26,Łukasz Skorupski,76,Bologna,1409,9.6,47.6,9,9,0,corner,head,0,
11,4,4,18/10/2020,Bologna,Sassuolo,70,Sassuolo,2793,False,1471,Francesco Caputo,43905,F,78,Łukasz Skorupski,76,Bologna,1409,2.4,46.0,3,48,0,corner,head,1,
10,4,4,18/10/2020,Bologna,Sassuolo,72,Sassuolo,2793,False,1471,Domenico Berardi,253367,F,79,Łukasz Skorupski,76,Bologna,1409,10.3,64.1,14,42,1,assisted,strongFoot,0,
9,4,4,18/10/2020,Bologna,Sassuolo,72,Sassuolo,2793,False,1471,Georgios Kyriakopoulos,377302,D,47,Łukasz Skorupski,76,Bologna,1409,10.4,30.0,17,52,1,assisted,strongFoot,0,
8,4,4,18/10/2020,Bologna,Sassuolo,73,Sassuolo,2793,False,1471,Gian Marco Ferrari,170887,D,26,Łukasz Skorupski,76,Bologna,1409,8.1,49.6,8,1,1,corner,head,0,
7,4,4,18/10/2020,Bologna,Sassuolo,75,Sassuolo,2793,False,1471,Georgios Kyriakopoulos,377302,D,47,Łukasz Skorupski,76,Bologna,1409,23.0,38.0,24,19,1,corner,weakFoot,0,
6,4,4,18/10/2020,Bologna,Sassuolo,77,Sassuolo,2793,False,1471,Filip Đuričić,69367,M,67,Łukasz Skorupski,76,Bologna,1409,8.7,44.1,9,24,1,assisted,weakFoot,0,
5,4,4,18/10/2020,Bologna,Sassuolo,77,Sassuolo,2793,False,1471,Takehiro Tomiyasu,804434,D,-100,Łukasz Skorupski,76,Bologna,1409,4.9,49.6,4,3,1,regular,strongFoot,1,
4,4,4,18/10/2020,Bologna,Sassuolo,79,Sassuolo,2793,False,1471,Giacomo Raspadori,865651,F,67,Łukasz Skorupski,76,Bologna,1409,8.0,33.4,13,54,2,set-piece,weakFoot,0,
3,4,4,18/10/2020,Bologna,Sassuolo,81,Bologna,2685,True,1409,Nicola Sansone,100580,F,76,Andrea Consigli,81,Sassuolo,1471,19.1,32.4,22,32,-2,free-kick,strongFoot,0,
2,4,4,18/10/2020,Bologna,Sassuolo,84,Sassuolo,2793,False,1471,Pedro Obiang,46799,M,59,Łukasz Skorupski,76,Bologna,1409,8.4,51.1,8,5,2,corner,other,0,
1,4,4,18/10/2020,Bologna,Sassuolo,90,Sassuolo,2793,False,1471,Maxime López,352802,M,66,Łukasz Skorupski,76,Bologna,1409,15.1,55.8,15,14,2,assisted,strongFoot,0,
0,4,4,18/10/2020,Bologna,Sassuolo,90,Sassuolo,2793,False,1471,Giacomo Raspadori,865651,F,67,Łukasz Skorupski,76,Bologna,1409,11.2,48.8,11,4,2,fast-break,weakFoot,0,
20,4,5,18/10/2020,Spezia,Fiorentina,2,Fiorentina,2693,False,1469,Germán Pezzella,158241,D,48,Ivan Provedel,-100,Spezia,1383,9.0,51.2,9,5,0,corner,head,1,
19,4,5,18/10/2020,Spezia,Fiorentina,4,Fiorentina,2693,False,1469,Cristiano Biraghi,122848,D,64,Ivan Provedel,-100,Spezia,1383,4.1,29.7,14,73,0,assisted,strongFoot,1,
18,4,5,18/10/2020,Spezia,Fiorentina,17,Fiorentina,2693,False,1469,Nikola Milenković,836168,D,45,Ivan Provedel,-100,Spezia,1383,7.2,45.2,7,24,0,set-piece,head,0,
17,4,5,18/10/2020,Spezia,Fiorentina,17,Fiorentina,2693,False,1469,Nikola Milenković,836168,D,45,Ivan Provedel,-100,Spezia,1383,7.8,49.6,7,1,0,corner,strongFoot,0,
16,4,5,18/10/2020,Spezia,Fiorentina,26,Spezia,2735,True,1383,Gennaro Acampora,232774,M,61,Bartłomiej Drągowski,75,Fiorentina,1469,24.2,33.4,26,25,0,assisted,strongFoot,0,
15,4,5,18/10/2020,Spezia,Fiorentina,27,Fiorentina,2693,False,1469,Dušan Vlahović,832208,F,71,Ivan Provedel,-100,Spezia,1383,2.1,59.6,6,72,0,regular,head,0,
14,4,5,18/10/2020,Spezia,Fiorentina,28,Spezia,2735,True,1383,Daniele Verde,605580,F,70,Bartłomiej Drągowski,75,Fiorentina,1469,12.5,67.8,17,44,0,assisted,weakFoot,0,
13,4,5,18/10/2020,Spezia,Fiorentina,28,Spezia,2735,True,1383,Matteo Ricci,225132,M,57,Bartłomiej Drągowski,75,Fiorentina,1469,23.4,52.2,23,3,0,corner,weakFoot,0,
12,4,5,18/10/2020,Spezia,Fiorentina,32,Spezia,2735,True,1383,Simone Bastoni,385330,M,51,Bartłomiej Drągowski,75,Fiorentina,1469,24.8,40.4,25,14,0,assisted,weakFoot,0,
11,4,5,18/10/2020,Spezia,Fiorentina,33,Spezia,2735,True,1383,Daniele Verde,605580,F,70,Bartłomiej Drągowski,75,Fiorentina,1469,19.8,73.0,25,38,0,assisted,strongFoot,0,
10,4,5,18/10/2020,Spezia,Fiorentina,39,Spezia,2735,True,1383,Daniele Verde,605580,F,70,Bartłomiej Drągowski,75,Fiorentina,1469,6.5,66.8,13,60,0,assisted,strongFoot,1,
9,4,5,18/10/2020,Spezia,Fiorentina,44,Fiorentina,2693,False,1469,Pol Lirola,844480,D,47,Ivan Provedel,-100,Spezia,1383,10.3,56.7,11,23,-1,regular,weakFoot,0,
8,4,5,18/10/2020,Spezia,Fiorentina,60,Fiorentina,2693,False,1469,Gaetano Castrovilli,587628,M,57,Ivan Provedel,-100,Spezia,1383,8.3,34.5,13,51,-1,set-piece,head,0,
7,4,5,18/10/2020,Spezia,Fiorentina,63,Fiorentina,2693,False,1469,Dušan Vlahović,832208,F,71,Ivan Provedel,-100,Spezia,1383,6.9,43.1,8,34,-1,assisted,strongFoot,0,
6,4,5,18/10/2020,Spezia,Fiorentina,68,Spezia,2735,True,1383,Diego Farias,41008,F,68,Bartłomiej Drągowski,75,Fiorentina,1469,18.2,36.5,20,26,1,fast-break,strongFoot,0,
5,4,5,18/10/2020,Spezia,Fiorentina,75,Spezia,2735,True,1383,Diego Farias,41008,F,68,Bartłomiej Drągowski,75,Fiorentina,1469,13.0,36.1,16,36,1,corner,strongFoot,1,
4,4,5,18/10/2020,Spezia,Fiorentina,81,Spezia,2735,True,1383,Gennaro Acampora,232774,M,61,Bartłomiej Drągowski,75,Fiorentina,1469,26.6,35.1,28,20,2,assisted,strongFoot,0,
3,4,5,18/10/2020,Spezia,Fiorentina,82,Spezia,2735,True,1383,Salvador Ferrer,958521,D,34,Bartłomiej Drągowski,75,Fiorentina,1469,19.1,72.3,24,38,2,regular,strongFoot,0,
2,4,5,18/10/2020,Spezia,Fiorentina,85,Fiorentina,2693,False,1469,José Callejón,40965,F,69,Ivan Provedel,-100,Spezia,1383,14.1,65.7,17,37,-2,corner,strongFoot,0,
1,4,5,18/10/2020,Spezia,Fiorentina,90,Spezia,2735,True,1383,Kevin Agudelo,931290,M,56,Bartłomiej Drągowski,75,Fiorentina,1469,22.5,43.3,22,11,2,assisted,strongFoot,0,
0,4,5,18/10/2020,Spezia,Fiorentina,90,Spezia,2735,True,1383,M'bala Nzola,788061,F,70,Bartłomiej Drągowski,75,Fiorentina,1469,10.1,43.3,11,24,2,regular,strongFoot,0,
24,4,6,18/10/2020,Torino,Cagliari,4,Torino,2696,True,1439,Andrea Belotti,220223,F,81,Alessio Cragno,81,Cagliari,1383,11.5,50.0,11,0,0,penalty,strongFoot,1,
23,4,6,18/10/2020,Torino,Cagliari,9,Cagliari,2719,False,1383,Răzvan Marin,279563,M,73,Salvatore Sirigu,84,Torino,1439,27.1,64.1,28,19,0,assisted,strongFoot,0,
22,4,6,18/10/2020,Torino,Cagliari,11,Cagliari,2719,False,1383,Giovanni Simeone,341143,F,74,Salvatore Sirigu,84,Torino,1439,7.0,59.6,9,43,0,corner,head,0,
21,4,6,18/10/2020,Torino,Cagliari,12,Cagliari,2719,False,1383,Sebastian Walukiewicz,886243,D,37,Salvatore Sirigu,84,Torino,1439,5.4,44.3,6,35,0,corner,weakFoot,0,
20,4,6,18/10/2020,Torino,Cagliari,12,Cagliari,2719,False,1383,João Pedro Galvão,123208,F,77,Salvatore Sirigu,84,Torino,1439,3.2,52.8,3,30,0,corner,strongFoot,1,
19,4,6,18/10/2020,Torino,Cagliari,16,Torino,2696,True,1439,Andrea Belotti,220223,F,81,Alessio Cragno,81,Cagliari,1383,10.3,38.8,12,36,0,set-piece,head,0,
18,4,6,18/10/2020,Torino,Cagliari,19,Cagliari,2719,False,1383,Giovanni Simeone,341143,F,74,Salvatore Sirigu,84,Torino,1439,11.5,52.6,11,8,0,regular,strongFoot,1,
17,4,6,18/10/2020,Torino,Cagliari,27,Torino,2696,True,1439,Ricardo Rodríguez,67769,D,66,Alessio Cragno,81,Cagliari,1383,27.1,31.2,29,25,-1,assisted,strongFoot,0,
16,4,6,18/10/2020,Torino,Cagliari,29,Cagliari,2719,False,1383,Riccardo Sottil,893640,F,59,Salvatore Sirigu,84,Torino,1439,20.2,69.2,24,32,1,corner,strongFoot,0,
15,4,6,18/10/2020,Torino,Cagliari,41,Cagliari,2719,False,1383,Marko Rog,573616,M,66,Salvatore Sirigu,84,Torino,1439,23.1,72.9,27,33,1,corner,strongFoot,0,
14,4,6,18/10/2020,Torino,Cagliari,42,Cagliari,2719,False,1383,Riccardo Sottil,893640,F,59,Salvatore Sirigu,84,Torino,1439,13.5,45.2,13,13,1,assisted,strongFoot,0,
13,4,6,18/10/2020,Torino,Cagliari,49,Torino,2696,True,1439,Federico Bonazzoli,284363,F,64,Alessio Cragno,81,Cagliari,1383,14.4,53.6,14,9,-1,assisted,head,0,
12,4,6,18/10/2020,Torino,Cagliari,49,Torino,2696,True,1439,Andrea Belotti,220223,F,81,Alessio Cragno,81,Cagliari,1383,4.0,35.7,10,67,-1,assisted,weakFoot,1,
11,4,6,18/10/2020,Torino,Cagliari,52,Torino,2696,True,1439,Soualiho Meïté,139229,M,58,Alessio Cragno,81,Cagliari,1383,19.4,51.5,19,3,0,assisted,strongFoot,0,
10,4,6,18/10/2020,Torino,Cagliari,59,Torino,2696,True,1439,Tomás Rincón,46798,M,58,Alessio Cragno,81,Cagliari,1383,20.3,65.5,22,27,0,corner,strongFoot,0,
9,4,6,18/10/2020,Torino,Cagliari,62,Cagliari,2719,False,1383,Riccardo Sottil,893640,F,59,Salvatore Sirigu,84,Torino,1439,9.7,31.7,15,52,0,fast-break,strongFoot,0,
8,4,6,18/10/2020,Torino,Cagliari,62,Cagliari,2719,False,1383,Riccardo Sottil,893640,F,59,Salvatore Sirigu,84,Torino,1439,4.1,37.7,9,63,0,regular,strongFoot,0,
7,4,6,18/10/2020,Torino,Cagliari,67,Cagliari,2719,False,1383,Riccardo Sottil,893640,F,59,Salvatore Sirigu,84,Torino,1439,24.2,27.2,28,32,0,assisted,strongFoot,0,
6,4,6,18/10/2020,Torino,Cagliari,70,Torino,2696,True,1439,Federico Bonazzoli,284363,F,64,Alessio Cragno,81,Cagliari,1383,14.1,55.0,14,13,0,assisted,strongFoot,0,
5,4,6,18/10/2020,Torino,Cagliari,70,Torino,2696,True,1439,Soualiho Meïté,139229,M,58,Alessio Cragno,81,Cagliari,1383,22.5,71.1,26,32,0,assisted,strongFoot,0,
4,4,6,18/10/2020,Torino,Cagliari,73,Cagliari,2719,False,1383,Giovanni Simeone,341143,F,74,Salvatore Sirigu,84,Torino,1439,3.1,52.4,3,27,0,regular,weakFoot,1,
3,4,6,18/10/2020,Torino,Cagliari,83,Torino,2696,True,1439,Andrea Belotti,220223,F,81,Alessio Cragno,81,Cagliari,1383,5.0,43.6,6,41,-1,assisted,head,0,
2,4,6,18/10/2020,Torino,Cagliari,90,Torino,2696,True,1439,Simone Verdi,98058,M,72,Alessio Cragno,81,Cagliari,1383,13.3,53.4,13,9,-1,assisted,head,0,
1,4,6,18/10/2020,Torino,Cagliari,90,Torino,2696,True,1439,Simone Verdi,98058,M,72,Alessio Cragno,81,Cagliari,1383,13.3,54.6,13,13,-1,assisted,weakFoot,0,
0,4,6,18/10/2020,Torino,Cagliari,90,Torino,2696,True,1439,Andrea Belotti,220223,F,81,Alessio Cragno,81,Cagliari,1383,7.9,34.2,13,53,-1,assisted,strongFoot,0,
25,4,7,18/10/2020,Udinese,Parma,9,Parma,2690,False,1400,Juraj Kucka,48563,M,73,Nícolas,69,Udinese,1382,12.0,54.5,12,14,0,assisted,head,0,
24,4,7,18/10/2020,Udinese,Parma,10,Udinese,2695,True,1382,Samir Caetano,331405,D,33,Luigi Sepe,77,Parma,1400,8.1,50.7,8,3,0,corner,head,0,
23,4,7,18/10/2020,Udinese,Parma,18,Udinese,2695,True,1382,Stefano Okaka,13148,F,73,Luigi Sepe,77,Parma,1400,10.2,41.0,11,30,0,fast-break,strongFoot,0,
22,4,7,18/10/2020,Udinese,Parma,18,Udinese,2695,True,1382,Rodrigo De Paul,249399,M,75,Luigi Sepe,77,Parma,1400,27.6,51.5,27,2,0,assisted,strongFoot,0,
21,4,7,18/10/2020,Udinese,Parma,23,Udinese,2695,True,1382,Kevin Lasagna,587962,F,72,Luigi Sepe,77,Parma,1400,13.4,45.0,13,14,0,assisted,strongFoot,0,
20,4,7,18/10/2020,Udinese,Parma,23,Parma,2690,False,1400,Juraj Kucka,48563,M,73,Nícolas,69,Udinese,1382,23.1,28.9,27,31,0,assisted,strongFoot,0,
19,4,7,18/10/2020,Udinese,Parma,26,Parma,2690,False,1400,Hernani,156019,M,68,Nícolas,69,Udinese,1382,24.5,65.2,26,22,0,assisted,strongFoot,1,
18,4,7,18/10/2020,Udinese,Parma,28,Udinese,2695,True,1382,Stefano Okaka,13148,F,73,Luigi Sepe,77,Parma,1400,11.2,45.6,11,14,-1,assisted,strongFoot,0,
17,4,7,18/10/2020,Udinese,Parma,28,Udinese,2695,True,1382,Samir Caetano,331405,D,33,Luigi Sepe,77,Parma,1400,7.3,51.8,7,9,-1,corner,head,1,
16,4,7,18/10/2020,Udinese,Parma,33,Parma,2690,False,1400,Simone Iacoponi,19063,D,32,Nícolas,69,Udinese,1382,10.2,54.1,10,15,0,set-piece,head,0,
15,4,7,18/10/2020,Udinese,Parma,40,Udinese,2695,True,1382,Stefano Okaka,13148,F,73,Luigi Sepe,77,Parma,1400,11.5,55.4,12,17,0,assisted,head,0,
14,4,7,18/10/2020,Udinese,Parma,45,Udinese,2695,True,1382,Thomas Ouwejan,798180,D,52,Luigi Sepe,77,Parma,1400,13.1,41.2,14,24,0,assisted,weakFoot,0,
13,4,7,18/10/2020,Udinese,Parma,45,Parma,2690,False,1400,Jasmin Kurtić,61445,M,68,Nícolas,69,Udinese,1382,10.7,53.6,10,12,0,assisted,strongFoot,0,
12,4,7,18/10/2020,Udinese,Parma,46,Udinese,2695,True,1382,Rodrigo De Paul,249399,M,75,Luigi Sepe,77,Parma,1400,23.2,39.7,24,16,0,regular,strongFoot,0,
11,4,7,18/10/2020,Udinese,Parma,49,Parma,2690,False,1400,Hernani,156019,M,68,Nícolas,69,Udinese,1382,13.2,46.7,13,9,0,assisted,weakFoot,0,
10,4,7,18/10/2020,Udinese,Parma,52,Udinese,2695,True,1382,Simone Iacoponi,19063,D,-100,Luigi Sepe,77,Parma,1400,3.3,45.3,4,44,0,regular,strongFoot,1,
9,4,7,18/10/2020,Udinese,Parma,56,Parma,2690,False,1400,Giuseppe Pezzella,814589,M,50,Nícolas,69,Udinese,1382,28.2,35.3,29,19,-1,corner,strongFoot,0,
8,4,7,18/10/2020,Udinese,Parma,64,Udinese,2695,True,1382,Rodrigo De Paul,249399,M,75,Luigi Sepe,77,Parma,1400,22.9,60.5,23,17,1,regular,weakFoot,0,
7,4,7,18/10/2020,Udinese,Parma,65,Udinese,2695,True,1382,Sebastien De Maio,43908,D,32,Luigi Sepe,77,Parma,1400,7.5,46.9,7,15,1,corner,head,0,
6,4,7,18/10/2020,Udinese,Parma,69,Udinese,2695,True,1382,Ignacio Pussetto,340509,F,72,Luigi Sepe,77,Parma,1400,30.9,67.5,33,21,1,assisted,strongFoot,0,
5,4,7,18/10/2020,Udinese,Parma,70,Parma,2690,False,1400,Yann Karamoh,802149,F,68,Nícolas,69,Udinese,1382,4.3,53.0,4,25,-1,assisted,strongFoot,1,
4,4,7,18/10/2020,Udinese,Parma,74,Udinese,2695,True,1382,Samir Caetano,331405,D,33,Luigi Sepe,77,Parma,1400,4.6,56.9,6,45,0,corner,head,0,
3,4,7,18/10/2020,Udinese,Parma,78,Udinese,2695,True,1382,Rodrigo De Paul,249399,M,75,Luigi Sepe,77,Parma,1400,22.9,38.9,24,18,0,assisted,strongFoot,0,
2,4,7,18/10/2020,Udinese,Parma,86,Parma,2690,False,1400,Simon Sohm,909991,M,46,Nícolas,69,Udinese,1382,20.2,45.4,20,8,0,assisted,strongFoot,0,
1,4,7,18/10/2020,Udinese,Parma,88,Udinese,2695,True,1382,Ignacio Pussetto,340509,F,72,Luigi Sepe,77,Parma,1400,25.7,45.4,25,6,0,assisted,strongFoot,1,
0,4,7,18/10/2020,Udinese,Parma,90,Udinese,2695,True,1382,Ignacio Pussetto,340509,F,72,Luigi Sepe,77,Parma,1400,17.5,52.4,17,5,1,assisted,weakFoot,0,
29,4,8,18/10/2020,AS Roma,Benevento,3,AS Roma,2702,True,1676,Lorenzo Pellegrini,555540,F,70,Lorenzo Montipò,72,Benevento,1400,22.4,23.9,28,38,0,free-kick,strongFoot,0,
28,4,8,18/10/2020,AS Roma,Benevento,5,Benevento,2759,False,1400,Gianluca Caprari,148458,F,67,Antonio Mirante,78,AS Roma,1676,17.7,38.8,19,23,0,throw-in-set-piece,strongFoot,1,
27,4,8,18/10/2020,AS Roma,Benevento,12,AS Roma,2702,True,1676,Lorenzo Pellegrini,555540,F,70,Lorenzo Montipò,72,Benevento,1400,9.4,61.2,12,39,0,assisted,head,0,
26,4,8,18/10/2020,AS Roma,Benevento,14,AS Roma,2702,True,1676,Bryan Cristante,186855,M,71,Lorenzo Montipò,72,Benevento,1400,8.2,43.0,9,30,0,corner,head,0,
25,4,8,18/10/2020,AS Roma,Benevento,24,AS Roma,2702,True,1676,Henrikh Mkhitaryan,37151,M,75,Lorenzo Montipò,72,Benevento,1400,6.4,54.4,7,25,0,assisted,head,0,
24,4,8,18/10/2020,AS Roma,Benevento,29,AS Roma,2702,True,1676,Pedro,35428,F,75,Lorenzo Montipò,72,Benevento,1400,13.0,72.5,20,49,0,assisted,weakFoot,0,
23,4,8,18/10/2020,AS Roma,Benevento,31,AS Roma,2702,True,1676,Lorenzo Pellegrini,555540,F,70,Lorenzo Montipò,72,Benevento,1400,8.3,40.0,10,39,0,assisted,strongFoot,0,
22,4,8,18/10/2020,AS Roma,Benevento,31,AS Roma,2702,True,1676,Pedro,35428,F,75,Lorenzo Montipò,72,Benevento,1400,12.3,53.3,12,10,0,assisted,weakFoot,1,
21,4,8,18/10/2020,AS Roma,Benevento,35,AS Roma,2702,True,1676,Edin Džeko,14990,F,83,Lorenzo Montipò,72,Benevento,1400,8.1,34.5,13,52,1,fast-break,weakFoot,1,
20,4,8,18/10/2020,AS Roma,Benevento,36,AS Roma,2702,True,1676,Davide Santon,40983,D,57,Lorenzo Montipò,72,Benevento,1400,23.5,74.1,28,34,2,assisted,strongFoot,0,
19,4,8,18/10/2020,AS Roma,Benevento,47,AS Roma,2702,True,1676,Leonardo Spinazzola,148899,D,63,Lorenzo Montipò,72,Benevento,1400,9.3,33.3,14,50,2,regular,strongFoot,0,
18,4,8,18/10/2020,AS Roma,Benevento,49,AS Roma,2702,True,1676,Henrikh Mkhitaryan,37151,M,75,Lorenzo Montipò,72,Benevento,1400,21.6,33.9,24,26,2,regular,weakFoot,0,
17,4,8,18/10/2020,AS Roma,Benevento,50,Benevento,2759,False,1400,Gianluca Caprari,148458,F,67,Antonio Mirante,78,AS Roma,1676,27.8,57.9,28,10,-2,assisted,strongFoot,0,
16,4,8,18/10/2020,AS Roma,Benevento,55,Benevento,2759,False,1400,Gianluca Lapadula,147368,F,69,Antonio Mirante,78,AS Roma,1676,11.5,50.0,11,0,-2,penalty,strongFoot,0,
15,4,8,18/10/2020,AS Roma,Benevento,55,Benevento,2759,False,1400,Gianluca Lapadula,147368,F,69,Antonio Mirante,78,AS Roma,1676,4.8,45.8,5,30,-2,set-piece,strongFoot,1,
14,4,8,18/10/2020,AS Roma,Benevento,58,AS Roma,2702,True,1676,Edin Džeko,14990,F,83,Lorenzo Montipò,72,Benevento,1400,13.4,27.7,20,48,1,assisted,weakFoot,0,
12,4,8,18/10/2020,AS Roma,Benevento,59,Benevento,2759,False,1400,Bryan Dabo,116623,M,66,Antonio Mirante,78,AS Roma,1676,17.1,31.8,21,35,-1,assisted,weakFoot,0,
13,4,8,18/10/2020,AS Roma,Benevento,59,Benevento,2759,False,1400,Gianluca Lapadula,147368,F,69,Antonio Mirante,78,AS Roma,1676,15.0,36.7,17,31,-1,assisted,strongFoot,0,
11,4,8,18/10/2020,AS Roma,Benevento,60,AS Roma,2702,True,1676,Edin Džeko,14990,F,83,Lorenzo Montipò,72,Benevento,1400,12.2,63.4,15,36,1,assisted,weakFoot,0,
10,4,8,18/10/2020,AS Roma,Benevento,61,Benevento,2759,False,1400,Gianluca Lapadula,147368,F,69,Antonio Mirante,78,AS Roma,1676,10.0,40.6,11,32,-1,assisted,strongFoot,0,
9,4,8,18/10/2020,AS Roma,Benevento,65,AS Roma,2702,True,1676,Edin Džeko,14990,F,83,Lorenzo Montipò,72,Benevento,1400,8.4,49.4,8,2,1,corner,head,0,
8,4,8,18/10/2020,AS Roma,Benevento,69,AS Roma,2702,True,1676,Jordan Veretout,151124,M,73,Lorenzo Montipò,72,Benevento,1400,11.6,49.7,11,1,1,penalty,strongFoot,1,
7,4,8,18/10/2020,AS Roma,Benevento,75,AS Roma,2702,True,1676,Roger Ibañez,888949,D,31,Lorenzo Montipò,72,Benevento,1400,7.7,52.1,7,10,2,corner,head,0,
6,4,8,18/10/2020,AS Roma,Benevento,75,AS Roma,2702,True,1676,Edin Džeko,14990,F,83,Lorenzo Montipò,72,Benevento,1400,3.3,47.9,3,23,2,corner,weakFoot,0,
5,4,8,18/10/2020,AS Roma,Benevento,75,Benevento,2759,False,1400,Artur Ioniță,49406,M,67,Antonio Mirante,78,AS Roma,1676,11.6,41.0,13,27,-2,regular,weakFoot,0,
4,4,8,18/10/2020,AS Roma,Benevento,77,AS Roma,2702,True,1676,Edin Džeko,14990,F,83,Lorenzo Montipò,72,Benevento,1400,7.9,54.3,8,20,2,fast-break,weakFoot,1,
3,4,8,18/10/2020,AS Roma,Benevento,83,AS Roma,2702,True,1676,Henrikh Mkhitaryan,37151,M,75,Lorenzo Montipò,72,Benevento,1400,8.7,45.1,9,20,3,fast-break,weakFoot,0,
2,4,8,18/10/2020,AS Roma,Benevento,84,Benevento,2759,False,1400,Roberto Insigne,296432,F,62,Antonio Mirante,78,AS Roma,1676,16.8,67.2,20,34,-3,assisted,strongFoot,0,
1,4,8,18/10/2020,AS Roma,Benevento,86,Benevento,2759,False,1400,Riccardo Improta,139585,M,57,Antonio Mirante,78,AS Roma,1676,4.2,59.4,7,56,-3,corner,head,0,
0,4,8,18/10/2020,AS Roma,Benevento,89,AS Roma,2702,True,1676,Carles Pérez,794950,M,71,Lorenzo Montipò,72,Benevento,1400,18.7,45.8,18,8,3,assisted,strongFoot,1,
23,4,9,19/10/2020,Hellas Verona,Genoa,10,Hellas Verona,2701,True,1375,Ronaldo Vieira,839818,M,57,Mattia Perin,82,Genoa,1375,10.9,69.6,17,50,0,corner,strongFoot,0,
22,4,9,19/10/2020,Hellas Verona,Genoa,12,Hellas Verona,2701,True,1375,Federico Ceccherini,139410,D,-100,Mattia Perin,82,Genoa,1375,9.4,41.0,11,33,0,corner,head,0,
21,4,9,19/10/2020,Hellas Verona,Genoa,13,Hellas Verona,2701,True,1375,Ivan Ilić,877371,M,56,Mattia Perin,82,Genoa,1375,26.6,37.7,27,17,0,assisted,strongFoot,0,
20,4,9,19/10/2020,Hellas Verona,Genoa,19,Hellas Verona,2701,True,1375,Federico Ceccherini,139410,D,-100,Mattia Perin,82,Genoa,1375,6.7,42.4,8,37,0,corner,head,0,
19,4,9,19/10/2020,Hellas Verona,Genoa,21,Hellas Verona,2701,True,1375,Ebrima Colley,928106,F,65,Mattia Perin,82,Genoa,1375,13.9,30.2,19,44,0,assisted,weakFoot,0,
18,4,9,19/10/2020,Hellas Verona,Genoa,24,Hellas Verona,2701,True,1375,Ebrima Colley,928106,F,65,Mattia Perin,82,Genoa,1375,10.2,42.8,11,25,0,assisted,head,0,
17,4,9,19/10/2020,Hellas Verona,Genoa,24,Genoa,2713,False,1375,Ivan Radovanović,19394,D,58,Marco Silvestri,77,Hellas Verona,1375,11.5,73.3,19,54,0,assisted,strongFoot,0,
16,4,9,19/10/2020,Hellas Verona,Genoa,25,Genoa,2713,False,1375,Nicolò Rovella,937324,M,43,Marco Silvestri,77,Hellas Verona,1375,20.0,39.7,21,19,0,free-kick,weakFoot,0,
15,4,9,19/10/2020,Hellas Verona,Genoa,28,Genoa,2713,False,1375,Nicolò Rovella,937324,M,43,Marco Silvestri,77,Hellas Verona,1375,13.5,47.9,13,6,0,assisted,weakFoot,0,
14,4,9,19/10/2020,Hellas Verona,Genoa,33,Genoa,2713,False,1375,Goran Pandev,2695,F,73,Marco Silvestri,77,Hellas Verona,1375,12.5,56.9,13,20,0,assisted,weakFoot,0,
13,4,9,19/10/2020,Hellas Verona,Genoa,34,Hellas Verona,2701,True,1375,Ebrima Colley,928106,F,65,Mattia Perin,82,Genoa,1375,15.4,67.8,19,38,0,fast-break,strongFoot,0,
12,4,9,19/10/2020,Hellas Verona,Genoa,35,Hellas Verona,2701,True,1375,Ronaldo Vieira,839818,M,57,Mattia Perin,82,Genoa,1375,26.8,52.6,26,3,0,corner,strongFoot,0,
11,4,9,19/10/2020,Hellas Verona,Genoa,41,Hellas Verona,2701,True,1375,Andrea Favilli,785444,F,66,Mattia Perin,82,Genoa,1375,8.5,55.7,9,24,0,corner,head,0,
10,4,9,19/10/2020,Hellas Verona,Genoa,45,Hellas Verona,2701,True,1375,Adrien Tameze,139235,D,59,Mattia Perin,82,Genoa,1375,21.1,26.8,26,36,0,corner,strongFoot,0,
9,4,9,19/10/2020,Hellas Verona,Genoa,46,Hellas Verona,2701,True,1375,Andrea Favilli,785444,F,66,Mattia Perin,82,Genoa,1375,9.8,35.1,14,45,0,assisted,weakFoot,0,
8,4,9,19/10/2020,Hellas Verona,Genoa,49,Hellas Verona,2701,True,1375,Ebrima Colley,928106,F,65,Mattia Perin,82,Genoa,1375,29.0,58.9,29,11,0,assisted,strongFoot,0,
7,4,9,19/10/2020,Hellas Verona,Genoa,54,Genoa,2713,False,1375,Ivan Radovanović,19394,D,58,Marco Silvestri,77,Hellas Verona,1375,24.5,51.6,24,2,0,free-kick,strongFoot,0,
6,4,9,19/10/2020,Hellas Verona,Genoa,55,Hellas Verona,2701,True,1375,Andrea Favilli,785444,F,66,Mattia Perin,82,Genoa,1375,5.4,49.8,5,1,0,corner,head,0,
5,4,9,19/10/2020,Hellas Verona,Genoa,57,Hellas Verona,2701,True,1375,Ebrima Colley,928106,F,65,Mattia Perin,82,Genoa,1375,13.9,36.4,16,33,0,assisted,weakFoot,0,
4,4,9,19/10/2020,Hellas Verona,Genoa,63,Hellas Verona,2701,True,1375,Darko Lazović,41157,M,69,Mattia Perin,82,Genoa,1375,22.9,38.8,24,18,0,regular,weakFoot,0,
3,4,9,19/10/2020,Hellas Verona,Genoa,66,Genoa,2713,False,1375,Gianluca Scamacca,807301,F,-100,Marco Silvestri,77,Hellas Verona,1375,11.0,72.7,18,54,0,assisted,strongFoot,0,
2,4,9,19/10/2020,Hellas Verona,Genoa,72,Hellas Verona,2701,True,1375,Davide Faraoni,32040,D,68,Mattia Perin,82,Genoa,1375,4.7,42.2,7,48,0,assisted,head,0,
1,4,9,19/10/2020,Hellas Verona,Genoa,84,Hellas Verona,2701,True,1375,Eddie Salcedo,893643,F,61,Mattia Perin,82,Genoa,1375,11.1,58.2,12,26,0,set-piece,head,0,
0,4,9,19/10/2020,Hellas Verona,Genoa,90,Hellas Verona,2701,True,1375,Nikola Kalinić,31273,F,-100,Mattia Perin,82,Genoa,1375,4.9,54.1,5,29,0,assisted,other,0,
